seq1,seq2,type1,type2,same_type,embedding_similarity,avg_seq_identity
sp|P60015.1|OPSB_PANTR,sp|P03999.2|OPSB_HUMAN,short_wave,short_wave,True,0.99984527,100.0
sp|P60015.1|OPSB_PANTR,sp|O13092.1|OPSB_SAIBB,short_wave,short_wave,True,0.9989977,96.07558139534883
sp|P60015.1|OPSB_PANTR,sp|Q63652.2|OPSB_RAT,short_wave,short_wave,True,0.9976701,93.58600583090379
sp|P60015.1|OPSB_PANTR,sp|P51491.1|OPSB_MOUSE,short_wave,short_wave,True,0.997892,93.00291545189505
sp|P60015.1|OPSB_PANTR,sp|P51490.1|OPSB_BOVIN,short_wave,short_wave,True,0.998127,93.02325581395348
sp|P60015.1|OPSB_PANTR,sp|O57605.1|OPSUV_MELUD,short_wave,short_wave,True,0.9960644,91.4156626506024
sp|P60015.1|OPSB_PANTR,sp|P28684.1|OPSV_CHICK,short_wave,short_wave,True,0.98848665,90.14492753623188
sp|P60015.1|OPSB_PANTR,sp|P51473.1|OPSV_XENLA,short_wave,short_wave,True,0.9955883,88.75
sp|P60015.1|OPSB_PANTR,sp|P87368.1|OPSV_ORYLA,short_wave,short_wave,True,0.99122787,81.98198198198199
sp|P60015.1|OPSB_PANTR,sp|Q9W6A9.2|OP1S1_DANRE,short_wave,short_wave,True,0.987512,81.72205438066466
sp|P60015.1|OPSB_PANTR,sp|Q90309.1|OPSUV_CARAU,short_wave,short_wave,True,0.9900924,81.68168168168168
sp|P60015.1|OPSB_PANTR,sp|P32310.1|OPSB_CARAU,short_wave,short_wave,True,0.99394035,74.56395348837209
sp|P60015.1|OPSB_PANTR,sp|P87365.1|OPSB_ORYLA,short_wave,short_wave,True,0.99558645,74.85119047619048
sp|P60015.1|OPSB_PANTR,sp|Q8AYM7.1|OPSG3_DANRE,short_wave,short_wave,True,0.9940329,74.61538461538461
sp|P60015.1|OPSB_PANTR,sp|Q9W6A6.2|OPSG4_DANRE,short_wave,short_wave,True,0.9908618,74.0
sp|P60015.1|OPSB_PANTR,sp|Q8HY69.2|OPSD_SMICR,short_wave,short_wave,True,0.9837309,73.59882005899705
sp|P60015.1|OPSB_PANTR,sp|P28682.1|OPSB_CHICK,short_wave,short_wave,True,0.9827362,74.64183381088826
sp|P60015.1|OPSB_PANTR,sp|P56516.1|OPSD_RANTE,short_wave,short_wave,True,0.9867417,73.57357357357357
sp|P60015.1|OPSB_PANTR,sp|P51476.1|OPSP_COLLI,short_wave,short_wave,True,0.96782815,74.9185667752443
sp|P60015.1|OPSB_PANTR,sp|P51472.1|OPSB_PSAFA,short_wave,short_wave,True,0.9951788,75.07598784194529
sp|P60015.1|OPSB_PANTR,sp|Q8AYM8.1|OPSG2_DANRE,short_wave,short_wave,True,0.99471784,74.15384615384616
sp|P60015.1|OPSB_PANTR,sp|Q9W6A8.1|OP1S2_DANRE,short_wave,short_wave,True,0.9954817,74.38650306748467
sp|P60015.1|OPSB_PANTR,sp|P35357.1|OPSB_GEKGE,short_wave,short_wave,True,0.9929731,75.44910179640719
sp|P60015.1|OPSB_PANTR,sp|P51470.1|OPSD_AQUCT,short_wave,short_wave,True,0.9883493,73.57357357357357
sp|P60015.1|OPSB_PANTR,sp|Q9W6A5.2|OPSG1_DANRE,short_wave,short_wave,True,0.9956182,73.84615384615384
sp|P60015.1|OPSB_PANTR,sp|P41591.1|OPSD_ANOCA,short_wave,short_wave,True,0.99088943,74.54545454545455
sp|P60015.1|OPSB_PANTR,sp|P31355.1|OPSD_LITPI,short_wave,short_wave,True,0.9875249,73.27327327327328
sp|P60015.1|OPSB_PANTR,sp|Q90245.1|OPSD_AMBTI,short_wave,short_wave,True,0.98868775,73.63112391930835
sp|P60015.1|OPSB_PANTR,sp|O93441.1|OPSD_GALML,short_wave,short_wave,True,0.9918244,73.66071428571428
sp|P60015.1|OPSB_PANTR,sp|O93459.1|OPSD_SCYCA,short_wave,short_wave,True,0.98858297,73.70689655172414
sp|P60015.1|OPSB_PANTR,sp|P28683.1|OPSG_CHICK,short_wave,short_wave,True,0.9933386,73.83177570093457
sp|P60015.1|OPSB_PANTR,sp|P51489.1|OPSD_RAT,short_wave,short_wave,True,0.9863495,72.83236994219654
sp|P60015.1|OPSB_PANTR,sp|O13227.1|OPSB_CONCO,short_wave,short_wave,True,0.9859951,73.71601208459214
sp|P60015.1|OPSB_PANTR,sp|P32311.1|OPSG1_CARAU,short_wave,short_wave,True,0.992956,74.0
sp|P60015.1|OPSB_PANTR,sp|P49912.1|OPSD_RABIT,short_wave,short_wave,True,0.9845225,72.8395061728395
sp|P60015.1|OPSB_PANTR,sp|Q28886.1|OPSD_MACFA,short_wave,short_wave,True,0.9864304,72.83236994219654
sp|P60015.1|OPSB_PANTR,sp|O62795.1|OPSD_PAGGO,short_wave,short_wave,True,0.98790723,72.83236994219654
sp|P60015.1|OPSB_PANTR,sp|P52202.1|OPSD_ALLMI,short_wave,short_wave,True,0.9897324,73.12312312312312
sp|P60015.1|OPSB_PANTR,sp|O62794.1|OPSD_PHOVI,short_wave,short_wave,True,0.98832077,72.83236994219654
sp|P60015.1|OPSB_PANTR,sp|Q769E8.1|OPSD_OTOCR,short_wave,short_wave,True,0.98489136,72.54335260115607
sp|P60015.1|OPSB_PANTR,sp|P02699.1|OPSD_BOVIN,short_wave,short_wave,True,0.98596406,72.54335260115607
sp|P60015.1|OPSB_PANTR,sp|Q68J47.1|OPSD_LOXAF,short_wave,short_wave,True,0.9878575,72.39884393063583
sp|P60015.1|OPSB_PANTR,sp|Q95KU1.1|OPSD_FELCA,short_wave,short_wave,True,0.987115,72.54335260115607
sp|P60015.1|OPSB_PANTR,sp|O62791.1|OPSD_DELDE,short_wave,short_wave,True,0.9895752,72.39884393063583
sp|P60015.1|OPSB_PANTR,sp|P32312.1|OPSG2_CARAU,short_wave,short_wave,True,0.9917444,73.84615384615384
sp|P60015.1|OPSB_PANTR,sp|P15409.2|OPSD_MOUSE,short_wave,short_wave,True,0.98589826,72.25433526011561
sp|P60015.1|OPSB_PANTR,sp|P22328.1|OPSD_CHICK,short_wave,short_wave,True,0.98896855,73.31378299120234
sp|P60015.1|OPSB_PANTR,sp|Q6W3E1.1|OPSD_CALPD,short_wave,short_wave,True,0.98589987,72.25433526011561
sp|P60015.1|OPSB_PANTR,sp|P51471.1|OPSB_ANOCA,short_wave,short_wave,True,0.9947398,73.3644859813084
sp|P60015.1|OPSB_PANTR,sp|P28681.1|OPSD_CRIGR,short_wave,short_wave,True,0.98611945,72.6878612716763
sp|P60015.1|OPSB_PANTR,sp|P56515.1|OPSD_RHIMB,short_wave,short_wave,True,0.9892454,74.02402402402402
sp|P60015.1|OPSB_PANTR,sp|O62793.1|OPSD_MESBI,short_wave,short_wave,True,0.9896972,72.12389380530973
sp|P60015.1|OPSB_PANTR,sp|P79863.1|OPSD_LEUER,short_wave,short_wave,True,0.9899392,72.91066282420749
sp|P60015.1|OPSB_PANTR,sp|P56514.1|OPSD_BUFBU,short_wave,short_wave,True,0.9893145,73.72372372372372
sp|P60015.1|OPSB_PANTR,sp|O62798.1|OPSD_TURTR,short_wave,short_wave,True,0.98993313,72.25433526011561
sp|P60015.1|OPSB_PANTR,sp|Q90214.1|OPSD1_ANGAN,short_wave,short_wave,True,0.9885506,72.953216374269
sp|P60015.1|OPSB_PANTR,sp|P22671.1|OPSD_LETCA,short_wave,short_wave,True,0.9892739,73.58208955223881
sp|P60015.1|OPSB_PANTR,sp|P08100.1|OPSD_HUMAN,short_wave,short_wave,True,0.98686755,72.8613569321534
sp|P60015.1|OPSB_PANTR,sp|O62792.1|OPSD_GLOME,short_wave,short_wave,True,0.9907039,72.10982658959537
sp|P60015.1|OPSB_PANTR,sp|P02700.2|OPSD_SHEEP,short_wave,short_wave,True,0.9892515,72.10982658959537
sp|P60015.1|OPSB_PANTR,sp|O18766.1|OPSD_PIG,short_wave,short_wave,True,0.9873903,72.89156626506025
sp|P60015.1|OPSB_PANTR,sp|Q9YGZ0.1|OPSD_SARPI,short_wave,short_wave,True,0.9904832,72.61538461538461
sp|P60015.1|OPSB_PANTR,sp|P29403.1|OPSD_XENLA,short_wave,short_wave,True,0.9913892,74.17417417417417
sp|P60015.1|OPSB_PANTR,sp|P79807.1|OPSD_MYRVI,short_wave,short_wave,True,0.9895776,72.95597484276729
sp|P60015.1|OPSB_PANTR,sp|P79898.1|OPSD_SARDI,short_wave,short_wave,True,0.98929495,72.33727810650888
sp|P60015.1|OPSB_PANTR,sp|P32308.1|OPSD_CANLF,short_wave,short_wave,True,0.986604,72.6878612716763
sp|P60015.1|OPSB_PANTR,sp|O42604.1|OPSD_ZEUFA,short_wave,short_wave,True,0.9900862,73.86706948640483
sp|P60015.1|OPSB_PANTR,sp|P79914.1|OPSD_SARXA,short_wave,short_wave,True,0.9896304,73.51097178683386
sp|P60015.1|OPSB_PANTR,sp|P79911.1|OPSD_SARTI,short_wave,short_wave,True,0.99141103,72.95597484276729
sp|P60015.1|OPSB_PANTR,sp|O62796.1|OPSD_TRIMA,short_wave,short_wave,True,0.98606366,72.54335260115607
sp|P60015.1|OPSB_PANTR,sp|P51474.1|OPSG3_PSAFA,short_wave,short_wave,True,0.98973036,73.6923076923077
sp|P60015.1|OPSB_PANTR,sp|P79901.1|OPSD_SARMI,short_wave,short_wave,True,0.9877957,71.89349112426035
sp|P60015.1|OPSB_PANTR,sp|P79798.1|OPSD_MYRBE,short_wave,short_wave,True,0.9910356,72.95597484276729
sp|P60015.1|OPSB_PANTR,sp|P79902.1|OPSD_SARPU,short_wave,short_wave,True,0.99062216,72.48520710059171
sp|P60015.1|OPSB_PANTR,sp|P79808.1|OPSD_NEOAR,short_wave,short_wave,True,0.99057907,73.1974921630094
sp|P60015.1|OPSB_PANTR,sp|P79809.1|OPSD_NEOAU,short_wave,short_wave,True,0.9920703,73.42767295597484
sp|P60015.1|OPSB_PANTR,sp|P79903.1|OPSD_SARSP,short_wave,short_wave,True,0.99124324,72.64150943396227
sp|P60015.1|OPSB_PANTR,sp|P51488.1|OPSD_CYPCA,short_wave,short_wave,True,0.98800296,73.52071005917159
sp|P60015.1|OPSB_PANTR,sp|P79812.1|OPSD_NEOSA,short_wave,short_wave,True,0.9897186,73.35423197492163
sp|P60015.1|OPSB_PANTR,sp|Q9YGY9.1|OPSD_ZOSOP,short_wave,short_wave,True,0.98969984,72.3943661971831
sp|P60015.1|OPSB_PANTR,sp|Q9YGZ2.1|OPSD_GOBNI,short_wave,short_wave,True,0.98939264,72.53521126760563
sp|P60015.1|OPSB_PANTR,sp|P41590.1|OPSD_PSAFA,short_wave,short_wave,True,0.9880822,71.875
sp|P60015.1|OPSB_PANTR,sp|P51475.1|OPSP_CHICK,short_wave,short_wave,True,0.97249436,73.26283987915409
sp|P60015.1|OPSB_PANTR,sp|P32309.1|OPSD_CARAU,short_wave,short_wave,True,0.98744065,73.07692307692308
sp|P60015.1|OPSB_PANTR,sp|Q9R024.1|OPSG_CAVPO,short_wave,short_wave,True,0.98795444,71.7065868263473
sp|P60015.1|OPSB_PANTR,sp|P87369.1|OPSD_ORYLA,short_wave,short_wave,True,0.9867737,73.07692307692308
sp|P60015.1|OPSB_PANTR,sp|P34989.1|OPSL_CALJA,short_wave,short_wave,True,0.99112904,71.42857142857143
sp|P60015.1|OPSB_PANTR,sp|Q9YH05.1|OPSD_DIPAN,short_wave,short_wave,True,0.98860747,71.63323782234957
sp|P60015.1|OPSB_PANTR,sp|Q9YGZ8.1|OPSD_CHELB,short_wave,short_wave,True,0.98711014,71.91977077363897
sp|P60015.1|OPSB_PANTR,sp|Q9YGZ5.1|OPSD_SOLSO,short_wave,short_wave,True,0.98812306,72.69938650306749
sp|P60015.1|OPSB_PANTR,sp|O35476.2|OPSG_RAT,short_wave,short_wave,True,0.9904769,72.51552795031056
sp|P60015.1|OPSB_PANTR,sp|Q9DGG4.1|OPSD_TETNG,short_wave,short_wave,True,0.988737,71.91011235955057
sp|P60015.1|OPSB_PANTR,sp|Q9YGZ3.1|OPSD_SALPV,short_wave,short_wave,True,0.9880521,71.98879551820728
sp|P60015.1|OPSB_PANTR,sp|P35359.2|OPSD_DANRE,short_wave,short_wave,True,0.9882183,72.65861027190333
sp|P60015.1|OPSB_PANTR,sp|P79848.1|OPSD_POERE,short_wave,short_wave,True,0.9893232,73.07692307692308
sp|P60015.1|OPSB_PANTR,sp|O35599.1|OPSG_MOUSE,short_wave,short_wave,True,0.99047035,72.51552795031056
sp|P60015.1|OPSB_PANTR,sp|O35478.2|OPSG_SCICA,short_wave,short_wave,True,0.9883937,71.55688622754491
sp|P60015.1|OPSB_PANTR,sp|Q9YGZ6.1|OPSD_CHEAU,short_wave,short_wave,True,0.98679817,72.0505617977528
sp|P60015.1|OPSB_PANTR,sp|Q98980.1|OPSD_PETMA,short_wave,short_wave,True,0.99192333,73.58208955223881
sp|P60015.1|OPSB_PANTR,sp|P04000.2|OPSR_HUMAN,short_wave,long_wave,False,0.9887586,100.0
sp|P60015.1|OPSB_PANTR,sp|P04001.1|OPSG_HUMAN,short_wave,long_wave,False,0.98892,98.21428571428572
sp|P60015.1|OPSB_PANTR,sp|O18913.2|OPSR_FELCA,short_wave,long_wave,False,0.9852644,95.46703296703296
sp|P60015.1|OPSB_PANTR,sp|O18912.2|OPSR_HORSE,short_wave,long_wave,False,0.9874779,94.78021978021978
sp|P60015.1|OPSB_PANTR,sp|Q9BGI7.1|OPSR_BOVIN,short_wave,long_wave,False,0.98853344,94.91758241758242
sp|P60015.1|OPSB_PANTR,sp|Q95170.1|OPSR_CAPHI,short_wave,long_wave,False,0.9888209,94.78021978021978
sp|P60015.1|OPSB_PANTR,sp|O18914.2|OPSR_CANLF,short_wave,long_wave,False,0.9873095,94.64285714285714
sp|P60015.1|OPSB_PANTR,sp|O18910.2|OPSG_RABIT,short_wave,long_wave,False,0.9890305,93.81868131868131
sp|P60015.1|OPSB_PANTR,sp|P41592.1|OPSR_ANOCA,short_wave,long_wave,False,0.98511374,91.24293785310735
sp|P60015.1|OPSB_PANTR,sp|P22329.1|OPSR_CHICK,short_wave,long_wave,False,0.98839194,93.58208955223881
sp|P60015.1|OPSB_PANTR,sp|P87367.1|OPSR_ORYLA,short_wave,long_wave,False,0.98609555,90.3899721448468
sp|P60015.1|OPSB_PANTR,sp|P32313.1|OPSR_CARAU,short_wave,long_wave,False,0.98437583,89.55431754874652
sp|P60015.1|OPSB_PANTR,sp|O12948.1|OPSR_XENLA,short_wave,long_wave,False,0.9867455,89.40677966101694
sp|P60015.1|OPSB_PANTR,sp|Q9W6A7.1|OPSR1_DANRE,short_wave,long_wave,False,0.981505,89.13649025069637
sp|P60015.1|OPSB_PANTR,sp|P22332.2|OPSR_PSAFA,short_wave,long_wave,False,0.98465246,88.44011142061282
sp|P60015.1|OPSB_PANTR,sp|Q8AYN0.1|OPSR2_DANRE,short_wave,long_wave,False,0.9815776,89.70588235294117
sp|P60015.1|OPSB_PANTR,sp|P35358.1|OPSG_GEKGE,short_wave,long_wave,False,0.98383194,88.13559322033899
sp|P60015.1|OPSB_PANTR,sp|P22331.1|OPSG2_PSAFA,short_wave,long_wave,False,0.98427737,88.23529411764706
sp|P60015.1|OPSB_PANTR,sp|P22330.1|OPSG1_PSAFA,short_wave,long_wave,False,0.9847412,87.35294117647058
sp|P60015.1|OPSB_PANTR,sp|O18911.1|OPSG_ODOVI,short_wave,long_wave,False,0.97010785,95.05494505494505
sp|P60015.1|OPSB_PANTR,sp|Q90215.1|OPSD2_ANGAN,short_wave,long_wave,False,0.9866472,71.7948717948718
sp|P60015.1|OPSB_PANTR,sp|P79756.1|OPSD_GAMAF,short_wave,long_wave,False,0.9886272,71.40762463343108
sp|P60015.1|OPSB_PANTR,sp|O42490.1|OPSP_PETMA,short_wave,long_wave,False,0.9586869,70.11331444759207
sp|P03999.2|OPSB_HUMAN,sp|O13092.1|OPSB_SAIBB,short_wave,short_wave,True,0.9989165,96.07558139534883
sp|P03999.2|OPSB_HUMAN,sp|Q63652.2|OPSB_RAT,short_wave,short_wave,True,0.9977938,93.58600583090379
sp|P03999.2|OPSB_HUMAN,sp|P51491.1|OPSB_MOUSE,short_wave,short_wave,True,0.99805117,93.00291545189505
sp|P03999.2|OPSB_HUMAN,sp|P51490.1|OPSB_BOVIN,short_wave,short_wave,True,0.99802613,93.02325581395348
sp|P03999.2|OPSB_HUMAN,sp|O57605.1|OPSUV_MELUD,short_wave,short_wave,True,0.996169,91.4156626506024
sp|P03999.2|OPSB_HUMAN,sp|P28684.1|OPSV_CHICK,short_wave,short_wave,True,0.9887682,90.14492753623188
sp|P03999.2|OPSB_HUMAN,sp|P51473.1|OPSV_XENLA,short_wave,short_wave,True,0.99576586,88.75
sp|P03999.2|OPSB_HUMAN,sp|P87368.1|OPSV_ORYLA,short_wave,short_wave,True,0.99143875,81.98198198198199
sp|P03999.2|OPSB_HUMAN,sp|Q9W6A9.2|OP1S1_DANRE,short_wave,short_wave,True,0.98730826,81.72205438066466
sp|P03999.2|OPSB_HUMAN,sp|Q90309.1|OPSUV_CARAU,short_wave,short_wave,True,0.99031645,81.68168168168168
sp|P03999.2|OPSB_HUMAN,sp|P32310.1|OPSB_CARAU,short_wave,short_wave,True,0.99416363,74.56395348837209
sp|P03999.2|OPSB_HUMAN,sp|P87365.1|OPSB_ORYLA,short_wave,short_wave,True,0.99541783,74.85119047619048
sp|P03999.2|OPSB_HUMAN,sp|Q8AYM7.1|OPSG3_DANRE,short_wave,short_wave,True,0.9943434,74.61538461538461
sp|P03999.2|OPSB_HUMAN,sp|Q9W6A6.2|OPSG4_DANRE,short_wave,short_wave,True,0.9912856,74.0
sp|P03999.2|OPSB_HUMAN,sp|Q8HY69.2|OPSD_SMICR,short_wave,short_wave,True,0.9844643,73.59882005899705
sp|P03999.2|OPSB_HUMAN,sp|P28682.1|OPSB_CHICK,short_wave,short_wave,True,0.98290735,74.64183381088826
sp|P03999.2|OPSB_HUMAN,sp|P56516.1|OPSD_RANTE,short_wave,short_wave,True,0.98709685,73.57357357357357
sp|P03999.2|OPSB_HUMAN,sp|P51476.1|OPSP_COLLI,short_wave,short_wave,True,0.9683408,74.9185667752443
sp|P03999.2|OPSB_HUMAN,sp|P51472.1|OPSB_PSAFA,short_wave,short_wave,True,0.9953841,75.07598784194529
sp|P03999.2|OPSB_HUMAN,sp|Q8AYM8.1|OPSG2_DANRE,short_wave,short_wave,True,0.99480796,74.15384615384616
sp|P03999.2|OPSB_HUMAN,sp|Q9W6A8.1|OP1S2_DANRE,short_wave,short_wave,True,0.9954266,74.38650306748467
sp|P03999.2|OPSB_HUMAN,sp|P35357.1|OPSB_GEKGE,short_wave,short_wave,True,0.9933094,75.44910179640719
sp|P03999.2|OPSB_HUMAN,sp|P51470.1|OPSD_AQUCT,short_wave,short_wave,True,0.98874503,73.57357357357357
sp|P03999.2|OPSB_HUMAN,sp|Q9W6A5.2|OPSG1_DANRE,short_wave,short_wave,True,0.99554485,73.84615384615384
sp|P03999.2|OPSB_HUMAN,sp|P41591.1|OPSD_ANOCA,short_wave,short_wave,True,0.99130446,74.54545454545455
sp|P03999.2|OPSB_HUMAN,sp|P31355.1|OPSD_LITPI,short_wave,short_wave,True,0.9878795,73.27327327327328
sp|P03999.2|OPSB_HUMAN,sp|Q90245.1|OPSD_AMBTI,short_wave,short_wave,True,0.9891537,73.63112391930835
sp|P03999.2|OPSB_HUMAN,sp|O93441.1|OPSD_GALML,short_wave,short_wave,True,0.9923631,73.66071428571428
sp|P03999.2|OPSB_HUMAN,sp|O93459.1|OPSD_SCYCA,short_wave,short_wave,True,0.98920476,73.70689655172414
sp|P03999.2|OPSB_HUMAN,sp|P28683.1|OPSG_CHICK,short_wave,short_wave,True,0.99360204,73.83177570093457
sp|P03999.2|OPSB_HUMAN,sp|P51489.1|OPSD_RAT,short_wave,short_wave,True,0.9871523,72.83236994219654
sp|P03999.2|OPSB_HUMAN,sp|O13227.1|OPSB_CONCO,short_wave,short_wave,True,0.98660874,73.71601208459214
sp|P03999.2|OPSB_HUMAN,sp|P32311.1|OPSG1_CARAU,short_wave,short_wave,True,0.99318093,74.0
sp|P03999.2|OPSB_HUMAN,sp|P49912.1|OPSD_RABIT,short_wave,short_wave,True,0.98535866,72.8395061728395
sp|P03999.2|OPSB_HUMAN,sp|Q28886.1|OPSD_MACFA,short_wave,short_wave,True,0.987235,72.83236994219654
sp|P03999.2|OPSB_HUMAN,sp|O62795.1|OPSD_PAGGO,short_wave,short_wave,True,0.98859876,72.83236994219654
sp|P03999.2|OPSB_HUMAN,sp|P52202.1|OPSD_ALLMI,short_wave,short_wave,True,0.9902817,73.12312312312312
sp|P03999.2|OPSB_HUMAN,sp|O62794.1|OPSD_PHOVI,short_wave,short_wave,True,0.9890379,72.83236994219654
sp|P03999.2|OPSB_HUMAN,sp|Q769E8.1|OPSD_OTOCR,short_wave,short_wave,True,0.9857549,72.54335260115607
sp|P03999.2|OPSB_HUMAN,sp|P02699.1|OPSD_BOVIN,short_wave,short_wave,True,0.98675025,72.54335260115607
sp|P03999.2|OPSB_HUMAN,sp|Q68J47.1|OPSD_LOXAF,short_wave,short_wave,True,0.98859787,72.39884393063583
sp|P03999.2|OPSB_HUMAN,sp|Q95KU1.1|OPSD_FELCA,short_wave,short_wave,True,0.98792136,72.54335260115607
sp|P03999.2|OPSB_HUMAN,sp|O62791.1|OPSD_DELDE,short_wave,short_wave,True,0.9903284,72.39884393063583
sp|P03999.2|OPSB_HUMAN,sp|P32312.1|OPSG2_CARAU,short_wave,short_wave,True,0.9921708,73.84615384615384
sp|P03999.2|OPSB_HUMAN,sp|P15409.2|OPSD_MOUSE,short_wave,short_wave,True,0.98681146,72.25433526011561
sp|P03999.2|OPSB_HUMAN,sp|P22328.1|OPSD_CHICK,short_wave,short_wave,True,0.98916763,73.31378299120234
sp|P03999.2|OPSB_HUMAN,sp|Q6W3E1.1|OPSD_CALPD,short_wave,short_wave,True,0.9866715,72.25433526011561
sp|P03999.2|OPSB_HUMAN,sp|P51471.1|OPSB_ANOCA,short_wave,short_wave,True,0.9952314,73.3644859813084
sp|P03999.2|OPSB_HUMAN,sp|P28681.1|OPSD_CRIGR,short_wave,short_wave,True,0.9870454,72.6878612716763
sp|P03999.2|OPSB_HUMAN,sp|P56515.1|OPSD_RHIMB,short_wave,short_wave,True,0.98970777,74.02402402402402
sp|P03999.2|OPSB_HUMAN,sp|O62793.1|OPSD_MESBI,short_wave,short_wave,True,0.9903461,72.12389380530973
sp|P03999.2|OPSB_HUMAN,sp|P79863.1|OPSD_LEUER,short_wave,short_wave,True,0.9905507,72.91066282420749
sp|P03999.2|OPSB_HUMAN,sp|P56514.1|OPSD_BUFBU,short_wave,short_wave,True,0.98971987,73.72372372372372
sp|P03999.2|OPSB_HUMAN,sp|O62798.1|OPSD_TURTR,short_wave,short_wave,True,0.990595,72.25433526011561
sp|P03999.2|OPSB_HUMAN,sp|Q90214.1|OPSD1_ANGAN,short_wave,short_wave,True,0.98922443,72.953216374269
sp|P03999.2|OPSB_HUMAN,sp|P22671.1|OPSD_LETCA,short_wave,short_wave,True,0.98977387,73.58208955223881
sp|P03999.2|OPSB_HUMAN,sp|P08100.1|OPSD_HUMAN,short_wave,short_wave,True,0.987671,72.8613569321534
sp|P03999.2|OPSB_HUMAN,sp|O62792.1|OPSD_GLOME,short_wave,short_wave,True,0.99133015,72.10982658959537
sp|P03999.2|OPSB_HUMAN,sp|P02700.2|OPSD_SHEEP,short_wave,short_wave,True,0.99004465,72.10982658959537
sp|P03999.2|OPSB_HUMAN,sp|O18766.1|OPSD_PIG,short_wave,short_wave,True,0.9882637,72.89156626506025
sp|P03999.2|OPSB_HUMAN,sp|Q9YGZ0.1|OPSD_SARPI,short_wave,short_wave,True,0.99078286,72.61538461538461
sp|P03999.2|OPSB_HUMAN,sp|P29403.1|OPSD_XENLA,short_wave,short_wave,True,0.99180806,74.17417417417417
sp|P03999.2|OPSB_HUMAN,sp|P79807.1|OPSD_MYRVI,short_wave,short_wave,True,0.9899382,72.95597484276729
sp|P03999.2|OPSB_HUMAN,sp|P79898.1|OPSD_SARDI,short_wave,short_wave,True,0.98954827,72.33727810650888
sp|P03999.2|OPSB_HUMAN,sp|P32308.1|OPSD_CANLF,short_wave,short_wave,True,0.98729277,72.6878612716763
sp|P03999.2|OPSB_HUMAN,sp|O42604.1|OPSD_ZEUFA,short_wave,short_wave,True,0.9901405,73.86706948640483
sp|P03999.2|OPSB_HUMAN,sp|P79914.1|OPSD_SARXA,short_wave,short_wave,True,0.9898862,73.51097178683386
sp|P03999.2|OPSB_HUMAN,sp|P79911.1|OPSD_SARTI,short_wave,short_wave,True,0.9917232,72.95597484276729
sp|P03999.2|OPSB_HUMAN,sp|O62796.1|OPSD_TRIMA,short_wave,short_wave,True,0.9868337,72.54335260115607
sp|P03999.2|OPSB_HUMAN,sp|P51474.1|OPSG3_PSAFA,short_wave,short_wave,True,0.99002993,73.6923076923077
sp|P03999.2|OPSB_HUMAN,sp|P79901.1|OPSD_SARMI,short_wave,short_wave,True,0.98806137,71.89349112426035
sp|P03999.2|OPSB_HUMAN,sp|P79798.1|OPSD_MYRBE,short_wave,short_wave,True,0.9913781,72.95597484276729
sp|P03999.2|OPSB_HUMAN,sp|P79902.1|OPSD_SARPU,short_wave,short_wave,True,0.9908477,72.48520710059171
sp|P03999.2|OPSB_HUMAN,sp|P79808.1|OPSD_NEOAR,short_wave,short_wave,True,0.9908741,73.1974921630094
sp|P03999.2|OPSB_HUMAN,sp|P79809.1|OPSD_NEOAU,short_wave,short_wave,True,0.9924918,73.42767295597484
sp|P03999.2|OPSB_HUMAN,sp|P79903.1|OPSD_SARSP,short_wave,short_wave,True,0.9915456,72.64150943396227
sp|P03999.2|OPSB_HUMAN,sp|P51488.1|OPSD_CYPCA,short_wave,short_wave,True,0.9880707,73.52071005917159
sp|P03999.2|OPSB_HUMAN,sp|P79812.1|OPSD_NEOSA,short_wave,short_wave,True,0.989996,73.35423197492163
sp|P03999.2|OPSB_HUMAN,sp|Q9YGY9.1|OPSD_ZOSOP,short_wave,short_wave,True,0.98995864,72.3943661971831
sp|P03999.2|OPSB_HUMAN,sp|Q9YGZ2.1|OPSD_GOBNI,short_wave,short_wave,True,0.9897408,72.53521126760563
sp|P03999.2|OPSB_HUMAN,sp|P41590.1|OPSD_PSAFA,short_wave,short_wave,True,0.9885619,71.875
sp|P03999.2|OPSB_HUMAN,sp|P51475.1|OPSP_CHICK,short_wave,short_wave,True,0.9728908,73.26283987915409
sp|P03999.2|OPSB_HUMAN,sp|P32309.1|OPSD_CARAU,short_wave,short_wave,True,0.9874939,73.07692307692308
sp|P03999.2|OPSB_HUMAN,sp|Q9R024.1|OPSG_CAVPO,short_wave,short_wave,True,0.9877356,71.7065868263473
sp|P03999.2|OPSB_HUMAN,sp|P87369.1|OPSD_ORYLA,short_wave,short_wave,True,0.9872203,73.07692307692308
sp|P03999.2|OPSB_HUMAN,sp|P34989.1|OPSL_CALJA,short_wave,short_wave,True,0.99093,71.42857142857143
sp|P03999.2|OPSB_HUMAN,sp|Q9YH05.1|OPSD_DIPAN,short_wave,short_wave,True,0.9888069,71.63323782234957
sp|P03999.2|OPSB_HUMAN,sp|Q9YGZ8.1|OPSD_CHELB,short_wave,short_wave,True,0.98740536,71.91977077363897
sp|P03999.2|OPSB_HUMAN,sp|Q9YGZ5.1|OPSD_SOLSO,short_wave,short_wave,True,0.98849213,72.69938650306749
sp|P03999.2|OPSB_HUMAN,sp|O35476.2|OPSG_RAT,short_wave,short_wave,True,0.9906055,72.51552795031056
sp|P03999.2|OPSB_HUMAN,sp|Q9DGG4.1|OPSD_TETNG,short_wave,short_wave,True,0.988991,71.91011235955057
sp|P03999.2|OPSB_HUMAN,sp|Q9YGZ3.1|OPSD_SALPV,short_wave,short_wave,True,0.98842335,71.98879551820728
sp|P03999.2|OPSB_HUMAN,sp|P35359.2|OPSD_DANRE,short_wave,short_wave,True,0.9885255,72.65861027190333
sp|P03999.2|OPSB_HUMAN,sp|P79848.1|OPSD_POERE,short_wave,short_wave,True,0.9895929,73.07692307692308
sp|P03999.2|OPSB_HUMAN,sp|O35599.1|OPSG_MOUSE,short_wave,short_wave,True,0.99045455,72.51552795031056
sp|P03999.2|OPSB_HUMAN,sp|O35478.2|OPSG_SCICA,short_wave,short_wave,True,0.9882252,71.55688622754491
sp|P03999.2|OPSB_HUMAN,sp|Q9YGZ6.1|OPSD_CHEAU,short_wave,short_wave,True,0.98707944,72.0505617977528
sp|P03999.2|OPSB_HUMAN,sp|Q98980.1|OPSD_PETMA,short_wave,short_wave,True,0.9924784,73.58208955223881
sp|P03999.2|OPSB_HUMAN,sp|P04000.2|OPSR_HUMAN,short_wave,long_wave,False,0.98835874,100.0
sp|P03999.2|OPSB_HUMAN,sp|P04001.1|OPSG_HUMAN,short_wave,long_wave,False,0.988641,98.21428571428572
sp|P03999.2|OPSB_HUMAN,sp|O18913.2|OPSR_FELCA,short_wave,long_wave,False,0.9846029,95.46703296703296
sp|P03999.2|OPSB_HUMAN,sp|O18912.2|OPSR_HORSE,short_wave,long_wave,False,0.987031,94.78021978021978
sp|P03999.2|OPSB_HUMAN,sp|Q9BGI7.1|OPSR_BOVIN,short_wave,long_wave,False,0.9881822,94.91758241758242
sp|P03999.2|OPSB_HUMAN,sp|Q95170.1|OPSR_CAPHI,short_wave,long_wave,False,0.98851234,94.78021978021978
sp|P03999.2|OPSB_HUMAN,sp|O18914.2|OPSR_CANLF,short_wave,long_wave,False,0.98708546,94.64285714285714
sp|P03999.2|OPSB_HUMAN,sp|O18910.2|OPSG_RABIT,short_wave,long_wave,False,0.98889977,93.81868131868131
sp|P03999.2|OPSB_HUMAN,sp|P41592.1|OPSR_ANOCA,short_wave,long_wave,False,0.9843313,91.24293785310735
sp|P03999.2|OPSB_HUMAN,sp|P22329.1|OPSR_CHICK,short_wave,long_wave,False,0.98777026,93.58208955223881
sp|P03999.2|OPSB_HUMAN,sp|P87367.1|OPSR_ORYLA,short_wave,long_wave,False,0.9853319,90.3899721448468
sp|P03999.2|OPSB_HUMAN,sp|P32313.1|OPSR_CARAU,short_wave,long_wave,False,0.98363674,89.55431754874652
sp|P03999.2|OPSB_HUMAN,sp|O12948.1|OPSR_XENLA,short_wave,long_wave,False,0.98650736,89.40677966101694
sp|P03999.2|OPSB_HUMAN,sp|Q9W6A7.1|OPSR1_DANRE,short_wave,long_wave,False,0.9807038,89.13649025069637
sp|P03999.2|OPSB_HUMAN,sp|P22332.2|OPSR_PSAFA,short_wave,long_wave,False,0.9838573,88.44011142061282
sp|P03999.2|OPSB_HUMAN,sp|Q8AYN0.1|OPSR2_DANRE,short_wave,long_wave,False,0.98095757,89.70588235294117
sp|P03999.2|OPSB_HUMAN,sp|P35358.1|OPSG_GEKGE,short_wave,long_wave,False,0.9831842,88.13559322033899
sp|P03999.2|OPSB_HUMAN,sp|P22331.1|OPSG2_PSAFA,short_wave,long_wave,False,0.98386204,88.23529411764706
sp|P03999.2|OPSB_HUMAN,sp|P22330.1|OPSG1_PSAFA,short_wave,long_wave,False,0.98438674,87.35294117647058
sp|P03999.2|OPSB_HUMAN,sp|O18911.1|OPSG_ODOVI,short_wave,long_wave,False,0.9706481,95.05494505494505
sp|P03999.2|OPSB_HUMAN,sp|Q90215.1|OPSD2_ANGAN,short_wave,long_wave,False,0.9869986,71.7948717948718
sp|P03999.2|OPSB_HUMAN,sp|P79756.1|OPSD_GAMAF,short_wave,long_wave,False,0.9889187,71.40762463343108
sp|P03999.2|OPSB_HUMAN,sp|O42490.1|OPSP_PETMA,short_wave,long_wave,False,0.9575927,70.11331444759207
sp|O13092.1|OPSB_SAIBB,sp|Q63652.2|OPSB_RAT,short_wave,short_wave,True,0.9973082,89.66158722625262
sp|O13092.1|OPSB_SAIBB,sp|P51491.1|OPSB_MOUSE,short_wave,short_wave,True,0.9983778,89.07849684724388
sp|O13092.1|OPSB_SAIBB,sp|P51490.1|OPSB_BOVIN,short_wave,short_wave,True,0.9985612,89.09883720930233
sp|O13092.1|OPSB_SAIBB,sp|O57605.1|OPSUV_MELUD,short_wave,short_wave,True,0.99720204,87.49124404595125
sp|O13092.1|OPSB_SAIBB,sp|P28684.1|OPSV_CHICK,short_wave,short_wave,True,0.9904672,86.22050893158072
sp|O13092.1|OPSB_SAIBB,sp|P51473.1|OPSV_XENLA,short_wave,short_wave,True,0.9964496,84.82558139534883
sp|O13092.1|OPSB_SAIBB,sp|P87368.1|OPSV_ORYLA,short_wave,short_wave,True,0.99082536,78.05756337733081
sp|O13092.1|OPSB_SAIBB,sp|Q9W6A9.2|OP1S1_DANRE,short_wave,short_wave,True,0.9875882,77.7976357760135
sp|O13092.1|OPSB_SAIBB,sp|Q90309.1|OPSUV_CARAU,short_wave,short_wave,True,0.9893779,77.75726307703052
sp|O13092.1|OPSB_SAIBB,sp|P32310.1|OPSB_CARAU,short_wave,short_wave,True,0.99344254,70.63953488372093
sp|O13092.1|OPSB_SAIBB,sp|P87365.1|OPSB_ORYLA,short_wave,short_wave,True,0.99612844,70.92677187153932
sp|O13092.1|OPSB_SAIBB,sp|Q8AYM7.1|OPSG3_DANRE,short_wave,short_wave,True,0.9931869,70.69096601073345
sp|O13092.1|OPSB_SAIBB,sp|Q9W6A6.2|OPSG4_DANRE,short_wave,short_wave,True,0.9900407,70.07558139534883
sp|O13092.1|OPSB_SAIBB,sp|Q8HY69.2|OPSD_SMICR,short_wave,short_wave,True,0.9829673,69.67440145434588
sp|O13092.1|OPSB_SAIBB,sp|P28682.1|OPSB_CHICK,short_wave,short_wave,True,0.9843434,70.71741520623709
sp|O13092.1|OPSB_SAIBB,sp|P56516.1|OPSD_RANTE,short_wave,short_wave,True,0.98549426,69.6491549689224
sp|O13092.1|OPSB_SAIBB,sp|P51476.1|OPSP_COLLI,short_wave,short_wave,True,0.9684089,70.99414817059314
sp|O13092.1|OPSB_SAIBB,sp|P51472.1|OPSB_PSAFA,short_wave,short_wave,True,0.9952635,71.15156923729413
sp|O13092.1|OPSB_SAIBB,sp|Q8AYM8.1|OPSG2_DANRE,short_wave,short_wave,True,0.9942837,70.22942754919498
sp|O13092.1|OPSB_SAIBB,sp|Q9W6A8.1|OP1S2_DANRE,short_wave,short_wave,True,0.9951807,70.4620844628335
sp|O13092.1|OPSB_SAIBB,sp|P35357.1|OPSB_GEKGE,short_wave,short_wave,True,0.99193,71.52468319175603
sp|O13092.1|OPSB_SAIBB,sp|P51470.1|OPSD_AQUCT,short_wave,short_wave,True,0.9877414,69.6491549689224
sp|O13092.1|OPSB_SAIBB,sp|Q9W6A5.2|OPSG1_DANRE,short_wave,short_wave,True,0.99538076,69.92173524150269
sp|O13092.1|OPSB_SAIBB,sp|P41591.1|OPSD_ANOCA,short_wave,short_wave,True,0.99017423,70.62103594080338
sp|O13092.1|OPSB_SAIBB,sp|P31355.1|OPSD_LITPI,short_wave,short_wave,True,0.9868082,69.34885466862211
sp|O13092.1|OPSB_SAIBB,sp|Q90245.1|OPSD_AMBTI,short_wave,short_wave,True,0.9882623,69.7067053146572
sp|O13092.1|OPSB_SAIBB,sp|O93441.1|OPSD_GALML,short_wave,short_wave,True,0.9918728,69.73629568106313
sp|O13092.1|OPSB_SAIBB,sp|O93459.1|OPSD_SCYCA,short_wave,short_wave,True,0.9885965,69.78247794707298
sp|O13092.1|OPSB_SAIBB,sp|P28683.1|OPSG_CHICK,short_wave,short_wave,True,0.9929992,69.90735709628342
sp|O13092.1|OPSB_SAIBB,sp|P51489.1|OPSD_RAT,short_wave,short_wave,True,0.98555624,68.90795133754537
sp|O13092.1|OPSB_SAIBB,sp|O13227.1|OPSB_CONCO,short_wave,short_wave,True,0.9860251,69.79159347994099
sp|O13092.1|OPSB_SAIBB,sp|P32311.1|OPSG1_CARAU,short_wave,short_wave,True,0.9922395,70.07558139534883
sp|O13092.1|OPSB_SAIBB,sp|P49912.1|OPSD_RABIT,short_wave,short_wave,True,0.9839092,68.91508756818834
sp|O13092.1|OPSB_SAIBB,sp|Q28886.1|OPSD_MACFA,short_wave,short_wave,True,0.9854378,68.90795133754537
sp|O13092.1|OPSB_SAIBB,sp|O62795.1|OPSD_PAGGO,short_wave,short_wave,True,0.98722696,68.90795133754537
sp|O13092.1|OPSB_SAIBB,sp|P52202.1|OPSD_ALLMI,short_wave,short_wave,True,0.9894464,69.19870451847196
sp|O13092.1|OPSB_SAIBB,sp|O62794.1|OPSD_PHOVI,short_wave,short_wave,True,0.98761106,68.90795133754537
sp|O13092.1|OPSB_SAIBB,sp|Q769E8.1|OPSD_OTOCR,short_wave,short_wave,True,0.9838624,68.61893399650491
sp|O13092.1|OPSB_SAIBB,sp|P02699.1|OPSD_BOVIN,short_wave,short_wave,True,0.98518836,68.61893399650491
sp|O13092.1|OPSB_SAIBB,sp|Q68J47.1|OPSD_LOXAF,short_wave,short_wave,True,0.98702484,68.47442532598467
sp|O13092.1|OPSB_SAIBB,sp|Q95KU1.1|OPSD_FELCA,short_wave,short_wave,True,0.98636395,68.61893399650491
sp|O13092.1|OPSB_SAIBB,sp|O62791.1|OPSD_DELDE,short_wave,short_wave,True,0.9889534,68.47442532598467
sp|O13092.1|OPSB_SAIBB,sp|P32312.1|OPSG2_CARAU,short_wave,short_wave,True,0.9906739,69.92173524150269
sp|O13092.1|OPSB_SAIBB,sp|P15409.2|OPSD_MOUSE,short_wave,short_wave,True,0.9850146,68.32991665546444
sp|O13092.1|OPSB_SAIBB,sp|P22328.1|OPSD_CHICK,short_wave,short_wave,True,0.98862803,69.38936438655118
sp|O13092.1|OPSB_SAIBB,sp|Q6W3E1.1|OPSD_CALPD,short_wave,short_wave,True,0.985032,68.32991665546444
sp|O13092.1|OPSB_SAIBB,sp|P51471.1|OPSB_ANOCA,short_wave,short_wave,True,0.9943522,69.44006737665725
sp|O13092.1|OPSB_SAIBB,sp|P28681.1|OPSD_CRIGR,short_wave,short_wave,True,0.98533845,68.76344266702513
sp|O13092.1|OPSB_SAIBB,sp|P56515.1|OPSD_RHIMB,short_wave,short_wave,True,0.98903227,70.09960541937286
sp|O13092.1|OPSB_SAIBB,sp|O62793.1|OPSD_MESBI,short_wave,short_wave,True,0.9893791,68.19947520065857
sp|O13092.1|OPSB_SAIBB,sp|P79863.1|OPSD_LEUER,short_wave,short_wave,True,0.9900922,68.98624421955633
sp|O13092.1|OPSB_SAIBB,sp|P56514.1|OPSD_BUFBU,short_wave,short_wave,True,0.9892816,69.79930511907256
sp|O13092.1|OPSB_SAIBB,sp|O62798.1|OPSD_TURTR,short_wave,short_wave,True,0.98915076,68.32991665546444
sp|O13092.1|OPSB_SAIBB,sp|Q90214.1|OPSD1_ANGAN,short_wave,short_wave,True,0.9886267,69.02879776961784
sp|O13092.1|OPSB_SAIBB,sp|P22671.1|OPSD_LETCA,short_wave,short_wave,True,0.98914045,69.65767094758763
sp|O13092.1|OPSB_SAIBB,sp|P08100.1|OPSD_HUMAN,short_wave,short_wave,True,0.9861145,68.93693832750222
sp|O13092.1|OPSB_SAIBB,sp|O62792.1|OPSD_GLOME,short_wave,short_wave,True,0.99021226,68.1854079849442
sp|O13092.1|OPSB_SAIBB,sp|P02700.2|OPSD_SHEEP,short_wave,short_wave,True,0.98844546,68.1854079849442
sp|O13092.1|OPSB_SAIBB,sp|O18766.1|OPSD_PIG,short_wave,short_wave,True,0.98678493,68.96714766040907
sp|O13092.1|OPSB_SAIBB,sp|Q9YGZ0.1|OPSD_SARPI,short_wave,short_wave,True,0.9906013,68.69096601073345
sp|O13092.1|OPSB_SAIBB,sp|P29403.1|OPSD_XENLA,short_wave,short_wave,True,0.9911639,70.249755569523
sp|O13092.1|OPSB_SAIBB,sp|P79807.1|OPSD_MYRVI,short_wave,short_wave,True,0.99071383,69.03155623811614
sp|O13092.1|OPSB_SAIBB,sp|P79898.1|OPSD_SARDI,short_wave,short_wave,True,0.9898544,68.41285950185771
sp|O13092.1|OPSB_SAIBB,sp|P32308.1|OPSD_CANLF,short_wave,short_wave,True,0.9859604,68.76344266702513
sp|O13092.1|OPSB_SAIBB,sp|O42604.1|OPSD_ZEUFA,short_wave,short_wave,True,0.9909296,69.94265088175366
sp|O13092.1|OPSB_SAIBB,sp|P79914.1|OPSD_SARXA,short_wave,short_wave,True,0.9904509,69.58655318218268
sp|O13092.1|OPSB_SAIBB,sp|P79911.1|OPSD_SARTI,short_wave,short_wave,True,0.9920279,69.03155623811614
sp|O13092.1|OPSB_SAIBB,sp|O62796.1|OPSD_TRIMA,short_wave,short_wave,True,0.98512566,68.61893399650491
sp|O13092.1|OPSB_SAIBB,sp|P51474.1|OPSG3_PSAFA,short_wave,short_wave,True,0.989172,69.76788908765653
sp|O13092.1|OPSB_SAIBB,sp|P79901.1|OPSD_SARMI,short_wave,short_wave,True,0.9882632,67.9690725196092
sp|O13092.1|OPSB_SAIBB,sp|P79798.1|OPSD_MYRBE,short_wave,short_wave,True,0.9923045,69.03155623811614
sp|O13092.1|OPSB_SAIBB,sp|P79902.1|OPSD_SARPU,short_wave,short_wave,True,0.9915746,68.56078849594056
sp|O13092.1|OPSB_SAIBB,sp|P79808.1|OPSD_NEOAR,short_wave,short_wave,True,0.9915788,69.27307355835823
sp|O13092.1|OPSB_SAIBB,sp|P79809.1|OPSD_NEOAU,short_wave,short_wave,True,0.99300724,69.50325435132368
sp|O13092.1|OPSB_SAIBB,sp|P79903.1|OPSD_SARSP,short_wave,short_wave,True,0.9920052,68.7170908293111
sp|O13092.1|OPSB_SAIBB,sp|P51488.1|OPSD_CYPCA,short_wave,short_wave,True,0.9884908,69.59629145452044
sp|O13092.1|OPSB_SAIBB,sp|P79812.1|OPSD_NEOSA,short_wave,short_wave,True,0.99075884,69.42981337027047
sp|O13092.1|OPSB_SAIBB,sp|Q9YGY9.1|OPSD_ZOSOP,short_wave,short_wave,True,0.9906482,68.46994759253194
sp|O13092.1|OPSB_SAIBB,sp|Q9YGZ2.1|OPSD_GOBNI,short_wave,short_wave,True,0.9901586,68.61079266295447
sp|O13092.1|OPSB_SAIBB,sp|P41590.1|OPSD_PSAFA,short_wave,short_wave,True,0.9885858,67.95058139534883
sp|O13092.1|OPSB_SAIBB,sp|P51475.1|OPSP_CHICK,short_wave,short_wave,True,0.9742323,69.3384212745029
sp|O13092.1|OPSB_SAIBB,sp|P32309.1|OPSD_CARAU,short_wave,short_wave,True,0.9880904,69.15250447227191
sp|O13092.1|OPSB_SAIBB,sp|Q9R024.1|OPSG_CAVPO,short_wave,short_wave,True,0.9897177,67.78216822169614
sp|O13092.1|OPSB_SAIBB,sp|P87369.1|OPSD_ORYLA,short_wave,short_wave,True,0.98794574,69.15250447227191
sp|O13092.1|OPSB_SAIBB,sp|P34989.1|OPSL_CALJA,short_wave,short_wave,True,0.9924328,67.50415282392026
sp|O13092.1|OPSB_SAIBB,sp|Q9YH05.1|OPSD_DIPAN,short_wave,short_wave,True,0.9890672,67.7088192176984
sp|O13092.1|OPSB_SAIBB,sp|Q9YGZ8.1|OPSD_CHELB,short_wave,short_wave,True,0.98881507,67.99535216898781
sp|O13092.1|OPSB_SAIBB,sp|Q9YGZ5.1|OPSD_SOLSO,short_wave,short_wave,True,0.98853153,68.77496789841632
sp|O13092.1|OPSB_SAIBB,sp|O35476.2|OPSG_RAT,short_wave,short_wave,True,0.9914191,68.59110934565939
sp|O13092.1|OPSB_SAIBB,sp|Q9DGG4.1|OPSD_TETNG,short_wave,short_wave,True,0.9894664,67.9856937548994
sp|O13092.1|OPSB_SAIBB,sp|Q9YGZ3.1|OPSD_SALPV,short_wave,short_wave,True,0.98882836,68.06437691355612
sp|O13092.1|OPSB_SAIBB,sp|P35359.2|OPSD_DANRE,short_wave,short_wave,True,0.9888787,68.73419166725216
sp|O13092.1|OPSB_SAIBB,sp|P79848.1|OPSD_POERE,short_wave,short_wave,True,0.99007505,69.15250447227191
sp|O13092.1|OPSB_SAIBB,sp|O35599.1|OPSG_MOUSE,short_wave,short_wave,True,0.9914721,68.59110934565939
sp|O13092.1|OPSB_SAIBB,sp|O35478.2|OPSG_SCICA,short_wave,short_wave,True,0.9892429,67.63246762289374
sp|O13092.1|OPSB_SAIBB,sp|Q9YGZ6.1|OPSD_CHEAU,short_wave,short_wave,True,0.9882576,68.12614319310164
sp|O13092.1|OPSB_SAIBB,sp|Q98980.1|OPSD_PETMA,short_wave,short_wave,True,0.9917358,69.65767094758763
sp|O13092.1|OPSB_SAIBB,sp|P04000.2|OPSR_HUMAN,short_wave,long_wave,False,0.99038297,96.07558139534883
sp|O13092.1|OPSB_SAIBB,sp|P04001.1|OPSG_HUMAN,short_wave,long_wave,False,0.9907792,94.28986710963454
sp|O13092.1|OPSB_SAIBB,sp|O18913.2|OPSR_FELCA,short_wave,long_wave,False,0.9865092,91.5426143623818
sp|O13092.1|OPSB_SAIBB,sp|O18912.2|OPSR_HORSE,short_wave,long_wave,False,0.9885638,90.85580117556862
sp|O13092.1|OPSB_SAIBB,sp|Q9BGI7.1|OPSR_BOVIN,short_wave,long_wave,False,0.9894652,90.99316381293124
sp|O13092.1|OPSB_SAIBB,sp|Q95170.1|OPSR_CAPHI,short_wave,long_wave,False,0.9896893,90.85580117556862
sp|O13092.1|OPSB_SAIBB,sp|O18914.2|OPSR_CANLF,short_wave,long_wave,False,0.9885075,90.71843853820599
sp|O13092.1|OPSB_SAIBB,sp|O18910.2|OPSG_RABIT,short_wave,long_wave,False,0.99063337,89.89426271403016
sp|O13092.1|OPSB_SAIBB,sp|P41592.1|OPSR_ANOCA,short_wave,long_wave,False,0.98659116,87.31851924845617
sp|O13092.1|OPSB_SAIBB,sp|P22329.1|OPSR_CHICK,short_wave,long_wave,False,0.9897391,89.65767094758763
sp|O13092.1|OPSB_SAIBB,sp|P87367.1|OPSR_ORYLA,short_wave,long_wave,False,0.9867088,86.46555354019563
sp|O13092.1|OPSB_SAIBB,sp|P32313.1|OPSR_CARAU,short_wave,long_wave,False,0.98457617,85.62989894409534
sp|O13092.1|OPSB_SAIBB,sp|O12948.1|OPSR_XENLA,short_wave,long_wave,False,0.98720455,85.48236105636579
sp|O13092.1|OPSB_SAIBB,sp|Q9W6A7.1|OPSR1_DANRE,short_wave,long_wave,False,0.9813847,85.21207164604522
sp|O13092.1|OPSB_SAIBB,sp|P22332.2|OPSR_PSAFA,short_wave,long_wave,False,0.98496723,84.51569281596164
sp|O13092.1|OPSB_SAIBB,sp|Q8AYN0.1|OPSR2_DANRE,short_wave,long_wave,False,0.9820425,85.78146374829001
sp|O13092.1|OPSB_SAIBB,sp|P35358.1|OPSG_GEKGE,short_wave,long_wave,False,0.98498046,84.21117461568781
sp|O13092.1|OPSB_SAIBB,sp|P22331.1|OPSG2_PSAFA,short_wave,long_wave,False,0.98486245,84.31087551299589
sp|O13092.1|OPSB_SAIBB,sp|P22330.1|OPSG1_PSAFA,short_wave,long_wave,False,0.98495364,83.42852257181943
sp|O13092.1|OPSB_SAIBB,sp|O18911.1|OPSG_ODOVI,short_wave,long_wave,False,0.9701481,91.1305264502939
sp|O13092.1|OPSB_SAIBB,sp|Q90215.1|OPSD2_ANGAN,short_wave,long_wave,False,0.98690695,67.87045319022063
sp|O13092.1|OPSB_SAIBB,sp|P79756.1|OPSD_GAMAF,short_wave,long_wave,False,0.98953414,67.48320602877992
sp|O13092.1|OPSB_SAIBB,sp|O42490.1|OPSP_PETMA,short_wave,long_wave,False,0.9596657,66.1888958429409
sp|Q63652.2|OPSB_RAT,sp|P51491.1|OPSB_MOUSE,short_wave,short_wave,True,0.9989852,86.58892128279884
sp|Q63652.2|OPSB_RAT,sp|P51490.1|OPSB_BOVIN,short_wave,short_wave,True,0.99809504,86.60926164485727
sp|Q63652.2|OPSB_RAT,sp|O57605.1|OPSUV_MELUD,short_wave,short_wave,True,0.9947416,85.00166848150619
sp|Q63652.2|OPSB_RAT,sp|P28684.1|OPSV_CHICK,short_wave,short_wave,True,0.98862034,83.73093336713566
sp|Q63652.2|OPSB_RAT,sp|P51473.1|OPSV_XENLA,short_wave,short_wave,True,0.99546933,82.33600583090379
sp|Q63652.2|OPSB_RAT,sp|P87368.1|OPSV_ORYLA,short_wave,short_wave,True,0.9880355,75.56798781288578
sp|Q63652.2|OPSB_RAT,sp|Q9W6A9.2|OP1S1_DANRE,short_wave,short_wave,True,0.9808706,75.30806021156845
sp|Q63652.2|OPSB_RAT,sp|Q90309.1|OPSUV_CARAU,short_wave,short_wave,True,0.9853037,75.26768751258547
sp|Q63652.2|OPSB_RAT,sp|P32310.1|OPSB_CARAU,short_wave,short_wave,True,0.99195385,68.14995931927588
sp|Q63652.2|OPSB_RAT,sp|P87365.1|OPSB_ORYLA,short_wave,short_wave,True,0.9924527,68.43719630709427
sp|Q63652.2|OPSB_RAT,sp|Q8AYM7.1|OPSG3_DANRE,short_wave,short_wave,True,0.9916882,68.2013904462884
sp|Q63652.2|OPSB_RAT,sp|Q9W6A6.2|OPSG4_DANRE,short_wave,short_wave,True,0.98809016,67.58600583090379
sp|Q63652.2|OPSB_RAT,sp|Q8HY69.2|OPSD_SMICR,short_wave,short_wave,True,0.98077536,67.18482588990084
sp|Q63652.2|OPSB_RAT,sp|P28682.1|OPSB_CHICK,short_wave,short_wave,True,0.9856783,68.22783964179204
sp|Q63652.2|OPSB_RAT,sp|P56516.1|OPSD_RANTE,short_wave,short_wave,True,0.9847362,67.15957940447736
sp|Q63652.2|OPSB_RAT,sp|P51476.1|OPSP_COLLI,short_wave,short_wave,True,0.9709866,68.50457260614809
sp|Q63652.2|OPSB_RAT,sp|P51472.1|OPSB_PSAFA,short_wave,short_wave,True,0.99406683,68.66199367284908
sp|Q63652.2|OPSB_RAT,sp|Q8AYM8.1|OPSG2_DANRE,short_wave,short_wave,True,0.9921616,67.73985198474995
sp|Q63652.2|OPSB_RAT,sp|Q9W6A8.1|OP1S2_DANRE,short_wave,short_wave,True,0.99321413,67.97250889838845
sp|Q63652.2|OPSB_RAT,sp|P35357.1|OPSB_GEKGE,short_wave,short_wave,True,0.9897616,69.03510762731098
sp|Q63652.2|OPSB_RAT,sp|P51470.1|OPSD_AQUCT,short_wave,short_wave,True,0.98615783,67.15957940447736
sp|Q63652.2|OPSB_RAT,sp|Q9W6A5.2|OPSG1_DANRE,short_wave,short_wave,True,0.99282175,67.43215967705763
sp|Q63652.2|OPSB_RAT,sp|P41591.1|OPSD_ANOCA,short_wave,short_wave,True,0.9885793,68.13146037635833
sp|Q63652.2|OPSB_RAT,sp|P31355.1|OPSD_LITPI,short_wave,short_wave,True,0.98560256,66.85927910417706
sp|Q63652.2|OPSB_RAT,sp|Q90245.1|OPSD_AMBTI,short_wave,short_wave,True,0.98527837,67.21712975021214
sp|Q63652.2|OPSB_RAT,sp|O93441.1|OPSD_GALML,short_wave,short_wave,True,0.9893881,67.24672011661806
sp|Q63652.2|OPSB_RAT,sp|O93459.1|OPSD_SCYCA,short_wave,short_wave,True,0.9856941,67.29290238262793
sp|Q63652.2|OPSB_RAT,sp|P28683.1|OPSG_CHICK,short_wave,short_wave,True,0.9899347,67.41778153183836
sp|Q63652.2|OPSB_RAT,sp|P51489.1|OPSD_RAT,short_wave,short_wave,True,0.9836202,66.41837577310032
sp|Q63652.2|OPSB_RAT,sp|O13227.1|OPSB_CONCO,short_wave,short_wave,True,0.9842707,67.30201791549592
sp|Q63652.2|OPSB_RAT,sp|P32311.1|OPSG1_CARAU,short_wave,short_wave,True,0.9889226,67.58600583090379
sp|Q63652.2|OPSB_RAT,sp|P49912.1|OPSD_RABIT,short_wave,short_wave,True,0.98201346,66.4255120037433
sp|Q63652.2|OPSB_RAT,sp|Q28886.1|OPSD_MACFA,short_wave,short_wave,True,0.9834162,66.41837577310032
sp|Q63652.2|OPSB_RAT,sp|O62795.1|OPSD_PAGGO,short_wave,short_wave,True,0.9851507,66.41837577310032
sp|Q63652.2|OPSB_RAT,sp|P52202.1|OPSD_ALLMI,short_wave,short_wave,True,0.98615444,66.70912895402691
sp|Q63652.2|OPSB_RAT,sp|O62794.1|OPSD_PHOVI,short_wave,short_wave,True,0.9852207,66.41837577310032
sp|Q63652.2|OPSB_RAT,sp|Q769E8.1|OPSD_OTOCR,short_wave,short_wave,True,0.9822136,66.12935843205986
sp|Q63652.2|OPSB_RAT,sp|P02699.1|OPSD_BOVIN,short_wave,short_wave,True,0.98335946,66.12935843205986
sp|Q63652.2|OPSB_RAT,sp|Q68J47.1|OPSD_LOXAF,short_wave,short_wave,True,0.9851015,65.98484976153962
sp|Q63652.2|OPSB_RAT,sp|Q95KU1.1|OPSD_FELCA,short_wave,short_wave,True,0.98411846,66.12935843205986
sp|Q63652.2|OPSB_RAT,sp|O62791.1|OPSD_DELDE,short_wave,short_wave,True,0.98769104,65.98484976153962
sp|Q63652.2|OPSB_RAT,sp|P32312.1|OPSG2_CARAU,short_wave,short_wave,True,0.9886522,67.43215967705763
sp|Q63652.2|OPSB_RAT,sp|P15409.2|OPSD_MOUSE,short_wave,short_wave,True,0.9831232,65.8403410910194
sp|Q63652.2|OPSB_RAT,sp|P22328.1|OPSD_CHICK,short_wave,short_wave,True,0.9846323,66.89978882210613
sp|Q63652.2|OPSB_RAT,sp|Q6W3E1.1|OPSD_CALPD,short_wave,short_wave,True,0.98316634,65.8403410910194
sp|Q63652.2|OPSB_RAT,sp|P51471.1|OPSB_ANOCA,short_wave,short_wave,True,0.9924753,66.95049181221219
sp|Q63652.2|OPSB_RAT,sp|P28681.1|OPSD_CRIGR,short_wave,short_wave,True,0.98310214,66.27386710258008
sp|Q63652.2|OPSB_RAT,sp|P56515.1|OPSD_RHIMB,short_wave,short_wave,True,0.9861707,67.6100298549278
sp|Q63652.2|OPSB_RAT,sp|O62793.1|OPSD_MESBI,short_wave,short_wave,True,0.98797566,65.70989963621352
sp|Q63652.2|OPSB_RAT,sp|P79863.1|OPSD_LEUER,short_wave,short_wave,True,0.9866948,66.49666865511128
sp|Q63652.2|OPSB_RAT,sp|P56514.1|OPSD_BUFBU,short_wave,short_wave,True,0.9863343,67.30972955462751
sp|Q63652.2|OPSB_RAT,sp|O62798.1|OPSD_TURTR,short_wave,short_wave,True,0.98794156,65.8403410910194
sp|Q63652.2|OPSB_RAT,sp|Q90214.1|OPSD1_ANGAN,short_wave,short_wave,True,0.9874803,66.53922220517279
sp|Q63652.2|OPSB_RAT,sp|P22671.1|OPSD_LETCA,short_wave,short_wave,True,0.98561275,67.1680953831426
sp|Q63652.2|OPSB_RAT,sp|P08100.1|OPSD_HUMAN,short_wave,short_wave,True,0.98417675,66.44736276305719
sp|Q63652.2|OPSB_RAT,sp|O62792.1|OPSD_GLOME,short_wave,short_wave,True,0.9889295,65.69583242049916
sp|Q63652.2|OPSB_RAT,sp|P02700.2|OPSD_SHEEP,short_wave,short_wave,True,0.9864567,65.69583242049916
sp|Q63652.2|OPSB_RAT,sp|O18766.1|OPSD_PIG,short_wave,short_wave,True,0.98506045,66.47757209596404
sp|Q63652.2|OPSB_RAT,sp|Q9YGZ0.1|OPSD_SARPI,short_wave,short_wave,True,0.9888309,66.2013904462884
sp|Q63652.2|OPSB_RAT,sp|P29403.1|OPSD_XENLA,short_wave,short_wave,True,0.9897372,67.76018000507796
sp|Q63652.2|OPSB_RAT,sp|P79807.1|OPSD_MYRVI,short_wave,short_wave,True,0.989183,66.54198067367108
sp|Q63652.2|OPSB_RAT,sp|P79898.1|OPSD_SARDI,short_wave,short_wave,True,0.9889468,65.92328393741266
sp|Q63652.2|OPSB_RAT,sp|P32308.1|OPSD_CANLF,short_wave,short_wave,True,0.983119,66.27386710258008
sp|Q63652.2|OPSB_RAT,sp|O42604.1|OPSD_ZEUFA,short_wave,short_wave,True,0.9890224,67.45307531730862
sp|Q63652.2|OPSB_RAT,sp|P79914.1|OPSD_SARXA,short_wave,short_wave,True,0.98856306,67.09697761773765
sp|Q63652.2|OPSB_RAT,sp|P79911.1|OPSD_SARTI,short_wave,short_wave,True,0.9909824,66.54198067367108
sp|Q63652.2|OPSB_RAT,sp|O62796.1|OPSD_TRIMA,short_wave,short_wave,True,0.9823258,66.12935843205986
sp|Q63652.2|OPSB_RAT,sp|P51474.1|OPSG3_PSAFA,short_wave,short_wave,True,0.9846318,67.27831352321148
sp|Q63652.2|OPSB_RAT,sp|P79901.1|OPSD_SARMI,short_wave,short_wave,True,0.9874816,65.47949695516414
sp|Q63652.2|OPSB_RAT,sp|P79798.1|OPSD_MYRBE,short_wave,short_wave,True,0.99061537,66.54198067367108
sp|Q63652.2|OPSB_RAT,sp|P79902.1|OPSD_SARPU,short_wave,short_wave,True,0.9896102,66.0712129314955
sp|Q63652.2|OPSB_RAT,sp|P79808.1|OPSD_NEOAR,short_wave,short_wave,True,0.99016577,66.78349799391319
sp|Q63652.2|OPSB_RAT,sp|P79809.1|OPSD_NEOAU,short_wave,short_wave,True,0.99173504,67.01367878687863
sp|Q63652.2|OPSB_RAT,sp|P79903.1|OPSD_SARSP,short_wave,short_wave,True,0.99071133,66.22751526486606
sp|Q63652.2|OPSB_RAT,sp|P51488.1|OPSD_CYPCA,short_wave,short_wave,True,0.98550737,67.10671589007538
sp|Q63652.2|OPSB_RAT,sp|P79812.1|OPSD_NEOSA,short_wave,short_wave,True,0.98881733,66.94023780582542
sp|Q63652.2|OPSB_RAT,sp|Q9YGY9.1|OPSD_ZOSOP,short_wave,short_wave,True,0.9878217,65.98037202808689
sp|Q63652.2|OPSB_RAT,sp|Q9YGZ2.1|OPSD_GOBNI,short_wave,short_wave,True,0.987377,66.12121709850942
sp|Q63652.2|OPSB_RAT,sp|P41590.1|OPSD_PSAFA,short_wave,short_wave,True,0.98619044,65.46100583090379
sp|Q63652.2|OPSB_RAT,sp|P51475.1|OPSP_CHICK,short_wave,short_wave,True,0.9734831,66.84884571005787
sp|Q63652.2|OPSB_RAT,sp|P32309.1|OPSD_CARAU,short_wave,short_wave,True,0.98591167,66.66292890782687
sp|Q63652.2|OPSB_RAT,sp|Q9R024.1|OPSG_CAVPO,short_wave,short_wave,True,0.98800635,65.29259265725109
sp|Q63652.2|OPSB_RAT,sp|P87369.1|OPSD_ORYLA,short_wave,short_wave,True,0.98418903,66.66292890782687
sp|Q63652.2|OPSB_RAT,sp|P34989.1|OPSL_CALJA,short_wave,short_wave,True,0.99088705,65.01457725947522
sp|Q63652.2|OPSB_RAT,sp|Q9YH05.1|OPSD_DIPAN,short_wave,short_wave,True,0.9871586,65.21924365325336
sp|Q63652.2|OPSB_RAT,sp|Q9YGZ8.1|OPSD_CHELB,short_wave,short_wave,True,0.98540795,65.50577660454276
sp|Q63652.2|OPSB_RAT,sp|Q9YGZ5.1|OPSD_SOLSO,short_wave,short_wave,True,0.98729545,66.28539233397127
sp|Q63652.2|OPSB_RAT,sp|O35476.2|OPSG_RAT,short_wave,short_wave,True,0.9906841,66.10153378121434
sp|Q63652.2|OPSB_RAT,sp|Q9DGG4.1|OPSD_TETNG,short_wave,short_wave,True,0.9876865,65.49611819045435
sp|Q63652.2|OPSB_RAT,sp|Q9YGZ3.1|OPSD_SALPV,short_wave,short_wave,True,0.98657364,65.57480134911107
sp|Q63652.2|OPSB_RAT,sp|P35359.2|OPSD_DANRE,short_wave,short_wave,True,0.9870586,66.24461610280711
sp|Q63652.2|OPSB_RAT,sp|P79848.1|OPSD_POERE,short_wave,short_wave,True,0.9885329,66.66292890782687
sp|Q63652.2|OPSB_RAT,sp|O35599.1|OPSG_MOUSE,short_wave,short_wave,True,0.9907845,66.10153378121434
sp|Q63652.2|OPSB_RAT,sp|O35478.2|OPSG_SCICA,short_wave,short_wave,True,0.9886128,65.1428920584487
sp|Q63652.2|OPSB_RAT,sp|Q9YGZ6.1|OPSD_CHEAU,short_wave,short_wave,True,0.98494285,65.63656762865659
sp|Q63652.2|OPSB_RAT,sp|Q98980.1|OPSD_PETMA,short_wave,short_wave,True,0.98945004,67.1680953831426
sp|Q63652.2|OPSB_RAT,sp|P04000.2|OPSR_HUMAN,short_wave,long_wave,False,0.98904103,93.58600583090379
sp|Q63652.2|OPSB_RAT,sp|P04001.1|OPSG_HUMAN,short_wave,long_wave,False,0.9891466,91.80029154518951
sp|Q63652.2|OPSB_RAT,sp|O18913.2|OPSR_FELCA,short_wave,long_wave,False,0.9858859,89.05303879793675
sp|Q63652.2|OPSB_RAT,sp|O18912.2|OPSR_HORSE,short_wave,long_wave,False,0.98676956,88.36622561112357
sp|Q63652.2|OPSB_RAT,sp|Q9BGI7.1|OPSR_BOVIN,short_wave,long_wave,False,0.98903704,88.50358824848621
sp|Q63652.2|OPSB_RAT,sp|Q95170.1|OPSR_CAPHI,short_wave,long_wave,False,0.9894418,88.36622561112357
sp|Q63652.2|OPSB_RAT,sp|O18914.2|OPSR_CANLF,short_wave,long_wave,False,0.98849714,88.22886297376093
sp|Q63652.2|OPSB_RAT,sp|O18910.2|OPSG_RABIT,short_wave,long_wave,False,0.98992574,87.4046871495851
sp|Q63652.2|OPSB_RAT,sp|P41592.1|OPSR_ANOCA,short_wave,long_wave,False,0.9834502,84.82894368401114
sp|Q63652.2|OPSB_RAT,sp|P22329.1|OPSR_CHICK,short_wave,long_wave,False,0.987401,87.1680953831426
sp|Q63652.2|OPSB_RAT,sp|P87367.1|OPSR_ORYLA,short_wave,long_wave,False,0.98330253,83.97597797575058
sp|Q63652.2|OPSB_RAT,sp|P32313.1|OPSR_CARAU,short_wave,long_wave,False,0.9813979,83.14032337965031
sp|Q63652.2|OPSB_RAT,sp|O12948.1|OPSR_XENLA,short_wave,long_wave,False,0.98660666,82.99278549192073
sp|Q63652.2|OPSB_RAT,sp|Q9W6A7.1|OPSR1_DANRE,short_wave,long_wave,False,0.9777682,82.72249608160016
sp|Q63652.2|OPSB_RAT,sp|P22332.2|OPSR_PSAFA,short_wave,long_wave,False,0.98054916,82.02611725151661
sp|Q63652.2|OPSB_RAT,sp|Q8AYN0.1|OPSR2_DANRE,short_wave,long_wave,False,0.97867966,83.29188818384496
sp|Q63652.2|OPSB_RAT,sp|P35358.1|OPSG_GEKGE,short_wave,long_wave,False,0.9824646,81.72159905124278
sp|Q63652.2|OPSB_RAT,sp|P22331.1|OPSG2_PSAFA,short_wave,long_wave,False,0.9835747,81.82129994855084
sp|Q63652.2|OPSB_RAT,sp|P22330.1|OPSG1_PSAFA,short_wave,long_wave,False,0.9840994,80.93894700737437
sp|Q63652.2|OPSB_RAT,sp|O18911.1|OPSG_ODOVI,short_wave,long_wave,False,0.9689425,88.64095088584884
sp|Q63652.2|OPSB_RAT,sp|Q90215.1|OPSD2_ANGAN,short_wave,long_wave,False,0.9850093,65.38087762577558
sp|Q63652.2|OPSB_RAT,sp|P79756.1|OPSD_GAMAF,short_wave,long_wave,False,0.98714924,64.99363046433487
sp|Q63652.2|OPSB_RAT,sp|O42490.1|OPSP_PETMA,short_wave,long_wave,False,0.9609633,63.699320278495854
sp|P51491.1|OPSB_MOUSE,sp|P51490.1|OPSB_BOVIN,short_wave,short_wave,True,0.99858165,86.02617126584855
sp|P51491.1|OPSB_MOUSE,sp|O57605.1|OPSUV_MELUD,short_wave,short_wave,True,0.99614877,84.41857810249746
sp|P51491.1|OPSB_MOUSE,sp|P28684.1|OPSV_CHICK,short_wave,short_wave,True,0.99207073,83.14784298812694
sp|P51491.1|OPSB_MOUSE,sp|P51473.1|OPSV_XENLA,short_wave,short_wave,True,0.9959827,81.75291545189505
sp|P51491.1|OPSB_MOUSE,sp|P87368.1|OPSV_ORYLA,short_wave,short_wave,True,0.9893589,74.98489743387702
sp|P51491.1|OPSB_MOUSE,sp|Q9W6A9.2|OP1S1_DANRE,short_wave,short_wave,True,0.9833837,74.72496983255971
sp|P51491.1|OPSB_MOUSE,sp|Q90309.1|OPSUV_CARAU,short_wave,short_wave,True,0.9865752,74.68459713357673
sp|P51491.1|OPSB_MOUSE,sp|P32310.1|OPSB_CARAU,short_wave,short_wave,True,0.9917895,67.56686894026714
sp|P51491.1|OPSB_MOUSE,sp|P87365.1|OPSB_ORYLA,short_wave,short_wave,True,0.9945514,67.85410592808553
sp|P51491.1|OPSB_MOUSE,sp|Q8AYM7.1|OPSG3_DANRE,short_wave,short_wave,True,0.9916818,67.61830006727966
sp|P51491.1|OPSB_MOUSE,sp|Q9W6A6.2|OPSG4_DANRE,short_wave,short_wave,True,0.98861045,67.00291545189505
sp|P51491.1|OPSB_MOUSE,sp|Q8HY69.2|OPSD_SMICR,short_wave,short_wave,True,0.9797095,66.6017355108921
sp|P51491.1|OPSB_MOUSE,sp|P28682.1|OPSB_CHICK,short_wave,short_wave,True,0.9876714,67.64474926278331
sp|P51491.1|OPSB_MOUSE,sp|P56516.1|OPSD_RANTE,short_wave,short_wave,True,0.98344225,66.57648902546862
sp|P51491.1|OPSB_MOUSE,sp|P51476.1|OPSP_COLLI,short_wave,short_wave,True,0.9701688,67.92148222713935
sp|P51491.1|OPSB_MOUSE,sp|P51472.1|OPSB_PSAFA,short_wave,short_wave,True,0.9943226,68.07890329384034
sp|P51491.1|OPSB_MOUSE,sp|Q8AYM8.1|OPSG2_DANRE,short_wave,short_wave,True,0.9930566,67.1567616057412
sp|P51491.1|OPSB_MOUSE,sp|Q9W6A8.1|OP1S2_DANRE,short_wave,short_wave,True,0.9932396,67.38941851937972
sp|P51491.1|OPSB_MOUSE,sp|P35357.1|OPSB_GEKGE,short_wave,short_wave,True,0.9900461,68.45201724830224
sp|P51491.1|OPSB_MOUSE,sp|P51470.1|OPSD_AQUCT,short_wave,short_wave,True,0.9851171,66.57648902546862
sp|P51491.1|OPSB_MOUSE,sp|Q9W6A5.2|OPSG1_DANRE,short_wave,short_wave,True,0.99388087,66.8490692980489
sp|P51491.1|OPSB_MOUSE,sp|P41591.1|OPSD_ANOCA,short_wave,short_wave,True,0.9875431,67.5483699973496
sp|P51491.1|OPSB_MOUSE,sp|P31355.1|OPSD_LITPI,short_wave,short_wave,True,0.9843714,66.27618872516832
sp|P51491.1|OPSB_MOUSE,sp|Q90245.1|OPSD_AMBTI,short_wave,short_wave,True,0.98500735,66.63403937120341
sp|P51491.1|OPSB_MOUSE,sp|O93441.1|OPSD_GALML,short_wave,short_wave,True,0.98938084,66.66362973760934
sp|P51491.1|OPSB_MOUSE,sp|O93459.1|OPSD_SCYCA,short_wave,short_wave,True,0.98544717,66.70981200361919
sp|P51491.1|OPSB_MOUSE,sp|P28683.1|OPSG_CHICK,short_wave,short_wave,True,0.9899473,66.83469115282963
sp|P51491.1|OPSB_MOUSE,sp|P51489.1|OPSD_RAT,short_wave,short_wave,True,0.9829871,65.83528539409158
sp|P51491.1|OPSB_MOUSE,sp|O13227.1|OPSB_CONCO,short_wave,short_wave,True,0.98307157,66.7189275364872
sp|P51491.1|OPSB_MOUSE,sp|P32311.1|OPSG1_CARAU,short_wave,short_wave,True,0.98989797,67.00291545189505
sp|P51491.1|OPSB_MOUSE,sp|P49912.1|OPSD_RABIT,short_wave,short_wave,True,0.9811239,65.84242162473456
sp|P51491.1|OPSB_MOUSE,sp|Q28886.1|OPSD_MACFA,short_wave,short_wave,True,0.9830996,65.83528539409158
sp|P51491.1|OPSB_MOUSE,sp|O62795.1|OPSD_PAGGO,short_wave,short_wave,True,0.9845578,65.83528539409158
sp|P51491.1|OPSB_MOUSE,sp|P52202.1|OPSD_ALLMI,short_wave,short_wave,True,0.9858857,66.12603857501817
sp|P51491.1|OPSB_MOUSE,sp|O62794.1|OPSD_PHOVI,short_wave,short_wave,True,0.98478276,65.83528539409158
sp|P51491.1|OPSB_MOUSE,sp|Q769E8.1|OPSD_OTOCR,short_wave,short_wave,True,0.981497,65.54626805305112
sp|P51491.1|OPSB_MOUSE,sp|P02699.1|OPSD_BOVIN,short_wave,short_wave,True,0.9824494,65.54626805305112
sp|P51491.1|OPSB_MOUSE,sp|Q68J47.1|OPSD_LOXAF,short_wave,short_wave,True,0.9840596,65.40175938253088
sp|P51491.1|OPSB_MOUSE,sp|Q95KU1.1|OPSD_FELCA,short_wave,short_wave,True,0.9833775,65.54626805305112
sp|P51491.1|OPSB_MOUSE,sp|O62791.1|OPSD_DELDE,short_wave,short_wave,True,0.9870387,65.40175938253088
sp|P51491.1|OPSB_MOUSE,sp|P32312.1|OPSG2_CARAU,short_wave,short_wave,True,0.98917633,66.8490692980489
sp|P51491.1|OPSB_MOUSE,sp|P15409.2|OPSD_MOUSE,short_wave,short_wave,True,0.98265827,65.25725071201066
sp|P51491.1|OPSB_MOUSE,sp|P22328.1|OPSD_CHICK,short_wave,short_wave,True,0.9841851,66.3166984430974
sp|P51491.1|OPSB_MOUSE,sp|Q6W3E1.1|OPSD_CALPD,short_wave,short_wave,True,0.9823489,65.25725071201066
sp|P51491.1|OPSB_MOUSE,sp|P51471.1|OPSB_ANOCA,short_wave,short_wave,True,0.99238485,66.36740143320347
sp|P51491.1|OPSB_MOUSE,sp|P28681.1|OPSD_CRIGR,short_wave,short_wave,True,0.9827461,65.69077672357135
sp|P51491.1|OPSB_MOUSE,sp|P56515.1|OPSD_RHIMB,short_wave,short_wave,True,0.98598665,67.02693947591908
sp|P51491.1|OPSB_MOUSE,sp|O62793.1|OPSD_MESBI,short_wave,short_wave,True,0.98748326,65.12680925720478
sp|P51491.1|OPSB_MOUSE,sp|P79863.1|OPSD_LEUER,short_wave,short_wave,True,0.98676205,65.91357827610254
sp|P51491.1|OPSB_MOUSE,sp|P56514.1|OPSD_BUFBU,short_wave,short_wave,True,0.9861099,66.72663917561877
sp|P51491.1|OPSB_MOUSE,sp|O62798.1|OPSD_TURTR,short_wave,short_wave,True,0.9873809,65.25725071201066
sp|P51491.1|OPSB_MOUSE,sp|Q90214.1|OPSD1_ANGAN,short_wave,short_wave,True,0.98628104,65.95613182616405
sp|P51491.1|OPSB_MOUSE,sp|P22671.1|OPSD_LETCA,short_wave,short_wave,True,0.9862263,66.58500500413385
sp|P51491.1|OPSB_MOUSE,sp|P08100.1|OPSD_HUMAN,short_wave,short_wave,True,0.98382413,65.86427238404843
sp|P51491.1|OPSB_MOUSE,sp|O62792.1|OPSD_GLOME,short_wave,short_wave,True,0.9884636,65.11274204149042
sp|P51491.1|OPSB_MOUSE,sp|P02700.2|OPSD_SHEEP,short_wave,short_wave,True,0.98592925,65.11274204149042
sp|P51491.1|OPSB_MOUSE,sp|O18766.1|OPSD_PIG,short_wave,short_wave,True,0.98439765,65.89448171695528
sp|P51491.1|OPSB_MOUSE,sp|Q9YGZ0.1|OPSD_SARPI,short_wave,short_wave,True,0.9885814,65.61830006727966
sp|P51491.1|OPSB_MOUSE,sp|P29403.1|OPSD_XENLA,short_wave,short_wave,True,0.98905754,67.17708962606922
sp|P51491.1|OPSB_MOUSE,sp|P79807.1|OPSD_MYRVI,short_wave,short_wave,True,0.989351,65.95889029466235
sp|P51491.1|OPSB_MOUSE,sp|P79898.1|OPSD_SARDI,short_wave,short_wave,True,0.98814034,65.34019355840393
sp|P51491.1|OPSB_MOUSE,sp|P32308.1|OPSD_CANLF,short_wave,short_wave,True,0.9829201,65.69077672357135
sp|P51491.1|OPSB_MOUSE,sp|O42604.1|OPSD_ZEUFA,short_wave,short_wave,True,0.9890322,66.86998493829988
sp|P51491.1|OPSB_MOUSE,sp|P79914.1|OPSD_SARXA,short_wave,short_wave,True,0.9884342,66.5138872387289
sp|P51491.1|OPSB_MOUSE,sp|P79911.1|OPSD_SARTI,short_wave,short_wave,True,0.99038124,65.95889029466235
sp|P51491.1|OPSB_MOUSE,sp|O62796.1|OPSD_TRIMA,short_wave,short_wave,True,0.98165584,65.54626805305112
sp|P51491.1|OPSB_MOUSE,sp|P51474.1|OPSG3_PSAFA,short_wave,short_wave,True,0.9861553,66.69522314420274
sp|P51491.1|OPSB_MOUSE,sp|P79901.1|OPSD_SARMI,short_wave,short_wave,True,0.986612,64.89640657615541
sp|P51491.1|OPSB_MOUSE,sp|P79798.1|OPSD_MYRBE,short_wave,short_wave,True,0.9911777,65.95889029466235
sp|P51491.1|OPSB_MOUSE,sp|P79902.1|OPSD_SARPU,short_wave,short_wave,True,0.9895703,65.48812255248677
sp|P51491.1|OPSB_MOUSE,sp|P79808.1|OPSD_NEOAR,short_wave,short_wave,True,0.98990184,66.20040761490445
sp|P51491.1|OPSB_MOUSE,sp|P79809.1|OPSD_NEOAU,short_wave,short_wave,True,0.99151814,66.43058840786989
sp|P51491.1|OPSB_MOUSE,sp|P79903.1|OPSD_SARSP,short_wave,short_wave,True,0.99021053,65.64442488585732
sp|P51491.1|OPSB_MOUSE,sp|P51488.1|OPSD_CYPCA,short_wave,short_wave,True,0.98537683,66.52362551106665
sp|P51491.1|OPSB_MOUSE,sp|P79812.1|OPSD_NEOSA,short_wave,short_wave,True,0.9888677,66.35714742681668
sp|P51491.1|OPSB_MOUSE,sp|Q9YGY9.1|OPSD_ZOSOP,short_wave,short_wave,True,0.9884175,65.39728164907815
sp|P51491.1|OPSB_MOUSE,sp|Q9YGZ2.1|OPSD_GOBNI,short_wave,short_wave,True,0.9879495,65.53812671950068
sp|P51491.1|OPSB_MOUSE,sp|P41590.1|OPSD_PSAFA,short_wave,short_wave,True,0.9864328,64.87791545189505
sp|P51491.1|OPSB_MOUSE,sp|P51475.1|OPSP_CHICK,short_wave,short_wave,True,0.975099,66.26575533104912
sp|P51491.1|OPSB_MOUSE,sp|P32309.1|OPSD_CARAU,short_wave,short_wave,True,0.9856135,66.07983852881813
sp|P51491.1|OPSB_MOUSE,sp|Q9R024.1|OPSG_CAVPO,short_wave,short_wave,True,0.9898877,64.70950227824235
sp|P51491.1|OPSB_MOUSE,sp|P87369.1|OPSD_ORYLA,short_wave,short_wave,True,0.98523366,66.07983852881813
sp|P51491.1|OPSB_MOUSE,sp|P34989.1|OPSL_CALJA,short_wave,short_wave,True,0.99233466,64.43148688046648
sp|P51491.1|OPSB_MOUSE,sp|Q9YH05.1|OPSD_DIPAN,short_wave,short_wave,True,0.98674846,64.63615327424462
sp|P51491.1|OPSB_MOUSE,sp|Q9YGZ8.1|OPSD_CHELB,short_wave,short_wave,True,0.9866258,64.92268622553402
sp|P51491.1|OPSB_MOUSE,sp|Q9YGZ5.1|OPSD_SOLSO,short_wave,short_wave,True,0.9872305,65.70230195496254
sp|P51491.1|OPSB_MOUSE,sp|O35476.2|OPSG_RAT,short_wave,short_wave,True,0.9913283,65.5184434022056
sp|P51491.1|OPSB_MOUSE,sp|Q9DGG4.1|OPSD_TETNG,short_wave,short_wave,True,0.9878792,64.91302781144562
sp|P51491.1|OPSB_MOUSE,sp|Q9YGZ3.1|OPSD_SALPV,short_wave,short_wave,True,0.9868107,64.99171097010233
sp|P51491.1|OPSB_MOUSE,sp|P35359.2|OPSD_DANRE,short_wave,short_wave,True,0.9868382,65.66152572379838
sp|P51491.1|OPSB_MOUSE,sp|P79848.1|OPSD_POERE,short_wave,short_wave,True,0.9883961,66.07983852881813
sp|P51491.1|OPSB_MOUSE,sp|O35599.1|OPSG_MOUSE,short_wave,short_wave,True,0.9912673,65.5184434022056
sp|P51491.1|OPSB_MOUSE,sp|O35478.2|OPSG_SCICA,short_wave,short_wave,True,0.9892612,64.55980167943996
sp|P51491.1|OPSB_MOUSE,sp|Q9YGZ6.1|OPSD_CHEAU,short_wave,short_wave,True,0.98594135,65.05347724964786
sp|P51491.1|OPSB_MOUSE,sp|Q98980.1|OPSD_PETMA,short_wave,short_wave,True,0.98931634,66.58500500413385
sp|P51491.1|OPSB_MOUSE,sp|P04000.2|OPSR_HUMAN,short_wave,long_wave,False,0.99025875,93.00291545189505
sp|P51491.1|OPSB_MOUSE,sp|P04001.1|OPSG_HUMAN,short_wave,long_wave,False,0.99085057,91.21720116618076
sp|P51491.1|OPSB_MOUSE,sp|O18913.2|OPSR_FELCA,short_wave,long_wave,False,0.98728216,88.46994841892801
sp|P51491.1|OPSB_MOUSE,sp|O18912.2|OPSR_HORSE,short_wave,long_wave,False,0.9883728,87.78313523211483
sp|P51491.1|OPSB_MOUSE,sp|Q9BGI7.1|OPSR_BOVIN,short_wave,long_wave,False,0.98995906,87.92049786947746
sp|P51491.1|OPSB_MOUSE,sp|Q95170.1|OPSR_CAPHI,short_wave,long_wave,False,0.9901633,87.78313523211483
sp|P51491.1|OPSB_MOUSE,sp|O18914.2|OPSR_CANLF,short_wave,long_wave,False,0.9897024,87.6457725947522
sp|P51491.1|OPSB_MOUSE,sp|O18910.2|OPSG_RABIT,short_wave,long_wave,False,0.99082243,86.82159677057638
sp|P51491.1|OPSB_MOUSE,sp|P41592.1|OPSR_ANOCA,short_wave,long_wave,False,0.98594385,84.24585330500238
sp|P51491.1|OPSB_MOUSE,sp|P22329.1|OPSR_CHICK,short_wave,long_wave,False,0.9893,86.58500500413385
sp|P51491.1|OPSB_MOUSE,sp|P87367.1|OPSR_ORYLA,short_wave,long_wave,False,0.9856672,83.39288759674184
sp|P51491.1|OPSB_MOUSE,sp|P32313.1|OPSR_CARAU,short_wave,long_wave,False,0.9833491,82.55723300064156
sp|P51491.1|OPSB_MOUSE,sp|O12948.1|OPSR_XENLA,short_wave,long_wave,False,0.9875576,82.409695112912
sp|P51491.1|OPSB_MOUSE,sp|Q9W6A7.1|OPSR1_DANRE,short_wave,long_wave,False,0.9792763,82.13940570259143
sp|P51491.1|OPSB_MOUSE,sp|P22332.2|OPSR_PSAFA,short_wave,long_wave,False,0.9829117,81.44302687250786
sp|P51491.1|OPSB_MOUSE,sp|Q8AYN0.1|OPSR2_DANRE,short_wave,long_wave,False,0.98114526,82.70879780483622
sp|P51491.1|OPSB_MOUSE,sp|P35358.1|OPSG_GEKGE,short_wave,long_wave,False,0.9851469,81.13850867223402
sp|P51491.1|OPSB_MOUSE,sp|P22331.1|OPSG2_PSAFA,short_wave,long_wave,False,0.98406494,81.23820956954211
sp|P51491.1|OPSB_MOUSE,sp|P22330.1|OPSG1_PSAFA,short_wave,long_wave,False,0.9845906,80.35585662836564
sp|P51491.1|OPSB_MOUSE,sp|O18911.1|OPSG_ODOVI,short_wave,long_wave,False,0.9713545,88.05786050684011
sp|P51491.1|OPSB_MOUSE,sp|Q90215.1|OPSD2_ANGAN,short_wave,long_wave,False,0.9839828,64.79778724676684
sp|P51491.1|OPSB_MOUSE,sp|P79756.1|OPSD_GAMAF,short_wave,long_wave,False,0.98740655,64.41054008532613
sp|P51491.1|OPSB_MOUSE,sp|O42490.1|OPSP_PETMA,short_wave,long_wave,False,0.96123546,63.11622989948712
sp|P51490.1|OPSB_BOVIN,sp|O57605.1|OPSUV_MELUD,short_wave,short_wave,True,0.9969366,84.4389184645559
sp|P51490.1|OPSB_BOVIN,sp|P28684.1|OPSV_CHICK,short_wave,short_wave,True,0.9908794,83.16818335018537
sp|P51490.1|OPSB_BOVIN,sp|P51473.1|OPSV_XENLA,short_wave,short_wave,True,0.99629986,81.77325581395348
sp|P51490.1|OPSB_BOVIN,sp|P87368.1|OPSV_ORYLA,short_wave,short_wave,True,0.9917272,75.00523779593547
sp|P51490.1|OPSB_BOVIN,sp|Q9W6A9.2|OP1S1_DANRE,short_wave,short_wave,True,0.98661196,74.74531019461814
sp|P51490.1|OPSB_BOVIN,sp|Q90309.1|OPSUV_CARAU,short_wave,short_wave,True,0.98906416,74.70493749563518
sp|P51490.1|OPSB_BOVIN,sp|P32310.1|OPSB_CARAU,short_wave,short_wave,True,0.99206406,67.58720930232559
sp|P51490.1|OPSB_BOVIN,sp|P87365.1|OPSB_ORYLA,short_wave,short_wave,True,0.9947208,67.87444629014396
sp|P51490.1|OPSB_BOVIN,sp|Q8AYM7.1|OPSG3_DANRE,short_wave,short_wave,True,0.99257785,67.63864042933811
sp|P51490.1|OPSB_BOVIN,sp|Q9W6A6.2|OPSG4_DANRE,short_wave,short_wave,True,0.9890212,67.02325581395348
sp|P51490.1|OPSB_BOVIN,sp|Q8HY69.2|OPSD_SMICR,short_wave,short_wave,True,0.98234224,66.62207587295055
sp|P51490.1|OPSB_BOVIN,sp|P28682.1|OPSB_CHICK,short_wave,short_wave,True,0.9844547,67.66508962484174
sp|P51490.1|OPSB_BOVIN,sp|P56516.1|OPSD_RANTE,short_wave,short_wave,True,0.98611236,66.59682938752707
sp|P51490.1|OPSB_BOVIN,sp|P51476.1|OPSP_COLLI,short_wave,short_wave,True,0.96514344,67.94182258919778
sp|P51490.1|OPSB_BOVIN,sp|P51472.1|OPSB_PSAFA,short_wave,short_wave,True,0.9944021,68.09924365589879
sp|P51490.1|OPSB_BOVIN,sp|Q8AYM8.1|OPSG2_DANRE,short_wave,short_wave,True,0.99427986,67.17710196779964
sp|P51490.1|OPSB_BOVIN,sp|Q9W6A8.1|OP1S2_DANRE,short_wave,short_wave,True,0.9937677,67.40975888143815
sp|P51490.1|OPSB_BOVIN,sp|P35357.1|OPSB_GEKGE,short_wave,short_wave,True,0.9915356,68.47235761036067
sp|P51490.1|OPSB_BOVIN,sp|P51470.1|OPSD_AQUCT,short_wave,short_wave,True,0.9877384,66.59682938752707
sp|P51490.1|OPSB_BOVIN,sp|Q9W6A5.2|OPSG1_DANRE,short_wave,short_wave,True,0.99534035,66.86940966010734
sp|P51490.1|OPSB_BOVIN,sp|P41591.1|OPSD_ANOCA,short_wave,short_wave,True,0.9890665,67.56871035940804
sp|P51490.1|OPSB_BOVIN,sp|P31355.1|OPSD_LITPI,short_wave,short_wave,True,0.9869048,66.29652908722676
sp|P51490.1|OPSB_BOVIN,sp|Q90245.1|OPSD_AMBTI,short_wave,short_wave,True,0.9876182,66.65437973326185
sp|P51490.1|OPSB_BOVIN,sp|O93441.1|OPSD_GALML,short_wave,short_wave,True,0.991183,66.68397009966777
sp|P51490.1|OPSB_BOVIN,sp|O93459.1|OPSD_SCYCA,short_wave,short_wave,True,0.98759764,66.73015236567763
sp|P51490.1|OPSB_BOVIN,sp|P28683.1|OPSG_CHICK,short_wave,short_wave,True,0.99113405,66.85503151488807
sp|P51490.1|OPSB_BOVIN,sp|P51489.1|OPSD_RAT,short_wave,short_wave,True,0.9845661,65.85562575615002
sp|P51490.1|OPSB_BOVIN,sp|O13227.1|OPSB_CONCO,short_wave,short_wave,True,0.9858383,66.73926789854563
sp|P51490.1|OPSB_BOVIN,sp|P32311.1|OPSG1_CARAU,short_wave,short_wave,True,0.990954,67.02325581395348
sp|P51490.1|OPSB_BOVIN,sp|P49912.1|OPSD_RABIT,short_wave,short_wave,True,0.98299617,65.862761986793
sp|P51490.1|OPSB_BOVIN,sp|Q28886.1|OPSD_MACFA,short_wave,short_wave,True,0.98494816,65.85562575615002
sp|P51490.1|OPSB_BOVIN,sp|O62795.1|OPSD_PAGGO,short_wave,short_wave,True,0.98682135,65.85562575615002
sp|P51490.1|OPSB_BOVIN,sp|P52202.1|OPSD_ALLMI,short_wave,short_wave,True,0.988526,66.1463789370766
sp|P51490.1|OPSB_BOVIN,sp|O62794.1|OPSD_PHOVI,short_wave,short_wave,True,0.9869654,65.85562575615002
sp|P51490.1|OPSB_BOVIN,sp|Q769E8.1|OPSD_OTOCR,short_wave,short_wave,True,0.9836441,65.56660841510956
sp|P51490.1|OPSB_BOVIN,sp|P02699.1|OPSD_BOVIN,short_wave,short_wave,True,0.9844949,65.56660841510956
sp|P51490.1|OPSB_BOVIN,sp|Q68J47.1|OPSD_LOXAF,short_wave,short_wave,True,0.986811,65.42209974458933
sp|P51490.1|OPSB_BOVIN,sp|Q95KU1.1|OPSD_FELCA,short_wave,short_wave,True,0.98532945,65.56660841510956
sp|P51490.1|OPSB_BOVIN,sp|O62791.1|OPSD_DELDE,short_wave,short_wave,True,0.9887991,65.42209974458933
sp|P51490.1|OPSB_BOVIN,sp|P32312.1|OPSG2_CARAU,short_wave,short_wave,True,0.98943865,66.86940966010734
sp|P51490.1|OPSB_BOVIN,sp|P15409.2|OPSD_MOUSE,short_wave,short_wave,True,0.9839647,65.2775910740691
sp|P51490.1|OPSB_BOVIN,sp|P22328.1|OPSD_CHICK,short_wave,short_wave,True,0.98751986,66.33703880515583
sp|P51490.1|OPSB_BOVIN,sp|Q6W3E1.1|OPSD_CALPD,short_wave,short_wave,True,0.9845886,65.2775910740691
sp|P51490.1|OPSB_BOVIN,sp|P51471.1|OPSB_ANOCA,short_wave,short_wave,True,0.9934267,66.3877417952619
sp|P51490.1|OPSB_BOVIN,sp|P28681.1|OPSD_CRIGR,short_wave,short_wave,True,0.9845437,65.7111170856298
sp|P51490.1|OPSB_BOVIN,sp|P56515.1|OPSD_RHIMB,short_wave,short_wave,True,0.9882416,67.04727983797751
sp|P51490.1|OPSB_BOVIN,sp|O62793.1|OPSD_MESBI,short_wave,short_wave,True,0.98904246,65.14714961926322
sp|P51490.1|OPSB_BOVIN,sp|P79863.1|OPSD_LEUER,short_wave,short_wave,True,0.9891505,65.93391863816097
sp|P51490.1|OPSB_BOVIN,sp|P56514.1|OPSD_BUFBU,short_wave,short_wave,True,0.98879313,66.74697953767722
sp|P51490.1|OPSB_BOVIN,sp|O62798.1|OPSD_TURTR,short_wave,short_wave,True,0.98883766,65.2775910740691
sp|P51490.1|OPSB_BOVIN,sp|Q90214.1|OPSD1_ANGAN,short_wave,short_wave,True,0.9889531,65.97647218822249
sp|P51490.1|OPSB_BOVIN,sp|P22671.1|OPSD_LETCA,short_wave,short_wave,True,0.98785543,66.6053453661923
sp|P51490.1|OPSB_BOVIN,sp|P08100.1|OPSD_HUMAN,short_wave,short_wave,True,0.98558694,65.88461274610688
sp|P51490.1|OPSB_BOVIN,sp|O62792.1|OPSD_GLOME,short_wave,short_wave,True,0.9901991,65.13308240354887
sp|P51490.1|OPSB_BOVIN,sp|P02700.2|OPSD_SHEEP,short_wave,short_wave,True,0.9873764,65.13308240354887
sp|P51490.1|OPSB_BOVIN,sp|O18766.1|OPSD_PIG,short_wave,short_wave,True,0.98603904,65.91482207901373
sp|P51490.1|OPSB_BOVIN,sp|Q9YGZ0.1|OPSD_SARPI,short_wave,short_wave,True,0.9898763,65.6386404293381
sp|P51490.1|OPSB_BOVIN,sp|P29403.1|OPSD_XENLA,short_wave,short_wave,True,0.99118984,67.19742998812767
sp|P51490.1|OPSB_BOVIN,sp|P79807.1|OPSD_MYRVI,short_wave,short_wave,True,0.990559,65.97923065672079
sp|P51490.1|OPSB_BOVIN,sp|P79898.1|OPSD_SARDI,short_wave,short_wave,True,0.98987883,65.36053392046236
sp|P51490.1|OPSB_BOVIN,sp|P32308.1|OPSD_CANLF,short_wave,short_wave,True,0.98497266,65.7111170856298
sp|P51490.1|OPSB_BOVIN,sp|O42604.1|OPSD_ZEUFA,short_wave,short_wave,True,0.9908687,66.89032530035833
sp|P51490.1|OPSB_BOVIN,sp|P79914.1|OPSD_SARXA,short_wave,short_wave,True,0.99013627,66.53422760078735
sp|P51490.1|OPSB_BOVIN,sp|P79911.1|OPSD_SARTI,short_wave,short_wave,True,0.9918798,65.97923065672079
sp|P51490.1|OPSB_BOVIN,sp|O62796.1|OPSD_TRIMA,short_wave,short_wave,True,0.9840451,65.56660841510956
sp|P51490.1|OPSB_BOVIN,sp|P51474.1|OPSG3_PSAFA,short_wave,short_wave,True,0.9873252,66.71556350626119
sp|P51490.1|OPSB_BOVIN,sp|P79901.1|OPSD_SARMI,short_wave,short_wave,True,0.988261,64.91674693821385
sp|P51490.1|OPSB_BOVIN,sp|P79798.1|OPSD_MYRBE,short_wave,short_wave,True,0.99244803,65.97923065672079
sp|P51490.1|OPSB_BOVIN,sp|P79902.1|OPSD_SARPU,short_wave,short_wave,True,0.9910132,65.5084629145452
sp|P51490.1|OPSB_BOVIN,sp|P79808.1|OPSD_NEOAR,short_wave,short_wave,True,0.9914143,66.2207479769629
sp|P51490.1|OPSB_BOVIN,sp|P79809.1|OPSD_NEOAU,short_wave,short_wave,True,0.9926699,66.45092876992834
sp|P51490.1|OPSB_BOVIN,sp|P79903.1|OPSD_SARSP,short_wave,short_wave,True,0.991725,65.66476524791575
sp|P51490.1|OPSB_BOVIN,sp|P51488.1|OPSD_CYPCA,short_wave,short_wave,True,0.9880921,66.54396587312509
sp|P51490.1|OPSB_BOVIN,sp|P79812.1|OPSD_NEOSA,short_wave,short_wave,True,0.990872,66.37748778887511
sp|P51490.1|OPSB_BOVIN,sp|Q9YGY9.1|OPSD_ZOSOP,short_wave,short_wave,True,0.99021167,65.41762201113659
sp|P51490.1|OPSB_BOVIN,sp|Q9YGZ2.1|OPSD_GOBNI,short_wave,short_wave,True,0.9896254,65.55846708155913
sp|P51490.1|OPSB_BOVIN,sp|P41590.1|OPSD_PSAFA,short_wave,short_wave,True,0.9887075,64.89825581395348
sp|P51490.1|OPSB_BOVIN,sp|P51475.1|OPSP_CHICK,short_wave,short_wave,True,0.97124994,66.28609569310757
sp|P51490.1|OPSB_BOVIN,sp|P32309.1|OPSD_CARAU,short_wave,short_wave,True,0.9882463,66.10017889087656
sp|P51490.1|OPSB_BOVIN,sp|Q9R024.1|OPSG_CAVPO,short_wave,short_wave,True,0.9899223,64.7298426403008
sp|P51490.1|OPSB_BOVIN,sp|P87369.1|OPSD_ORYLA,short_wave,short_wave,True,0.9871751,66.10017889087656
sp|P51490.1|OPSB_BOVIN,sp|P34989.1|OPSL_CALJA,short_wave,short_wave,True,0.99220526,64.45182724252491
sp|P51490.1|OPSB_BOVIN,sp|Q9YH05.1|OPSD_DIPAN,short_wave,short_wave,True,0.9884229,64.65649363630305
sp|P51490.1|OPSB_BOVIN,sp|Q9YGZ8.1|OPSD_CHELB,short_wave,short_wave,True,0.98805153,64.94302658759246
sp|P51490.1|OPSB_BOVIN,sp|Q9YGZ5.1|OPSD_SOLSO,short_wave,short_wave,True,0.989095,65.72264231702097
sp|P51490.1|OPSB_BOVIN,sp|O35476.2|OPSG_RAT,short_wave,short_wave,True,0.99217165,65.53878376426405
sp|P51490.1|OPSB_BOVIN,sp|Q9DGG4.1|OPSD_TETNG,short_wave,short_wave,True,0.98923004,64.93336817350405
sp|P51490.1|OPSB_BOVIN,sp|Q9YGZ3.1|OPSD_SALPV,short_wave,short_wave,True,0.9883527,65.01205133216078
sp|P51490.1|OPSB_BOVIN,sp|P35359.2|OPSD_DANRE,short_wave,short_wave,True,0.98866636,65.68186608585681
sp|P51490.1|OPSB_BOVIN,sp|P79848.1|OPSD_POERE,short_wave,short_wave,True,0.99026155,66.10017889087656
sp|P51490.1|OPSB_BOVIN,sp|O35599.1|OPSG_MOUSE,short_wave,short_wave,True,0.99220574,65.53878376426405
sp|P51490.1|OPSB_BOVIN,sp|O35478.2|OPSG_SCICA,short_wave,short_wave,True,0.98985493,64.5801420414984
sp|P51490.1|OPSB_BOVIN,sp|Q9YGZ6.1|OPSD_CHEAU,short_wave,short_wave,True,0.9875009,65.0738176117063
sp|P51490.1|OPSB_BOVIN,sp|Q98980.1|OPSD_PETMA,short_wave,short_wave,True,0.9911838,66.6053453661923
sp|P51490.1|OPSB_BOVIN,sp|P04000.2|OPSR_HUMAN,short_wave,long_wave,False,0.99075073,93.02325581395348
sp|P51490.1|OPSB_BOVIN,sp|P04001.1|OPSG_HUMAN,short_wave,long_wave,False,0.9908587,91.2375415282392
sp|P51490.1|OPSB_BOVIN,sp|O18913.2|OPSR_FELCA,short_wave,long_wave,False,0.9871602,88.49028878098645
sp|P51490.1|OPSB_BOVIN,sp|O18912.2|OPSR_HORSE,short_wave,long_wave,False,0.9884995,87.80347559417328
sp|P51490.1|OPSB_BOVIN,sp|Q9BGI7.1|OPSR_BOVIN,short_wave,long_wave,False,0.9900816,87.9408382315359
sp|P51490.1|OPSB_BOVIN,sp|Q95170.1|OPSR_CAPHI,short_wave,long_wave,False,0.99026555,87.80347559417328
sp|P51490.1|OPSB_BOVIN,sp|O18914.2|OPSR_CANLF,short_wave,long_wave,False,0.9890671,87.66611295681064
sp|P51490.1|OPSB_BOVIN,sp|O18910.2|OPSG_RABIT,short_wave,long_wave,False,0.99082714,86.84193713263481
sp|P51490.1|OPSB_BOVIN,sp|P41592.1|OPSR_ANOCA,short_wave,long_wave,False,0.9874546,84.26619366706083
sp|P51490.1|OPSB_BOVIN,sp|P22329.1|OPSR_CHICK,short_wave,long_wave,False,0.9903937,86.6053453661923
sp|P51490.1|OPSB_BOVIN,sp|P87367.1|OPSR_ORYLA,short_wave,long_wave,False,0.987125,83.41322795880029
sp|P51490.1|OPSB_BOVIN,sp|P32313.1|OPSR_CARAU,short_wave,long_wave,False,0.9856411,82.57757336270001
sp|P51490.1|OPSB_BOVIN,sp|O12948.1|OPSR_XENLA,short_wave,long_wave,False,0.98818386,82.43003547497044
sp|P51490.1|OPSB_BOVIN,sp|Q9W6A7.1|OPSR1_DANRE,short_wave,long_wave,False,0.9823519,82.15974606464987
sp|P51490.1|OPSB_BOVIN,sp|P22332.2|OPSR_PSAFA,short_wave,long_wave,False,0.9848823,81.4633672345663
sp|P51490.1|OPSB_BOVIN,sp|Q8AYN0.1|OPSR2_DANRE,short_wave,long_wave,False,0.9827541,82.72913816689467
sp|P51490.1|OPSB_BOVIN,sp|P35358.1|OPSG_GEKGE,short_wave,long_wave,False,0.9866524,81.15884903429247
sp|P51490.1|OPSB_BOVIN,sp|P22331.1|OPSG2_PSAFA,short_wave,long_wave,False,0.98635364,81.25854993160056
sp|P51490.1|OPSB_BOVIN,sp|P22330.1|OPSG1_PSAFA,short_wave,long_wave,False,0.9865413,80.37619699042408
sp|P51490.1|OPSB_BOVIN,sp|O18911.1|OPSG_ODOVI,short_wave,long_wave,False,0.9681264,88.07820086889855
sp|P51490.1|OPSB_BOVIN,sp|Q90215.1|OPSD2_ANGAN,short_wave,long_wave,False,0.98677087,64.81812760882528
sp|P51490.1|OPSB_BOVIN,sp|P79756.1|OPSD_GAMAF,short_wave,long_wave,False,0.9894906,64.43088044738457
sp|P51490.1|OPSB_BOVIN,sp|O42490.1|OPSP_PETMA,short_wave,long_wave,False,0.96118385,63.13657026154556
sp|O57605.1|OPSUV_MELUD,sp|P28684.1|OPSV_CHICK,short_wave,short_wave,True,0.9931286,81.56059018683429
sp|O57605.1|OPSUV_MELUD,sp|P51473.1|OPSV_XENLA,short_wave,short_wave,True,0.99708116,80.1656626506024
sp|O57605.1|OPSUV_MELUD,sp|P87368.1|OPSV_ORYLA,short_wave,short_wave,True,0.99115396,73.39764463258439
sp|O57605.1|OPSUV_MELUD,sp|Q9W6A9.2|OP1S1_DANRE,short_wave,short_wave,True,0.99076825,73.13771703126706
sp|O57605.1|OPSUV_MELUD,sp|Q90309.1|OPSUV_CARAU,short_wave,short_wave,True,0.99141186,73.0973443322841
sp|O57605.1|OPSUV_MELUD,sp|P32310.1|OPSB_CARAU,short_wave,short_wave,True,0.9916619,65.9796161389745
sp|O57605.1|OPSUV_MELUD,sp|P87365.1|OPSB_ORYLA,short_wave,short_wave,True,0.9935591,66.26685312679288
sp|O57605.1|OPSUV_MELUD,sp|Q8AYM7.1|OPSG3_DANRE,short_wave,short_wave,True,0.99544936,66.03104726598703
sp|O57605.1|OPSUV_MELUD,sp|Q9W6A6.2|OPSG4_DANRE,short_wave,short_wave,True,0.99204946,65.4156626506024
sp|O57605.1|OPSUV_MELUD,sp|Q8HY69.2|OPSD_SMICR,short_wave,short_wave,True,0.9886727,65.01448270959946
sp|O57605.1|OPSUV_MELUD,sp|P28682.1|OPSB_CHICK,short_wave,short_wave,True,0.98271984,66.05749646149066
sp|O57605.1|OPSUV_MELUD,sp|P56516.1|OPSD_RANTE,short_wave,short_wave,True,0.9910426,64.98923622417598
sp|O57605.1|OPSUV_MELUD,sp|P51476.1|OPSP_COLLI,short_wave,short_wave,True,0.9633802,66.3342294258467
sp|O57605.1|OPSUV_MELUD,sp|P51472.1|OPSB_PSAFA,short_wave,short_wave,True,0.99176216,66.4916504925477
sp|O57605.1|OPSUV_MELUD,sp|Q8AYM8.1|OPSG2_DANRE,short_wave,short_wave,True,0.99535495,65.56950880444856
sp|O57605.1|OPSUV_MELUD,sp|Q9W6A8.1|OP1S2_DANRE,short_wave,short_wave,True,0.99355865,65.80216571808707
sp|O57605.1|OPSUV_MELUD,sp|P35357.1|OPSB_GEKGE,short_wave,short_wave,True,0.9951435,66.86476444700959
sp|O57605.1|OPSUV_MELUD,sp|P51470.1|OPSD_AQUCT,short_wave,short_wave,True,0.9929719,64.98923622417598
sp|O57605.1|OPSUV_MELUD,sp|Q9W6A5.2|OPSG1_DANRE,short_wave,short_wave,True,0.99613506,65.26181649675625
sp|O57605.1|OPSUV_MELUD,sp|P41591.1|OPSD_ANOCA,short_wave,short_wave,True,0.99303,65.96111719605696
sp|O57605.1|OPSUV_MELUD,sp|P31355.1|OPSD_LITPI,short_wave,short_wave,True,0.99243736,64.68893592387568
sp|O57605.1|OPSUV_MELUD,sp|Q90245.1|OPSD_AMBTI,short_wave,short_wave,True,0.9932439,65.04678656991076
sp|O57605.1|OPSUV_MELUD,sp|O93441.1|OPSD_GALML,short_wave,short_wave,True,0.99476767,65.07637693631669
sp|O57605.1|OPSUV_MELUD,sp|O93459.1|OPSD_SCYCA,short_wave,short_wave,True,0.99225914,65.12255920232654
sp|O57605.1|OPSUV_MELUD,sp|P28683.1|OPSG_CHICK,short_wave,short_wave,True,0.99515086,65.24743835153699
sp|O57605.1|OPSUV_MELUD,sp|P51489.1|OPSD_RAT,short_wave,short_wave,True,0.99019384,64.24803259279894
sp|O57605.1|OPSUV_MELUD,sp|O13227.1|OPSB_CONCO,short_wave,short_wave,True,0.9907219,65.13167473519455
sp|O57605.1|OPSUV_MELUD,sp|P32311.1|OPSG1_CARAU,short_wave,short_wave,True,0.9946066,65.4156626506024
sp|O57605.1|OPSUV_MELUD,sp|P49912.1|OPSD_RABIT,short_wave,short_wave,True,0.98949873,64.25516882344192
sp|O57605.1|OPSUV_MELUD,sp|Q28886.1|OPSD_MACFA,short_wave,short_wave,True,0.9907993,64.24803259279894
sp|O57605.1|OPSUV_MELUD,sp|O62795.1|OPSD_PAGGO,short_wave,short_wave,True,0.9921306,64.24803259279894
sp|O57605.1|OPSUV_MELUD,sp|P52202.1|OPSD_ALLMI,short_wave,short_wave,True,0.99321985,64.53878577372552
sp|O57605.1|OPSUV_MELUD,sp|O62794.1|OPSD_PHOVI,short_wave,short_wave,True,0.992215,64.24803259279894
sp|O57605.1|OPSUV_MELUD,sp|Q769E8.1|OPSD_OTOCR,short_wave,short_wave,True,0.9896113,63.95901525175847
sp|O57605.1|OPSUV_MELUD,sp|P02699.1|OPSD_BOVIN,short_wave,short_wave,True,0.99025494,63.95901525175847
sp|O57605.1|OPSUV_MELUD,sp|Q68J47.1|OPSD_LOXAF,short_wave,short_wave,True,0.9914983,63.81450658123825
sp|O57605.1|OPSUV_MELUD,sp|Q95KU1.1|OPSD_FELCA,short_wave,short_wave,True,0.99079865,63.95901525175847
sp|O57605.1|OPSUV_MELUD,sp|O62791.1|OPSD_DELDE,short_wave,short_wave,True,0.99279916,63.81450658123825
sp|O57605.1|OPSUV_MELUD,sp|P32312.1|OPSG2_CARAU,short_wave,short_wave,True,0.99189824,65.26181649675625
sp|O57605.1|OPSUV_MELUD,sp|P15409.2|OPSD_MOUSE,short_wave,short_wave,True,0.9894881,63.66999791071801
sp|O57605.1|OPSUV_MELUD,sp|P22328.1|OPSD_CHICK,short_wave,short_wave,True,0.9928073,64.72944564180474
sp|O57605.1|OPSUV_MELUD,sp|Q6W3E1.1|OPSD_CALPD,short_wave,short_wave,True,0.9900487,63.66999791071801
sp|O57605.1|OPSUV_MELUD,sp|P51471.1|OPSB_ANOCA,short_wave,short_wave,True,0.9950713,64.78014863191082
sp|O57605.1|OPSUV_MELUD,sp|P28681.1|OPSD_CRIGR,short_wave,short_wave,True,0.9900962,64.10352392227871
sp|O57605.1|OPSUV_MELUD,sp|P56515.1|OPSD_RHIMB,short_wave,short_wave,True,0.99385303,65.43968667462643
sp|O57605.1|OPSUV_MELUD,sp|O62793.1|OPSD_MESBI,short_wave,short_wave,True,0.993243,63.53955645591214
sp|O57605.1|OPSUV_MELUD,sp|P79863.1|OPSD_LEUER,short_wave,short_wave,True,0.9936214,64.32632547480989
sp|O57605.1|OPSUV_MELUD,sp|P56514.1|OPSD_BUFBU,short_wave,short_wave,True,0.9937417,65.13938637432614
sp|O57605.1|OPSUV_MELUD,sp|O62798.1|OPSD_TURTR,short_wave,short_wave,True,0.99283934,63.66999791071801
sp|O57605.1|OPSUV_MELUD,sp|Q90214.1|OPSD1_ANGAN,short_wave,short_wave,True,0.9921817,64.3688790248714
sp|O57605.1|OPSUV_MELUD,sp|P22671.1|OPSD_LETCA,short_wave,short_wave,True,0.99354315,64.99775220284121
sp|O57605.1|OPSUV_MELUD,sp|P08100.1|OPSD_HUMAN,short_wave,short_wave,True,0.9911227,64.2770195827558
sp|O57605.1|OPSUV_MELUD,sp|O62792.1|OPSD_GLOME,short_wave,short_wave,True,0.99383265,63.525489240197786
sp|O57605.1|OPSUV_MELUD,sp|P02700.2|OPSD_SHEEP,short_wave,short_wave,True,0.9916763,63.525489240197786
sp|O57605.1|OPSUV_MELUD,sp|O18766.1|OPSD_PIG,short_wave,short_wave,True,0.9909033,64.30722891566265
sp|O57605.1|OPSUV_MELUD,sp|Q9YGZ0.1|OPSD_SARPI,short_wave,short_wave,True,0.9938697,64.03104726598701
sp|O57605.1|OPSUV_MELUD,sp|P29403.1|OPSD_XENLA,short_wave,short_wave,True,0.9953135,65.58983682477658
sp|O57605.1|OPSUV_MELUD,sp|P79807.1|OPSD_MYRVI,short_wave,short_wave,True,0.99477094,64.3716374933697
sp|O57605.1|OPSUV_MELUD,sp|P79898.1|OPSD_SARDI,short_wave,short_wave,True,0.9942737,63.75294075711128
sp|O57605.1|OPSUV_MELUD,sp|P32308.1|OPSD_CANLF,short_wave,short_wave,True,0.9911634,64.10352392227871
sp|O57605.1|OPSUV_MELUD,sp|O42604.1|OPSD_ZEUFA,short_wave,short_wave,True,0.9954645,65.28273213700724
sp|O57605.1|OPSUV_MELUD,sp|P79914.1|OPSD_SARXA,short_wave,short_wave,True,0.99455446,64.92663443743626
sp|O57605.1|OPSUV_MELUD,sp|P79911.1|OPSD_SARTI,short_wave,short_wave,True,0.99553263,64.3716374933697
sp|O57605.1|OPSUV_MELUD,sp|O62796.1|OPSD_TRIMA,short_wave,short_wave,True,0.9898852,63.95901525175847
sp|O57605.1|OPSUV_MELUD,sp|P51474.1|OPSG3_PSAFA,short_wave,short_wave,True,0.99253386,65.10797034291011
sp|O57605.1|OPSUV_MELUD,sp|P79901.1|OPSD_SARMI,short_wave,short_wave,True,0.9934001,63.309153774862764
sp|O57605.1|OPSUV_MELUD,sp|P79798.1|OPSD_MYRBE,short_wave,short_wave,True,0.99510074,64.3716374933697
sp|O57605.1|OPSUV_MELUD,sp|P79902.1|OPSD_SARPU,short_wave,short_wave,True,0.99537706,63.90086975119412
sp|O57605.1|OPSUV_MELUD,sp|P79808.1|OPSD_NEOAR,short_wave,short_wave,True,0.99497426,64.61315481361181
sp|O57605.1|OPSUV_MELUD,sp|P79809.1|OPSD_NEOAU,short_wave,short_wave,True,0.99559224,64.84333560657726
sp|O57605.1|OPSUV_MELUD,sp|P79903.1|OPSD_SARSP,short_wave,short_wave,True,0.99550664,64.05717208456467
sp|O57605.1|OPSUV_MELUD,sp|P51488.1|OPSD_CYPCA,short_wave,short_wave,True,0.99415874,64.936372709774
sp|O57605.1|OPSUV_MELUD,sp|P79812.1|OPSD_NEOSA,short_wave,short_wave,True,0.99495053,64.76989462552403
sp|O57605.1|OPSUV_MELUD,sp|Q9YGY9.1|OPSD_ZOSOP,short_wave,short_wave,True,0.99454904,63.8100288477855
sp|O57605.1|OPSUV_MELUD,sp|Q9YGZ2.1|OPSD_GOBNI,short_wave,short_wave,True,0.9942185,63.950873918208046
sp|O57605.1|OPSUV_MELUD,sp|P41590.1|OPSD_PSAFA,short_wave,short_wave,True,0.9932473,63.29066265060241
sp|O57605.1|OPSUV_MELUD,sp|P51475.1|OPSP_CHICK,short_wave,short_wave,True,0.97025675,64.67850252975649
sp|O57605.1|OPSUV_MELUD,sp|P32309.1|OPSD_CARAU,short_wave,short_wave,True,0.9937565,64.49258572752548
sp|O57605.1|OPSUV_MELUD,sp|Q9R024.1|OPSG_CAVPO,short_wave,short_wave,True,0.99130917,63.12224947694971
sp|O57605.1|OPSUV_MELUD,sp|P87369.1|OPSD_ORYLA,short_wave,short_wave,True,0.9931092,64.49258572752548
sp|O57605.1|OPSUV_MELUD,sp|P34989.1|OPSL_CALJA,short_wave,short_wave,True,0.9938004,62.84423407917383
sp|O57605.1|OPSUV_MELUD,sp|Q9YH05.1|OPSD_DIPAN,short_wave,short_wave,True,0.9932814,63.04890047295198
sp|O57605.1|OPSUV_MELUD,sp|Q9YGZ8.1|OPSD_CHELB,short_wave,short_wave,True,0.992894,63.33543342424137
sp|O57605.1|OPSUV_MELUD,sp|Q9YGZ5.1|OPSD_SOLSO,short_wave,short_wave,True,0.9935123,64.11504915366989
sp|O57605.1|OPSUV_MELUD,sp|O35476.2|OPSG_RAT,short_wave,short_wave,True,0.9939301,63.93119060091297
sp|O57605.1|OPSUV_MELUD,sp|Q9DGG4.1|OPSD_TETNG,short_wave,short_wave,True,0.99424994,63.32577501015297
sp|O57605.1|OPSUV_MELUD,sp|Q9YGZ3.1|OPSD_SALPV,short_wave,short_wave,True,0.99308896,63.40445816880969
sp|O57605.1|OPSUV_MELUD,sp|P35359.2|OPSD_DANRE,short_wave,short_wave,True,0.9936552,64.07427292250573
sp|O57605.1|OPSUV_MELUD,sp|P79848.1|OPSD_POERE,short_wave,short_wave,True,0.99429584,64.49258572752548
sp|O57605.1|OPSUV_MELUD,sp|O35599.1|OPSG_MOUSE,short_wave,short_wave,True,0.9937449,63.93119060091297
sp|O57605.1|OPSUV_MELUD,sp|O35478.2|OPSG_SCICA,short_wave,short_wave,True,0.9923699,62.97254887814732
sp|O57605.1|OPSUV_MELUD,sp|Q9YGZ6.1|OPSD_CHEAU,short_wave,short_wave,True,0.99274075,63.46622444835522
sp|O57605.1|OPSUV_MELUD,sp|Q98980.1|OPSD_PETMA,short_wave,short_wave,True,0.9944371,64.99775220284121
sp|O57605.1|OPSUV_MELUD,sp|P04000.2|OPSR_HUMAN,short_wave,long_wave,False,0.9921398,91.4156626506024
sp|O57605.1|OPSUV_MELUD,sp|P04001.1|OPSG_HUMAN,short_wave,long_wave,False,0.9922032,89.62994836488812
sp|O57605.1|OPSUV_MELUD,sp|O18913.2|OPSR_FELCA,short_wave,long_wave,False,0.98902047,86.88269561763536
sp|O57605.1|OPSUV_MELUD,sp|O18912.2|OPSR_HORSE,short_wave,long_wave,False,0.9905931,86.1958824308222
sp|O57605.1|OPSUV_MELUD,sp|Q9BGI7.1|OPSR_BOVIN,short_wave,long_wave,False,0.99119973,86.33324506818482
sp|O57605.1|OPSUV_MELUD,sp|Q95170.1|OPSR_CAPHI,short_wave,long_wave,False,0.99115145,86.1958824308222
sp|O57605.1|OPSUV_MELUD,sp|O18914.2|OPSR_CANLF,short_wave,long_wave,False,0.98973274,86.05851979345955
sp|O57605.1|OPSUV_MELUD,sp|O18910.2|OPSG_RABIT,short_wave,long_wave,False,0.99189746,85.23434396928373
sp|O57605.1|OPSUV_MELUD,sp|P41592.1|OPSR_ANOCA,short_wave,long_wave,False,0.9904607,82.65860050370975
sp|O57605.1|OPSUV_MELUD,sp|P22329.1|OPSR_CHICK,short_wave,long_wave,False,0.99165726,84.99775220284121
sp|O57605.1|OPSUV_MELUD,sp|P87367.1|OPSR_ORYLA,short_wave,long_wave,False,0.9902841,81.80563479544921
sp|O57605.1|OPSUV_MELUD,sp|P32313.1|OPSR_CARAU,short_wave,long_wave,False,0.989948,80.96998019934892
sp|O57605.1|OPSUV_MELUD,sp|O12948.1|OPSR_XENLA,short_wave,long_wave,False,0.9920713,80.82244231161935
sp|O57605.1|OPSUV_MELUD,sp|Q9W6A7.1|OPSR1_DANRE,short_wave,long_wave,False,0.9872962,80.55215290129878
sp|O57605.1|OPSUV_MELUD,sp|P22332.2|OPSR_PSAFA,short_wave,long_wave,False,0.9897182,79.85577407121522
sp|O57605.1|OPSUV_MELUD,sp|Q8AYN0.1|OPSR2_DANRE,short_wave,long_wave,False,0.98785126,81.12154500354359
sp|O57605.1|OPSUV_MELUD,sp|P35358.1|OPSG_GEKGE,short_wave,long_wave,False,0.9893693,79.55125587094139
sp|O57605.1|OPSUV_MELUD,sp|P22331.1|OPSG2_PSAFA,short_wave,long_wave,False,0.99025124,79.65095676824947
sp|O57605.1|OPSUV_MELUD,sp|P22330.1|OPSG1_PSAFA,short_wave,long_wave,False,0.9900874,78.768603827073
sp|O57605.1|OPSUV_MELUD,sp|O18911.1|OPSG_ODOVI,short_wave,long_wave,False,0.97365975,86.47060770554747
sp|O57605.1|OPSUV_MELUD,sp|Q90215.1|OPSD2_ANGAN,short_wave,long_wave,False,0.9918884,63.2105344454742
sp|O57605.1|OPSUV_MELUD,sp|P79756.1|OPSD_GAMAF,short_wave,long_wave,False,0.9937855,62.82328728403349
sp|O57605.1|OPSUV_MELUD,sp|O42490.1|OPSP_PETMA,short_wave,long_wave,False,0.9575275,61.528977098194474
sp|P28684.1|OPSV_CHICK,sp|P51473.1|OPSV_XENLA,short_wave,short_wave,True,0.9879666,78.89492753623188
sp|P28684.1|OPSV_CHICK,sp|P87368.1|OPSV_ORYLA,short_wave,short_wave,True,0.98357695,72.12690951821386
sp|P28684.1|OPSV_CHICK,sp|Q9W6A9.2|OP1S1_DANRE,short_wave,short_wave,True,0.9846485,71.86698191689653
sp|P28684.1|OPSV_CHICK,sp|Q90309.1|OPSUV_CARAU,short_wave,short_wave,True,0.98335433,71.82660921791357
sp|P28684.1|OPSV_CHICK,sp|P32310.1|OPSB_CARAU,short_wave,short_wave,True,0.9787337,64.70888102460398
sp|P28684.1|OPSV_CHICK,sp|P87365.1|OPSB_ORYLA,short_wave,short_wave,True,0.9898939,64.99611801242236
sp|P28684.1|OPSV_CHICK,sp|Q8AYM7.1|OPSG3_DANRE,short_wave,short_wave,True,0.98828673,64.7603121516165
sp|P28684.1|OPSV_CHICK,sp|Q9W6A6.2|OPSG4_DANRE,short_wave,short_wave,True,0.98822266,64.14492753623188
sp|P28684.1|OPSV_CHICK,sp|Q8HY69.2|OPSD_SMICR,short_wave,short_wave,True,0.97729987,63.74374759522893
sp|P28684.1|OPSV_CHICK,sp|P28682.1|OPSB_CHICK,short_wave,short_wave,True,0.99098766,64.78676134712013
sp|P28684.1|OPSV_CHICK,sp|P56516.1|OPSD_RANTE,short_wave,short_wave,True,0.9778848,63.71850110980546
sp|P28684.1|OPSV_CHICK,sp|P51476.1|OPSP_COLLI,short_wave,short_wave,True,0.9698017,65.06349431147618
sp|P28684.1|OPSV_CHICK,sp|P51472.1|OPSB_PSAFA,short_wave,short_wave,True,0.9814689,65.22091537817718
sp|P28684.1|OPSV_CHICK,sp|Q8AYM8.1|OPSG2_DANRE,short_wave,short_wave,True,0.9896611,64.29877369007804
sp|P28684.1|OPSV_CHICK,sp|Q9W6A8.1|OP1S2_DANRE,short_wave,short_wave,True,0.983582,64.53143060371654
sp|P28684.1|OPSV_CHICK,sp|P35357.1|OPSB_GEKGE,short_wave,short_wave,True,0.9864611,65.59402933263907
sp|P28684.1|OPSV_CHICK,sp|P51470.1|OPSD_AQUCT,short_wave,short_wave,True,0.9812166,63.71850110980546
sp|P28684.1|OPSV_CHICK,sp|Q9W6A5.2|OPSG1_DANRE,short_wave,short_wave,True,0.98979604,63.99108138238573
sp|P28684.1|OPSV_CHICK,sp|P41591.1|OPSD_ANOCA,short_wave,short_wave,True,0.9846565,64.69038208168644
sp|P28684.1|OPSV_CHICK,sp|P31355.1|OPSD_LITPI,short_wave,short_wave,True,0.98036295,63.41820080950515
sp|P28684.1|OPSV_CHICK,sp|Q90245.1|OPSD_AMBTI,short_wave,short_wave,True,0.9829099,63.77605145554024
sp|P28684.1|OPSV_CHICK,sp|O93441.1|OPSD_GALML,short_wave,short_wave,True,0.98595595,63.80564182194617
sp|P28684.1|OPSV_CHICK,sp|O93459.1|OPSD_SCYCA,short_wave,short_wave,True,0.97990215,63.85182408795602
sp|P28684.1|OPSV_CHICK,sp|P28683.1|OPSG_CHICK,short_wave,short_wave,True,0.9856888,63.97670323716646
sp|P28684.1|OPSV_CHICK,sp|P51489.1|OPSD_RAT,short_wave,short_wave,True,0.98083377,62.97729747842841
sp|P28684.1|OPSV_CHICK,sp|O13227.1|OPSB_CONCO,short_wave,short_wave,True,0.9806497,63.86093962082403
sp|P28684.1|OPSV_CHICK,sp|P32311.1|OPSG1_CARAU,short_wave,short_wave,True,0.98785996,64.14492753623188
sp|P28684.1|OPSV_CHICK,sp|P49912.1|OPSD_RABIT,short_wave,short_wave,True,0.97914,62.98443370907139
sp|P28684.1|OPSV_CHICK,sp|Q28886.1|OPSD_MACFA,short_wave,short_wave,True,0.98226404,62.97729747842841
sp|P28684.1|OPSV_CHICK,sp|O62795.1|OPSD_PAGGO,short_wave,short_wave,True,0.9824061,62.97729747842841
sp|P28684.1|OPSV_CHICK,sp|P52202.1|OPSD_ALLMI,short_wave,short_wave,True,0.9823635,63.268050659355005
sp|P28684.1|OPSV_CHICK,sp|O62794.1|OPSD_PHOVI,short_wave,short_wave,True,0.98213816,62.97729747842841
sp|P28684.1|OPSV_CHICK,sp|Q769E8.1|OPSD_OTOCR,short_wave,short_wave,True,0.9803504,62.68828013738795
sp|P28684.1|OPSV_CHICK,sp|P02699.1|OPSD_BOVIN,short_wave,short_wave,True,0.981143,62.68828013738795
sp|P28684.1|OPSV_CHICK,sp|Q68J47.1|OPSD_LOXAF,short_wave,short_wave,True,0.98120916,62.543771466867724
sp|P28684.1|OPSV_CHICK,sp|Q95KU1.1|OPSD_FELCA,short_wave,short_wave,True,0.9806,62.68828013738795
sp|P28684.1|OPSV_CHICK,sp|O62791.1|OPSD_DELDE,short_wave,short_wave,True,0.9846504,62.543771466867724
sp|P28684.1|OPSV_CHICK,sp|P32312.1|OPSG2_CARAU,short_wave,short_wave,True,0.98722714,63.99108138238573
sp|P28684.1|OPSV_CHICK,sp|P15409.2|OPSD_MOUSE,short_wave,short_wave,True,0.9808601,62.399262796347486
sp|P28684.1|OPSV_CHICK,sp|P22328.1|OPSD_CHICK,short_wave,short_wave,True,0.9800685,63.45871052743423
sp|P28684.1|OPSV_CHICK,sp|Q6W3E1.1|OPSD_CALPD,short_wave,short_wave,True,0.9808856,62.399262796347486
sp|P28684.1|OPSV_CHICK,sp|P51471.1|OPSB_ANOCA,short_wave,short_wave,True,0.98404366,63.509413517540295
sp|P28684.1|OPSV_CHICK,sp|P28681.1|OPSD_CRIGR,short_wave,short_wave,True,0.98110986,62.83278880790819
sp|P28684.1|OPSV_CHICK,sp|P56515.1|OPSD_RHIMB,short_wave,short_wave,True,0.9826903,64.1689515602559
sp|P28684.1|OPSV_CHICK,sp|O62793.1|OPSD_MESBI,short_wave,short_wave,True,0.9863938,62.26882134154162
sp|P28684.1|OPSV_CHICK,sp|P79863.1|OPSD_LEUER,short_wave,short_wave,True,0.9827693,63.055590360439375
sp|P28684.1|OPSV_CHICK,sp|P56514.1|OPSD_BUFBU,short_wave,short_wave,True,0.9820544,63.86865125995561
sp|P28684.1|OPSV_CHICK,sp|O62798.1|OPSD_TURTR,short_wave,short_wave,True,0.98501045,62.399262796347486
sp|P28684.1|OPSV_CHICK,sp|Q90214.1|OPSD1_ANGAN,short_wave,short_wave,True,0.983951,63.09814391050089
sp|P28684.1|OPSV_CHICK,sp|P22671.1|OPSD_LETCA,short_wave,short_wave,True,0.98507416,63.72701708847069
sp|P28684.1|OPSV_CHICK,sp|P08100.1|OPSD_HUMAN,short_wave,short_wave,True,0.98251086,63.006284468385275
sp|P28684.1|OPSV_CHICK,sp|O62792.1|OPSD_GLOME,short_wave,short_wave,True,0.9867281,62.25475412582726
sp|P28684.1|OPSV_CHICK,sp|P02700.2|OPSD_SHEEP,short_wave,short_wave,True,0.9829583,62.25475412582726
sp|P28684.1|OPSV_CHICK,sp|O18766.1|OPSD_PIG,short_wave,short_wave,True,0.9823674,63.036493801292124
sp|P28684.1|OPSV_CHICK,sp|Q9YGZ0.1|OPSD_SARPI,short_wave,short_wave,True,0.98709863,62.760312151616496
sp|P28684.1|OPSV_CHICK,sp|P29403.1|OPSD_XENLA,short_wave,short_wave,True,0.9853086,64.31910171040606
sp|P28684.1|OPSV_CHICK,sp|P79807.1|OPSD_MYRVI,short_wave,short_wave,True,0.9886028,63.10090237899918
sp|P28684.1|OPSV_CHICK,sp|P79898.1|OPSD_SARDI,short_wave,short_wave,True,0.98467815,62.48220564274076
sp|P28684.1|OPSV_CHICK,sp|P32308.1|OPSD_CANLF,short_wave,short_wave,True,0.98137623,62.83278880790819
sp|P28684.1|OPSV_CHICK,sp|O42604.1|OPSD_ZEUFA,short_wave,short_wave,True,0.98943186,64.01199702263672
sp|P28684.1|OPSV_CHICK,sp|P79914.1|OPSD_SARXA,short_wave,short_wave,True,0.9879192,63.65589932306574
sp|P28684.1|OPSV_CHICK,sp|P79911.1|OPSD_SARTI,short_wave,short_wave,True,0.98613334,63.10090237899918
sp|P28684.1|OPSV_CHICK,sp|O62796.1|OPSD_TRIMA,short_wave,short_wave,True,0.9793129,62.68828013738795
sp|P28684.1|OPSV_CHICK,sp|P51474.1|OPSG3_PSAFA,short_wave,short_wave,True,0.9858733,63.837235228539576
sp|P28684.1|OPSV_CHICK,sp|P79901.1|OPSD_SARMI,short_wave,short_wave,True,0.9839156,62.03841866049224
sp|P28684.1|OPSV_CHICK,sp|P79798.1|OPSD_MYRBE,short_wave,short_wave,True,0.9907477,63.10090237899918
sp|P28684.1|OPSV_CHICK,sp|P79902.1|OPSD_SARPU,short_wave,short_wave,True,0.98600787,62.6301346368236
sp|P28684.1|OPSV_CHICK,sp|P79808.1|OPSD_NEOAR,short_wave,short_wave,True,0.98709154,63.34241969924129
sp|P28684.1|OPSV_CHICK,sp|P79809.1|OPSD_NEOAU,short_wave,short_wave,True,0.9870288,63.572600492206725
sp|P28684.1|OPSV_CHICK,sp|P79903.1|OPSD_SARSP,short_wave,short_wave,True,0.98662853,62.786436970194146
sp|P28684.1|OPSV_CHICK,sp|P51488.1|OPSD_CYPCA,short_wave,short_wave,True,0.9854481,63.66563759540348
sp|P28684.1|OPSV_CHICK,sp|P79812.1|OPSD_NEOSA,short_wave,short_wave,True,0.9872514,63.49915951115351
sp|P28684.1|OPSV_CHICK,sp|Q9YGY9.1|OPSD_ZOSOP,short_wave,short_wave,True,0.9891452,62.53929373341498
sp|P28684.1|OPSV_CHICK,sp|Q9YGZ2.1|OPSD_GOBNI,short_wave,short_wave,True,0.9884614,62.68013880383752
sp|P28684.1|OPSV_CHICK,sp|P41590.1|OPSD_PSAFA,short_wave,short_wave,True,0.9878825,62.01992753623188
sp|P28684.1|OPSV_CHICK,sp|P51475.1|OPSP_CHICK,short_wave,short_wave,True,0.9782029,63.40776741538596
sp|P28684.1|OPSV_CHICK,sp|P32309.1|OPSD_CARAU,short_wave,short_wave,True,0.9862586,63.221850613154956
sp|P28684.1|OPSV_CHICK,sp|Q9R024.1|OPSG_CAVPO,short_wave,short_wave,True,0.99251866,61.85151436257919
sp|P28684.1|OPSV_CHICK,sp|P87369.1|OPSD_ORYLA,short_wave,short_wave,True,0.98728293,63.221850613154956
sp|P28684.1|OPSV_CHICK,sp|P34989.1|OPSL_CALJA,short_wave,short_wave,True,0.9925319,61.573498964803306
sp|P28684.1|OPSV_CHICK,sp|Q9YH05.1|OPSD_DIPAN,short_wave,short_wave,True,0.9859314,61.778165358581454
sp|P28684.1|OPSV_CHICK,sp|Q9YGZ8.1|OPSD_CHELB,short_wave,short_wave,True,0.9899584,62.06469830987085
sp|P28684.1|OPSV_CHICK,sp|Q9YGZ5.1|OPSD_SOLSO,short_wave,short_wave,True,0.98712945,62.84431403929936
sp|P28684.1|OPSV_CHICK,sp|O35476.2|OPSG_RAT,short_wave,short_wave,True,0.99127233,62.660455486542446
sp|P28684.1|OPSV_CHICK,sp|Q9DGG4.1|OPSD_TETNG,short_wave,short_wave,True,0.98862004,62.05503989578244
sp|P28684.1|OPSV_CHICK,sp|Q9YGZ3.1|OPSD_SALPV,short_wave,short_wave,True,0.98747814,62.133723054439166
sp|P28684.1|OPSV_CHICK,sp|P35359.2|OPSD_DANRE,short_wave,short_wave,True,0.98775816,62.803537808135204
sp|P28684.1|OPSV_CHICK,sp|P79848.1|OPSD_POERE,short_wave,short_wave,True,0.9875916,63.221850613154956
sp|P28684.1|OPSV_CHICK,sp|O35599.1|OPSG_MOUSE,short_wave,short_wave,True,0.99075526,62.660455486542446
sp|P28684.1|OPSV_CHICK,sp|O35478.2|OPSG_SCICA,short_wave,short_wave,True,0.9889029,61.7018137637768
sp|P28684.1|OPSV_CHICK,sp|Q9YGZ6.1|OPSD_CHEAU,short_wave,short_wave,True,0.9887705,62.195489333984696
sp|P28684.1|OPSV_CHICK,sp|Q98980.1|OPSD_PETMA,short_wave,short_wave,True,0.98369575,63.72701708847069
sp|P28684.1|OPSV_CHICK,sp|P04000.2|OPSR_HUMAN,short_wave,long_wave,False,0.98946255,90.14492753623188
sp|P28684.1|OPSV_CHICK,sp|P04001.1|OPSG_HUMAN,short_wave,long_wave,False,0.9904219,88.3592132505176
sp|P28684.1|OPSV_CHICK,sp|O18913.2|OPSR_FELCA,short_wave,long_wave,False,0.9889882,85.61196050326484
sp|P28684.1|OPSV_CHICK,sp|O18912.2|OPSR_HORSE,short_wave,long_wave,False,0.9889485,84.92514731645167
sp|P28684.1|OPSV_CHICK,sp|Q9BGI7.1|OPSR_BOVIN,short_wave,long_wave,False,0.98890924,85.0625099538143
sp|P28684.1|OPSV_CHICK,sp|Q95170.1|OPSR_CAPHI,short_wave,long_wave,False,0.9890777,84.92514731645167
sp|P28684.1|OPSV_CHICK,sp|O18914.2|OPSR_CANLF,short_wave,long_wave,False,0.9902079,84.78778467908903
sp|P28684.1|OPSV_CHICK,sp|O18910.2|OPSG_RABIT,short_wave,long_wave,False,0.99087477,83.9636088549132
sp|P28684.1|OPSV_CHICK,sp|P41592.1|OPSR_ANOCA,short_wave,long_wave,False,0.99033,81.38786538933923
sp|P28684.1|OPSV_CHICK,sp|P22329.1|OPSR_CHICK,short_wave,long_wave,False,0.99096006,83.72701708847069
sp|P28684.1|OPSV_CHICK,sp|P87367.1|OPSR_ORYLA,short_wave,long_wave,False,0.99004775,80.53489968107868
sp|P28684.1|OPSV_CHICK,sp|P32313.1|OPSR_CARAU,short_wave,long_wave,False,0.98600745,79.6992450849784
sp|P28684.1|OPSV_CHICK,sp|O12948.1|OPSR_XENLA,short_wave,long_wave,False,0.987668,79.55170719724883
sp|P28684.1|OPSV_CHICK,sp|Q9W6A7.1|OPSR1_DANRE,short_wave,long_wave,False,0.9824151,79.28141778692826
sp|P28684.1|OPSV_CHICK,sp|P22332.2|OPSR_PSAFA,short_wave,long_wave,False,0.9882419,78.5850389568447
sp|P28684.1|OPSV_CHICK,sp|Q8AYN0.1|OPSR2_DANRE,short_wave,long_wave,False,0.98675525,79.85080988917306
sp|P28684.1|OPSV_CHICK,sp|P35358.1|OPSG_GEKGE,short_wave,long_wave,False,0.9883481,78.28052075657087
sp|P28684.1|OPSV_CHICK,sp|P22331.1|OPSG2_PSAFA,short_wave,long_wave,False,0.9843037,78.38022165387895
sp|P28684.1|OPSV_CHICK,sp|P22330.1|OPSG1_PSAFA,short_wave,long_wave,False,0.98508114,77.49786871270247
sp|P28684.1|OPSV_CHICK,sp|O18911.1|OPSG_ODOVI,short_wave,long_wave,False,0.9750868,85.19987259117694
sp|P28684.1|OPSV_CHICK,sp|Q90215.1|OPSD2_ANGAN,short_wave,long_wave,False,0.9836784,61.93979933110368
sp|P28684.1|OPSV_CHICK,sp|P79756.1|OPSD_GAMAF,short_wave,long_wave,False,0.9878462,61.55255216966297
sp|P28684.1|OPSV_CHICK,sp|O42490.1|OPSP_PETMA,short_wave,long_wave,False,0.9644242,60.25824198382395
sp|P51473.1|OPSV_XENLA,sp|P87368.1|OPSV_ORYLA,short_wave,short_wave,True,0.98862636,70.73198198198199
sp|P51473.1|OPSV_XENLA,sp|Q9W6A9.2|OP1S1_DANRE,short_wave,short_wave,True,0.9852991,70.47205438066466
sp|P51473.1|OPSV_XENLA,sp|Q90309.1|OPSUV_CARAU,short_wave,short_wave,True,0.98877877,70.43168168168168
sp|P51473.1|OPSV_XENLA,sp|P32310.1|OPSB_CARAU,short_wave,short_wave,True,0.99303555,63.31395348837209
sp|P51473.1|OPSV_XENLA,sp|P87365.1|OPSB_ORYLA,short_wave,short_wave,True,0.9910379,63.60119047619048
sp|P51473.1|OPSV_XENLA,sp|Q8AYM7.1|OPSG3_DANRE,short_wave,short_wave,True,0.993287,63.36538461538461
sp|P51473.1|OPSV_XENLA,sp|Q9W6A6.2|OPSG4_DANRE,short_wave,short_wave,True,0.98692524,62.75
sp|P51473.1|OPSV_XENLA,sp|Q8HY69.2|OPSD_SMICR,short_wave,short_wave,True,0.98604286,62.34882005899705
sp|P51473.1|OPSV_XENLA,sp|P28682.1|OPSB_CHICK,short_wave,short_wave,True,0.9783591,63.39183381088826
sp|P51473.1|OPSV_XENLA,sp|P56516.1|OPSD_RANTE,short_wave,short_wave,True,0.98933744,62.32357357357357
sp|P51473.1|OPSV_XENLA,sp|P51476.1|OPSP_COLLI,short_wave,short_wave,True,0.9599531,63.6685667752443
sp|P51473.1|OPSV_XENLA,sp|P51472.1|OPSB_PSAFA,short_wave,short_wave,True,0.9935821,63.82598784194529
sp|P51473.1|OPSV_XENLA,sp|Q8AYM8.1|OPSG2_DANRE,short_wave,short_wave,True,0.9932977,62.90384615384615
sp|P51473.1|OPSV_XENLA,sp|Q9W6A8.1|OP1S2_DANRE,short_wave,short_wave,True,0.9927652,63.13650306748467
sp|P51473.1|OPSV_XENLA,sp|P35357.1|OPSB_GEKGE,short_wave,short_wave,True,0.9915904,64.19910179640719
sp|P51473.1|OPSV_XENLA,sp|P51470.1|OPSD_AQUCT,short_wave,short_wave,True,0.9903817,62.32357357357357
sp|P51473.1|OPSV_XENLA,sp|Q9W6A5.2|OPSG1_DANRE,short_wave,short_wave,True,0.99408454,62.59615384615385
sp|P51473.1|OPSV_XENLA,sp|P41591.1|OPSD_ANOCA,short_wave,short_wave,True,0.99020964,63.29545454545455
sp|P51473.1|OPSV_XENLA,sp|P31355.1|OPSD_LITPI,short_wave,short_wave,True,0.99013305,62.023273273273276
sp|P51473.1|OPSV_XENLA,sp|Q90245.1|OPSD_AMBTI,short_wave,short_wave,True,0.99048424,62.38112391930836
sp|P51473.1|OPSV_XENLA,sp|O93441.1|OPSD_GALML,short_wave,short_wave,True,0.9931516,62.410714285714285
sp|P51473.1|OPSV_XENLA,sp|O93459.1|OPSD_SCYCA,short_wave,short_wave,True,0.9915107,62.45689655172414
sp|P51473.1|OPSV_XENLA,sp|P28683.1|OPSG_CHICK,short_wave,short_wave,True,0.991891,62.58177570093458
sp|P51473.1|OPSV_XENLA,sp|P51489.1|OPSD_RAT,short_wave,short_wave,True,0.9869097,61.582369942196536
sp|P51473.1|OPSV_XENLA,sp|O13227.1|OPSB_CONCO,short_wave,short_wave,True,0.9889837,62.466012084592144
sp|P51473.1|OPSV_XENLA,sp|P32311.1|OPSG1_CARAU,short_wave,short_wave,True,0.9901556,62.75
sp|P51473.1|OPSV_XENLA,sp|P49912.1|OPSD_RABIT,short_wave,short_wave,True,0.986042,61.589506172839506
sp|P51473.1|OPSV_XENLA,sp|Q28886.1|OPSD_MACFA,short_wave,short_wave,True,0.98693156,61.582369942196536
sp|P51473.1|OPSV_XENLA,sp|O62795.1|OPSD_PAGGO,short_wave,short_wave,True,0.98813707,61.582369942196536
sp|P51473.1|OPSV_XENLA,sp|P52202.1|OPSD_ALLMI,short_wave,short_wave,True,0.9905959,61.87312312312312
sp|P51473.1|OPSV_XENLA,sp|O62794.1|OPSD_PHOVI,short_wave,short_wave,True,0.9886627,61.582369942196536
sp|P51473.1|OPSV_XENLA,sp|Q769E8.1|OPSD_OTOCR,short_wave,short_wave,True,0.98555034,61.29335260115607
sp|P51473.1|OPSV_XENLA,sp|P02699.1|OPSD_BOVIN,short_wave,short_wave,True,0.9863856,61.29335260115607
sp|P51473.1|OPSV_XENLA,sp|Q68J47.1|OPSD_LOXAF,short_wave,short_wave,True,0.9887285,61.148843930635834
sp|P51473.1|OPSV_XENLA,sp|Q95KU1.1|OPSD_FELCA,short_wave,short_wave,True,0.9874692,61.29335260115607
sp|P51473.1|OPSV_XENLA,sp|O62791.1|OPSD_DELDE,short_wave,short_wave,True,0.98995674,61.148843930635834
sp|P51473.1|OPSV_XENLA,sp|P32312.1|OPSG2_CARAU,short_wave,short_wave,True,0.9872671,62.59615384615385
sp|P51473.1|OPSV_XENLA,sp|P15409.2|OPSD_MOUSE,short_wave,short_wave,True,0.9864119,61.00433526011561
sp|P51473.1|OPSV_XENLA,sp|P22328.1|OPSD_CHICK,short_wave,short_wave,True,0.990046,62.063782991202345
sp|P51473.1|OPSV_XENLA,sp|Q6W3E1.1|OPSD_CALPD,short_wave,short_wave,True,0.985549,61.00433526011561
sp|P51473.1|OPSV_XENLA,sp|P51471.1|OPSB_ANOCA,short_wave,short_wave,True,0.9947872,62.11448598130841
sp|P51473.1|OPSV_XENLA,sp|P28681.1|OPSD_CRIGR,short_wave,short_wave,True,0.98634124,61.4378612716763
sp|P51473.1|OPSV_XENLA,sp|P56515.1|OPSD_RHIMB,short_wave,short_wave,True,0.9916036,62.77402402402402
sp|P51473.1|OPSV_XENLA,sp|O62793.1|OPSD_MESBI,short_wave,short_wave,True,0.99005896,60.873893805309734
sp|P51473.1|OPSV_XENLA,sp|P79863.1|OPSD_LEUER,short_wave,short_wave,True,0.99154866,61.66066282420749
sp|P51473.1|OPSV_XENLA,sp|P56514.1|OPSD_BUFBU,short_wave,short_wave,True,0.9924265,62.47372372372372
sp|P51473.1|OPSV_XENLA,sp|O62798.1|OPSD_TURTR,short_wave,short_wave,True,0.98989224,61.00433526011561
sp|P51473.1|OPSV_XENLA,sp|Q90214.1|OPSD1_ANGAN,short_wave,short_wave,True,0.9908255,61.703216374269005
sp|P51473.1|OPSV_XENLA,sp|P22671.1|OPSD_LETCA,short_wave,short_wave,True,0.98924726,62.332089552238806
sp|P51473.1|OPSV_XENLA,sp|P08100.1|OPSD_HUMAN,short_wave,short_wave,True,0.98725384,61.61135693215339
sp|P51473.1|OPSV_XENLA,sp|O62792.1|OPSD_GLOME,short_wave,short_wave,True,0.9908058,60.85982658959537
sp|P51473.1|OPSV_XENLA,sp|P02700.2|OPSD_SHEEP,short_wave,short_wave,True,0.9881109,60.85982658959537
sp|P51473.1|OPSV_XENLA,sp|O18766.1|OPSD_PIG,short_wave,short_wave,True,0.9872147,61.64156626506024
sp|P51473.1|OPSV_XENLA,sp|Q9YGZ0.1|OPSD_SARPI,short_wave,short_wave,True,0.99078393,61.36538461538461
sp|P51473.1|OPSV_XENLA,sp|P29403.1|OPSD_XENLA,short_wave,short_wave,True,0.9926467,62.92417417417417
sp|P51473.1|OPSV_XENLA,sp|P79807.1|OPSD_MYRVI,short_wave,short_wave,True,0.99119604,61.7059748427673
sp|P51473.1|OPSV_XENLA,sp|P79898.1|OPSD_SARDI,short_wave,short_wave,True,0.99200994,61.087278106508876
sp|P51473.1|OPSV_XENLA,sp|P32308.1|OPSD_CANLF,short_wave,short_wave,True,0.98696387,61.4378612716763
sp|P51473.1|OPSV_XENLA,sp|O42604.1|OPSD_ZEUFA,short_wave,short_wave,True,0.9920275,62.61706948640483
sp|P51473.1|OPSV_XENLA,sp|P79914.1|OPSD_SARXA,short_wave,short_wave,True,0.99065197,62.260971786833856
sp|P51473.1|OPSV_XENLA,sp|P79911.1|OPSD_SARTI,short_wave,short_wave,True,0.9934522,61.7059748427673
sp|P51473.1|OPSV_XENLA,sp|O62796.1|OPSD_TRIMA,short_wave,short_wave,True,0.98585296,61.29335260115607
sp|P51473.1|OPSV_XENLA,sp|P51474.1|OPSG3_PSAFA,short_wave,short_wave,True,0.98733455,62.44230769230769
sp|P51473.1|OPSV_XENLA,sp|P79901.1|OPSD_SARMI,short_wave,short_wave,True,0.99086213,60.64349112426036
sp|P51473.1|OPSV_XENLA,sp|P79798.1|OPSD_MYRBE,short_wave,short_wave,True,0.9913055,61.7059748427673
sp|P51473.1|OPSV_XENLA,sp|P79902.1|OPSD_SARPU,short_wave,short_wave,True,0.99338746,61.235207100591715
sp|P51473.1|OPSV_XENLA,sp|P79808.1|OPSD_NEOAR,short_wave,short_wave,True,0.99260056,61.9474921630094
sp|P51473.1|OPSV_XENLA,sp|P79809.1|OPSD_NEOAU,short_wave,short_wave,True,0.99430203,62.17767295597484
sp|P51473.1|OPSV_XENLA,sp|P79903.1|OPSD_SARSP,short_wave,short_wave,True,0.9930748,61.39150943396227
sp|P51473.1|OPSV_XENLA,sp|P51488.1|OPSD_CYPCA,short_wave,short_wave,True,0.99018115,62.2707100591716
sp|P51473.1|OPSV_XENLA,sp|P79812.1|OPSD_NEOSA,short_wave,short_wave,True,0.9920237,62.10423197492163
sp|P51473.1|OPSV_XENLA,sp|Q9YGY9.1|OPSD_ZOSOP,short_wave,short_wave,True,0.99035287,61.1443661971831
sp|P51473.1|OPSV_XENLA,sp|Q9YGZ2.1|OPSD_GOBNI,short_wave,short_wave,True,0.9901269,61.28521126760563
sp|P51473.1|OPSV_XENLA,sp|P41590.1|OPSD_PSAFA,short_wave,short_wave,True,0.9893166,60.625
sp|P51473.1|OPSV_XENLA,sp|P51475.1|OPSP_CHICK,short_wave,short_wave,True,0.9642695,62.01283987915408
sp|P51473.1|OPSV_XENLA,sp|P32309.1|OPSD_CARAU,short_wave,short_wave,True,0.9900956,61.82692307692308
sp|P51473.1|OPSV_XENLA,sp|Q9R024.1|OPSG_CAVPO,short_wave,short_wave,True,0.9857583,60.456586826347305
sp|P51473.1|OPSV_XENLA,sp|P87369.1|OPSD_ORYLA,short_wave,short_wave,True,0.9886954,61.82692307692308
sp|P51473.1|OPSV_XENLA,sp|P34989.1|OPSL_CALJA,short_wave,short_wave,True,0.9891596,60.17857142857143
sp|P51473.1|OPSV_XENLA,sp|Q9YH05.1|OPSD_DIPAN,short_wave,short_wave,True,0.98920214,60.38323782234957
sp|P51473.1|OPSV_XENLA,sp|Q9YGZ8.1|OPSD_CHELB,short_wave,short_wave,True,0.9873013,60.66977077363897
sp|P51473.1|OPSV_XENLA,sp|Q9YGZ5.1|OPSD_SOLSO,short_wave,short_wave,True,0.9898044,61.44938650306749
sp|P51473.1|OPSV_XENLA,sp|O35476.2|OPSG_RAT,short_wave,short_wave,True,0.9904587,61.265527950310556
sp|P51473.1|OPSV_XENLA,sp|Q9DGG4.1|OPSD_TETNG,short_wave,short_wave,True,0.9895867,60.66011235955057
sp|P51473.1|OPSV_XENLA,sp|Q9YGZ3.1|OPSD_SALPV,short_wave,short_wave,True,0.9887424,60.73879551820728
sp|P51473.1|OPSV_XENLA,sp|P35359.2|OPSD_DANRE,short_wave,short_wave,True,0.9896065,61.40861027190333
sp|P51473.1|OPSV_XENLA,sp|P79848.1|OPSD_POERE,short_wave,short_wave,True,0.9909929,61.82692307692308
sp|P51473.1|OPSV_XENLA,sp|O35599.1|OPSG_MOUSE,short_wave,short_wave,True,0.9902487,61.265527950310556
sp|P51473.1|OPSV_XENLA,sp|O35478.2|OPSG_SCICA,short_wave,short_wave,True,0.987764,60.30688622754491
sp|P51473.1|OPSV_XENLA,sp|Q9YGZ6.1|OPSD_CHEAU,short_wave,short_wave,True,0.9870021,60.800561797752806
sp|P51473.1|OPSV_XENLA,sp|Q98980.1|OPSD_PETMA,short_wave,short_wave,True,0.9924915,62.332089552238806
sp|P51473.1|OPSV_XENLA,sp|P04000.2|OPSR_HUMAN,short_wave,long_wave,False,0.9877256,88.75
sp|P51473.1|OPSV_XENLA,sp|P04001.1|OPSG_HUMAN,short_wave,long_wave,False,0.98751056,86.96428571428572
sp|P51473.1|OPSV_XENLA,sp|O18913.2|OPSR_FELCA,short_wave,long_wave,False,0.9828905,84.21703296703296
sp|P51473.1|OPSV_XENLA,sp|O18912.2|OPSR_HORSE,short_wave,long_wave,False,0.9840598,83.53021978021978
sp|P51473.1|OPSV_XENLA,sp|Q9BGI7.1|OPSR_BOVIN,short_wave,long_wave,False,0.98626196,83.66758241758242
sp|P51473.1|OPSV_XENLA,sp|Q95170.1|OPSR_CAPHI,short_wave,long_wave,False,0.9862729,83.53021978021978
sp|P51473.1|OPSV_XENLA,sp|O18914.2|OPSR_CANLF,short_wave,long_wave,False,0.98463726,83.39285714285714
sp|P51473.1|OPSV_XENLA,sp|O18910.2|OPSG_RABIT,short_wave,long_wave,False,0.98754835,82.56868131868131
sp|P51473.1|OPSV_XENLA,sp|P41592.1|OPSR_ANOCA,short_wave,long_wave,False,0.9848344,79.99293785310735
sp|P51473.1|OPSV_XENLA,sp|P22329.1|OPSR_CHICK,short_wave,long_wave,False,0.98600274,82.33208955223881
sp|P51473.1|OPSV_XENLA,sp|P87367.1|OPSR_ORYLA,short_wave,long_wave,False,0.98263556,79.1399721448468
sp|P51473.1|OPSV_XENLA,sp|P32313.1|OPSR_CARAU,short_wave,long_wave,False,0.9832444,78.30431754874652
sp|P51473.1|OPSV_XENLA,sp|O12948.1|OPSR_XENLA,short_wave,long_wave,False,0.99059653,78.15677966101694
sp|P51473.1|OPSV_XENLA,sp|Q9W6A7.1|OPSR1_DANRE,short_wave,long_wave,False,0.9787807,77.88649025069637
sp|P51473.1|OPSV_XENLA,sp|P22332.2|OPSR_PSAFA,short_wave,long_wave,False,0.98087776,77.19011142061282
sp|P51473.1|OPSV_XENLA,sp|Q8AYN0.1|OPSR2_DANRE,short_wave,long_wave,False,0.979534,78.45588235294117
sp|P51473.1|OPSV_XENLA,sp|P35358.1|OPSG_GEKGE,short_wave,long_wave,False,0.98505366,76.88559322033899
sp|P51473.1|OPSV_XENLA,sp|P22331.1|OPSG2_PSAFA,short_wave,long_wave,False,0.98622954,76.98529411764706
sp|P51473.1|OPSV_XENLA,sp|P22330.1|OPSG1_PSAFA,short_wave,long_wave,False,0.98559254,76.10294117647058
sp|P51473.1|OPSV_XENLA,sp|O18911.1|OPSG_ODOVI,short_wave,long_wave,False,0.9661007,83.80494505494505
sp|P51473.1|OPSV_XENLA,sp|Q90215.1|OPSD2_ANGAN,short_wave,long_wave,False,0.9892397,60.544871794871796
sp|P51473.1|OPSV_XENLA,sp|P79756.1|OPSD_GAMAF,short_wave,long_wave,False,0.98971045,60.157624633431084
sp|P51473.1|OPSV_XENLA,sp|O42490.1|OPSP_PETMA,short_wave,long_wave,False,0.9514883,58.86331444759207
sp|P87368.1|OPSV_ORYLA,sp|Q9W6A9.2|OP1S1_DANRE,short_wave,short_wave,True,0.9922664,63.70403636264663
sp|P87368.1|OPSV_ORYLA,sp|Q90309.1|OPSUV_CARAU,short_wave,short_wave,True,0.99466133,63.66366366366367
sp|P87368.1|OPSV_ORYLA,sp|P32310.1|OPSB_CARAU,short_wave,short_wave,True,0.9888284,56.545935470354074
sp|P87368.1|OPSV_ORYLA,sp|P87365.1|OPSB_ORYLA,short_wave,short_wave,True,0.9896764,56.833172458172456
sp|P87368.1|OPSV_ORYLA,sp|Q8AYM7.1|OPSG3_DANRE,short_wave,short_wave,True,0.9900256,56.5973665973666
sp|P87368.1|OPSV_ORYLA,sp|Q9W6A6.2|OPSG4_DANRE,short_wave,short_wave,True,0.9867073,55.98198198198198
sp|P87368.1|OPSV_ORYLA,sp|Q8HY69.2|OPSD_SMICR,short_wave,short_wave,True,0.9812639,55.58080204097903
sp|P87368.1|OPSV_ORYLA,sp|P28682.1|OPSB_CHICK,short_wave,short_wave,True,0.9736078,56.62381579287023
sp|P87368.1|OPSV_ORYLA,sp|P56516.1|OPSD_RANTE,short_wave,short_wave,True,0.9862562,55.55555555555556
sp|P87368.1|OPSV_ORYLA,sp|P51476.1|OPSP_COLLI,short_wave,short_wave,True,0.9468857,56.90054875722628
sp|P87368.1|OPSV_ORYLA,sp|P51472.1|OPSB_PSAFA,short_wave,short_wave,True,0.9883754,57.05796982392727
sp|P87368.1|OPSV_ORYLA,sp|Q8AYM8.1|OPSG2_DANRE,short_wave,short_wave,True,0.9933412,56.135828135828135
sp|P87368.1|OPSV_ORYLA,sp|Q9W6A8.1|OP1S2_DANRE,short_wave,short_wave,True,0.9891655,56.36848504946664
sp|P87368.1|OPSV_ORYLA,sp|P35357.1|OPSB_GEKGE,short_wave,short_wave,True,0.99053663,57.431083778389166
sp|P87368.1|OPSV_ORYLA,sp|P51470.1|OPSD_AQUCT,short_wave,short_wave,True,0.9867319,55.55555555555556
sp|P87368.1|OPSV_ORYLA,sp|Q9W6A5.2|OPSG1_DANRE,short_wave,short_wave,True,0.99420726,55.82813582813583
sp|P87368.1|OPSV_ORYLA,sp|P41591.1|OPSD_ANOCA,short_wave,short_wave,True,0.9840041,56.52743652743653
sp|P87368.1|OPSV_ORYLA,sp|P31355.1|OPSD_LITPI,short_wave,short_wave,True,0.9855744,55.25525525525525
sp|P87368.1|OPSV_ORYLA,sp|Q90245.1|OPSD_AMBTI,short_wave,short_wave,True,0.98703694,55.61310590129034
sp|P87368.1|OPSV_ORYLA,sp|O93441.1|OPSD_GALML,short_wave,short_wave,True,0.98884726,55.642696267696266
sp|P87368.1|OPSV_ORYLA,sp|O93459.1|OPSD_SCYCA,short_wave,short_wave,True,0.9862141,55.68887853370612
sp|P87368.1|OPSV_ORYLA,sp|P28683.1|OPSG_CHICK,short_wave,short_wave,True,0.9872533,55.81375768291656
sp|P87368.1|OPSV_ORYLA,sp|P51489.1|OPSD_RAT,short_wave,short_wave,True,0.9820285,54.81435192417851
sp|P87368.1|OPSV_ORYLA,sp|O13227.1|OPSB_CONCO,short_wave,short_wave,True,0.9826902,55.697994066574125
sp|P87368.1|OPSV_ORYLA,sp|P32311.1|OPSG1_CARAU,short_wave,short_wave,True,0.9904865,55.98198198198198
sp|P87368.1|OPSV_ORYLA,sp|P49912.1|OPSD_RABIT,short_wave,short_wave,True,0.98124945,54.82148815482149
sp|P87368.1|OPSV_ORYLA,sp|Q28886.1|OPSD_MACFA,short_wave,short_wave,True,0.98409677,54.81435192417851
sp|P87368.1|OPSV_ORYLA,sp|O62795.1|OPSD_PAGGO,short_wave,short_wave,True,0.9856317,54.81435192417851
sp|P87368.1|OPSV_ORYLA,sp|P52202.1|OPSD_ALLMI,short_wave,short_wave,True,0.98782635,55.1051051051051
sp|P87368.1|OPSV_ORYLA,sp|O62794.1|OPSD_PHOVI,short_wave,short_wave,True,0.9858336,54.81435192417851
sp|P87368.1|OPSV_ORYLA,sp|Q769E8.1|OPSD_OTOCR,short_wave,short_wave,True,0.98283637,54.52533458313805
sp|P87368.1|OPSV_ORYLA,sp|P02699.1|OPSD_BOVIN,short_wave,short_wave,True,0.982967,54.52533458313805
sp|P87368.1|OPSV_ORYLA,sp|Q68J47.1|OPSD_LOXAF,short_wave,short_wave,True,0.9857575,54.38082591261782
sp|P87368.1|OPSV_ORYLA,sp|Q95KU1.1|OPSD_FELCA,short_wave,short_wave,True,0.9836865,54.52533458313805
sp|P87368.1|OPSV_ORYLA,sp|O62791.1|OPSD_DELDE,short_wave,short_wave,True,0.98649603,54.38082591261782
sp|P87368.1|OPSV_ORYLA,sp|P32312.1|OPSG2_CARAU,short_wave,short_wave,True,0.9875791,55.82813582813583
sp|P87368.1|OPSV_ORYLA,sp|P15409.2|OPSD_MOUSE,short_wave,short_wave,True,0.98143256,54.236317242097584
sp|P87368.1|OPSV_ORYLA,sp|P22328.1|OPSD_CHICK,short_wave,short_wave,True,0.98700273,55.295764973184326
sp|P87368.1|OPSV_ORYLA,sp|Q6W3E1.1|OPSD_CALPD,short_wave,short_wave,True,0.98366463,54.236317242097584
sp|P87368.1|OPSV_ORYLA,sp|P51471.1|OPSB_ANOCA,short_wave,short_wave,True,0.9898114,55.346467963290394
sp|P87368.1|OPSV_ORYLA,sp|P28681.1|OPSD_CRIGR,short_wave,short_wave,True,0.9834182,54.669843253658286
sp|P87368.1|OPSV_ORYLA,sp|P56515.1|OPSD_RHIMB,short_wave,short_wave,True,0.98716414,56.006006006006004
sp|P87368.1|OPSV_ORYLA,sp|O62793.1|OPSD_MESBI,short_wave,short_wave,True,0.98488486,54.105875787291716
sp|P87368.1|OPSV_ORYLA,sp|P79863.1|OPSD_LEUER,short_wave,short_wave,True,0.9869419,54.89264480618947
sp|P87368.1|OPSV_ORYLA,sp|P56514.1|OPSD_BUFBU,short_wave,short_wave,True,0.9880673,55.70570570570571
sp|P87368.1|OPSV_ORYLA,sp|O62798.1|OPSD_TURTR,short_wave,short_wave,True,0.9864908,54.236317242097584
sp|P87368.1|OPSV_ORYLA,sp|Q90214.1|OPSD1_ANGAN,short_wave,short_wave,True,0.9853252,54.935198356250986
sp|P87368.1|OPSV_ORYLA,sp|P22671.1|OPSD_LETCA,short_wave,short_wave,True,0.98762554,55.56407153422079
sp|P87368.1|OPSV_ORYLA,sp|P08100.1|OPSD_HUMAN,short_wave,short_wave,True,0.9846599,54.84333891413537
sp|P87368.1|OPSV_ORYLA,sp|O62792.1|OPSD_GLOME,short_wave,short_wave,True,0.98767936,54.09180857157736
sp|P87368.1|OPSV_ORYLA,sp|P02700.2|OPSD_SHEEP,short_wave,short_wave,True,0.9853834,54.09180857157736
sp|P87368.1|OPSV_ORYLA,sp|O18766.1|OPSD_PIG,short_wave,short_wave,True,0.9841084,54.87354824704222
sp|P87368.1|OPSV_ORYLA,sp|Q9YGZ0.1|OPSD_SARPI,short_wave,short_wave,True,0.9842092,54.597366597366594
sp|P87368.1|OPSV_ORYLA,sp|P29403.1|OPSD_XENLA,short_wave,short_wave,True,0.98908347,56.15615615615616
sp|P87368.1|OPSV_ORYLA,sp|P79807.1|OPSD_MYRVI,short_wave,short_wave,True,0.9868736,54.93795682474928
sp|P87368.1|OPSV_ORYLA,sp|P79898.1|OPSD_SARDI,short_wave,short_wave,True,0.9863354,54.31926008849086
sp|P87368.1|OPSV_ORYLA,sp|P32308.1|OPSD_CANLF,short_wave,short_wave,True,0.98490036,54.669843253658286
sp|P87368.1|OPSV_ORYLA,sp|O42604.1|OPSD_ZEUFA,short_wave,short_wave,True,0.9864316,55.84905146838682
sp|P87368.1|OPSV_ORYLA,sp|P79914.1|OPSD_SARXA,short_wave,short_wave,True,0.9868034,55.49295376881584
sp|P87368.1|OPSV_ORYLA,sp|P79911.1|OPSD_SARTI,short_wave,short_wave,True,0.9883055,54.93795682474928
sp|P87368.1|OPSV_ORYLA,sp|O62796.1|OPSD_TRIMA,short_wave,short_wave,True,0.9836754,54.52533458313805
sp|P87368.1|OPSV_ORYLA,sp|P51474.1|OPSG3_PSAFA,short_wave,short_wave,True,0.98715496,55.674289674289675
sp|P87368.1|OPSV_ORYLA,sp|P79901.1|OPSD_SARMI,short_wave,short_wave,True,0.9853436,53.87547310624234
sp|P87368.1|OPSV_ORYLA,sp|P79798.1|OPSD_MYRBE,short_wave,short_wave,True,0.9892274,54.93795682474928
sp|P87368.1|OPSV_ORYLA,sp|P79902.1|OPSD_SARPU,short_wave,short_wave,True,0.98748946,54.4671890825737
sp|P87368.1|OPSV_ORYLA,sp|P79808.1|OPSD_NEOAR,short_wave,short_wave,True,0.9878715,55.17947414499139
sp|P87368.1|OPSV_ORYLA,sp|P79809.1|OPSD_NEOAU,short_wave,short_wave,True,0.9883591,55.40965493795682
sp|P87368.1|OPSV_ORYLA,sp|P79903.1|OPSD_SARSP,short_wave,short_wave,True,0.9880074,54.623491415944244
sp|P87368.1|OPSV_ORYLA,sp|P51488.1|OPSD_CYPCA,short_wave,short_wave,True,0.98536694,55.50269204115358
sp|P87368.1|OPSV_ORYLA,sp|P79812.1|OPSD_NEOSA,short_wave,short_wave,True,0.98833376,55.336213956903606
sp|P87368.1|OPSV_ORYLA,sp|Q9YGY9.1|OPSD_ZOSOP,short_wave,short_wave,True,0.98662144,54.37634817916508
sp|P87368.1|OPSV_ORYLA,sp|Q9YGZ2.1|OPSD_GOBNI,short_wave,short_wave,True,0.98614305,54.51719324958762
sp|P87368.1|OPSV_ORYLA,sp|P41590.1|OPSD_PSAFA,short_wave,short_wave,True,0.9867968,53.85698198198198
sp|P87368.1|OPSV_ORYLA,sp|P51475.1|OPSP_CHICK,short_wave,short_wave,True,0.9582271,55.24482186113606
sp|P87368.1|OPSV_ORYLA,sp|P32309.1|OPSD_CARAU,short_wave,short_wave,True,0.9845761,55.058905058905054
sp|P87368.1|OPSV_ORYLA,sp|Q9R024.1|OPSG_CAVPO,short_wave,short_wave,True,0.9823308,53.688568808329286
sp|P87368.1|OPSV_ORYLA,sp|P87369.1|OPSD_ORYLA,short_wave,short_wave,True,0.9854852,55.058905058905054
sp|P87368.1|OPSV_ORYLA,sp|P34989.1|OPSL_CALJA,short_wave,short_wave,True,0.9857439,53.410553410553405
sp|P87368.1|OPSV_ORYLA,sp|Q9YH05.1|OPSD_DIPAN,short_wave,short_wave,True,0.98560846,53.61521980433155
sp|P87368.1|OPSV_ORYLA,sp|Q9YGZ8.1|OPSD_CHELB,short_wave,short_wave,True,0.98417526,53.90175275562095
sp|P87368.1|OPSV_ORYLA,sp|Q9YGZ5.1|OPSD_SOLSO,short_wave,short_wave,True,0.98747325,54.68136848504946
sp|P87368.1|OPSV_ORYLA,sp|O35476.2|OPSG_RAT,short_wave,short_wave,True,0.9862586,54.497509932292544
sp|P87368.1|OPSV_ORYLA,sp|Q9DGG4.1|OPSD_TETNG,short_wave,short_wave,True,0.9855776,53.89209434153254
sp|P87368.1|OPSV_ORYLA,sp|Q9YGZ3.1|OPSD_SALPV,short_wave,short_wave,True,0.9853869,53.970777500189264
sp|P87368.1|OPSV_ORYLA,sp|P35359.2|OPSD_DANRE,short_wave,short_wave,True,0.9844283,54.6405922538853
sp|P87368.1|OPSV_ORYLA,sp|P79848.1|OPSD_POERE,short_wave,short_wave,True,0.987158,55.058905058905054
sp|P87368.1|OPSV_ORYLA,sp|O35599.1|OPSG_MOUSE,short_wave,short_wave,True,0.986294,54.497509932292544
sp|P87368.1|OPSV_ORYLA,sp|O35478.2|OPSG_SCICA,short_wave,short_wave,True,0.98427093,53.538868209526896
sp|P87368.1|OPSV_ORYLA,sp|Q9YGZ6.1|OPSD_CHEAU,short_wave,short_wave,True,0.9842582,54.032543779734794
sp|P87368.1|OPSV_ORYLA,sp|Q98980.1|OPSD_PETMA,short_wave,short_wave,True,0.99036413,55.56407153422079
sp|P87368.1|OPSV_ORYLA,sp|P04000.2|OPSR_HUMAN,short_wave,long_wave,False,0.9846384,81.98198198198199
sp|P87368.1|OPSV_ORYLA,sp|P04001.1|OPSG_HUMAN,short_wave,long_wave,False,0.984108,80.1962676962677
sp|P87368.1|OPSV_ORYLA,sp|O18913.2|OPSR_FELCA,short_wave,long_wave,False,0.98106384,77.44901494901495
sp|P87368.1|OPSV_ORYLA,sp|O18912.2|OPSR_HORSE,short_wave,long_wave,False,0.98402274,76.76220176220176
sp|P87368.1|OPSV_ORYLA,sp|Q9BGI7.1|OPSR_BOVIN,short_wave,long_wave,False,0.9842016,76.8995643995644
sp|P87368.1|OPSV_ORYLA,sp|Q95170.1|OPSR_CAPHI,short_wave,long_wave,False,0.9841751,76.76220176220176
sp|P87368.1|OPSV_ORYLA,sp|O18914.2|OPSR_CANLF,short_wave,long_wave,False,0.9818239,76.62483912483913
sp|P87368.1|OPSV_ORYLA,sp|O18910.2|OPSG_RABIT,short_wave,long_wave,False,0.9818997,75.8006633006633
sp|P87368.1|OPSV_ORYLA,sp|P41592.1|OPSR_ANOCA,short_wave,long_wave,False,0.98374766,73.22491983508932
sp|P87368.1|OPSV_ORYLA,sp|P22329.1|OPSR_CHICK,short_wave,long_wave,False,0.9858685,75.56407153422079
sp|P87368.1|OPSV_ORYLA,sp|P87367.1|OPSR_ORYLA,short_wave,long_wave,False,0.9839908,72.37195412682877
sp|P87368.1|OPSV_ORYLA,sp|P32313.1|OPSR_CARAU,short_wave,long_wave,False,0.9854214,71.5362995307285
sp|P87368.1|OPSV_ORYLA,sp|O12948.1|OPSR_XENLA,short_wave,long_wave,False,0.98272854,71.38876164299893
sp|P87368.1|OPSV_ORYLA,sp|Q9W6A7.1|OPSR1_DANRE,short_wave,long_wave,False,0.9846921,71.11847223267836
sp|P87368.1|OPSV_ORYLA,sp|P22332.2|OPSR_PSAFA,short_wave,long_wave,False,0.9838129,70.4220934025948
sp|P87368.1|OPSV_ORYLA,sp|Q8AYN0.1|OPSR2_DANRE,short_wave,long_wave,False,0.9832239,71.68786433492315
sp|P87368.1|OPSV_ORYLA,sp|P35358.1|OPSG_GEKGE,short_wave,long_wave,False,0.9838135,70.11757520232096
sp|P87368.1|OPSV_ORYLA,sp|P22331.1|OPSG2_PSAFA,short_wave,long_wave,False,0.98352,70.21727609962903
sp|P87368.1|OPSV_ORYLA,sp|P22330.1|OPSG1_PSAFA,short_wave,long_wave,False,0.98475665,69.33492315845257
sp|P87368.1|OPSV_ORYLA,sp|O18911.1|OPSG_ODOVI,short_wave,long_wave,False,0.96551204,77.03692703692704
sp|P87368.1|OPSV_ORYLA,sp|Q90215.1|OPSD2_ANGAN,short_wave,long_wave,False,0.98409694,53.77685377685378
sp|P87368.1|OPSV_ORYLA,sp|P79756.1|OPSD_GAMAF,short_wave,long_wave,False,0.9870426,53.389606615413065
sp|P87368.1|OPSV_ORYLA,sp|O42490.1|OPSP_PETMA,short_wave,long_wave,False,0.9511869,52.09529642957405
sp|Q9W6A9.2|OP1S1_DANRE,sp|Q90309.1|OPSUV_CARAU,short_wave,short_wave,True,0.9976365,63.40373606234634
sp|Q9W6A9.2|OP1S1_DANRE,sp|P32310.1|OPSB_CARAU,short_wave,short_wave,True,0.9852877,56.28600786903675
sp|Q9W6A9.2|OP1S1_DANRE,sp|P87365.1|OPSB_ORYLA,short_wave,short_wave,True,0.98827624,56.57324485685513
sp|Q9W6A9.2|OP1S1_DANRE,sp|Q8AYM7.1|OPSG3_DANRE,short_wave,short_wave,True,0.99063075,56.33743899604927
sp|Q9W6A9.2|OP1S1_DANRE,sp|Q9W6A6.2|OPSG4_DANRE,short_wave,short_wave,True,0.98873633,55.72205438066466
sp|Q9W6A9.2|OP1S1_DANRE,sp|Q8HY69.2|OPSD_SMICR,short_wave,short_wave,True,0.9861701,55.32087443966171
sp|Q9W6A9.2|OP1S1_DANRE,sp|P28682.1|OPSB_CHICK,short_wave,short_wave,True,0.96994656,56.36388819155291
sp|Q9W6A9.2|OP1S1_DANRE,sp|P56516.1|OPSD_RANTE,short_wave,short_wave,True,0.9875648,55.29562795423823
sp|Q9W6A9.2|OP1S1_DANRE,sp|P51476.1|OPSP_COLLI,short_wave,short_wave,True,0.9442146,56.64062115590896
sp|Q9W6A9.2|OP1S1_DANRE,sp|P51472.1|OPSB_PSAFA,short_wave,short_wave,True,0.9808782,56.79804222260995
sp|Q9W6A9.2|OP1S1_DANRE,sp|Q8AYM8.1|OPSG2_DANRE,short_wave,short_wave,True,0.99255085,55.875900534510805
sp|Q9W6A9.2|OP1S1_DANRE,sp|Q9W6A8.1|OP1S2_DANRE,short_wave,short_wave,True,0.98759997,56.10855744814932
sp|Q9W6A9.2|OP1S1_DANRE,sp|P35357.1|OPSB_GEKGE,short_wave,short_wave,True,0.9910807,57.17115617707184
sp|Q9W6A9.2|OP1S1_DANRE,sp|P51470.1|OPSD_AQUCT,short_wave,short_wave,True,0.98875797,55.29562795423823
sp|Q9W6A9.2|OP1S1_DANRE,sp|Q9W6A5.2|OPSG1_DANRE,short_wave,short_wave,True,0.99265647,55.5682082268185
sp|Q9W6A9.2|OP1S1_DANRE,sp|P41591.1|OPSD_ANOCA,short_wave,short_wave,True,0.98636657,56.267508926119206
sp|Q9W6A9.2|OP1S1_DANRE,sp|P31355.1|OPSD_LITPI,short_wave,short_wave,True,0.9878074,54.99532765393793
sp|Q9W6A9.2|OP1S1_DANRE,sp|Q90245.1|OPSD_AMBTI,short_wave,short_wave,True,0.9909707,55.35317829997301
sp|Q9W6A9.2|OP1S1_DANRE,sp|O93441.1|OPSD_GALML,short_wave,short_wave,True,0.99001384,55.38276866637894
sp|Q9W6A9.2|OP1S1_DANRE,sp|O93459.1|OPSD_SCYCA,short_wave,short_wave,True,0.98834443,55.428950932388794
sp|Q9W6A9.2|OP1S1_DANRE,sp|P28683.1|OPSG_CHICK,short_wave,short_wave,True,0.98837256,55.55383008159923
sp|Q9W6A9.2|OP1S1_DANRE,sp|P51489.1|OPSD_RAT,short_wave,short_wave,True,0.9864078,54.55442432286119
sp|Q9W6A9.2|OP1S1_DANRE,sp|O13227.1|OPSB_CONCO,short_wave,short_wave,True,0.9861957,55.438066465256796
sp|Q9W6A9.2|OP1S1_DANRE,sp|P32311.1|OPSG1_CARAU,short_wave,short_wave,True,0.99292105,55.72205438066466
sp|Q9W6A9.2|OP1S1_DANRE,sp|P49912.1|OPSD_RABIT,short_wave,short_wave,True,0.9859091,54.561560553504165
sp|Q9W6A9.2|OP1S1_DANRE,sp|Q28886.1|OPSD_MACFA,short_wave,short_wave,True,0.98824453,54.55442432286119
sp|Q9W6A9.2|OP1S1_DANRE,sp|O62795.1|OPSD_PAGGO,short_wave,short_wave,True,0.98854136,54.55442432286119
sp|Q9W6A9.2|OP1S1_DANRE,sp|P52202.1|OPSD_ALLMI,short_wave,short_wave,True,0.989549,54.84517750378778
sp|Q9W6A9.2|OP1S1_DANRE,sp|O62794.1|OPSD_PHOVI,short_wave,short_wave,True,0.9890779,54.55442432286119
sp|Q9W6A9.2|OP1S1_DANRE,sp|Q769E8.1|OPSD_OTOCR,short_wave,short_wave,True,0.9866467,54.265406981820725
sp|Q9W6A9.2|OP1S1_DANRE,sp|P02699.1|OPSD_BOVIN,short_wave,short_wave,True,0.9874378,54.265406981820725
sp|Q9W6A9.2|OP1S1_DANRE,sp|Q68J47.1|OPSD_LOXAF,short_wave,short_wave,True,0.98844457,54.12089831130049
sp|Q9W6A9.2|OP1S1_DANRE,sp|Q95KU1.1|OPSD_FELCA,short_wave,short_wave,True,0.9871158,54.265406981820725
sp|Q9W6A9.2|OP1S1_DANRE,sp|O62791.1|OPSD_DELDE,short_wave,short_wave,True,0.988268,54.12089831130049
sp|Q9W6A9.2|OP1S1_DANRE,sp|P32312.1|OPSG2_CARAU,short_wave,short_wave,True,0.9887941,55.5682082268185
sp|Q9W6A9.2|OP1S1_DANRE,sp|P15409.2|OPSD_MOUSE,short_wave,short_wave,True,0.9855967,53.97638964078026
sp|Q9W6A9.2|OP1S1_DANRE,sp|P22328.1|OPSD_CHICK,short_wave,short_wave,True,0.99062926,55.035837371867004
sp|Q9W6A9.2|OP1S1_DANRE,sp|Q6W3E1.1|OPSD_CALPD,short_wave,short_wave,True,0.9878282,53.97638964078026
sp|Q9W6A9.2|OP1S1_DANRE,sp|P51471.1|OPSB_ANOCA,short_wave,short_wave,True,0.9867092,55.086540361973064
sp|Q9W6A9.2|OP1S1_DANRE,sp|P28681.1|OPSD_CRIGR,short_wave,short_wave,True,0.986712,54.409915652340956
sp|Q9W6A9.2|OP1S1_DANRE,sp|P56515.1|OPSD_RHIMB,short_wave,short_wave,True,0.98997307,55.746078404688674
sp|Q9W6A9.2|OP1S1_DANRE,sp|O62793.1|OPSD_MESBI,short_wave,short_wave,True,0.98805153,53.84594818597439
sp|Q9W6A9.2|OP1S1_DANRE,sp|P79863.1|OPSD_LEUER,short_wave,short_wave,True,0.9889308,54.63271720487215
sp|Q9W6A9.2|OP1S1_DANRE,sp|P56514.1|OPSD_BUFBU,short_wave,short_wave,True,0.9900937,55.44577810438838
sp|Q9W6A9.2|OP1S1_DANRE,sp|O62798.1|OPSD_TURTR,short_wave,short_wave,True,0.9883953,53.97638964078026
sp|Q9W6A9.2|OP1S1_DANRE,sp|Q90214.1|OPSD1_ANGAN,short_wave,short_wave,True,0.9861129,54.67527075493366
sp|Q9W6A9.2|OP1S1_DANRE,sp|P22671.1|OPSD_LETCA,short_wave,short_wave,True,0.98946625,55.30414393290346
sp|Q9W6A9.2|OP1S1_DANRE,sp|P08100.1|OPSD_HUMAN,short_wave,short_wave,True,0.98831415,54.58341131281804
sp|Q9W6A9.2|OP1S1_DANRE,sp|O62792.1|OPSD_GLOME,short_wave,short_wave,True,0.9892702,53.83188097026003
sp|Q9W6A9.2|OP1S1_DANRE,sp|P02700.2|OPSD_SHEEP,short_wave,short_wave,True,0.98806655,53.83188097026003
sp|Q9W6A9.2|OP1S1_DANRE,sp|O18766.1|OPSD_PIG,short_wave,short_wave,True,0.9868736,54.61362064572489
sp|Q9W6A9.2|OP1S1_DANRE,sp|Q9YGZ0.1|OPSD_SARPI,short_wave,short_wave,True,0.98683226,54.33743899604927
sp|Q9W6A9.2|OP1S1_DANRE,sp|P29403.1|OPSD_XENLA,short_wave,short_wave,True,0.98896015,55.89622855483883
sp|Q9W6A9.2|OP1S1_DANRE,sp|P79807.1|OPSD_MYRVI,short_wave,short_wave,True,0.98653704,54.67802922343195
sp|Q9W6A9.2|OP1S1_DANRE,sp|P79898.1|OPSD_SARDI,short_wave,short_wave,True,0.9863567,54.059332487173535
sp|Q9W6A9.2|OP1S1_DANRE,sp|P32308.1|OPSD_CANLF,short_wave,short_wave,True,0.9896357,54.409915652340956
sp|Q9W6A9.2|OP1S1_DANRE,sp|O42604.1|OPSD_ZEUFA,short_wave,short_wave,True,0.9893381,55.58912386706949
sp|Q9W6A9.2|OP1S1_DANRE,sp|P79914.1|OPSD_SARXA,short_wave,short_wave,True,0.98768467,55.23302616749851
sp|Q9W6A9.2|OP1S1_DANRE,sp|P79911.1|OPSD_SARTI,short_wave,short_wave,True,0.9875607,54.67802922343195
sp|Q9W6A9.2|OP1S1_DANRE,sp|O62796.1|OPSD_TRIMA,short_wave,short_wave,True,0.9873384,54.265406981820725
sp|Q9W6A9.2|OP1S1_DANRE,sp|P51474.1|OPSG3_PSAFA,short_wave,short_wave,True,0.9919058,55.41436207297235
sp|Q9W6A9.2|OP1S1_DANRE,sp|P79901.1|OPSD_SARMI,short_wave,short_wave,True,0.9862644,53.61554550492501
sp|Q9W6A9.2|OP1S1_DANRE,sp|P79798.1|OPSD_MYRBE,short_wave,short_wave,True,0.9876677,54.67802922343195
sp|Q9W6A9.2|OP1S1_DANRE,sp|P79902.1|OPSD_SARPU,short_wave,short_wave,True,0.98785067,54.20726148125637
sp|Q9W6A9.2|OP1S1_DANRE,sp|P79808.1|OPSD_NEOAR,short_wave,short_wave,True,0.9867941,54.91954654367406
sp|Q9W6A9.2|OP1S1_DANRE,sp|P79809.1|OPSD_NEOAU,short_wave,short_wave,True,0.98712224,55.1497273366395
sp|Q9W6A9.2|OP1S1_DANRE,sp|P79903.1|OPSD_SARSP,short_wave,short_wave,True,0.9874258,54.36356381462692
sp|Q9W6A9.2|OP1S1_DANRE,sp|P51488.1|OPSD_CYPCA,short_wave,short_wave,True,0.98948777,55.24276443983625
sp|Q9W6A9.2|OP1S1_DANRE,sp|P79812.1|OPSD_NEOSA,short_wave,short_wave,True,0.9878036,55.076286355586284
sp|Q9W6A9.2|OP1S1_DANRE,sp|Q9YGY9.1|OPSD_ZOSOP,short_wave,short_wave,True,0.9890456,54.116420577847755
sp|Q9W6A9.2|OP1S1_DANRE,sp|Q9YGZ2.1|OPSD_GOBNI,short_wave,short_wave,True,0.9888047,54.25726564827029
sp|Q9W6A9.2|OP1S1_DANRE,sp|P41590.1|OPSD_PSAFA,short_wave,short_wave,True,0.98794377,53.59705438066466
sp|Q9W6A9.2|OP1S1_DANRE,sp|P51475.1|OPSP_CHICK,short_wave,short_wave,True,0.9557977,54.98489425981873
sp|Q9W6A9.2|OP1S1_DANRE,sp|P32309.1|OPSD_CARAU,short_wave,short_wave,True,0.98808277,54.79897745758773
sp|Q9W6A9.2|OP1S1_DANRE,sp|Q9R024.1|OPSG_CAVPO,short_wave,short_wave,True,0.9818053,53.428641207011964
sp|Q9W6A9.2|OP1S1_DANRE,sp|P87369.1|OPSD_ORYLA,short_wave,short_wave,True,0.988611,54.79897745758773
sp|Q9W6A9.2|OP1S1_DANRE,sp|P34989.1|OPSL_CALJA,short_wave,short_wave,True,0.98646784,53.15062580923608
sp|Q9W6A9.2|OP1S1_DANRE,sp|Q9YH05.1|OPSD_DIPAN,short_wave,short_wave,True,0.98820555,53.35529220301423
sp|Q9W6A9.2|OP1S1_DANRE,sp|Q9YGZ8.1|OPSD_CHELB,short_wave,short_wave,True,0.98687756,53.641825154303625
sp|Q9W6A9.2|OP1S1_DANRE,sp|Q9YGZ5.1|OPSD_SOLSO,short_wave,short_wave,True,0.9876678,54.42144088373214
sp|Q9W6A9.2|OP1S1_DANRE,sp|O35476.2|OPSG_RAT,short_wave,short_wave,True,0.98555183,54.237582330975215
sp|Q9W6A9.2|OP1S1_DANRE,sp|Q9DGG4.1|OPSD_TETNG,short_wave,short_wave,True,0.9879123,53.63216674021522
sp|Q9W6A9.2|OP1S1_DANRE,sp|Q9YGZ3.1|OPSD_SALPV,short_wave,short_wave,True,0.9874953,53.71084989887194
sp|Q9W6A9.2|OP1S1_DANRE,sp|P35359.2|OPSD_DANRE,short_wave,short_wave,True,0.9867009,54.38066465256798
sp|Q9W6A9.2|OP1S1_DANRE,sp|P79848.1|OPSD_POERE,short_wave,short_wave,True,0.98758876,54.79897745758773
sp|Q9W6A9.2|OP1S1_DANRE,sp|O35599.1|OPSG_MOUSE,short_wave,short_wave,True,0.98552924,54.237582330975215
sp|Q9W6A9.2|OP1S1_DANRE,sp|O35478.2|OPSG_SCICA,short_wave,short_wave,True,0.98412776,53.27894060820957
sp|Q9W6A9.2|OP1S1_DANRE,sp|Q9YGZ6.1|OPSD_CHEAU,short_wave,short_wave,True,0.9871684,53.772616178417465
sp|Q9W6A9.2|OP1S1_DANRE,sp|Q98980.1|OPSD_PETMA,short_wave,short_wave,True,0.98826206,55.30414393290346
sp|Q9W6A9.2|OP1S1_DANRE,sp|P04000.2|OPSR_HUMAN,short_wave,long_wave,False,0.9837214,81.72205438066466
sp|Q9W6A9.2|OP1S1_DANRE,sp|P04001.1|OPSG_HUMAN,short_wave,long_wave,False,0.9827907,79.93634009495037
sp|Q9W6A9.2|OP1S1_DANRE,sp|O18913.2|OPSR_FELCA,short_wave,long_wave,False,0.9814142,77.18908734769762
sp|Q9W6A9.2|OP1S1_DANRE,sp|O18912.2|OPSR_HORSE,short_wave,long_wave,False,0.9841044,76.50227416088444
sp|Q9W6A9.2|OP1S1_DANRE,sp|Q9BGI7.1|OPSR_BOVIN,short_wave,long_wave,False,0.9833483,76.63963679824707
sp|Q9W6A9.2|OP1S1_DANRE,sp|Q95170.1|OPSR_CAPHI,short_wave,long_wave,False,0.9828643,76.50227416088444
sp|Q9W6A9.2|OP1S1_DANRE,sp|O18914.2|OPSR_CANLF,short_wave,long_wave,False,0.980245,76.3649115235218
sp|Q9W6A9.2|OP1S1_DANRE,sp|O18910.2|OPSG_RABIT,short_wave,long_wave,False,0.9807621,75.54073569934597
sp|Q9W6A9.2|OP1S1_DANRE,sp|P41592.1|OPSR_ANOCA,short_wave,long_wave,False,0.9867768,72.964992233772
sp|Q9W6A9.2|OP1S1_DANRE,sp|P22329.1|OPSR_CHICK,short_wave,long_wave,False,0.98628765,75.30414393290346
sp|Q9W6A9.2|OP1S1_DANRE,sp|P87367.1|OPSR_ORYLA,short_wave,long_wave,False,0.9888632,72.11202652551145
sp|Q9W6A9.2|OP1S1_DANRE,sp|P32313.1|OPSR_CARAU,short_wave,long_wave,False,0.9905035,71.27637192941117
sp|Q9W6A9.2|OP1S1_DANRE,sp|O12948.1|OPSR_XENLA,short_wave,long_wave,False,0.98504865,71.1288340416816
sp|Q9W6A9.2|OP1S1_DANRE,sp|Q9W6A7.1|OPSR1_DANRE,short_wave,long_wave,False,0.9903637,70.85854463136103
sp|Q9W6A9.2|OP1S1_DANRE,sp|P22332.2|OPSR_PSAFA,short_wave,long_wave,False,0.9904397,70.16216580127747
sp|Q9W6A9.2|OP1S1_DANRE,sp|Q8AYN0.1|OPSR2_DANRE,short_wave,long_wave,False,0.9889307,71.42793673360583
sp|Q9W6A9.2|OP1S1_DANRE,sp|P35358.1|OPSG_GEKGE,short_wave,long_wave,False,0.9859849,69.85764760100363
sp|Q9W6A9.2|OP1S1_DANRE,sp|P22331.1|OPSG2_PSAFA,short_wave,long_wave,False,0.98744726,69.95734849831172
sp|Q9W6A9.2|OP1S1_DANRE,sp|P22330.1|OPSG1_PSAFA,short_wave,long_wave,False,0.9876509,69.07499555713524
sp|Q9W6A9.2|OP1S1_DANRE,sp|O18911.1|OPSG_ODOVI,short_wave,long_wave,False,0.96959907,76.77699943560971
sp|Q9W6A9.2|OP1S1_DANRE,sp|Q90215.1|OPSD2_ANGAN,short_wave,long_wave,False,0.9882139,53.516926175536454
sp|Q9W6A9.2|OP1S1_DANRE,sp|P79756.1|OPSD_GAMAF,short_wave,long_wave,False,0.98811275,53.12967901409574
sp|Q9W6A9.2|OP1S1_DANRE,sp|O42490.1|OPSP_PETMA,short_wave,long_wave,False,0.94863474,51.83536882825672
sp|Q90309.1|OPSUV_CARAU,sp|P32310.1|OPSB_CARAU,short_wave,short_wave,True,0.99041116,56.245635170053774
sp|Q90309.1|OPSUV_CARAU,sp|P87365.1|OPSB_ORYLA,short_wave,short_wave,True,0.9888339,56.53287215787216
sp|Q90309.1|OPSUV_CARAU,sp|Q8AYM7.1|OPSG3_DANRE,short_wave,short_wave,True,0.9925665,56.2970662970663
sp|Q90309.1|OPSUV_CARAU,sp|Q9W6A6.2|OPSG4_DANRE,short_wave,short_wave,True,0.9895899,55.68168168168168
sp|Q90309.1|OPSUV_CARAU,sp|Q8HY69.2|OPSD_SMICR,short_wave,short_wave,True,0.98831296,55.28050174067873
sp|Q90309.1|OPSUV_CARAU,sp|P28682.1|OPSB_CHICK,short_wave,short_wave,True,0.9707189,56.32351549256994
sp|Q90309.1|OPSUV_CARAU,sp|P56516.1|OPSD_RANTE,short_wave,short_wave,True,0.990123,55.25525525525526
sp|Q90309.1|OPSUV_CARAU,sp|P51476.1|OPSP_COLLI,short_wave,short_wave,True,0.94733006,56.60024845692598
sp|Q90309.1|OPSUV_CARAU,sp|P51472.1|OPSB_PSAFA,short_wave,short_wave,True,0.9859393,56.75766952362697
sp|Q90309.1|OPSUV_CARAU,sp|Q8AYM8.1|OPSG2_DANRE,short_wave,short_wave,True,0.9936353,55.83552783552784
sp|Q90309.1|OPSUV_CARAU,sp|Q9W6A8.1|OP1S2_DANRE,short_wave,short_wave,True,0.9907945,56.06818474916635
sp|Q90309.1|OPSUV_CARAU,sp|P35357.1|OPSB_GEKGE,short_wave,short_wave,True,0.99278224,57.13078347808887
sp|Q90309.1|OPSUV_CARAU,sp|P51470.1|OPSD_AQUCT,short_wave,short_wave,True,0.9907989,55.25525525525526
sp|Q90309.1|OPSUV_CARAU,sp|Q9W6A5.2|OPSG1_DANRE,short_wave,short_wave,True,0.99335957,55.527835527835535
sp|Q90309.1|OPSUV_CARAU,sp|P41591.1|OPSD_ANOCA,short_wave,short_wave,True,0.98812765,56.22713622713623
sp|Q90309.1|OPSUV_CARAU,sp|P31355.1|OPSD_LITPI,short_wave,short_wave,True,0.9900694,54.95495495495496
sp|Q90309.1|OPSUV_CARAU,sp|Q90245.1|OPSD_AMBTI,short_wave,short_wave,True,0.9922601,55.312805600990046
sp|Q90309.1|OPSUV_CARAU,sp|O93441.1|OPSD_GALML,short_wave,short_wave,True,0.99194187,55.34239596739597
sp|Q90309.1|OPSUV_CARAU,sp|O93459.1|OPSD_SCYCA,short_wave,short_wave,True,0.99042326,55.38857823340582
sp|Q90309.1|OPSUV_CARAU,sp|P28683.1|OPSG_CHICK,short_wave,short_wave,True,0.98968923,55.51345738261627
sp|Q90309.1|OPSUV_CARAU,sp|P51489.1|OPSD_RAT,short_wave,short_wave,True,0.9886721,54.51405162387822
sp|Q90309.1|OPSUV_CARAU,sp|O13227.1|OPSB_CONCO,short_wave,short_wave,True,0.98814034,55.39769376627383
sp|Q90309.1|OPSUV_CARAU,sp|P32311.1|OPSG1_CARAU,short_wave,short_wave,True,0.99380815,55.68168168168168
sp|Q90309.1|OPSUV_CARAU,sp|P49912.1|OPSD_RABIT,short_wave,short_wave,True,0.98808444,54.52118785452119
sp|Q90309.1|OPSUV_CARAU,sp|Q28886.1|OPSD_MACFA,short_wave,short_wave,True,0.99011207,54.51405162387822
sp|Q90309.1|OPSUV_CARAU,sp|O62795.1|OPSD_PAGGO,short_wave,short_wave,True,0.9904342,54.51405162387822
sp|Q90309.1|OPSUV_CARAU,sp|P52202.1|OPSD_ALLMI,short_wave,short_wave,True,0.9912865,54.8048048048048
sp|Q90309.1|OPSUV_CARAU,sp|O62794.1|OPSD_PHOVI,short_wave,short_wave,True,0.9911228,54.51405162387822
sp|Q90309.1|OPSUV_CARAU,sp|Q769E8.1|OPSD_OTOCR,short_wave,short_wave,True,0.9886534,54.225034282837754
sp|Q90309.1|OPSUV_CARAU,sp|P02699.1|OPSD_BOVIN,short_wave,short_wave,True,0.989406,54.225034282837754
sp|Q90309.1|OPSUV_CARAU,sp|Q68J47.1|OPSD_LOXAF,short_wave,short_wave,True,0.99081194,54.08052561231752
sp|Q90309.1|OPSUV_CARAU,sp|Q95KU1.1|OPSD_FELCA,short_wave,short_wave,True,0.9897782,54.225034282837754
sp|Q90309.1|OPSUV_CARAU,sp|O62791.1|OPSD_DELDE,short_wave,short_wave,True,0.990897,54.08052561231752
sp|Q90309.1|OPSUV_CARAU,sp|P32312.1|OPSG2_CARAU,short_wave,short_wave,True,0.990164,55.527835527835535
sp|Q90309.1|OPSUV_CARAU,sp|P15409.2|OPSD_MOUSE,short_wave,short_wave,True,0.98820376,53.93601694179729
sp|Q90309.1|OPSUV_CARAU,sp|P22328.1|OPSD_CHICK,short_wave,short_wave,True,0.9914505,54.995464672884026
sp|Q90309.1|OPSUV_CARAU,sp|Q6W3E1.1|OPSD_CALPD,short_wave,short_wave,True,0.98973846,53.93601694179729
sp|Q90309.1|OPSUV_CARAU,sp|P51471.1|OPSB_ANOCA,short_wave,short_wave,True,0.99057496,55.0461676629901
sp|Q90309.1|OPSUV_CARAU,sp|P28681.1|OPSD_CRIGR,short_wave,short_wave,True,0.9890113,54.369542953357985
sp|Q90309.1|OPSUV_CARAU,sp|P56515.1|OPSD_RHIMB,short_wave,short_wave,True,0.99161947,55.70570570570571
sp|Q90309.1|OPSUV_CARAU,sp|O62793.1|OPSD_MESBI,short_wave,short_wave,True,0.9898998,53.805575486991415
sp|Q90309.1|OPSUV_CARAU,sp|P79863.1|OPSD_LEUER,short_wave,short_wave,True,0.9900884,54.59234450588917
sp|Q90309.1|OPSUV_CARAU,sp|P56514.1|OPSD_BUFBU,short_wave,short_wave,True,0.99193406,55.40540540540541
sp|Q90309.1|OPSUV_CARAU,sp|O62798.1|OPSD_TURTR,short_wave,short_wave,True,0.9909787,53.93601694179729
sp|Q90309.1|OPSUV_CARAU,sp|Q90214.1|OPSD1_ANGAN,short_wave,short_wave,True,0.9883882,54.634898055950686
sp|Q90309.1|OPSUV_CARAU,sp|P22671.1|OPSD_LETCA,short_wave,short_wave,True,0.9904708,55.263771233920494
sp|Q90309.1|OPSUV_CARAU,sp|P08100.1|OPSD_HUMAN,short_wave,short_wave,True,0.9902555,54.54303861383508
sp|Q90309.1|OPSUV_CARAU,sp|O62792.1|OPSD_GLOME,short_wave,short_wave,True,0.9915428,53.79150827127706
sp|Q90309.1|OPSUV_CARAU,sp|P02700.2|OPSD_SHEEP,short_wave,short_wave,True,0.99057263,53.79150827127706
sp|Q90309.1|OPSUV_CARAU,sp|O18766.1|OPSD_PIG,short_wave,short_wave,True,0.98960847,54.57324794674193
sp|Q90309.1|OPSUV_CARAU,sp|Q9YGZ0.1|OPSD_SARPI,short_wave,short_wave,True,0.9874375,54.297066297066294
sp|Q90309.1|OPSUV_CARAU,sp|P29403.1|OPSD_XENLA,short_wave,short_wave,True,0.99110645,55.85585585585586
sp|Q90309.1|OPSUV_CARAU,sp|P79807.1|OPSD_MYRVI,short_wave,short_wave,True,0.9874114,54.637656524448985
sp|Q90309.1|OPSUV_CARAU,sp|P79898.1|OPSD_SARDI,short_wave,short_wave,True,0.9873779,54.01895978819056
sp|Q90309.1|OPSUV_CARAU,sp|P32308.1|OPSD_CANLF,short_wave,short_wave,True,0.9912249,54.369542953357985
sp|Q90309.1|OPSUV_CARAU,sp|O42604.1|OPSD_ZEUFA,short_wave,short_wave,True,0.98887265,55.54875116808652
sp|Q90309.1|OPSUV_CARAU,sp|P79914.1|OPSD_SARXA,short_wave,short_wave,True,0.98756146,55.192653468515545
sp|Q90309.1|OPSUV_CARAU,sp|P79911.1|OPSD_SARTI,short_wave,short_wave,True,0.98933816,54.637656524448985
sp|Q90309.1|OPSUV_CARAU,sp|O62796.1|OPSD_TRIMA,short_wave,short_wave,True,0.98919964,54.225034282837754
sp|Q90309.1|OPSUV_CARAU,sp|P51474.1|OPSG3_PSAFA,short_wave,short_wave,True,0.9919969,55.373989373989374
sp|Q90309.1|OPSUV_CARAU,sp|P79901.1|OPSD_SARMI,short_wave,short_wave,True,0.9875115,53.575172805942046
sp|Q90309.1|OPSUV_CARAU,sp|P79798.1|OPSD_MYRBE,short_wave,short_wave,True,0.98811597,54.637656524448985
sp|Q90309.1|OPSUV_CARAU,sp|P79902.1|OPSD_SARPU,short_wave,short_wave,True,0.98885465,54.1668887822734
sp|Q90309.1|OPSUV_CARAU,sp|P79808.1|OPSD_NEOAR,short_wave,short_wave,True,0.987922,54.87917384469109
sp|Q90309.1|OPSUV_CARAU,sp|P79809.1|OPSD_NEOAU,short_wave,short_wave,True,0.989188,55.10935463765652
sp|Q90309.1|OPSUV_CARAU,sp|P79903.1|OPSD_SARSP,short_wave,short_wave,True,0.988912,54.32319111564395
sp|Q90309.1|OPSUV_CARAU,sp|P51488.1|OPSD_CYPCA,short_wave,short_wave,True,0.98876226,55.20239174085329
sp|Q90309.1|OPSUV_CARAU,sp|P79812.1|OPSD_NEOSA,short_wave,short_wave,True,0.9880684,55.03591365660331
sp|Q90309.1|OPSUV_CARAU,sp|Q9YGY9.1|OPSD_ZOSOP,short_wave,short_wave,True,0.988475,54.076047878864784
sp|Q90309.1|OPSUV_CARAU,sp|Q9YGZ2.1|OPSD_GOBNI,short_wave,short_wave,True,0.98861456,54.21689294928732
sp|Q90309.1|OPSUV_CARAU,sp|P41590.1|OPSD_PSAFA,short_wave,short_wave,True,0.98783785,53.55668168168168
sp|Q90309.1|OPSUV_CARAU,sp|P51475.1|OPSP_CHICK,short_wave,short_wave,True,0.9564687,54.94452156083577
sp|Q90309.1|OPSUV_CARAU,sp|P32309.1|OPSD_CARAU,short_wave,short_wave,True,0.9872567,54.75860475860476
sp|Q90309.1|OPSUV_CARAU,sp|Q9R024.1|OPSG_CAVPO,short_wave,short_wave,True,0.98200446,53.388268508028986
sp|Q90309.1|OPSUV_CARAU,sp|P87369.1|OPSD_ORYLA,short_wave,short_wave,True,0.98775107,54.75860475860476
sp|Q90309.1|OPSUV_CARAU,sp|P34989.1|OPSL_CALJA,short_wave,short_wave,True,0.98742914,53.11025311025311
sp|Q90309.1|OPSUV_CARAU,sp|Q9YH05.1|OPSD_DIPAN,short_wave,short_wave,True,0.98821545,53.31491950403125
sp|Q90309.1|OPSUV_CARAU,sp|Q9YGZ8.1|OPSD_CHELB,short_wave,short_wave,True,0.98524296,53.601452455320654
sp|Q90309.1|OPSUV_CARAU,sp|Q9YGZ5.1|OPSD_SOLSO,short_wave,short_wave,True,0.9881763,54.38106818474917
sp|Q90309.1|OPSUV_CARAU,sp|O35476.2|OPSG_RAT,short_wave,short_wave,True,0.98752165,54.197209631992244
sp|Q90309.1|OPSUV_CARAU,sp|Q9DGG4.1|OPSD_TETNG,short_wave,short_wave,True,0.98767734,53.59179404123225
sp|Q90309.1|OPSUV_CARAU,sp|Q9YGZ3.1|OPSD_SALPV,short_wave,short_wave,True,0.9875665,53.670477199888964
sp|Q90309.1|OPSUV_CARAU,sp|P35359.2|OPSD_DANRE,short_wave,short_wave,True,0.98648167,54.34029195358501
sp|Q90309.1|OPSUV_CARAU,sp|P79848.1|OPSD_POERE,short_wave,short_wave,True,0.98795843,54.75860475860476
sp|Q90309.1|OPSUV_CARAU,sp|O35599.1|OPSG_MOUSE,short_wave,short_wave,True,0.98756045,54.197209631992244
sp|Q90309.1|OPSUV_CARAU,sp|O35478.2|OPSG_SCICA,short_wave,short_wave,True,0.9854341,53.238567909226596
sp|Q90309.1|OPSUV_CARAU,sp|Q9YGZ6.1|OPSD_CHEAU,short_wave,short_wave,True,0.9854964,53.732243479434494
sp|Q90309.1|OPSUV_CARAU,sp|Q98980.1|OPSD_PETMA,short_wave,short_wave,True,0.9907704,55.263771233920494
sp|Q90309.1|OPSUV_CARAU,sp|P04000.2|OPSR_HUMAN,short_wave,long_wave,False,0.98422486,81.68168168168168
sp|Q90309.1|OPSUV_CARAU,sp|P04001.1|OPSG_HUMAN,short_wave,long_wave,False,0.98337907,79.8959673959674
sp|Q90309.1|OPSUV_CARAU,sp|O18913.2|OPSR_FELCA,short_wave,long_wave,False,0.9806837,77.14871464871464
sp|Q90309.1|OPSUV_CARAU,sp|O18912.2|OPSR_HORSE,short_wave,long_wave,False,0.98349446,76.46190146190146
sp|Q90309.1|OPSUV_CARAU,sp|Q9BGI7.1|OPSR_BOVIN,short_wave,long_wave,False,0.9840854,76.5992640992641
sp|Q90309.1|OPSUV_CARAU,sp|Q95170.1|OPSR_CAPHI,short_wave,long_wave,False,0.9837103,76.46190146190146
sp|Q90309.1|OPSUV_CARAU,sp|O18914.2|OPSR_CANLF,short_wave,long_wave,False,0.98109376,76.32453882453883
sp|Q90309.1|OPSUV_CARAU,sp|O18910.2|OPSG_RABIT,short_wave,long_wave,False,0.9814007,75.50036300036301
sp|Q90309.1|OPSUV_CARAU,sp|P41592.1|OPSR_ANOCA,short_wave,long_wave,False,0.98421013,72.92461953478903
sp|Q90309.1|OPSUV_CARAU,sp|P22329.1|OPSR_CHICK,short_wave,long_wave,False,0.98486364,75.2637712339205
sp|Q90309.1|OPSUV_CARAU,sp|P87367.1|OPSR_ORYLA,short_wave,long_wave,False,0.9858409,72.07165382652848
sp|Q90309.1|OPSUV_CARAU,sp|P32313.1|OPSR_CARAU,short_wave,long_wave,False,0.988002,71.2359992304282
sp|Q90309.1|OPSUV_CARAU,sp|O12948.1|OPSR_XENLA,short_wave,long_wave,False,0.98612666,71.08846134269864
sp|Q90309.1|OPSUV_CARAU,sp|Q9W6A7.1|OPSR1_DANRE,short_wave,long_wave,False,0.9875642,70.81817193237806
sp|Q90309.1|OPSUV_CARAU,sp|P22332.2|OPSR_PSAFA,short_wave,long_wave,False,0.9865354,70.1217931022945
sp|Q90309.1|OPSUV_CARAU,sp|Q8AYN0.1|OPSR2_DANRE,short_wave,long_wave,False,0.98576283,71.38756403462286
sp|Q90309.1|OPSUV_CARAU,sp|P35358.1|OPSG_GEKGE,short_wave,long_wave,False,0.9839006,69.81727490202067
sp|Q90309.1|OPSUV_CARAU,sp|P22331.1|OPSG2_PSAFA,short_wave,long_wave,False,0.98734975,69.91697579932874
sp|Q90309.1|OPSUV_CARAU,sp|P22330.1|OPSG1_PSAFA,short_wave,long_wave,False,0.98780364,69.03462285815228
sp|Q90309.1|OPSUV_CARAU,sp|O18911.1|OPSG_ODOVI,short_wave,long_wave,False,0.97105145,76.73662673662675
sp|Q90309.1|OPSUV_CARAU,sp|Q90215.1|OPSD2_ANGAN,short_wave,long_wave,False,0.98876154,53.47655347655348
sp|Q90309.1|OPSUV_CARAU,sp|P79756.1|OPSD_GAMAF,short_wave,long_wave,False,0.9877456,53.089306315112765
sp|Q90309.1|OPSUV_CARAU,sp|O42490.1|OPSP_PETMA,short_wave,long_wave,False,0.94569147,51.794996129273756
sp|P32310.1|OPSB_CARAU,sp|P87365.1|OPSB_ORYLA,short_wave,short_wave,True,0.99276274,49.415143964562574
sp|P32310.1|OPSB_CARAU,sp|Q8AYM7.1|OPSG3_DANRE,short_wave,short_wave,True,0.99244726,49.179338103756706
sp|P32310.1|OPSB_CARAU,sp|Q9W6A6.2|OPSG4_DANRE,short_wave,short_wave,True,0.9885463,48.56395348837209
sp|P32310.1|OPSB_CARAU,sp|Q8HY69.2|OPSD_SMICR,short_wave,short_wave,True,0.98617065,48.16277354736914
sp|P32310.1|OPSB_CARAU,sp|P28682.1|OPSB_CHICK,short_wave,short_wave,True,0.97542226,49.20578729926035
sp|P32310.1|OPSB_CARAU,sp|P56516.1|OPSD_RANTE,short_wave,short_wave,True,0.98903817,48.13752706194566
sp|P32310.1|OPSB_CARAU,sp|P51476.1|OPSP_COLLI,short_wave,short_wave,True,0.9587299,49.482520263616394
sp|P32310.1|OPSB_CARAU,sp|P51472.1|OPSB_PSAFA,short_wave,short_wave,True,0.99612427,49.639941330317384
sp|P32310.1|OPSB_CARAU,sp|Q8AYM8.1|OPSG2_DANRE,short_wave,short_wave,True,0.992013,48.717799642218246
sp|P32310.1|OPSB_CARAU,sp|Q9W6A8.1|OP1S2_DANRE,short_wave,short_wave,True,0.997795,48.95045655585676
sp|P32310.1|OPSB_CARAU,sp|P35357.1|OPSB_GEKGE,short_wave,short_wave,True,0.9924778,50.013055284779284
sp|P32310.1|OPSB_CARAU,sp|P51470.1|OPSD_AQUCT,short_wave,short_wave,True,0.9893789,48.13752706194566
sp|P32310.1|OPSB_CARAU,sp|Q9W6A5.2|OPSG1_DANRE,short_wave,short_wave,True,0.9920098,48.41010733452594
sp|P32310.1|OPSB_CARAU,sp|P41591.1|OPSD_ANOCA,short_wave,short_wave,True,0.98901266,49.10940803382664
sp|P32310.1|OPSB_CARAU,sp|P31355.1|OPSD_LITPI,short_wave,short_wave,True,0.98867965,47.83722676164537
sp|P32310.1|OPSB_CARAU,sp|Q90245.1|OPSD_AMBTI,short_wave,short_wave,True,0.9890356,48.19507740768045
sp|P32310.1|OPSB_CARAU,sp|O93441.1|OPSD_GALML,short_wave,short_wave,True,0.9918627,48.22466777408638
sp|P32310.1|OPSB_CARAU,sp|O93459.1|OPSD_SCYCA,short_wave,short_wave,True,0.9910253,48.270850040096235
sp|P32310.1|OPSB_CARAU,sp|P28683.1|OPSG_CHICK,short_wave,short_wave,True,0.99163336,48.39572918930667
sp|P32310.1|OPSB_CARAU,sp|P51489.1|OPSD_RAT,short_wave,short_wave,True,0.98776245,47.39632343056863
sp|P32310.1|OPSB_CARAU,sp|O13227.1|OPSB_CONCO,short_wave,short_wave,True,0.986086,48.27996557296424
sp|P32310.1|OPSB_CARAU,sp|P32311.1|OPSG1_CARAU,short_wave,short_wave,True,0.991916,48.56395348837209
sp|P32310.1|OPSB_CARAU,sp|P49912.1|OPSD_RABIT,short_wave,short_wave,True,0.9868175,47.4034596612116
sp|P32310.1|OPSB_CARAU,sp|Q28886.1|OPSD_MACFA,short_wave,short_wave,True,0.9872693,47.39632343056863
sp|P32310.1|OPSB_CARAU,sp|O62795.1|OPSD_PAGGO,short_wave,short_wave,True,0.9883089,47.39632343056863
sp|P32310.1|OPSB_CARAU,sp|P52202.1|OPSD_ALLMI,short_wave,short_wave,True,0.9899003,47.687076611495215
sp|P32310.1|OPSB_CARAU,sp|O62794.1|OPSD_PHOVI,short_wave,short_wave,True,0.98916864,47.39632343056863
sp|P32310.1|OPSB_CARAU,sp|Q769E8.1|OPSD_OTOCR,short_wave,short_wave,True,0.986142,47.107306089528166
sp|P32310.1|OPSB_CARAU,sp|P02699.1|OPSD_BOVIN,short_wave,short_wave,True,0.9866312,47.107306089528166
sp|P32310.1|OPSB_CARAU,sp|Q68J47.1|OPSD_LOXAF,short_wave,short_wave,True,0.9882231,46.96279741900793
sp|P32310.1|OPSB_CARAU,sp|Q95KU1.1|OPSD_FELCA,short_wave,short_wave,True,0.98826694,47.107306089528166
sp|P32310.1|OPSB_CARAU,sp|O62791.1|OPSD_DELDE,short_wave,short_wave,True,0.9894449,46.96279741900793
sp|P32310.1|OPSB_CARAU,sp|P32312.1|OPSG2_CARAU,short_wave,short_wave,True,0.99021125,48.41010733452594
sp|P32310.1|OPSB_CARAU,sp|P15409.2|OPSD_MOUSE,short_wave,short_wave,True,0.9871568,46.8182887484877
sp|P32310.1|OPSB_CARAU,sp|P22328.1|OPSD_CHICK,short_wave,short_wave,True,0.9894883,47.87773647957444
sp|P32310.1|OPSB_CARAU,sp|Q6W3E1.1|OPSD_CALPD,short_wave,short_wave,True,0.9870366,46.8182887484877
sp|P32310.1|OPSB_CARAU,sp|P51471.1|OPSB_ANOCA,short_wave,short_wave,True,0.994935,47.928439469680505
sp|P32310.1|OPSB_CARAU,sp|P28681.1|OPSD_CRIGR,short_wave,short_wave,True,0.9872204,47.25181476004839
sp|P32310.1|OPSB_CARAU,sp|P56515.1|OPSD_RHIMB,short_wave,short_wave,True,0.99008703,48.587977512396115
sp|P32310.1|OPSB_CARAU,sp|O62793.1|OPSD_MESBI,short_wave,short_wave,True,0.9884629,46.68784729368183
sp|P32310.1|OPSB_CARAU,sp|P79863.1|OPSD_LEUER,short_wave,short_wave,True,0.9901241,47.474616312579585
sp|P32310.1|OPSB_CARAU,sp|P56514.1|OPSD_BUFBU,short_wave,short_wave,True,0.99041533,48.287677212095815
sp|P32310.1|OPSB_CARAU,sp|O62798.1|OPSD_TURTR,short_wave,short_wave,True,0.98965394,46.8182887484877
sp|P32310.1|OPSB_CARAU,sp|Q90214.1|OPSD1_ANGAN,short_wave,short_wave,True,0.9867835,47.5171698626411
sp|P32310.1|OPSB_CARAU,sp|P22671.1|OPSD_LETCA,short_wave,short_wave,True,0.98960733,48.1460430406109
sp|P32310.1|OPSB_CARAU,sp|P08100.1|OPSD_HUMAN,short_wave,short_wave,True,0.98825717,47.425310420525484
sp|P32310.1|OPSB_CARAU,sp|O62792.1|OPSD_GLOME,short_wave,short_wave,True,0.98950356,46.673780077967464
sp|P32310.1|OPSB_CARAU,sp|P02700.2|OPSD_SHEEP,short_wave,short_wave,True,0.98961097,46.673780077967464
sp|P32310.1|OPSB_CARAU,sp|O18766.1|OPSD_PIG,short_wave,short_wave,True,0.9880252,47.455519753432334
sp|P32310.1|OPSB_CARAU,sp|Q9YGZ0.1|OPSD_SARPI,short_wave,short_wave,True,0.98731595,47.179338103756706
sp|P32310.1|OPSB_CARAU,sp|P29403.1|OPSD_XENLA,short_wave,short_wave,True,0.99040246,48.73812766254626
sp|P32310.1|OPSB_CARAU,sp|P79807.1|OPSD_MYRVI,short_wave,short_wave,True,0.98735243,47.51992833113939
sp|P32310.1|OPSB_CARAU,sp|P79898.1|OPSD_SARDI,short_wave,short_wave,True,0.9886011,46.90123159488097
sp|P32310.1|OPSB_CARAU,sp|P32308.1|OPSD_CANLF,short_wave,short_wave,True,0.9882567,47.25181476004839
sp|P32310.1|OPSB_CARAU,sp|O42604.1|OPSD_ZEUFA,short_wave,short_wave,True,0.9869268,48.43102297477692
sp|P32310.1|OPSB_CARAU,sp|P79914.1|OPSD_SARXA,short_wave,short_wave,True,0.9868233,48.07492527520595
sp|P32310.1|OPSB_CARAU,sp|P79911.1|OPSD_SARTI,short_wave,short_wave,True,0.9907056,47.51992833113939
sp|P32310.1|OPSB_CARAU,sp|O62796.1|OPSD_TRIMA,short_wave,short_wave,True,0.9871805,47.107306089528166
sp|P32310.1|OPSB_CARAU,sp|P51474.1|OPSG3_PSAFA,short_wave,short_wave,True,0.98977816,48.256261180679786
sp|P32310.1|OPSB_CARAU,sp|P79901.1|OPSD_SARMI,short_wave,short_wave,True,0.9879678,46.45744461263245
sp|P32310.1|OPSB_CARAU,sp|P79798.1|OPSD_MYRBE,short_wave,short_wave,True,0.9871837,47.51992833113939
sp|P32310.1|OPSB_CARAU,sp|P79902.1|OPSD_SARPU,short_wave,short_wave,True,0.9900704,47.04916058896381
sp|P32310.1|OPSB_CARAU,sp|P79808.1|OPSD_NEOAR,short_wave,short_wave,True,0.98897064,47.76144565138149
sp|P32310.1|OPSB_CARAU,sp|P79809.1|OPSD_NEOAU,short_wave,short_wave,True,0.99109644,47.991626444346934
sp|P32310.1|OPSB_CARAU,sp|P79903.1|OPSD_SARSP,short_wave,short_wave,True,0.990037,47.20546292233436
sp|P32310.1|OPSB_CARAU,sp|P51488.1|OPSD_CYPCA,short_wave,short_wave,True,0.98569846,48.08466354754369
sp|P32310.1|OPSB_CARAU,sp|P79812.1|OPSD_NEOSA,short_wave,short_wave,True,0.98772,47.918185463293725
sp|P32310.1|OPSB_CARAU,sp|Q9YGY9.1|OPSD_ZOSOP,short_wave,short_wave,True,0.9860181,46.958319685555196
sp|P32310.1|OPSB_CARAU,sp|Q9YGZ2.1|OPSD_GOBNI,short_wave,short_wave,True,0.9865129,47.099164755977725
sp|P32310.1|OPSB_CARAU,sp|P41590.1|OPSD_PSAFA,short_wave,short_wave,True,0.98461616,46.43895348837209
sp|P32310.1|OPSB_CARAU,sp|P51475.1|OPSP_CHICK,short_wave,short_wave,True,0.96303755,47.82679336752617
sp|P32310.1|OPSB_CARAU,sp|P32309.1|OPSD_CARAU,short_wave,short_wave,True,0.9840306,47.64087656529517
sp|P32310.1|OPSB_CARAU,sp|Q9R024.1|OPSG_CAVPO,short_wave,short_wave,True,0.9817255,46.2705403147194
sp|P32310.1|OPSB_CARAU,sp|P87369.1|OPSD_ORYLA,short_wave,short_wave,True,0.98489636,47.64087656529517
sp|P32310.1|OPSB_CARAU,sp|P34989.1|OPSL_CALJA,short_wave,short_wave,True,0.98604614,45.99252491694352
sp|P32310.1|OPSB_CARAU,sp|Q9YH05.1|OPSD_DIPAN,short_wave,short_wave,True,0.9872805,46.197191310721664
sp|P32310.1|OPSB_CARAU,sp|Q9YGZ8.1|OPSD_CHELB,short_wave,short_wave,True,0.9824947,46.483724262011066
sp|P32310.1|OPSB_CARAU,sp|Q9YGZ5.1|OPSD_SOLSO,short_wave,short_wave,True,0.9864098,47.26333999143958
sp|P32310.1|OPSB_CARAU,sp|O35476.2|OPSG_RAT,short_wave,short_wave,True,0.9867742,47.07948143868265
sp|P32310.1|OPSB_CARAU,sp|Q9DGG4.1|OPSD_TETNG,short_wave,short_wave,True,0.9861753,46.47406584792266
sp|P32310.1|OPSB_CARAU,sp|Q9YGZ3.1|OPSD_SALPV,short_wave,short_wave,True,0.9859412,46.552749006579376
sp|P32310.1|OPSB_CARAU,sp|P35359.2|OPSD_DANRE,short_wave,short_wave,True,0.984501,47.22256376027542
sp|P32310.1|OPSB_CARAU,sp|P79848.1|OPSD_POERE,short_wave,short_wave,True,0.98683107,47.64087656529517
sp|P32310.1|OPSB_CARAU,sp|O35599.1|OPSG_MOUSE,short_wave,short_wave,True,0.9865691,47.07948143868265
sp|P32310.1|OPSB_CARAU,sp|O35478.2|OPSG_SCICA,short_wave,short_wave,True,0.98517424,46.120839715917
sp|P32310.1|OPSB_CARAU,sp|Q9YGZ6.1|OPSD_CHEAU,short_wave,short_wave,True,0.9827961,46.6145152861249
sp|P32310.1|OPSB_CARAU,sp|Q98980.1|OPSD_PETMA,short_wave,short_wave,True,0.99247485,48.1460430406109
sp|P32310.1|OPSB_CARAU,sp|P04000.2|OPSR_HUMAN,short_wave,long_wave,False,0.98436034,74.56395348837209
sp|P32310.1|OPSB_CARAU,sp|P04001.1|OPSG_HUMAN,short_wave,long_wave,False,0.98426753,72.7782392026578
sp|P32310.1|OPSB_CARAU,sp|O18913.2|OPSR_FELCA,short_wave,long_wave,False,0.97911114,70.03098645540506
sp|P32310.1|OPSB_CARAU,sp|O18912.2|OPSR_HORSE,short_wave,long_wave,False,0.9827632,69.34417326859187
sp|P32310.1|OPSB_CARAU,sp|Q9BGI7.1|OPSR_BOVIN,short_wave,long_wave,False,0.9844538,69.4815359059545
sp|P32310.1|OPSB_CARAU,sp|Q95170.1|OPSR_CAPHI,short_wave,long_wave,False,0.98425174,69.34417326859187
sp|P32310.1|OPSB_CARAU,sp|O18914.2|OPSR_CANLF,short_wave,long_wave,False,0.98179734,69.20681063122925
sp|P32310.1|OPSB_CARAU,sp|O18910.2|OPSG_RABIT,short_wave,long_wave,False,0.98306596,68.38263480705342
sp|P32310.1|OPSB_CARAU,sp|P41592.1|OPSR_ANOCA,short_wave,long_wave,False,0.9799811,65.80689134147943
sp|P32310.1|OPSB_CARAU,sp|P22329.1|OPSR_CHICK,short_wave,long_wave,False,0.98272353,68.14604304061089
sp|P32310.1|OPSB_CARAU,sp|P87367.1|OPSR_ORYLA,short_wave,long_wave,False,0.9790346,64.95392563321889
sp|P32310.1|OPSB_CARAU,sp|P32313.1|OPSR_CARAU,short_wave,long_wave,False,0.98089546,64.1182710371186
sp|P32310.1|OPSB_CARAU,sp|O12948.1|OPSR_XENLA,short_wave,long_wave,False,0.9845923,63.97073314938904
sp|P32310.1|OPSB_CARAU,sp|Q9W6A7.1|OPSR1_DANRE,short_wave,long_wave,False,0.97867215,63.70044373906847
sp|P32310.1|OPSB_CARAU,sp|P22332.2|OPSR_PSAFA,short_wave,long_wave,False,0.97879016,63.00406490898491
sp|P32310.1|OPSB_CARAU,sp|Q8AYN0.1|OPSR2_DANRE,short_wave,long_wave,False,0.97773314,64.26983584131327
sp|P32310.1|OPSB_CARAU,sp|P35358.1|OPSG_GEKGE,short_wave,long_wave,False,0.97883165,62.699546708711075
sp|P32310.1|OPSB_CARAU,sp|P22331.1|OPSG2_PSAFA,short_wave,long_wave,False,0.9823798,62.79924760601915
sp|P32310.1|OPSB_CARAU,sp|P22330.1|OPSG1_PSAFA,short_wave,long_wave,False,0.9832994,61.91689466484268
sp|P32310.1|OPSB_CARAU,sp|O18911.1|OPSG_ODOVI,short_wave,long_wave,False,0.9646852,69.61889854331716
sp|P32310.1|OPSB_CARAU,sp|Q90215.1|OPSD2_ANGAN,short_wave,long_wave,False,0.9852428,46.35882528324389
sp|P32310.1|OPSB_CARAU,sp|P79756.1|OPSD_GAMAF,short_wave,long_wave,False,0.985809,45.97157812180318
sp|P32310.1|OPSB_CARAU,sp|O42490.1|OPSP_PETMA,short_wave,long_wave,False,0.9491002,44.67726793596416
sp|P87365.1|OPSB_ORYLA,sp|Q8AYM7.1|OPSG3_DANRE,short_wave,short_wave,True,0.9912641,49.466575091575095
sp|P87365.1|OPSB_ORYLA,sp|Q9W6A6.2|OPSG4_DANRE,short_wave,short_wave,True,0.99055755,48.85119047619048
sp|P87365.1|OPSB_ORYLA,sp|Q8HY69.2|OPSD_SMICR,short_wave,short_wave,True,0.9803592,48.45001053518753
sp|P87365.1|OPSB_ORYLA,sp|P28682.1|OPSB_CHICK,short_wave,short_wave,True,0.9871261,49.49302428707873
sp|P87365.1|OPSB_ORYLA,sp|P56516.1|OPSD_RANTE,short_wave,short_wave,True,0.9826141,48.42476404976405
sp|P87365.1|OPSB_ORYLA,sp|P51476.1|OPSP_COLLI,short_wave,short_wave,True,0.96749413,49.76975725143478
sp|P87365.1|OPSB_ORYLA,sp|P51472.1|OPSB_PSAFA,short_wave,short_wave,True,0.99381995,49.92717831813577
sp|P87365.1|OPSB_ORYLA,sp|Q8AYM8.1|OPSG2_DANRE,short_wave,short_wave,True,0.9936886,49.00503663003663
sp|P87365.1|OPSB_ORYLA,sp|Q9W6A8.1|OP1S2_DANRE,short_wave,short_wave,True,0.99536264,49.23769354367514
sp|P87365.1|OPSB_ORYLA,sp|P35357.1|OPSB_GEKGE,short_wave,short_wave,True,0.99079216,50.300292272597666
sp|P87365.1|OPSB_ORYLA,sp|P51470.1|OPSD_AQUCT,short_wave,short_wave,True,0.9847147,48.42476404976405
sp|P87365.1|OPSB_ORYLA,sp|Q9W6A5.2|OPSG1_DANRE,short_wave,short_wave,True,0.99455017,48.69734432234432
sp|P87365.1|OPSB_ORYLA,sp|P41591.1|OPSD_ANOCA,short_wave,short_wave,True,0.9877194,49.39664502164503
sp|P87365.1|OPSB_ORYLA,sp|P31355.1|OPSD_LITPI,short_wave,short_wave,True,0.9835031,48.12446374946375
sp|P87365.1|OPSB_ORYLA,sp|Q90245.1|OPSD_AMBTI,short_wave,short_wave,True,0.9856448,48.48231439549883
sp|P87365.1|OPSB_ORYLA,sp|O93441.1|OPSD_GALML,short_wave,short_wave,True,0.98956376,48.51190476190476
sp|P87365.1|OPSB_ORYLA,sp|O93459.1|OPSD_SCYCA,short_wave,short_wave,True,0.98534065,48.55808702791462
sp|P87365.1|OPSB_ORYLA,sp|P28683.1|OPSG_CHICK,short_wave,short_wave,True,0.9908066,48.68296617712505
sp|P87365.1|OPSB_ORYLA,sp|P51489.1|OPSD_RAT,short_wave,short_wave,True,0.98357326,47.68356041838701
sp|P87365.1|OPSB_ORYLA,sp|O13227.1|OPSB_CONCO,short_wave,short_wave,True,0.9819602,48.56720256078262
sp|P87365.1|OPSB_ORYLA,sp|P32311.1|OPSG1_CARAU,short_wave,short_wave,True,0.9926025,48.85119047619048
sp|P87365.1|OPSB_ORYLA,sp|P49912.1|OPSD_RABIT,short_wave,short_wave,True,0.98150945,47.69069664902999
sp|P87365.1|OPSB_ORYLA,sp|Q28886.1|OPSD_MACFA,short_wave,short_wave,True,0.98355126,47.68356041838701
sp|P87365.1|OPSB_ORYLA,sp|O62795.1|OPSD_PAGGO,short_wave,short_wave,True,0.98502135,47.68356041838701
sp|P87365.1|OPSB_ORYLA,sp|P52202.1|OPSD_ALLMI,short_wave,short_wave,True,0.9867443,47.974313599313604
sp|P87365.1|OPSB_ORYLA,sp|O62794.1|OPSD_PHOVI,short_wave,short_wave,True,0.9856007,47.68356041838701
sp|P87365.1|OPSB_ORYLA,sp|Q769E8.1|OPSD_OTOCR,short_wave,short_wave,True,0.98214155,47.39454307734655
sp|P87365.1|OPSB_ORYLA,sp|P02699.1|OPSD_BOVIN,short_wave,short_wave,True,0.98305434,47.39454307734655
sp|P87365.1|OPSB_ORYLA,sp|Q68J47.1|OPSD_LOXAF,short_wave,short_wave,True,0.9841192,47.250034406826316
sp|P87365.1|OPSB_ORYLA,sp|Q95KU1.1|OPSD_FELCA,short_wave,short_wave,True,0.98390436,47.39454307734655
sp|P87365.1|OPSB_ORYLA,sp|O62791.1|OPSD_DELDE,short_wave,short_wave,True,0.98673713,47.250034406826316
sp|P87365.1|OPSB_ORYLA,sp|P32312.1|OPSG2_CARAU,short_wave,short_wave,True,0.9916578,48.69734432234432
sp|P87365.1|OPSB_ORYLA,sp|P15409.2|OPSD_MOUSE,short_wave,short_wave,True,0.98317266,47.105525736306085
sp|P87365.1|OPSB_ORYLA,sp|P22328.1|OPSD_CHICK,short_wave,short_wave,True,0.98578656,48.16497346739283
sp|P87365.1|OPSB_ORYLA,sp|Q6W3E1.1|OPSD_CALPD,short_wave,short_wave,True,0.9837246,47.105525736306085
sp|P87365.1|OPSB_ORYLA,sp|P51471.1|OPSB_ANOCA,short_wave,short_wave,True,0.9912657,48.21567645749889
sp|P87365.1|OPSB_ORYLA,sp|P28681.1|OPSD_CRIGR,short_wave,short_wave,True,0.983546,47.53905174786678
sp|P87365.1|OPSB_ORYLA,sp|P56515.1|OPSD_RHIMB,short_wave,short_wave,True,0.9863274,48.8752145002145
sp|P87365.1|OPSB_ORYLA,sp|O62793.1|OPSD_MESBI,short_wave,short_wave,True,0.9872896,46.975084281500216
sp|P87365.1|OPSB_ORYLA,sp|P79863.1|OPSD_LEUER,short_wave,short_wave,True,0.9873612,47.76185330039797
sp|P87365.1|OPSB_ORYLA,sp|P56514.1|OPSD_BUFBU,short_wave,short_wave,True,0.9864604,48.574914199914204
sp|P87365.1|OPSB_ORYLA,sp|O62798.1|OPSD_TURTR,short_wave,short_wave,True,0.98699117,47.105525736306085
sp|P87365.1|OPSB_ORYLA,sp|Q90214.1|OPSD1_ANGAN,short_wave,short_wave,True,0.98473877,47.804406850459486
sp|P87365.1|OPSB_ORYLA,sp|P22671.1|OPSD_LETCA,short_wave,short_wave,True,0.98867273,48.43328002842928
sp|P87365.1|OPSB_ORYLA,sp|P08100.1|OPSD_HUMAN,short_wave,short_wave,True,0.9846065,47.712547408343866
sp|P87365.1|OPSB_ORYLA,sp|O62792.1|OPSD_GLOME,short_wave,short_wave,True,0.9880161,46.96101706578585
sp|P87365.1|OPSB_ORYLA,sp|P02700.2|OPSD_SHEEP,short_wave,short_wave,True,0.98677874,46.96101706578585
sp|P87365.1|OPSB_ORYLA,sp|O18766.1|OPSD_PIG,short_wave,short_wave,True,0.9848905,47.742756741250716
sp|P87365.1|OPSB_ORYLA,sp|Q9YGZ0.1|OPSD_SARPI,short_wave,short_wave,True,0.9877418,47.466575091575095
sp|P87365.1|OPSB_ORYLA,sp|P29403.1|OPSD_XENLA,short_wave,short_wave,True,0.9880111,49.02536465036465
sp|P87365.1|OPSB_ORYLA,sp|P79807.1|OPSD_MYRVI,short_wave,short_wave,True,0.98774266,47.80716531895777
sp|P87365.1|OPSB_ORYLA,sp|P79898.1|OPSD_SARDI,short_wave,short_wave,True,0.9860294,47.18846858269936
sp|P87365.1|OPSB_ORYLA,sp|P32308.1|OPSD_CANLF,short_wave,short_wave,True,0.9844459,47.53905174786678
sp|P87365.1|OPSB_ORYLA,sp|O42604.1|OPSD_ZEUFA,short_wave,short_wave,True,0.9882656,48.71825996259531
sp|P87365.1|OPSB_ORYLA,sp|P79914.1|OPSD_SARXA,short_wave,short_wave,True,0.98780674,48.36216226302433
sp|P87365.1|OPSB_ORYLA,sp|P79911.1|OPSD_SARTI,short_wave,short_wave,True,0.9881313,47.80716531895777
sp|P87365.1|OPSB_ORYLA,sp|O62796.1|OPSD_TRIMA,short_wave,short_wave,True,0.9830433,47.39454307734655
sp|P87365.1|OPSB_ORYLA,sp|P51474.1|OPSG3_PSAFA,short_wave,short_wave,True,0.99051297,48.543498168498175
sp|P87365.1|OPSB_ORYLA,sp|P79901.1|OPSD_SARMI,short_wave,short_wave,True,0.984675,46.74468160045083
sp|P87365.1|OPSB_ORYLA,sp|P79798.1|OPSD_MYRBE,short_wave,short_wave,True,0.98997575,47.80716531895777
sp|P87365.1|OPSB_ORYLA,sp|P79902.1|OPSD_SARPU,short_wave,short_wave,True,0.9880812,47.33639757678219
sp|P87365.1|OPSB_ORYLA,sp|P79808.1|OPSD_NEOAR,short_wave,short_wave,True,0.98820865,48.04868263919988
sp|P87365.1|OPSB_ORYLA,sp|P79809.1|OPSD_NEOAU,short_wave,short_wave,True,0.9890439,48.27886343216532
sp|P87365.1|OPSB_ORYLA,sp|P79903.1|OPSD_SARSP,short_wave,short_wave,True,0.988108,47.492699910152744
sp|P87365.1|OPSB_ORYLA,sp|P51488.1|OPSD_CYPCA,short_wave,short_wave,True,0.9856243,48.37190053536207
sp|P87365.1|OPSB_ORYLA,sp|P79812.1|OPSD_NEOSA,short_wave,short_wave,True,0.9876746,48.205422451112106
sp|P87365.1|OPSB_ORYLA,sp|Q9YGY9.1|OPSD_ZOSOP,short_wave,short_wave,True,0.98810804,47.24555667337358
sp|P87365.1|OPSB_ORYLA,sp|Q9YGZ2.1|OPSD_GOBNI,short_wave,short_wave,True,0.9877533,47.386401743796114
sp|P87365.1|OPSB_ORYLA,sp|P41590.1|OPSD_PSAFA,short_wave,short_wave,True,0.9860447,46.72619047619048
sp|P87365.1|OPSB_ORYLA,sp|P51475.1|OPSP_CHICK,short_wave,short_wave,True,0.9758225,48.11403035534455
sp|P87365.1|OPSB_ORYLA,sp|P32309.1|OPSD_CARAU,short_wave,short_wave,True,0.9846384,47.928113553113555
sp|P87365.1|OPSB_ORYLA,sp|Q9R024.1|OPSG_CAVPO,short_wave,short_wave,True,0.98979723,46.55777730253779
sp|P87365.1|OPSB_ORYLA,sp|P87369.1|OPSD_ORYLA,short_wave,short_wave,True,0.9863495,47.928113553113555
sp|P87365.1|OPSB_ORYLA,sp|P34989.1|OPSL_CALJA,short_wave,short_wave,True,0.9914938,46.279761904761905
sp|P87365.1|OPSB_ORYLA,sp|Q9YH05.1|OPSD_DIPAN,short_wave,short_wave,True,0.98706377,46.48442829854005
sp|P87365.1|OPSB_ORYLA,sp|Q9YGZ8.1|OPSD_CHELB,short_wave,short_wave,True,0.9873378,46.77096124982945
sp|P87365.1|OPSB_ORYLA,sp|Q9YGZ5.1|OPSD_SOLSO,short_wave,short_wave,True,0.98646283,47.55057697925796
sp|P87365.1|OPSB_ORYLA,sp|O35476.2|OPSG_RAT,short_wave,short_wave,True,0.99031174,47.36671842650104
sp|P87365.1|OPSB_ORYLA,sp|Q9DGG4.1|OPSD_TETNG,short_wave,short_wave,True,0.9876125,46.76130283574104
sp|P87365.1|OPSB_ORYLA,sp|Q9YGZ3.1|OPSD_SALPV,short_wave,short_wave,True,0.98682183,46.839985994397765
sp|P87365.1|OPSB_ORYLA,sp|P35359.2|OPSD_DANRE,short_wave,short_wave,True,0.985723,47.5098007480938
sp|P87365.1|OPSB_ORYLA,sp|P79848.1|OPSD_POERE,short_wave,short_wave,True,0.9871096,47.928113553113555
sp|P87365.1|OPSB_ORYLA,sp|O35599.1|OPSG_MOUSE,short_wave,short_wave,True,0.9903569,47.36671842650104
sp|P87365.1|OPSB_ORYLA,sp|O35478.2|OPSG_SCICA,short_wave,short_wave,True,0.98807424,46.40807670373539
sp|P87365.1|OPSB_ORYLA,sp|Q9YGZ6.1|OPSD_CHEAU,short_wave,short_wave,True,0.98664117,46.90175227394329
sp|P87365.1|OPSB_ORYLA,sp|Q98980.1|OPSD_PETMA,short_wave,short_wave,True,0.98961794,48.43328002842928
sp|P87365.1|OPSB_ORYLA,sp|P04000.2|OPSR_HUMAN,short_wave,long_wave,False,0.9893851,74.85119047619048
sp|P87365.1|OPSB_ORYLA,sp|P04001.1|OPSG_HUMAN,short_wave,long_wave,False,0.99015015,73.06547619047619
sp|P87365.1|OPSB_ORYLA,sp|O18913.2|OPSR_FELCA,short_wave,long_wave,False,0.9858991,70.31822344322345
sp|P87365.1|OPSB_ORYLA,sp|O18912.2|OPSR_HORSE,short_wave,long_wave,False,0.9887978,69.63141025641026
sp|P87365.1|OPSB_ORYLA,sp|Q9BGI7.1|OPSR_BOVIN,short_wave,long_wave,False,0.98893976,69.76877289377289
sp|P87365.1|OPSB_ORYLA,sp|Q95170.1|OPSR_CAPHI,short_wave,long_wave,False,0.98902845,69.63141025641026
sp|P87365.1|OPSB_ORYLA,sp|O18914.2|OPSR_CANLF,short_wave,long_wave,False,0.9879492,69.49404761904762
sp|P87365.1|OPSB_ORYLA,sp|O18910.2|OPSG_RABIT,short_wave,long_wave,False,0.98935753,68.6698717948718
sp|P87365.1|OPSB_ORYLA,sp|P41592.1|OPSR_ANOCA,short_wave,long_wave,False,0.98773444,66.09412832929782
sp|P87365.1|OPSB_ORYLA,sp|P22329.1|OPSR_CHICK,short_wave,long_wave,False,0.9898746,68.43328002842928
sp|P87365.1|OPSB_ORYLA,sp|P87367.1|OPSR_ORYLA,short_wave,long_wave,False,0.98746157,65.24116262103728
sp|P87365.1|OPSB_ORYLA,sp|P32313.1|OPSR_CARAU,short_wave,long_wave,False,0.9851667,64.40550802493699
sp|P87365.1|OPSB_ORYLA,sp|O12948.1|OPSR_XENLA,short_wave,long_wave,False,0.98486215,64.25797013720742
sp|P87365.1|OPSB_ORYLA,sp|Q9W6A7.1|OPSR1_DANRE,short_wave,long_wave,False,0.9827211,63.98768072688685
sp|P87365.1|OPSB_ORYLA,sp|P22332.2|OPSR_PSAFA,short_wave,long_wave,False,0.986865,63.29130189680329
sp|P87365.1|OPSB_ORYLA,sp|Q8AYN0.1|OPSR2_DANRE,short_wave,long_wave,False,0.9837754,64.55707282913166
sp|P87365.1|OPSB_ORYLA,sp|P35358.1|OPSG_GEKGE,short_wave,long_wave,False,0.9852649,62.98678369652946
sp|P87365.1|OPSB_ORYLA,sp|P22331.1|OPSG2_PSAFA,short_wave,long_wave,False,0.98280966,63.08648459383754
sp|P87365.1|OPSB_ORYLA,sp|P22330.1|OPSG1_PSAFA,short_wave,long_wave,False,0.98397857,62.20413165266106
sp|P87365.1|OPSB_ORYLA,sp|O18911.1|OPSG_ODOVI,short_wave,long_wave,False,0.9705588,69.90613553113553
sp|P87365.1|OPSB_ORYLA,sp|Q90215.1|OPSD2_ANGAN,short_wave,long_wave,False,0.98392904,46.64606227106228
sp|P87365.1|OPSB_ORYLA,sp|P79756.1|OPSD_GAMAF,short_wave,long_wave,False,0.98720264,46.258815109621565
sp|P87365.1|OPSB_ORYLA,sp|O42490.1|OPSP_PETMA,short_wave,long_wave,False,0.96300524,44.96450492378254
sp|Q8AYM7.1|OPSG3_DANRE,sp|Q9W6A6.2|OPSG4_DANRE,short_wave,short_wave,True,0.9975693,48.61538461538461
sp|Q8AYM7.1|OPSG3_DANRE,sp|Q8HY69.2|OPSD_SMICR,short_wave,short_wave,True,0.99369353,48.21420467438166
sp|Q8AYM7.1|OPSG3_DANRE,sp|P28682.1|OPSB_CHICK,short_wave,short_wave,True,0.9798459,49.25721842627287
sp|Q8AYM7.1|OPSG3_DANRE,sp|P56516.1|OPSD_RANTE,short_wave,short_wave,True,0.99437153,48.18895818895819
sp|Q8AYM7.1|OPSG3_DANRE,sp|P51476.1|OPSP_COLLI,short_wave,short_wave,True,0.96585894,49.533951390628914
sp|Q8AYM7.1|OPSG3_DANRE,sp|P51472.1|OPSB_PSAFA,short_wave,short_wave,True,0.9899641,49.691372457329905
sp|Q8AYM7.1|OPSG3_DANRE,sp|Q8AYM8.1|OPSG2_DANRE,short_wave,short_wave,True,0.9977758,48.769230769230774
sp|Q8AYM7.1|OPSG3_DANRE,sp|Q9W6A8.1|OP1S2_DANRE,short_wave,short_wave,True,0.993245,49.00188768286928
sp|Q8AYM7.1|OPSG3_DANRE,sp|P35357.1|OPSB_GEKGE,short_wave,short_wave,True,0.9978212,50.064486411791805
sp|Q8AYM7.1|OPSG3_DANRE,sp|P51470.1|OPSD_AQUCT,short_wave,short_wave,True,0.99572563,48.18895818895819
sp|Q8AYM7.1|OPSG3_DANRE,sp|Q9W6A5.2|OPSG1_DANRE,short_wave,short_wave,True,0.9971799,48.46153846153847
sp|Q8AYM7.1|OPSG3_DANRE,sp|P41591.1|OPSD_ANOCA,short_wave,short_wave,True,0.997252,49.16083916083916
sp|Q8AYM7.1|OPSG3_DANRE,sp|P31355.1|OPSD_LITPI,short_wave,short_wave,True,0.9951122,47.88865788865789
sp|Q8AYM7.1|OPSG3_DANRE,sp|Q90245.1|OPSD_AMBTI,short_wave,short_wave,True,0.996446,48.24650853469298
sp|Q8AYM7.1|OPSG3_DANRE,sp|O93441.1|OPSD_GALML,short_wave,short_wave,True,0.99773973,48.276098901098905
sp|Q8AYM7.1|OPSG3_DANRE,sp|O93459.1|OPSD_SCYCA,short_wave,short_wave,True,0.9956296,48.322281167108756
sp|Q8AYM7.1|OPSG3_DANRE,sp|P28683.1|OPSG_CHICK,short_wave,short_wave,True,0.99733293,48.4471603163192
sp|Q8AYM7.1|OPSG3_DANRE,sp|P51489.1|OPSD_RAT,short_wave,short_wave,True,0.9954288,47.44775455758115
sp|Q8AYM7.1|OPSG3_DANRE,sp|O13227.1|OPSB_CONCO,short_wave,short_wave,True,0.9950725,48.331396699976764
sp|Q8AYM7.1|OPSG3_DANRE,sp|P32311.1|OPSG1_CARAU,short_wave,short_wave,True,0.9980964,48.61538461538461
sp|Q8AYM7.1|OPSG3_DANRE,sp|P49912.1|OPSD_RABIT,short_wave,short_wave,True,0.9948518,47.45489078822412
sp|Q8AYM7.1|OPSG3_DANRE,sp|Q28886.1|OPSD_MACFA,short_wave,short_wave,True,0.99576795,47.44775455758115
sp|Q8AYM7.1|OPSG3_DANRE,sp|O62795.1|OPSD_PAGGO,short_wave,short_wave,True,0.99585503,47.44775455758115
sp|Q8AYM7.1|OPSG3_DANRE,sp|P52202.1|OPSD_ALLMI,short_wave,short_wave,True,0.99649274,47.738507738507735
sp|Q8AYM7.1|OPSG3_DANRE,sp|O62794.1|OPSD_PHOVI,short_wave,short_wave,True,0.99602044,47.44775455758115
sp|Q8AYM7.1|OPSG3_DANRE,sp|Q769E8.1|OPSD_OTOCR,short_wave,short_wave,True,0.9949691,47.158737216540686
sp|Q8AYM7.1|OPSG3_DANRE,sp|P02699.1|OPSD_BOVIN,short_wave,short_wave,True,0.9951674,47.158737216540686
sp|Q8AYM7.1|OPSG3_DANRE,sp|Q68J47.1|OPSD_LOXAF,short_wave,short_wave,True,0.99583775,47.014228546020455
sp|Q8AYM7.1|OPSG3_DANRE,sp|Q95KU1.1|OPSD_FELCA,short_wave,short_wave,True,0.99560773,47.158737216540686
sp|Q8AYM7.1|OPSG3_DANRE,sp|O62791.1|OPSD_DELDE,short_wave,short_wave,True,0.99680984,47.014228546020455
sp|Q8AYM7.1|OPSG3_DANRE,sp|P32312.1|OPSG2_CARAU,short_wave,short_wave,True,0.99733573,48.46153846153847
sp|Q8AYM7.1|OPSG3_DANRE,sp|P15409.2|OPSD_MOUSE,short_wave,short_wave,True,0.9948472,46.86971987550022
sp|Q8AYM7.1|OPSG3_DANRE,sp|P22328.1|OPSD_CHICK,short_wave,short_wave,True,0.9957381,47.92916760658696
sp|Q8AYM7.1|OPSG3_DANRE,sp|Q6W3E1.1|OPSD_CALPD,short_wave,short_wave,True,0.99489605,46.86971987550022
sp|Q8AYM7.1|OPSG3_DANRE,sp|P51471.1|OPSB_ANOCA,short_wave,short_wave,True,0.9969276,47.97987059669303
sp|Q8AYM7.1|OPSG3_DANRE,sp|P28681.1|OPSD_CRIGR,short_wave,short_wave,True,0.9952277,47.30324588706092
sp|Q8AYM7.1|OPSG3_DANRE,sp|P56515.1|OPSD_RHIMB,short_wave,short_wave,True,0.99641883,48.63940863940864
sp|Q8AYM7.1|OPSG3_DANRE,sp|O62793.1|OPSD_MESBI,short_wave,short_wave,True,0.996979,46.73927842069435
sp|Q8AYM7.1|OPSG3_DANRE,sp|P79863.1|OPSD_LEUER,short_wave,short_wave,True,0.9963409,47.526047439592105
sp|Q8AYM7.1|OPSG3_DANRE,sp|P56514.1|OPSD_BUFBU,short_wave,short_wave,True,0.99607307,48.33910833910834
sp|Q8AYM7.1|OPSG3_DANRE,sp|O62798.1|OPSD_TURTR,short_wave,short_wave,True,0.99694043,46.86971987550022
sp|Q8AYM7.1|OPSG3_DANRE,sp|Q90214.1|OPSD1_ANGAN,short_wave,short_wave,True,0.9960498,47.56860098965362
sp|Q8AYM7.1|OPSG3_DANRE,sp|P22671.1|OPSD_LETCA,short_wave,short_wave,True,0.99687344,48.197474167623426
sp|Q8AYM7.1|OPSG3_DANRE,sp|P08100.1|OPSD_HUMAN,short_wave,short_wave,True,0.99609596,47.47674154753801
sp|Q8AYM7.1|OPSG3_DANRE,sp|O62792.1|OPSD_GLOME,short_wave,short_wave,True,0.99714017,46.72521120497999
sp|Q8AYM7.1|OPSG3_DANRE,sp|P02700.2|OPSD_SHEEP,short_wave,short_wave,True,0.9962024,46.72521120497999
sp|Q8AYM7.1|OPSG3_DANRE,sp|O18766.1|OPSD_PIG,short_wave,short_wave,True,0.99550486,47.50695088044486
sp|Q8AYM7.1|OPSG3_DANRE,sp|Q9YGZ0.1|OPSD_SARPI,short_wave,short_wave,True,0.99650156,47.230769230769226
sp|Q8AYM7.1|OPSG3_DANRE,sp|P29403.1|OPSD_XENLA,short_wave,short_wave,True,0.99701697,48.78955878955879
sp|Q8AYM7.1|OPSG3_DANRE,sp|P79807.1|OPSD_MYRVI,short_wave,short_wave,True,0.9956984,47.57135945815192
sp|Q8AYM7.1|OPSG3_DANRE,sp|P79898.1|OPSD_SARDI,short_wave,short_wave,True,0.9954336,46.95266272189349
sp|Q8AYM7.1|OPSG3_DANRE,sp|P32308.1|OPSD_CANLF,short_wave,short_wave,True,0.9956678,47.30324588706092
sp|Q8AYM7.1|OPSG3_DANRE,sp|O42604.1|OPSD_ZEUFA,short_wave,short_wave,True,0.99636155,48.48245410178945
sp|Q8AYM7.1|OPSG3_DANRE,sp|P79914.1|OPSD_SARXA,short_wave,short_wave,True,0.9953705,48.12635640221848
sp|Q8AYM7.1|OPSG3_DANRE,sp|P79911.1|OPSD_SARTI,short_wave,short_wave,True,0.99634254,47.57135945815192
sp|Q8AYM7.1|OPSG3_DANRE,sp|O62796.1|OPSD_TRIMA,short_wave,short_wave,True,0.99507535,47.158737216540686
sp|Q8AYM7.1|OPSG3_DANRE,sp|P51474.1|OPSG3_PSAFA,short_wave,short_wave,True,0.9967739,48.30769230769231
sp|Q8AYM7.1|OPSG3_DANRE,sp|P79901.1|OPSD_SARMI,short_wave,short_wave,True,0.99503994,46.50887573964498
sp|Q8AYM7.1|OPSG3_DANRE,sp|P79798.1|OPSD_MYRBE,short_wave,short_wave,True,0.9951836,47.57135945815192
sp|Q8AYM7.1|OPSG3_DANRE,sp|P79902.1|OPSD_SARPU,short_wave,short_wave,True,0.9958321,47.100591715976336
sp|Q8AYM7.1|OPSG3_DANRE,sp|P79808.1|OPSD_NEOAR,short_wave,short_wave,True,0.99581707,47.81287677839402
sp|Q8AYM7.1|OPSG3_DANRE,sp|P79809.1|OPSD_NEOAU,short_wave,short_wave,True,0.9963301,48.043057571359455
sp|Q8AYM7.1|OPSG3_DANRE,sp|P79903.1|OPSD_SARSP,short_wave,short_wave,True,0.9962152,47.25689404934688
sp|Q8AYM7.1|OPSG3_DANRE,sp|P51488.1|OPSD_CYPCA,short_wave,short_wave,True,0.99528843,48.13609467455622
sp|Q8AYM7.1|OPSG3_DANRE,sp|P79812.1|OPSD_NEOSA,short_wave,short_wave,True,0.9957532,47.969616590306245
sp|Q8AYM7.1|OPSG3_DANRE,sp|Q9YGY9.1|OPSD_ZOSOP,short_wave,short_wave,True,0.99596274,47.00975081256772
sp|Q8AYM7.1|OPSG3_DANRE,sp|Q9YGZ2.1|OPSD_GOBNI,short_wave,short_wave,True,0.996148,47.15059588299025
sp|Q8AYM7.1|OPSG3_DANRE,sp|P41590.1|OPSD_PSAFA,short_wave,short_wave,True,0.995688,46.49038461538461
sp|Q8AYM7.1|OPSG3_DANRE,sp|P51475.1|OPSP_CHICK,short_wave,short_wave,True,0.97094,47.8782244945387
sp|Q8AYM7.1|OPSG3_DANRE,sp|P32309.1|OPSD_CARAU,short_wave,short_wave,True,0.9945049,47.69230769230769
sp|Q8AYM7.1|OPSG3_DANRE,sp|Q9R024.1|OPSG_CAVPO,short_wave,short_wave,True,0.9877845,46.32197144173192
sp|Q8AYM7.1|OPSG3_DANRE,sp|P87369.1|OPSD_ORYLA,short_wave,short_wave,True,0.9955889,47.69230769230769
sp|Q8AYM7.1|OPSG3_DANRE,sp|P34989.1|OPSL_CALJA,short_wave,short_wave,True,0.9906939,46.043956043956044
sp|Q8AYM7.1|OPSG3_DANRE,sp|Q9YH05.1|OPSD_DIPAN,short_wave,short_wave,True,0.9960091,46.248622437734184
sp|Q8AYM7.1|OPSG3_DANRE,sp|Q9YGZ8.1|OPSD_CHELB,short_wave,short_wave,True,0.99369854,46.535155389023586
sp|Q8AYM7.1|OPSG3_DANRE,sp|Q9YGZ5.1|OPSD_SOLSO,short_wave,short_wave,True,0.99631524,47.3147711184521
sp|Q8AYM7.1|OPSG3_DANRE,sp|O35476.2|OPSG_RAT,short_wave,short_wave,True,0.9918275,47.130912565695176
sp|Q8AYM7.1|OPSG3_DANRE,sp|Q9DGG4.1|OPSD_TETNG,short_wave,short_wave,True,0.99595445,46.52549697493518
sp|Q8AYM7.1|OPSG3_DANRE,sp|Q9YGZ3.1|OPSD_SALPV,short_wave,short_wave,True,0.9961385,46.604180133591896
sp|Q8AYM7.1|OPSG3_DANRE,sp|P35359.2|OPSD_DANRE,short_wave,short_wave,True,0.99548745,47.27399488728794
sp|Q8AYM7.1|OPSG3_DANRE,sp|P79848.1|OPSD_POERE,short_wave,short_wave,True,0.99616253,47.69230769230769
sp|Q8AYM7.1|OPSG3_DANRE,sp|O35599.1|OPSG_MOUSE,short_wave,short_wave,True,0.99084014,47.130912565695176
sp|Q8AYM7.1|OPSG3_DANRE,sp|O35478.2|OPSG_SCICA,short_wave,short_wave,True,0.99008584,46.17227084292953
sp|Q8AYM7.1|OPSG3_DANRE,sp|Q9YGZ6.1|OPSD_CHEAU,short_wave,short_wave,True,0.99406797,46.665946413137426
sp|Q8AYM7.1|OPSG3_DANRE,sp|Q98980.1|OPSD_PETMA,short_wave,short_wave,True,0.99681425,48.197474167623426
sp|Q8AYM7.1|OPSG3_DANRE,sp|P04000.2|OPSR_HUMAN,short_wave,long_wave,False,0.98814,74.61538461538461
sp|Q8AYM7.1|OPSG3_DANRE,sp|P04001.1|OPSG_HUMAN,short_wave,long_wave,False,0.9878659,72.82967032967034
sp|Q8AYM7.1|OPSG3_DANRE,sp|O18913.2|OPSR_FELCA,short_wave,long_wave,False,0.9851513,70.08241758241758
sp|Q8AYM7.1|OPSG3_DANRE,sp|O18912.2|OPSR_HORSE,short_wave,long_wave,False,0.9874877,69.3956043956044
sp|Q8AYM7.1|OPSG3_DANRE,sp|Q9BGI7.1|OPSR_BOVIN,short_wave,long_wave,False,0.98841155,69.53296703296704
sp|Q8AYM7.1|OPSG3_DANRE,sp|Q95170.1|OPSR_CAPHI,short_wave,long_wave,False,0.98854846,69.3956043956044
sp|Q8AYM7.1|OPSG3_DANRE,sp|O18914.2|OPSR_CANLF,short_wave,long_wave,False,0.98711735,69.25824175824177
sp|Q8AYM7.1|OPSG3_DANRE,sp|O18910.2|OPSG_RABIT,short_wave,long_wave,False,0.9885571,68.43406593406594
sp|Q8AYM7.1|OPSG3_DANRE,sp|P41592.1|OPSR_ANOCA,short_wave,long_wave,False,0.98689365,65.85832246849196
sp|Q8AYM7.1|OPSG3_DANRE,sp|P22329.1|OPSR_CHICK,short_wave,long_wave,False,0.98824275,68.19747416762343
sp|Q8AYM7.1|OPSG3_DANRE,sp|P87367.1|OPSR_ORYLA,short_wave,long_wave,False,0.9871239,65.00535676023141
sp|Q8AYM7.1|OPSG3_DANRE,sp|P32313.1|OPSR_CARAU,short_wave,long_wave,False,0.9875911,64.16970216413114
sp|Q8AYM7.1|OPSG3_DANRE,sp|O12948.1|OPSR_XENLA,short_wave,long_wave,False,0.9904051,64.02216427640157
sp|Q8AYM7.1|OPSG3_DANRE,sp|Q9W6A7.1|OPSR1_DANRE,short_wave,long_wave,False,0.9854141,63.751874866080996
sp|Q8AYM7.1|OPSG3_DANRE,sp|P22332.2|OPSR_PSAFA,short_wave,long_wave,False,0.9874222,63.055496035997436
sp|Q8AYM7.1|OPSG3_DANRE,sp|Q8AYN0.1|OPSR2_DANRE,short_wave,long_wave,False,0.9858804,64.32126696832579
sp|Q8AYM7.1|OPSG3_DANRE,sp|P35358.1|OPSG_GEKGE,short_wave,long_wave,False,0.9849013,62.7509778357236
sp|Q8AYM7.1|OPSG3_DANRE,sp|P22331.1|OPSG2_PSAFA,short_wave,long_wave,False,0.9881818,62.85067873303167
sp|Q8AYM7.1|OPSG3_DANRE,sp|P22330.1|OPSG1_PSAFA,short_wave,long_wave,False,0.98929524,61.96832579185521
sp|Q8AYM7.1|OPSG3_DANRE,sp|O18911.1|OPSG_ODOVI,short_wave,long_wave,False,0.97171646,69.67032967032968
sp|Q8AYM7.1|OPSG3_DANRE,sp|Q90215.1|OPSD2_ANGAN,short_wave,long_wave,False,0.9956416,46.41025641025641
sp|Q8AYM7.1|OPSG3_DANRE,sp|P79756.1|OPSD_GAMAF,short_wave,long_wave,False,0.99597013,46.0230092488157
sp|Q8AYM7.1|OPSG3_DANRE,sp|O42490.1|OPSP_PETMA,short_wave,long_wave,False,0.9562382,44.72869906297669
sp|Q9W6A6.2|OPSG4_DANRE,sp|Q8HY69.2|OPSD_SMICR,short_wave,short_wave,True,0.9909595,47.59882005899705
sp|Q9W6A6.2|OPSG4_DANRE,sp|P28682.1|OPSB_CHICK,short_wave,short_wave,True,0.9832343,48.64183381088826
sp|Q9W6A6.2|OPSG4_DANRE,sp|P56516.1|OPSD_RANTE,short_wave,short_wave,True,0.99003303,47.57357357357357
sp|Q9W6A6.2|OPSG4_DANRE,sp|P51476.1|OPSP_COLLI,short_wave,short_wave,True,0.9724682,48.9185667752443
sp|Q9W6A6.2|OPSG4_DANRE,sp|P51472.1|OPSB_PSAFA,short_wave,short_wave,True,0.9859443,49.07598784194529
sp|Q9W6A6.2|OPSG4_DANRE,sp|Q8AYM8.1|OPSG2_DANRE,short_wave,short_wave,True,0.99534464,48.15384615384615
sp|Q9W6A6.2|OPSG4_DANRE,sp|Q9W6A8.1|OP1S2_DANRE,short_wave,short_wave,True,0.99026525,48.38650306748467
sp|Q9W6A6.2|OPSG4_DANRE,sp|P35357.1|OPSB_GEKGE,short_wave,short_wave,True,0.99600476,49.44910179640719
sp|Q9W6A6.2|OPSG4_DANRE,sp|P51470.1|OPSD_AQUCT,short_wave,short_wave,True,0.9924448,47.57357357357357
sp|Q9W6A6.2|OPSG4_DANRE,sp|Q9W6A5.2|OPSG1_DANRE,short_wave,short_wave,True,0.9945172,47.84615384615385
sp|Q9W6A6.2|OPSG4_DANRE,sp|P41591.1|OPSD_ANOCA,short_wave,short_wave,True,0.9962494,48.54545454545455
sp|Q9W6A6.2|OPSG4_DANRE,sp|P31355.1|OPSD_LITPI,short_wave,short_wave,True,0.9912539,47.273273273273276
sp|Q9W6A6.2|OPSG4_DANRE,sp|Q90245.1|OPSD_AMBTI,short_wave,short_wave,True,0.99339426,47.63112391930836
sp|Q9W6A6.2|OPSG4_DANRE,sp|O93441.1|OPSD_GALML,short_wave,short_wave,True,0.99525774,47.660714285714285
sp|Q9W6A6.2|OPSG4_DANRE,sp|O93459.1|OPSD_SCYCA,short_wave,short_wave,True,0.99161226,47.70689655172414
sp|Q9W6A6.2|OPSG4_DANRE,sp|P28683.1|OPSG_CHICK,short_wave,short_wave,True,0.9958364,47.83177570093458
sp|Q9W6A6.2|OPSG4_DANRE,sp|P51489.1|OPSD_RAT,short_wave,short_wave,True,0.99429667,46.832369942196536
sp|Q9W6A6.2|OPSG4_DANRE,sp|O13227.1|OPSB_CONCO,short_wave,short_wave,True,0.9920462,47.716012084592144
sp|Q9W6A6.2|OPSG4_DANRE,sp|P32311.1|OPSG1_CARAU,short_wave,short_wave,True,0.9981586,48.0
sp|Q9W6A6.2|OPSG4_DANRE,sp|P49912.1|OPSD_RABIT,short_wave,short_wave,True,0.9933365,46.839506172839506
sp|Q9W6A6.2|OPSG4_DANRE,sp|Q28886.1|OPSD_MACFA,short_wave,short_wave,True,0.99439085,46.832369942196536
sp|Q9W6A6.2|OPSG4_DANRE,sp|O62795.1|OPSD_PAGGO,short_wave,short_wave,True,0.99448335,46.832369942196536
sp|Q9W6A6.2|OPSG4_DANRE,sp|P52202.1|OPSD_ALLMI,short_wave,short_wave,True,0.994043,47.12312312312312
sp|Q9W6A6.2|OPSG4_DANRE,sp|O62794.1|OPSD_PHOVI,short_wave,short_wave,True,0.9943317,46.832369942196536
sp|Q9W6A6.2|OPSG4_DANRE,sp|Q769E8.1|OPSD_OTOCR,short_wave,short_wave,True,0.9938994,46.54335260115607
sp|Q9W6A6.2|OPSG4_DANRE,sp|P02699.1|OPSD_BOVIN,short_wave,short_wave,True,0.99402046,46.54335260115607
sp|Q9W6A6.2|OPSG4_DANRE,sp|Q68J47.1|OPSD_LOXAF,short_wave,short_wave,True,0.99346614,46.398843930635834
sp|Q9W6A6.2|OPSG4_DANRE,sp|Q95KU1.1|OPSD_FELCA,short_wave,short_wave,True,0.99424714,46.54335260115607
sp|Q9W6A6.2|OPSG4_DANRE,sp|O62791.1|OPSD_DELDE,short_wave,short_wave,True,0.99514353,46.398843930635834
sp|Q9W6A6.2|OPSG4_DANRE,sp|P32312.1|OPSG2_CARAU,short_wave,short_wave,True,0.99947953,47.84615384615385
sp|Q9W6A6.2|OPSG4_DANRE,sp|P15409.2|OPSD_MOUSE,short_wave,short_wave,True,0.9938691,46.25433526011561
sp|Q9W6A6.2|OPSG4_DANRE,sp|P22328.1|OPSD_CHICK,short_wave,short_wave,True,0.992481,47.313782991202345
sp|Q9W6A6.2|OPSG4_DANRE,sp|Q6W3E1.1|OPSD_CALPD,short_wave,short_wave,True,0.9946646,46.25433526011561
sp|Q9W6A6.2|OPSG4_DANRE,sp|P51471.1|OPSB_ANOCA,short_wave,short_wave,True,0.99341345,47.36448598130841
sp|Q9W6A6.2|OPSG4_DANRE,sp|P28681.1|OPSD_CRIGR,short_wave,short_wave,True,0.9944261,46.6878612716763
sp|Q9W6A6.2|OPSG4_DANRE,sp|P56515.1|OPSD_RHIMB,short_wave,short_wave,True,0.9932356,48.02402402402402
sp|Q9W6A6.2|OPSG4_DANRE,sp|O62793.1|OPSD_MESBI,short_wave,short_wave,True,0.9953388,46.123893805309734
sp|Q9W6A6.2|OPSG4_DANRE,sp|P79863.1|OPSD_LEUER,short_wave,short_wave,True,0.9934824,46.91066282420749
sp|Q9W6A6.2|OPSG4_DANRE,sp|P56514.1|OPSD_BUFBU,short_wave,short_wave,True,0.99188155,47.72372372372372
sp|Q9W6A6.2|OPSG4_DANRE,sp|O62798.1|OPSD_TURTR,short_wave,short_wave,True,0.9954807,46.25433526011561
sp|Q9W6A6.2|OPSG4_DANRE,sp|Q90214.1|OPSD1_ANGAN,short_wave,short_wave,True,0.99326605,46.953216374269005
sp|Q9W6A6.2|OPSG4_DANRE,sp|P22671.1|OPSD_LETCA,short_wave,short_wave,True,0.9962325,47.582089552238806
sp|Q9W6A6.2|OPSG4_DANRE,sp|P08100.1|OPSD_HUMAN,short_wave,short_wave,True,0.9952039,46.86135693215339
sp|Q9W6A6.2|OPSG4_DANRE,sp|O62792.1|OPSD_GLOME,short_wave,short_wave,True,0.99543947,46.10982658959537
sp|Q9W6A6.2|OPSG4_DANRE,sp|P02700.2|OPSD_SHEEP,short_wave,short_wave,True,0.99577504,46.10982658959537
sp|Q9W6A6.2|OPSG4_DANRE,sp|O18766.1|OPSD_PIG,short_wave,short_wave,True,0.9950133,46.89156626506024
sp|Q9W6A6.2|OPSG4_DANRE,sp|Q9YGZ0.1|OPSD_SARPI,short_wave,short_wave,True,0.9950441,46.61538461538461
sp|Q9W6A6.2|OPSG4_DANRE,sp|P29403.1|OPSD_XENLA,short_wave,short_wave,True,0.9941611,48.17417417417417
sp|Q9W6A6.2|OPSG4_DANRE,sp|P79807.1|OPSD_MYRVI,short_wave,short_wave,True,0.99460226,46.9559748427673
sp|Q9W6A6.2|OPSG4_DANRE,sp|P79898.1|OPSD_SARDI,short_wave,short_wave,True,0.9924497,46.337278106508876
sp|Q9W6A6.2|OPSG4_DANRE,sp|P32308.1|OPSD_CANLF,short_wave,short_wave,True,0.9945506,46.6878612716763
sp|Q9W6A6.2|OPSG4_DANRE,sp|O42604.1|OPSD_ZEUFA,short_wave,short_wave,True,0.99383914,47.86706948640483
sp|Q9W6A6.2|OPSG4_DANRE,sp|P79914.1|OPSD_SARXA,short_wave,short_wave,True,0.99398875,47.510971786833856
sp|Q9W6A6.2|OPSG4_DANRE,sp|P79911.1|OPSD_SARTI,short_wave,short_wave,True,0.9936469,46.9559748427673
sp|Q9W6A6.2|OPSG4_DANRE,sp|O62796.1|OPSD_TRIMA,short_wave,short_wave,True,0.99409634,46.54335260115607
sp|Q9W6A6.2|OPSG4_DANRE,sp|P51474.1|OPSG3_PSAFA,short_wave,short_wave,True,0.9972776,47.69230769230769
sp|Q9W6A6.2|OPSG4_DANRE,sp|P79901.1|OPSD_SARMI,short_wave,short_wave,True,0.99231285,45.89349112426036
sp|Q9W6A6.2|OPSG4_DANRE,sp|P79798.1|OPSD_MYRBE,short_wave,short_wave,True,0.9946946,46.9559748427673
sp|Q9W6A6.2|OPSG4_DANRE,sp|P79902.1|OPSD_SARPU,short_wave,short_wave,True,0.992948,46.485207100591715
sp|Q9W6A6.2|OPSG4_DANRE,sp|P79808.1|OPSD_NEOAR,short_wave,short_wave,True,0.99370235,47.1974921630094
sp|Q9W6A6.2|OPSG4_DANRE,sp|P79809.1|OPSD_NEOAU,short_wave,short_wave,True,0.9935427,47.42767295597484
sp|Q9W6A6.2|OPSG4_DANRE,sp|P79903.1|OPSD_SARSP,short_wave,short_wave,True,0.9938543,46.64150943396227
sp|Q9W6A6.2|OPSG4_DANRE,sp|P51488.1|OPSD_CYPCA,short_wave,short_wave,True,0.9921067,47.5207100591716
sp|Q9W6A6.2|OPSG4_DANRE,sp|P79812.1|OPSD_NEOSA,short_wave,short_wave,True,0.9932474,47.35423197492163
sp|Q9W6A6.2|OPSG4_DANRE,sp|Q9YGY9.1|OPSD_ZOSOP,short_wave,short_wave,True,0.99509287,46.3943661971831
sp|Q9W6A6.2|OPSG4_DANRE,sp|Q9YGZ2.1|OPSD_GOBNI,short_wave,short_wave,True,0.9953779,46.53521126760563
sp|Q9W6A6.2|OPSG4_DANRE,sp|P41590.1|OPSD_PSAFA,short_wave,short_wave,True,0.99410474,45.875
sp|Q9W6A6.2|OPSG4_DANRE,sp|P51475.1|OPSP_CHICK,short_wave,short_wave,True,0.9778177,47.26283987915408
sp|Q9W6A6.2|OPSG4_DANRE,sp|P32309.1|OPSD_CARAU,short_wave,short_wave,True,0.99120235,47.07692307692308
sp|Q9W6A6.2|OPSG4_DANRE,sp|Q9R024.1|OPSG_CAVPO,short_wave,short_wave,True,0.9880148,45.706586826347305
sp|Q9W6A6.2|OPSG4_DANRE,sp|P87369.1|OPSD_ORYLA,short_wave,short_wave,True,0.9947654,47.07692307692308
sp|Q9W6A6.2|OPSG4_DANRE,sp|P34989.1|OPSL_CALJA,short_wave,short_wave,True,0.9895392,45.42857142857143
sp|Q9W6A6.2|OPSG4_DANRE,sp|Q9YH05.1|OPSD_DIPAN,short_wave,short_wave,True,0.9955586,45.63323782234957
sp|Q9W6A6.2|OPSG4_DANRE,sp|Q9YGZ8.1|OPSD_CHELB,short_wave,short_wave,True,0.99447525,45.91977077363897
sp|Q9W6A6.2|OPSG4_DANRE,sp|Q9YGZ5.1|OPSD_SOLSO,short_wave,short_wave,True,0.9948621,46.69938650306749
sp|Q9W6A6.2|OPSG4_DANRE,sp|O35476.2|OPSG_RAT,short_wave,short_wave,True,0.98970425,46.515527950310556
sp|Q9W6A6.2|OPSG4_DANRE,sp|Q9DGG4.1|OPSD_TETNG,short_wave,short_wave,True,0.9954013,45.91011235955057
sp|Q9W6A6.2|OPSG4_DANRE,sp|Q9YGZ3.1|OPSD_SALPV,short_wave,short_wave,True,0.99582636,45.98879551820728
sp|Q9W6A6.2|OPSG4_DANRE,sp|P35359.2|OPSD_DANRE,short_wave,short_wave,True,0.9942037,46.65861027190333
sp|Q9W6A6.2|OPSG4_DANRE,sp|P79848.1|OPSD_POERE,short_wave,short_wave,True,0.9942676,47.07692307692308
sp|Q9W6A6.2|OPSG4_DANRE,sp|O35599.1|OPSG_MOUSE,short_wave,short_wave,True,0.9885475,46.515527950310556
sp|Q9W6A6.2|OPSG4_DANRE,sp|O35478.2|OPSG_SCICA,short_wave,short_wave,True,0.98827666,45.55688622754491
sp|Q9W6A6.2|OPSG4_DANRE,sp|Q9YGZ6.1|OPSD_CHEAU,short_wave,short_wave,True,0.9948149,46.050561797752806
sp|Q9W6A6.2|OPSG4_DANRE,sp|Q98980.1|OPSD_PETMA,short_wave,short_wave,True,0.994524,47.582089552238806
sp|Q9W6A6.2|OPSG4_DANRE,sp|P04000.2|OPSR_HUMAN,short_wave,long_wave,False,0.98642266,74.0
sp|Q9W6A6.2|OPSG4_DANRE,sp|P04001.1|OPSG_HUMAN,short_wave,long_wave,False,0.98683643,72.21428571428572
sp|Q9W6A6.2|OPSG4_DANRE,sp|O18913.2|OPSR_FELCA,short_wave,long_wave,False,0.984703,69.46703296703296
sp|Q9W6A6.2|OPSG4_DANRE,sp|O18912.2|OPSR_HORSE,short_wave,long_wave,False,0.9877707,68.78021978021978
sp|Q9W6A6.2|OPSG4_DANRE,sp|Q9BGI7.1|OPSR_BOVIN,short_wave,long_wave,False,0.9877095,68.91758241758242
sp|Q9W6A6.2|OPSG4_DANRE,sp|Q95170.1|OPSR_CAPHI,short_wave,long_wave,False,0.9880241,68.78021978021978
sp|Q9W6A6.2|OPSG4_DANRE,sp|O18914.2|OPSR_CANLF,short_wave,long_wave,False,0.9876103,68.64285714285714
sp|Q9W6A6.2|OPSG4_DANRE,sp|O18910.2|OPSG_RABIT,short_wave,long_wave,False,0.9879595,67.81868131868131
sp|Q9W6A6.2|OPSG4_DANRE,sp|P41592.1|OPSR_ANOCA,short_wave,long_wave,False,0.9848648,65.24293785310735
sp|Q9W6A6.2|OPSG4_DANRE,sp|P22329.1|OPSR_CHICK,short_wave,long_wave,False,0.98735344,67.58208955223881
sp|Q9W6A6.2|OPSG4_DANRE,sp|P87367.1|OPSR_ORYLA,short_wave,long_wave,False,0.9861859,64.3899721448468
sp|Q9W6A6.2|OPSG4_DANRE,sp|P32313.1|OPSR_CARAU,short_wave,long_wave,False,0.9848149,63.55431754874652
sp|Q9W6A6.2|OPSG4_DANRE,sp|O12948.1|OPSR_XENLA,short_wave,long_wave,False,0.984706,63.40677966101695
sp|Q9W6A6.2|OPSG4_DANRE,sp|Q9W6A7.1|OPSR1_DANRE,short_wave,long_wave,False,0.9837985,63.136490250696376
sp|Q9W6A6.2|OPSG4_DANRE,sp|P22332.2|OPSR_PSAFA,short_wave,long_wave,False,0.9870585,62.440111420612816
sp|Q9W6A6.2|OPSG4_DANRE,sp|Q8AYN0.1|OPSR2_DANRE,short_wave,long_wave,False,0.98496836,63.705882352941174
sp|Q9W6A6.2|OPSG4_DANRE,sp|P35358.1|OPSG_GEKGE,short_wave,long_wave,False,0.98061436,62.13559322033898
sp|Q9W6A6.2|OPSG4_DANRE,sp|P22331.1|OPSG2_PSAFA,short_wave,long_wave,False,0.9830919,62.23529411764706
sp|Q9W6A6.2|OPSG4_DANRE,sp|P22330.1|OPSG1_PSAFA,short_wave,long_wave,False,0.9854927,61.35294117647059
sp|Q9W6A6.2|OPSG4_DANRE,sp|O18911.1|OPSG_ODOVI,short_wave,long_wave,False,0.9753564,69.05494505494505
sp|Q9W6A6.2|OPSG4_DANRE,sp|Q90215.1|OPSD2_ANGAN,short_wave,long_wave,False,0.9927923,45.794871794871796
sp|Q9W6A6.2|OPSG4_DANRE,sp|P79756.1|OPSD_GAMAF,short_wave,long_wave,False,0.9947789,45.407624633431084
sp|Q9W6A6.2|OPSG4_DANRE,sp|O42490.1|OPSP_PETMA,short_wave,long_wave,False,0.9587824,44.11331444759207
sp|Q8HY69.2|OPSD_SMICR,sp|P28682.1|OPSB_CHICK,short_wave,short_wave,True,0.9632811,48.24065386988531
sp|Q8HY69.2|OPSD_SMICR,sp|P56516.1|OPSD_RANTE,short_wave,short_wave,True,0.9966826,47.17239363257062
sp|Q8HY69.2|OPSD_SMICR,sp|P51476.1|OPSP_COLLI,short_wave,short_wave,True,0.95056283,48.51738683424135
sp|Q8HY69.2|OPSD_SMICR,sp|P51472.1|OPSB_PSAFA,short_wave,short_wave,True,0.9798079,48.67480790094234
sp|Q8HY69.2|OPSD_SMICR,sp|Q8AYM8.1|OPSG2_DANRE,short_wave,short_wave,True,0.98823357,47.7526662128432
sp|Q8HY69.2|OPSD_SMICR,sp|Q9W6A8.1|OP1S2_DANRE,short_wave,short_wave,True,0.98643637,47.98532312648172
sp|Q8HY69.2|OPSD_SMICR,sp|P35357.1|OPSB_GEKGE,short_wave,short_wave,True,0.9932594,49.04792185540424
sp|Q8HY69.2|OPSD_SMICR,sp|P51470.1|OPSD_AQUCT,short_wave,short_wave,True,0.9977461,47.17239363257062
sp|Q8HY69.2|OPSD_SMICR,sp|Q9W6A5.2|OPSG1_DANRE,short_wave,short_wave,True,0.98769087,47.444973905150896
sp|Q8HY69.2|OPSD_SMICR,sp|P41591.1|OPSD_ANOCA,short_wave,short_wave,True,0.995556,48.144274604451596
sp|Q8HY69.2|OPSD_SMICR,sp|P31355.1|OPSD_LITPI,short_wave,short_wave,True,0.9975422,46.872093332270325
sp|Q8HY69.2|OPSD_SMICR,sp|Q90245.1|OPSD_AMBTI,short_wave,short_wave,True,0.9982052,47.22994397830541
sp|Q8HY69.2|OPSD_SMICR,sp|O93441.1|OPSD_GALML,short_wave,short_wave,True,0.99651015,47.259534344711334
sp|Q8HY69.2|OPSD_SMICR,sp|O93459.1|OPSD_SCYCA,short_wave,short_wave,True,0.99674976,47.30571661072119
sp|Q8HY69.2|OPSD_SMICR,sp|P28683.1|OPSG_CHICK,short_wave,short_wave,True,0.9940774,47.43059575993163
sp|Q8HY69.2|OPSD_SMICR,sp|P51489.1|OPSD_RAT,short_wave,short_wave,True,0.99855864,46.431190001193585
sp|Q8HY69.2|OPSD_SMICR,sp|O13227.1|OPSB_CONCO,short_wave,short_wave,True,0.99730587,47.31483214358919
sp|Q8HY69.2|OPSD_SMICR,sp|P32311.1|OPSG1_CARAU,short_wave,short_wave,True,0.9920417,47.59882005899705
sp|Q8HY69.2|OPSD_SMICR,sp|P49912.1|OPSD_RABIT,short_wave,short_wave,True,0.9990407,46.438326231836555
sp|Q8HY69.2|OPSD_SMICR,sp|Q28886.1|OPSD_MACFA,short_wave,short_wave,True,0.99856013,46.431190001193585
sp|Q8HY69.2|OPSD_SMICR,sp|O62795.1|OPSD_PAGGO,short_wave,short_wave,True,0.9982115,46.431190001193585
sp|Q8HY69.2|OPSD_SMICR,sp|P52202.1|OPSD_ALLMI,short_wave,short_wave,True,0.9976889,46.72194318212017
sp|Q8HY69.2|OPSD_SMICR,sp|O62794.1|OPSD_PHOVI,short_wave,short_wave,True,0.99828416,46.431190001193585
sp|Q8HY69.2|OPSD_SMICR,sp|Q769E8.1|OPSD_OTOCR,short_wave,short_wave,True,0.9986055,46.14217266015312
sp|Q8HY69.2|OPSD_SMICR,sp|P02699.1|OPSD_BOVIN,short_wave,short_wave,True,0.99857146,46.14217266015312
sp|Q8HY69.2|OPSD_SMICR,sp|Q68J47.1|OPSD_LOXAF,short_wave,short_wave,True,0.9984946,45.99766398963288
sp|Q8HY69.2|OPSD_SMICR,sp|Q95KU1.1|OPSD_FELCA,short_wave,short_wave,True,0.9985572,46.14217266015312
sp|Q8HY69.2|OPSD_SMICR,sp|O62791.1|OPSD_DELDE,short_wave,short_wave,True,0.99806374,45.99766398963288
sp|Q8HY69.2|OPSD_SMICR,sp|P32312.1|OPSG2_CARAU,short_wave,short_wave,True,0.9896569,47.444973905150896
sp|Q8HY69.2|OPSD_SMICR,sp|P15409.2|OPSD_MOUSE,short_wave,short_wave,True,0.99850774,45.85315531911266
sp|Q8HY69.2|OPSD_SMICR,sp|P22328.1|OPSD_CHICK,short_wave,short_wave,True,0.99741167,46.912603050199394
sp|Q8HY69.2|OPSD_SMICR,sp|Q6W3E1.1|OPSD_CALPD,short_wave,short_wave,True,0.99836177,45.85315531911266
sp|Q8HY69.2|OPSD_SMICR,sp|P51471.1|OPSB_ANOCA,short_wave,short_wave,True,0.9923357,46.96330604030546
sp|Q8HY69.2|OPSD_SMICR,sp|P28681.1|OPSD_CRIGR,short_wave,short_wave,True,0.99824977,46.286681330673346
sp|Q8HY69.2|OPSD_SMICR,sp|P56515.1|OPSD_RHIMB,short_wave,short_wave,True,0.99775606,47.62284408302107
sp|Q8HY69.2|OPSD_SMICR,sp|O62793.1|OPSD_MESBI,short_wave,short_wave,True,0.9972625,45.72271386430678
sp|Q8HY69.2|OPSD_SMICR,sp|P79863.1|OPSD_LEUER,short_wave,short_wave,True,0.9969039,46.50948288320454
sp|Q8HY69.2|OPSD_SMICR,sp|P56514.1|OPSD_BUFBU,short_wave,short_wave,True,0.9972348,47.32254378272077
sp|Q8HY69.2|OPSD_SMICR,sp|O62798.1|OPSD_TURTR,short_wave,short_wave,True,0.9976964,45.85315531911266
sp|Q8HY69.2|OPSD_SMICR,sp|Q90214.1|OPSD1_ANGAN,short_wave,short_wave,True,0.99592626,46.55203643326605
sp|Q8HY69.2|OPSD_SMICR,sp|P22671.1|OPSD_LETCA,short_wave,short_wave,True,0.9942036,47.180909611235855
sp|Q8HY69.2|OPSD_SMICR,sp|P08100.1|OPSD_HUMAN,short_wave,short_wave,True,0.99843144,46.46017699115044
sp|Q8HY69.2|OPSD_SMICR,sp|O62792.1|OPSD_GLOME,short_wave,short_wave,True,0.99717295,45.70864664859242
sp|Q8HY69.2|OPSD_SMICR,sp|P02700.2|OPSD_SHEEP,short_wave,short_wave,True,0.99734694,45.70864664859242
sp|Q8HY69.2|OPSD_SMICR,sp|O18766.1|OPSD_PIG,short_wave,short_wave,True,0.99806476,46.49038632405729
sp|Q8HY69.2|OPSD_SMICR,sp|Q9YGZ0.1|OPSD_SARPI,short_wave,short_wave,True,0.9935922,46.21420467438166
sp|Q8HY69.2|OPSD_SMICR,sp|P29403.1|OPSD_XENLA,short_wave,short_wave,True,0.99585116,47.77299423317122
sp|Q8HY69.2|OPSD_SMICR,sp|P79807.1|OPSD_MYRVI,short_wave,short_wave,True,0.9925495,46.554794901764346
sp|Q8HY69.2|OPSD_SMICR,sp|P79898.1|OPSD_SARDI,short_wave,short_wave,True,0.9930244,45.936098165505925
sp|Q8HY69.2|OPSD_SMICR,sp|P32308.1|OPSD_CANLF,short_wave,short_wave,True,0.99863183,46.286681330673346
sp|Q8HY69.2|OPSD_SMICR,sp|O42604.1|OPSD_ZEUFA,short_wave,short_wave,True,0.9929129,47.46588954540188
sp|Q8HY69.2|OPSD_SMICR,sp|P79914.1|OPSD_SARXA,short_wave,short_wave,True,0.9919732,47.109791845830905
sp|Q8HY69.2|OPSD_SMICR,sp|P79911.1|OPSD_SARTI,short_wave,short_wave,True,0.9937138,46.554794901764346
sp|Q8HY69.2|OPSD_SMICR,sp|O62796.1|OPSD_TRIMA,short_wave,short_wave,True,0.9982549,46.14217266015312
sp|Q8HY69.2|OPSD_SMICR,sp|P51474.1|OPSG3_PSAFA,short_wave,short_wave,True,0.99224293,47.29112775130474
sp|Q8HY69.2|OPSD_SMICR,sp|P79901.1|OPSD_SARMI,short_wave,short_wave,True,0.99399126,45.49231118325741
sp|Q8HY69.2|OPSD_SMICR,sp|P79798.1|OPSD_MYRBE,short_wave,short_wave,True,0.98979795,46.554794901764346
sp|Q8HY69.2|OPSD_SMICR,sp|P79902.1|OPSD_SARPU,short_wave,short_wave,True,0.9933222,46.084027159588764
sp|Q8HY69.2|OPSD_SMICR,sp|P79808.1|OPSD_NEOAR,short_wave,short_wave,True,0.99215704,46.79631222200645
sp|Q8HY69.2|OPSD_SMICR,sp|P79809.1|OPSD_NEOAU,short_wave,short_wave,True,0.99280053,47.02649301497189
sp|Q8HY69.2|OPSD_SMICR,sp|P79903.1|OPSD_SARSP,short_wave,short_wave,True,0.99349976,46.24032949295932
sp|Q8HY69.2|OPSD_SMICR,sp|P51488.1|OPSD_CYPCA,short_wave,short_wave,True,0.9949361,47.11953011816865
sp|Q8HY69.2|OPSD_SMICR,sp|P79812.1|OPSD_NEOSA,short_wave,short_wave,True,0.9919512,46.95305203391868
sp|Q8HY69.2|OPSD_SMICR,sp|Q9YGY9.1|OPSD_ZOSOP,short_wave,short_wave,True,0.99248636,45.99318625618015
sp|Q8HY69.2|OPSD_SMICR,sp|Q9YGZ2.1|OPSD_GOBNI,short_wave,short_wave,True,0.99348605,46.13403132660268
sp|Q8HY69.2|OPSD_SMICR,sp|P41590.1|OPSD_PSAFA,short_wave,short_wave,True,0.99367446,45.47382005899705
sp|Q8HY69.2|OPSD_SMICR,sp|P51475.1|OPSP_CHICK,short_wave,short_wave,True,0.9537142,46.86165993815113
sp|Q8HY69.2|OPSD_SMICR,sp|P32309.1|OPSD_CARAU,short_wave,short_wave,True,0.99413824,46.67574313592013
sp|Q8HY69.2|OPSD_SMICR,sp|Q9R024.1|OPSG_CAVPO,short_wave,short_wave,True,0.9760171,45.305406885344354
sp|Q8HY69.2|OPSD_SMICR,sp|P87369.1|OPSD_ORYLA,short_wave,short_wave,True,0.9936926,46.67574313592013
sp|Q8HY69.2|OPSD_SMICR,sp|P34989.1|OPSL_CALJA,short_wave,short_wave,True,0.9806457,45.02739148756848
sp|Q8HY69.2|OPSD_SMICR,sp|Q9YH05.1|OPSD_DIPAN,short_wave,short_wave,True,0.99430335,45.23205788134662
sp|Q8HY69.2|OPSD_SMICR,sp|Q9YGZ8.1|OPSD_CHELB,short_wave,short_wave,True,0.98975384,45.51859083263602
sp|Q8HY69.2|OPSD_SMICR,sp|Q9YGZ5.1|OPSD_SOLSO,short_wave,short_wave,True,0.993309,46.298206562064536
sp|Q8HY69.2|OPSD_SMICR,sp|O35476.2|OPSG_RAT,short_wave,short_wave,True,0.984035,46.114348009307605
sp|Q8HY69.2|OPSD_SMICR,sp|Q9DGG4.1|OPSD_TETNG,short_wave,short_wave,True,0.99298227,45.508932418547616
sp|Q8HY69.2|OPSD_SMICR,sp|Q9YGZ3.1|OPSD_SALPV,short_wave,short_wave,True,0.9928453,45.58761557720433
sp|Q8HY69.2|OPSD_SMICR,sp|P35359.2|OPSD_DANRE,short_wave,short_wave,True,0.9939075,46.25743033090038
sp|Q8HY69.2|OPSD_SMICR,sp|P79848.1|OPSD_POERE,short_wave,short_wave,True,0.9934469,46.67574313592013
sp|Q8HY69.2|OPSD_SMICR,sp|O35599.1|OPSG_MOUSE,short_wave,short_wave,True,0.9830532,46.114348009307605
sp|Q8HY69.2|OPSD_SMICR,sp|O35478.2|OPSG_SCICA,short_wave,short_wave,True,0.98110086,45.15570628654196
sp|Q8HY69.2|OPSD_SMICR,sp|Q9YGZ6.1|OPSD_CHEAU,short_wave,short_wave,True,0.9905095,45.649381856749855
sp|Q8HY69.2|OPSD_SMICR,sp|Q98980.1|OPSD_PETMA,short_wave,short_wave,True,0.9927419,47.180909611235855
sp|Q8HY69.2|OPSD_SMICR,sp|P04000.2|OPSR_HUMAN,short_wave,long_wave,False,0.9764743,73.59882005899705
sp|Q8HY69.2|OPSD_SMICR,sp|P04001.1|OPSG_HUMAN,short_wave,long_wave,False,0.97564286,71.81310577328276
sp|Q8HY69.2|OPSD_SMICR,sp|O18913.2|OPSR_FELCA,short_wave,long_wave,False,0.9721309,69.06585302603001
sp|Q8HY69.2|OPSD_SMICR,sp|O18912.2|OPSR_HORSE,short_wave,long_wave,False,0.9752798,68.37903983921683
sp|Q8HY69.2|OPSD_SMICR,sp|Q9BGI7.1|OPSR_BOVIN,short_wave,long_wave,False,0.9764811,68.51640247657946
sp|Q8HY69.2|OPSD_SMICR,sp|Q95170.1|OPSR_CAPHI,short_wave,long_wave,False,0.97637874,68.37903983921683
sp|Q8HY69.2|OPSD_SMICR,sp|O18914.2|OPSR_CANLF,short_wave,long_wave,False,0.97424066,68.2416772018542
sp|Q8HY69.2|OPSD_SMICR,sp|O18910.2|OPSG_RABIT,short_wave,long_wave,False,0.9764048,67.41750137767838
sp|Q8HY69.2|OPSD_SMICR,sp|P41592.1|OPSR_ANOCA,short_wave,long_wave,False,0.97694594,64.84175791210438
sp|Q8HY69.2|OPSD_SMICR,sp|P22329.1|OPSR_CHICK,short_wave,long_wave,False,0.9756197,67.18090961123585
sp|Q8HY69.2|OPSD_SMICR,sp|P87367.1|OPSR_ORYLA,short_wave,long_wave,False,0.97701305,63.98879220384384
sp|Q8HY69.2|OPSD_SMICR,sp|P32313.1|OPSR_CARAU,short_wave,long_wave,False,0.9797326,63.15313760774357
sp|Q8HY69.2|OPSD_SMICR,sp|O12948.1|OPSR_XENLA,short_wave,long_wave,False,0.9838793,63.005599720014
sp|Q8HY69.2|OPSD_SMICR,sp|Q9W6A7.1|OPSR1_DANRE,short_wave,long_wave,False,0.9786854,62.735310309693425
sp|Q8HY69.2|OPSD_SMICR,sp|P22332.2|OPSR_PSAFA,short_wave,long_wave,False,0.979213,62.038931479609865
sp|Q8HY69.2|OPSD_SMICR,sp|Q8AYN0.1|OPSR2_DANRE,short_wave,long_wave,False,0.9775369,63.30470241193822
sp|Q8HY69.2|OPSD_SMICR,sp|P35358.1|OPSG_GEKGE,short_wave,long_wave,False,0.9757262,61.73441327933603
sp|Q8HY69.2|OPSD_SMICR,sp|P22331.1|OPSG2_PSAFA,short_wave,long_wave,False,0.9827788,61.83411417664411
sp|Q8HY69.2|OPSD_SMICR,sp|P22330.1|OPSG1_PSAFA,short_wave,long_wave,False,0.98340905,60.951761235467636
sp|Q8HY69.2|OPSD_SMICR,sp|O18911.1|OPSG_ODOVI,short_wave,long_wave,False,0.96330774,68.65376511394211
sp|Q8HY69.2|OPSD_SMICR,sp|Q90215.1|OPSD2_ANGAN,short_wave,long_wave,False,0.99560225,45.393691853868845
sp|Q8HY69.2|OPSD_SMICR,sp|P79756.1|OPSD_GAMAF,short_wave,long_wave,False,0.9929751,45.00644469242813
sp|Q8HY69.2|OPSD_SMICR,sp|O42490.1|OPSP_PETMA,short_wave,long_wave,False,0.9375429,43.712134506589116
sp|P28682.1|OPSB_CHICK,sp|P56516.1|OPSD_RANTE,short_wave,short_wave,True,0.9653533,48.21540738446183
sp|P28682.1|OPSB_CHICK,sp|P51476.1|OPSP_COLLI,short_wave,short_wave,True,0.982458,49.56040058613256
sp|P28682.1|OPSB_CHICK,sp|P51472.1|OPSB_PSAFA,short_wave,short_wave,True,0.9798871,49.71782165283355
sp|P28682.1|OPSB_CHICK,sp|Q8AYM8.1|OPSG2_DANRE,short_wave,short_wave,True,0.98253566,48.795679964734404
sp|P28682.1|OPSB_CHICK,sp|Q9W6A8.1|OP1S2_DANRE,short_wave,short_wave,True,0.9802781,49.02833687837292
sp|P28682.1|OPSB_CHICK,sp|P35357.1|OPSB_GEKGE,short_wave,short_wave,True,0.9779245,50.09093560729544
sp|P28682.1|OPSB_CHICK,sp|P51470.1|OPSD_AQUCT,short_wave,short_wave,True,0.969244,48.21540738446183
sp|P28682.1|OPSB_CHICK,sp|Q9W6A5.2|OPSG1_DANRE,short_wave,short_wave,True,0.98224807,48.4879876570421
sp|P28682.1|OPSB_CHICK,sp|P41591.1|OPSD_ANOCA,short_wave,short_wave,True,0.97675276,49.187288356342805
sp|P28682.1|OPSB_CHICK,sp|P31355.1|OPSD_LITPI,short_wave,short_wave,True,0.96780306,47.91510708416153
sp|P28682.1|OPSB_CHICK,sp|Q90245.1|OPSD_AMBTI,short_wave,short_wave,True,0.9691453,48.27295773019661
sp|P28682.1|OPSB_CHICK,sp|O93441.1|OPSD_GALML,short_wave,short_wave,True,0.97639155,48.302548096602536
sp|P28682.1|OPSB_CHICK,sp|O93459.1|OPSD_SCYCA,short_wave,short_wave,True,0.9688809,48.34873036261239
sp|P28682.1|OPSB_CHICK,sp|P28683.1|OPSG_CHICK,short_wave,short_wave,True,0.9770496,48.47360951182283
sp|P28682.1|OPSB_CHICK,sp|P51489.1|OPSD_RAT,short_wave,short_wave,True,0.97044885,47.47420375308479
sp|P28682.1|OPSB_CHICK,sp|O13227.1|OPSB_CONCO,short_wave,short_wave,True,0.9691829,48.357845895480395
sp|P28682.1|OPSB_CHICK,sp|P32311.1|OPSG1_CARAU,short_wave,short_wave,True,0.98041654,48.64183381088826
sp|P28682.1|OPSB_CHICK,sp|P49912.1|OPSD_RABIT,short_wave,short_wave,True,0.96783835,47.481339983727764
sp|P28682.1|OPSB_CHICK,sp|Q28886.1|OPSD_MACFA,short_wave,short_wave,True,0.9701777,47.47420375308479
sp|P28682.1|OPSB_CHICK,sp|O62795.1|OPSD_PAGGO,short_wave,short_wave,True,0.9712138,47.47420375308479
sp|P28682.1|OPSB_CHICK,sp|P52202.1|OPSD_ALLMI,short_wave,short_wave,True,0.9700772,47.76495693401138
sp|P28682.1|OPSB_CHICK,sp|O62794.1|OPSD_PHOVI,short_wave,short_wave,True,0.97109294,47.47420375308479
sp|P28682.1|OPSB_CHICK,sp|Q769E8.1|OPSD_OTOCR,short_wave,short_wave,True,0.968889,47.185186412044324
sp|P28682.1|OPSB_CHICK,sp|P02699.1|OPSD_BOVIN,short_wave,short_wave,True,0.97019404,47.185186412044324
sp|P28682.1|OPSB_CHICK,sp|Q68J47.1|OPSD_LOXAF,short_wave,short_wave,True,0.96931297,47.04067774152409
sp|P28682.1|OPSB_CHICK,sp|Q95KU1.1|OPSD_FELCA,short_wave,short_wave,True,0.9697154,47.185186412044324
sp|P28682.1|OPSB_CHICK,sp|O62791.1|OPSD_DELDE,short_wave,short_wave,True,0.97446203,47.04067774152409
sp|P28682.1|OPSB_CHICK,sp|P32312.1|OPSG2_CARAU,short_wave,short_wave,True,0.9833335,48.4879876570421
sp|P28682.1|OPSB_CHICK,sp|P15409.2|OPSD_MOUSE,short_wave,short_wave,True,0.96973383,46.89616907100386
sp|P28682.1|OPSB_CHICK,sp|P22328.1|OPSD_CHICK,short_wave,short_wave,True,0.9669871,47.9556168020906
sp|P28682.1|OPSB_CHICK,sp|Q6W3E1.1|OPSD_CALPD,short_wave,short_wave,True,0.9708659,46.89616907100386
sp|P28682.1|OPSB_CHICK,sp|P51471.1|OPSB_ANOCA,short_wave,short_wave,True,0.9758417,48.00631979219666
sp|P28682.1|OPSB_CHICK,sp|P28681.1|OPSD_CRIGR,short_wave,short_wave,True,0.9699608,47.329695082564555
sp|P28682.1|OPSB_CHICK,sp|P56515.1|OPSD_RHIMB,short_wave,short_wave,True,0.970007,48.66585783491227
sp|P28682.1|OPSB_CHICK,sp|O62793.1|OPSD_MESBI,short_wave,short_wave,True,0.97628003,46.76572761619799
sp|P28682.1|OPSB_CHICK,sp|P79863.1|OPSD_LEUER,short_wave,short_wave,True,0.9716302,47.55249663509575
sp|P28682.1|OPSB_CHICK,sp|P56514.1|OPSD_BUFBU,short_wave,short_wave,True,0.968887,48.36555753461198
sp|P28682.1|OPSB_CHICK,sp|O62798.1|OPSD_TURTR,short_wave,short_wave,True,0.9750308,46.89616907100386
sp|P28682.1|OPSB_CHICK,sp|Q90214.1|OPSD1_ANGAN,short_wave,short_wave,True,0.9736576,47.59505018515726
sp|P28682.1|OPSB_CHICK,sp|P22671.1|OPSD_LETCA,short_wave,short_wave,True,0.9756931,48.22392336312706
sp|P28682.1|OPSB_CHICK,sp|P08100.1|OPSD_HUMAN,short_wave,short_wave,True,0.9717478,47.50319074304164
sp|P28682.1|OPSB_CHICK,sp|O62792.1|OPSD_GLOME,short_wave,short_wave,True,0.976669,46.75166040048363
sp|P28682.1|OPSB_CHICK,sp|P02700.2|OPSD_SHEEP,short_wave,short_wave,True,0.97442514,46.75166040048363
sp|P28682.1|OPSB_CHICK,sp|O18766.1|OPSD_PIG,short_wave,short_wave,True,0.9728218,47.53340007594849
sp|P28682.1|OPSB_CHICK,sp|Q9YGZ0.1|OPSD_SARPI,short_wave,short_wave,True,0.97837514,47.25721842627287
sp|P28682.1|OPSB_CHICK,sp|P29403.1|OPSD_XENLA,short_wave,short_wave,True,0.97493273,48.81600798506243
sp|P28682.1|OPSB_CHICK,sp|P79807.1|OPSD_MYRVI,short_wave,short_wave,True,0.9809915,47.59780865365555
sp|P28682.1|OPSB_CHICK,sp|P79898.1|OPSD_SARDI,short_wave,short_wave,True,0.977224,46.979111917397134
sp|P28682.1|OPSB_CHICK,sp|P32308.1|OPSD_CANLF,short_wave,short_wave,True,0.9698981,47.329695082564555
sp|P28682.1|OPSB_CHICK,sp|O42604.1|OPSD_ZEUFA,short_wave,short_wave,True,0.9800091,48.50890329729309
sp|P28682.1|OPSB_CHICK,sp|P79914.1|OPSD_SARXA,short_wave,short_wave,True,0.98072416,48.15280559772211
sp|P28682.1|OPSB_CHICK,sp|P79911.1|OPSD_SARTI,short_wave,short_wave,True,0.97866774,47.59780865365555
sp|P28682.1|OPSB_CHICK,sp|O62796.1|OPSD_TRIMA,short_wave,short_wave,True,0.96809006,47.185186412044324
sp|P28682.1|OPSB_CHICK,sp|P51474.1|OPSG3_PSAFA,short_wave,short_wave,True,0.9773319,48.33414150319595
sp|P28682.1|OPSB_CHICK,sp|P79901.1|OPSD_SARMI,short_wave,short_wave,True,0.9758308,46.53532493514861
sp|P28682.1|OPSB_CHICK,sp|P79798.1|OPSD_MYRBE,short_wave,short_wave,True,0.9847212,47.59780865365555
sp|P28682.1|OPSB_CHICK,sp|P79902.1|OPSD_SARPU,short_wave,short_wave,True,0.97792333,47.127040911479966
sp|P28682.1|OPSB_CHICK,sp|P79808.1|OPSD_NEOAR,short_wave,short_wave,True,0.98011273,47.83932597389766
sp|P28682.1|OPSB_CHICK,sp|P79809.1|OPSD_NEOAU,short_wave,short_wave,True,0.9798618,48.0695067668631
sp|P28682.1|OPSB_CHICK,sp|P79903.1|OPSD_SARSP,short_wave,short_wave,True,0.97900516,47.28334324485052
sp|P28682.1|OPSB_CHICK,sp|P51488.1|OPSD_CYPCA,short_wave,short_wave,True,0.97301257,48.16254387005985
sp|P28682.1|OPSB_CHICK,sp|P79812.1|OPSD_NEOSA,short_wave,short_wave,True,0.97900486,47.99606578580988
sp|P28682.1|OPSB_CHICK,sp|Q9YGY9.1|OPSD_ZOSOP,short_wave,short_wave,True,0.9802669,47.036200008071354
sp|P28682.1|OPSB_CHICK,sp|Q9YGZ2.1|OPSD_GOBNI,short_wave,short_wave,True,0.9793914,47.17704507849389
sp|P28682.1|OPSB_CHICK,sp|P41590.1|OPSD_PSAFA,short_wave,short_wave,True,0.97689927,46.51683381088826
sp|P28682.1|OPSB_CHICK,sp|P51475.1|OPSP_CHICK,short_wave,short_wave,True,0.9879061,47.90467369004233
sp|P28682.1|OPSB_CHICK,sp|P32309.1|OPSD_CARAU,short_wave,short_wave,True,0.9738056,47.71875688781133
sp|P28682.1|OPSB_CHICK,sp|Q9R024.1|OPSG_CAVPO,short_wave,short_wave,True,0.99013937,46.34842063723556
sp|P28682.1|OPSB_CHICK,sp|P87369.1|OPSD_ORYLA,short_wave,short_wave,True,0.9767761,47.71875688781133
sp|P28682.1|OPSB_CHICK,sp|P34989.1|OPSL_CALJA,short_wave,short_wave,True,0.9878035,46.07040523945968
sp|P28682.1|OPSB_CHICK,sp|Q9YH05.1|OPSD_DIPAN,short_wave,short_wave,True,0.9786043,46.27507163323783
sp|P28682.1|OPSB_CHICK,sp|Q9YGZ8.1|OPSD_CHELB,short_wave,short_wave,True,0.98196554,46.561604584527224
sp|P28682.1|OPSB_CHICK,sp|Q9YGZ5.1|OPSD_SOLSO,short_wave,short_wave,True,0.97841585,47.34122031395574
sp|P28682.1|OPSB_CHICK,sp|O35476.2|OPSG_RAT,short_wave,short_wave,True,0.9851961,47.157361761198814
sp|P28682.1|OPSB_CHICK,sp|Q9DGG4.1|OPSD_TETNG,short_wave,short_wave,True,0.9810514,46.55194617043882
sp|P28682.1|OPSB_CHICK,sp|Q9YGZ3.1|OPSD_SALPV,short_wave,short_wave,True,0.9799723,46.63062932909554
sp|P28682.1|OPSB_CHICK,sp|P35359.2|OPSD_DANRE,short_wave,short_wave,True,0.9782211,47.30044408279158
sp|P28682.1|OPSB_CHICK,sp|P79848.1|OPSD_POERE,short_wave,short_wave,True,0.978565,47.71875688781133
sp|P28682.1|OPSB_CHICK,sp|O35599.1|OPSG_MOUSE,short_wave,short_wave,True,0.98490626,47.157361761198814
sp|P28682.1|OPSB_CHICK,sp|O35478.2|OPSG_SCICA,short_wave,short_wave,True,0.9848544,46.198720038433166
sp|P28682.1|OPSB_CHICK,sp|Q9YGZ6.1|OPSD_CHEAU,short_wave,short_wave,True,0.9807259,46.692395608641064
sp|P28682.1|OPSB_CHICK,sp|Q98980.1|OPSD_PETMA,short_wave,short_wave,True,0.9761444,48.22392336312706
sp|P28682.1|OPSB_CHICK,sp|P04000.2|OPSR_HUMAN,short_wave,long_wave,False,0.98674595,74.64183381088826
sp|P28682.1|OPSB_CHICK,sp|P04001.1|OPSG_HUMAN,short_wave,long_wave,False,0.9883523,72.85611952517397
sp|P28682.1|OPSB_CHICK,sp|O18913.2|OPSR_FELCA,short_wave,long_wave,False,0.987967,70.10886677792122
sp|P28682.1|OPSB_CHICK,sp|O18912.2|OPSR_HORSE,short_wave,long_wave,False,0.9877152,69.42205359110804
sp|P28682.1|OPSB_CHICK,sp|Q9BGI7.1|OPSR_BOVIN,short_wave,long_wave,False,0.9880812,69.55941622847067
sp|P28682.1|OPSB_CHICK,sp|Q95170.1|OPSR_CAPHI,short_wave,long_wave,False,0.98873335,69.42205359110804
sp|P28682.1|OPSB_CHICK,sp|O18914.2|OPSR_CANLF,short_wave,long_wave,False,0.9909668,69.2846909537454
sp|P28682.1|OPSB_CHICK,sp|O18910.2|OPSG_RABIT,short_wave,long_wave,False,0.9903195,68.46051512956957
sp|P28682.1|OPSB_CHICK,sp|P41592.1|OPSR_ANOCA,short_wave,long_wave,False,0.98236895,65.8847716639956
sp|P28682.1|OPSB_CHICK,sp|P22329.1|OPSR_CHICK,short_wave,long_wave,False,0.9875724,68.22392336312706
sp|P28682.1|OPSB_CHICK,sp|P87367.1|OPSR_ORYLA,short_wave,long_wave,False,0.9822562,65.03180595573505
sp|P28682.1|OPSB_CHICK,sp|P32313.1|OPSR_CARAU,short_wave,long_wave,False,0.97626936,64.19615135963477
sp|P28682.1|OPSB_CHICK,sp|O12948.1|OPSR_XENLA,short_wave,long_wave,False,0.9768684,64.0486134719052
sp|P28682.1|OPSB_CHICK,sp|Q9W6A7.1|OPSR1_DANRE,short_wave,long_wave,False,0.9728339,63.77832406158463
sp|P28682.1|OPSB_CHICK,sp|P22332.2|OPSR_PSAFA,short_wave,long_wave,False,0.9797034,63.08194523150107
sp|P28682.1|OPSB_CHICK,sp|Q8AYN0.1|OPSR2_DANRE,short_wave,long_wave,False,0.9782211,64.34771616382943
sp|P28682.1|OPSB_CHICK,sp|P35358.1|OPSG_GEKGE,short_wave,long_wave,False,0.97768193,62.777427031227234
sp|P28682.1|OPSB_CHICK,sp|P22331.1|OPSG2_PSAFA,short_wave,long_wave,False,0.9734685,62.877127928535316
sp|P28682.1|OPSB_CHICK,sp|P22330.1|OPSG1_PSAFA,short_wave,long_wave,False,0.97570366,61.99477498735884
sp|P28682.1|OPSB_CHICK,sp|O18911.1|OPSG_ODOVI,short_wave,long_wave,False,0.9707074,69.69677886583331
sp|P28682.1|OPSB_CHICK,sp|Q90215.1|OPSD2_ANGAN,short_wave,long_wave,False,0.97314155,46.436705605760054
sp|P28682.1|OPSB_CHICK,sp|P79756.1|OPSD_GAMAF,short_wave,long_wave,False,0.9786989,46.04945844431934
sp|P28682.1|OPSB_CHICK,sp|O42490.1|OPSP_PETMA,short_wave,long_wave,False,0.97395474,44.75514825848032
sp|P56516.1|OPSD_RANTE,sp|P51476.1|OPSP_COLLI,short_wave,short_wave,True,0.9454035,48.49214034881787
sp|P56516.1|OPSD_RANTE,sp|P51472.1|OPSB_PSAFA,short_wave,short_wave,True,0.98303956,48.64956141551886
sp|P56516.1|OPSD_RANTE,sp|Q8AYM8.1|OPSG2_DANRE,short_wave,short_wave,True,0.9916978,47.72741972741973
sp|P56516.1|OPSD_RANTE,sp|Q9W6A8.1|OP1S2_DANRE,short_wave,short_wave,True,0.98962367,47.96007664105824
sp|P56516.1|OPSD_RANTE,sp|P35357.1|OPSB_GEKGE,short_wave,short_wave,True,0.99518436,49.02267536998076
sp|P56516.1|OPSD_RANTE,sp|P51470.1|OPSD_AQUCT,short_wave,short_wave,True,0.99920505,47.147147147147145
sp|P56516.1|OPSD_RANTE,sp|Q9W6A5.2|OPSG1_DANRE,short_wave,short_wave,True,0.9914814,47.41972741972742
sp|P56516.1|OPSD_RANTE,sp|P41591.1|OPSD_ANOCA,short_wave,short_wave,True,0.9936359,48.119028119028115
sp|P56516.1|OPSD_RANTE,sp|P31355.1|OPSD_LITPI,short_wave,short_wave,True,0.999368,46.846846846846844
sp|P56516.1|OPSD_RANTE,sp|Q90245.1|OPSD_AMBTI,short_wave,short_wave,True,0.9979001,47.204697492881934
sp|P56516.1|OPSD_RANTE,sp|O93441.1|OPSD_GALML,short_wave,short_wave,True,0.99571556,47.23428785928786
sp|P56516.1|OPSD_RANTE,sp|O93459.1|OPSD_SCYCA,short_wave,short_wave,True,0.9959212,47.28047012529771
sp|P56516.1|OPSD_RANTE,sp|P28683.1|OPSG_CHICK,short_wave,short_wave,True,0.9933169,47.405349274508154
sp|P56516.1|OPSD_RANTE,sp|P51489.1|OPSD_RAT,short_wave,short_wave,True,0.99526286,46.405943515770105
sp|P56516.1|OPSD_RANTE,sp|O13227.1|OPSB_CONCO,short_wave,short_wave,True,0.9943353,47.28958565816572
sp|P56516.1|OPSD_RANTE,sp|P32311.1|OPSG1_CARAU,short_wave,short_wave,True,0.99274224,47.57357357357357
sp|P56516.1|OPSD_RANTE,sp|P49912.1|OPSD_RABIT,short_wave,short_wave,True,0.9959212,46.413079746413075
sp|P56516.1|OPSD_RANTE,sp|Q28886.1|OPSD_MACFA,short_wave,short_wave,True,0.9959393,46.405943515770105
sp|P56516.1|OPSD_RANTE,sp|O62795.1|OPSD_PAGGO,short_wave,short_wave,True,0.996407,46.405943515770105
sp|P56516.1|OPSD_RANTE,sp|P52202.1|OPSD_ALLMI,short_wave,short_wave,True,0.9961672,46.69669669669669
sp|P56516.1|OPSD_RANTE,sp|O62794.1|OPSD_PHOVI,short_wave,short_wave,True,0.99623555,46.405943515770105
sp|P56516.1|OPSD_RANTE,sp|Q769E8.1|OPSD_OTOCR,short_wave,short_wave,True,0.9960981,46.11692617472964
sp|P56516.1|OPSD_RANTE,sp|P02699.1|OPSD_BOVIN,short_wave,short_wave,True,0.99537826,46.11692617472964
sp|P56516.1|OPSD_RANTE,sp|Q68J47.1|OPSD_LOXAF,short_wave,short_wave,True,0.9964504,45.97241750420941
sp|P56516.1|OPSD_RANTE,sp|Q95KU1.1|OPSD_FELCA,short_wave,short_wave,True,0.9954062,46.11692617472964
sp|P56516.1|OPSD_RANTE,sp|O62791.1|OPSD_DELDE,short_wave,short_wave,True,0.99618316,45.97241750420941
sp|P56516.1|OPSD_RANTE,sp|P32312.1|OPSG2_CARAU,short_wave,short_wave,True,0.9895099,47.41972741972742
sp|P56516.1|OPSD_RANTE,sp|P15409.2|OPSD_MOUSE,short_wave,short_wave,True,0.9945756,45.82790883368918
sp|P56516.1|OPSD_RANTE,sp|P22328.1|OPSD_CHICK,short_wave,short_wave,True,0.9969561,46.887356564775914
sp|P56516.1|OPSD_RANTE,sp|Q6W3E1.1|OPSD_CALPD,short_wave,short_wave,True,0.9955208,45.82790883368918
sp|P56516.1|OPSD_RANTE,sp|P51471.1|OPSB_ANOCA,short_wave,short_wave,True,0.99332654,46.93805955488199
sp|P56516.1|OPSD_RANTE,sp|P28681.1|OPSD_CRIGR,short_wave,short_wave,True,0.99481297,46.26143484524987
sp|P56516.1|OPSD_RANTE,sp|P56515.1|OPSD_RHIMB,short_wave,short_wave,True,0.9979612,47.5975975975976
sp|P56516.1|OPSD_RANTE,sp|O62793.1|OPSD_MESBI,short_wave,short_wave,True,0.9951496,45.6974673788833
sp|P56516.1|OPSD_RANTE,sp|P79863.1|OPSD_LEUER,short_wave,short_wave,True,0.9953034,46.48423639778106
sp|P56516.1|OPSD_RANTE,sp|P56514.1|OPSD_BUFBU,short_wave,short_wave,True,0.9981525,47.2972972972973
sp|P56516.1|OPSD_RANTE,sp|O62798.1|OPSD_TURTR,short_wave,short_wave,True,0.9958825,45.82790883368918
sp|P56516.1|OPSD_RANTE,sp|Q90214.1|OPSD1_ANGAN,short_wave,short_wave,True,0.9939237,46.52678994784257
sp|P56516.1|OPSD_RANTE,sp|P22671.1|OPSD_LETCA,short_wave,short_wave,True,0.99416256,47.15566312581238
sp|P56516.1|OPSD_RANTE,sp|P08100.1|OPSD_HUMAN,short_wave,short_wave,True,0.9961581,46.43493050572697
sp|P56516.1|OPSD_RANTE,sp|O62792.1|OPSD_GLOME,short_wave,short_wave,True,0.9957956,45.68340016316895
sp|P56516.1|OPSD_RANTE,sp|P02700.2|OPSD_SHEEP,short_wave,short_wave,True,0.9946126,45.68340016316895
sp|P56516.1|OPSD_RANTE,sp|O18766.1|OPSD_PIG,short_wave,short_wave,True,0.994857,46.46513983863382
sp|P56516.1|OPSD_RANTE,sp|Q9YGZ0.1|OPSD_SARPI,short_wave,short_wave,True,0.9918213,46.18895818895818
sp|P56516.1|OPSD_RANTE,sp|P29403.1|OPSD_XENLA,short_wave,short_wave,True,0.99740183,47.747747747747745
sp|P56516.1|OPSD_RANTE,sp|P79807.1|OPSD_MYRVI,short_wave,short_wave,True,0.9923171,46.52954841634087
sp|P56516.1|OPSD_RANTE,sp|P79898.1|OPSD_SARDI,short_wave,short_wave,True,0.9940229,45.910851680082445
sp|P56516.1|OPSD_RANTE,sp|P32308.1|OPSD_CANLF,short_wave,short_wave,True,0.99611753,46.26143484524987
sp|P56516.1|OPSD_RANTE,sp|O42604.1|OPSD_ZEUFA,short_wave,short_wave,True,0.9933747,47.440643059978406
sp|P56516.1|OPSD_RANTE,sp|P79914.1|OPSD_SARXA,short_wave,short_wave,True,0.99198383,47.08454536040743
sp|P56516.1|OPSD_RANTE,sp|P79911.1|OPSD_SARTI,short_wave,short_wave,True,0.99465847,46.52954841634087
sp|P56516.1|OPSD_RANTE,sp|O62796.1|OPSD_TRIMA,short_wave,short_wave,True,0.99499357,46.11692617472964
sp|P56516.1|OPSD_RANTE,sp|P51474.1|OPSG3_PSAFA,short_wave,short_wave,True,0.9913837,47.26588126588126
sp|P56516.1|OPSD_RANTE,sp|P79901.1|OPSD_SARMI,short_wave,short_wave,True,0.99467045,45.46706469783393
sp|P56516.1|OPSD_RANTE,sp|P79798.1|OPSD_MYRBE,short_wave,short_wave,True,0.99011624,46.52954841634087
sp|P56516.1|OPSD_RANTE,sp|P79902.1|OPSD_SARPU,short_wave,short_wave,True,0.9939505,46.05878067416529
sp|P56516.1|OPSD_RANTE,sp|P79808.1|OPSD_NEOAR,short_wave,short_wave,True,0.99283725,46.771065736582976
sp|P56516.1|OPSD_RANTE,sp|P79809.1|OPSD_NEOAU,short_wave,short_wave,True,0.99278235,47.00124652954841
sp|P56516.1|OPSD_RANTE,sp|P79903.1|OPSD_SARSP,short_wave,short_wave,True,0.99408805,46.21508300753584
sp|P56516.1|OPSD_RANTE,sp|P51488.1|OPSD_CYPCA,short_wave,short_wave,True,0.9950167,47.094283632745174
sp|P56516.1|OPSD_RANTE,sp|P79812.1|OPSD_NEOSA,short_wave,short_wave,True,0.99301976,46.9278055484952
sp|P56516.1|OPSD_RANTE,sp|Q9YGY9.1|OPSD_ZOSOP,short_wave,short_wave,True,0.9913003,45.96793977075667
sp|P56516.1|OPSD_RANTE,sp|Q9YGZ2.1|OPSD_GOBNI,short_wave,short_wave,True,0.9919079,46.10878484117921
sp|P56516.1|OPSD_RANTE,sp|P41590.1|OPSD_PSAFA,short_wave,short_wave,True,0.9925173,45.44857357357357
sp|P56516.1|OPSD_RANTE,sp|P51475.1|OPSP_CHICK,short_wave,short_wave,True,0.95044965,46.836413452727655
sp|P56516.1|OPSD_RANTE,sp|P32309.1|OPSD_CARAU,short_wave,short_wave,True,0.9939576,46.65049665049665
sp|P56516.1|OPSD_RANTE,sp|Q9R024.1|OPSG_CAVPO,short_wave,short_wave,True,0.9788917,45.280160399920874
sp|P56516.1|OPSD_RANTE,sp|P87369.1|OPSD_ORYLA,short_wave,short_wave,True,0.99222183,46.65049665049665
sp|P56516.1|OPSD_RANTE,sp|P34989.1|OPSL_CALJA,short_wave,short_wave,True,0.9836464,45.002145002145
sp|P56516.1|OPSD_RANTE,sp|Q9YH05.1|OPSD_DIPAN,short_wave,short_wave,True,0.99356055,45.20681139592314
sp|P56516.1|OPSD_RANTE,sp|Q9YGZ8.1|OPSD_CHELB,short_wave,short_wave,True,0.98771894,45.49334434721254
sp|P56516.1|OPSD_RANTE,sp|Q9YGZ5.1|OPSD_SOLSO,short_wave,short_wave,True,0.99422485,46.272960076641056
sp|P56516.1|OPSD_RANTE,sp|O35476.2|OPSG_RAT,short_wave,short_wave,True,0.98730457,46.08910152388413
sp|P56516.1|OPSD_RANTE,sp|Q9DGG4.1|OPSD_TETNG,short_wave,short_wave,True,0.99303013,45.483685933124136
sp|P56516.1|OPSD_RANTE,sp|Q9YGZ3.1|OPSD_SALPV,short_wave,short_wave,True,0.99198246,45.56236909178085
sp|P56516.1|OPSD_RANTE,sp|P35359.2|OPSD_DANRE,short_wave,short_wave,True,0.9924158,46.2321838454769
sp|P56516.1|OPSD_RANTE,sp|P79848.1|OPSD_POERE,short_wave,short_wave,True,0.9937253,46.65049665049665
sp|P56516.1|OPSD_RANTE,sp|O35599.1|OPSG_MOUSE,short_wave,short_wave,True,0.98671794,46.08910152388413
sp|P56516.1|OPSD_RANTE,sp|O35478.2|OPSG_SCICA,short_wave,short_wave,True,0.98589116,45.130459801118484
sp|P56516.1|OPSD_RANTE,sp|Q9YGZ6.1|OPSD_CHEAU,short_wave,short_wave,True,0.988938,45.62413537132638
sp|P56516.1|OPSD_RANTE,sp|Q98980.1|OPSD_PETMA,short_wave,short_wave,True,0.9943704,47.15566312581238
sp|P56516.1|OPSD_RANTE,sp|P04000.2|OPSR_HUMAN,short_wave,long_wave,False,0.9822707,73.57357357357357
sp|P56516.1|OPSD_RANTE,sp|P04001.1|OPSG_HUMAN,short_wave,long_wave,False,0.9806383,71.78785928785929
sp|P56516.1|OPSD_RANTE,sp|O18913.2|OPSR_FELCA,short_wave,long_wave,False,0.97857225,69.04060654060653
sp|P56516.1|OPSD_RANTE,sp|O18912.2|OPSR_HORSE,short_wave,long_wave,False,0.9808581,68.35379335379335
sp|P56516.1|OPSD_RANTE,sp|Q9BGI7.1|OPSR_BOVIN,short_wave,long_wave,False,0.9823516,68.49115599115599
sp|P56516.1|OPSD_RANTE,sp|Q95170.1|OPSR_CAPHI,short_wave,long_wave,False,0.9819473,68.35379335379335
sp|P56516.1|OPSD_RANTE,sp|O18914.2|OPSR_CANLF,short_wave,long_wave,False,0.9790597,68.21643071643072
sp|P56516.1|OPSD_RANTE,sp|O18910.2|OPSG_RABIT,short_wave,long_wave,False,0.980053,67.3922548922549
sp|P56516.1|OPSD_RANTE,sp|P41592.1|OPSR_ANOCA,short_wave,long_wave,False,0.9820858,64.81651142668092
sp|P56516.1|OPSD_RANTE,sp|P22329.1|OPSR_CHICK,short_wave,long_wave,False,0.98052853,67.15566312581238
sp|P56516.1|OPSD_RANTE,sp|P87367.1|OPSR_ORYLA,short_wave,long_wave,False,0.98165965,63.96354571842036
sp|P56516.1|OPSD_RANTE,sp|P32313.1|OPSR_CARAU,short_wave,long_wave,False,0.9855556,63.127891122320094
sp|P56516.1|OPSD_RANTE,sp|O12948.1|OPSR_XENLA,short_wave,long_wave,False,0.98853576,62.980353234590524
sp|P56516.1|OPSD_RANTE,sp|Q9W6A7.1|OPSR1_DANRE,short_wave,long_wave,False,0.98468053,62.71006382426995
sp|P56516.1|OPSD_RANTE,sp|P22332.2|OPSR_PSAFA,short_wave,long_wave,False,0.98289824,62.01368499418639
sp|P56516.1|OPSD_RANTE,sp|Q8AYN0.1|OPSR2_DANRE,short_wave,long_wave,False,0.9825598,63.27945592651474
sp|P56516.1|OPSD_RANTE,sp|P35358.1|OPSG_GEKGE,short_wave,long_wave,False,0.9823418,61.70916679391256
sp|P56516.1|OPSD_RANTE,sp|P22331.1|OPSG2_PSAFA,short_wave,long_wave,False,0.987852,61.80886769122063
sp|P56516.1|OPSD_RANTE,sp|P22330.1|OPSG1_PSAFA,short_wave,long_wave,False,0.9886602,60.92651475004416
sp|P56516.1|OPSD_RANTE,sp|O18911.1|OPSG_ODOVI,short_wave,long_wave,False,0.9623631,68.62851862851863
sp|P56516.1|OPSD_RANTE,sp|Q90215.1|OPSD2_ANGAN,short_wave,long_wave,False,0.9940944,45.368445368445364
sp|P56516.1|OPSD_RANTE,sp|P79756.1|OPSD_GAMAF,short_wave,long_wave,False,0.9926847,44.98119820700465
sp|P56516.1|OPSD_RANTE,sp|O42490.1|OPSP_PETMA,short_wave,long_wave,False,0.9468827,43.68688802116564
sp|P51476.1|OPSP_COLLI,sp|P51472.1|OPSB_PSAFA,short_wave,short_wave,True,0.964564,49.99455461718959
sp|P51476.1|OPSP_COLLI,sp|Q8AYM8.1|OPSG2_DANRE,short_wave,short_wave,True,0.962942,49.072412929090454
sp|P51476.1|OPSP_COLLI,sp|Q9W6A8.1|OP1S2_DANRE,short_wave,short_wave,True,0.9616526,49.30506984272897
sp|P51476.1|OPSP_COLLI,sp|P35357.1|OPSB_GEKGE,short_wave,short_wave,True,0.9596899,50.36766857165149
sp|P51476.1|OPSP_COLLI,sp|P51470.1|OPSD_AQUCT,short_wave,short_wave,True,0.951897,48.49214034881787
sp|P51476.1|OPSP_COLLI,sp|Q9W6A5.2|OPSG1_DANRE,short_wave,short_wave,True,0.96199596,48.76472062139815
sp|P51476.1|OPSP_COLLI,sp|P41591.1|OPSD_ANOCA,short_wave,short_wave,True,0.9690527,49.46402132069885
sp|P51476.1|OPSP_COLLI,sp|P31355.1|OPSD_LITPI,short_wave,short_wave,True,0.9503394,48.19184004851758
sp|P51476.1|OPSP_COLLI,sp|Q90245.1|OPSD_AMBTI,short_wave,short_wave,True,0.9530397,48.54969069455266
sp|P51476.1|OPSP_COLLI,sp|O93441.1|OPSD_GALML,short_wave,short_wave,True,0.9617519,48.579281060958586
sp|P51476.1|OPSP_COLLI,sp|O93459.1|OPSD_SCYCA,short_wave,short_wave,True,0.953549,48.62546332696844
sp|P51476.1|OPSP_COLLI,sp|P28683.1|OPSG_CHICK,short_wave,short_wave,True,0.9663357,48.75034247617888
sp|P51476.1|OPSP_COLLI,sp|P51489.1|OPSD_RAT,short_wave,short_wave,True,0.9591788,47.75093671744084
sp|P51476.1|OPSP_COLLI,sp|O13227.1|OPSB_CONCO,short_wave,short_wave,True,0.9578068,48.634578859836445
sp|P51476.1|OPSP_COLLI,sp|P32311.1|OPSG1_CARAU,short_wave,short_wave,True,0.96439767,48.9185667752443
sp|P51476.1|OPSP_COLLI,sp|P49912.1|OPSD_RABIT,short_wave,short_wave,True,0.95658755,47.75807294808381
sp|P51476.1|OPSP_COLLI,sp|Q28886.1|OPSD_MACFA,short_wave,short_wave,True,0.95588636,47.75093671744084
sp|P51476.1|OPSP_COLLI,sp|O62795.1|OPSD_PAGGO,short_wave,short_wave,True,0.9569387,47.75093671744084
sp|P51476.1|OPSP_COLLI,sp|P52202.1|OPSD_ALLMI,short_wave,short_wave,True,0.95705116,48.04168989836742
sp|P51476.1|OPSP_COLLI,sp|O62794.1|OPSD_PHOVI,short_wave,short_wave,True,0.9567593,47.75093671744084
sp|P51476.1|OPSP_COLLI,sp|Q769E8.1|OPSD_OTOCR,short_wave,short_wave,True,0.95503324,47.461919376400374
sp|P51476.1|OPSP_COLLI,sp|P02699.1|OPSD_BOVIN,short_wave,short_wave,True,0.9582534,47.461919376400374
sp|P51476.1|OPSP_COLLI,sp|Q68J47.1|OPSD_LOXAF,short_wave,short_wave,True,0.9561369,47.317410705880135
sp|P51476.1|OPSP_COLLI,sp|Q95KU1.1|OPSD_FELCA,short_wave,short_wave,True,0.95875585,47.461919376400374
sp|P51476.1|OPSP_COLLI,sp|O62791.1|OPSD_DELDE,short_wave,short_wave,True,0.96041834,47.317410705880135
sp|P51476.1|OPSP_COLLI,sp|P32312.1|OPSG2_CARAU,short_wave,short_wave,True,0.9722924,48.76472062139815
sp|P51476.1|OPSP_COLLI,sp|P15409.2|OPSD_MOUSE,short_wave,short_wave,True,0.95904595,47.17290203535991
sp|P51476.1|OPSP_COLLI,sp|P22328.1|OPSD_CHICK,short_wave,short_wave,True,0.9525377,48.232349766446646
sp|P51476.1|OPSP_COLLI,sp|Q6W3E1.1|OPSD_CALPD,short_wave,short_wave,True,0.9582024,47.17290203535991
sp|P51476.1|OPSP_COLLI,sp|P51471.1|OPSB_ANOCA,short_wave,short_wave,True,0.96262044,48.28305275655271
sp|P51476.1|OPSP_COLLI,sp|P28681.1|OPSD_CRIGR,short_wave,short_wave,True,0.95766973,47.6064280469206
sp|P51476.1|OPSP_COLLI,sp|P56515.1|OPSD_RHIMB,short_wave,short_wave,True,0.95409745,48.942590799268324
sp|P51476.1|OPSP_COLLI,sp|O62793.1|OPSD_MESBI,short_wave,short_wave,True,0.9631543,47.042460580554035
sp|P51476.1|OPSP_COLLI,sp|P79863.1|OPSD_LEUER,short_wave,short_wave,True,0.9574251,47.82922959945179
sp|P51476.1|OPSP_COLLI,sp|P56514.1|OPSD_BUFBU,short_wave,short_wave,True,0.95139134,48.64229049896802
sp|P51476.1|OPSP_COLLI,sp|O62798.1|OPSD_TURTR,short_wave,short_wave,True,0.96121335,47.17290203535991
sp|P51476.1|OPSP_COLLI,sp|Q90214.1|OPSD1_ANGAN,short_wave,short_wave,True,0.9623649,47.871783149513305
sp|P51476.1|OPSP_COLLI,sp|P22671.1|OPSD_LETCA,short_wave,short_wave,True,0.96091425,48.50065632748311
sp|P51476.1|OPSP_COLLI,sp|P08100.1|OPSD_HUMAN,short_wave,short_wave,True,0.957875,47.77992370739769
sp|P51476.1|OPSP_COLLI,sp|O62792.1|OPSD_GLOME,short_wave,short_wave,True,0.9618077,47.02839336483967
sp|P51476.1|OPSP_COLLI,sp|P02700.2|OPSD_SHEEP,short_wave,short_wave,True,0.9630851,47.02839336483967
sp|P51476.1|OPSP_COLLI,sp|O18766.1|OPSD_PIG,short_wave,short_wave,True,0.9614017,47.81013304030454
sp|P51476.1|OPSP_COLLI,sp|Q9YGZ0.1|OPSD_SARPI,short_wave,short_wave,True,0.96816194,47.533951390628914
sp|P51476.1|OPSP_COLLI,sp|P29403.1|OPSD_XENLA,short_wave,short_wave,True,0.9586967,49.09274094941847
sp|P51476.1|OPSP_COLLI,sp|P79807.1|OPSD_MYRVI,short_wave,short_wave,True,0.9659585,47.8745416180116
sp|P51476.1|OPSP_COLLI,sp|P79898.1|OPSD_SARDI,short_wave,short_wave,True,0.96045506,47.25584488175318
sp|P51476.1|OPSP_COLLI,sp|P32308.1|OPSD_CANLF,short_wave,short_wave,True,0.95574665,47.6064280469206
sp|P51476.1|OPSP_COLLI,sp|O42604.1|OPSD_ZEUFA,short_wave,short_wave,True,0.96336967,48.78563626164913
sp|P51476.1|OPSP_COLLI,sp|P79914.1|OPSD_SARXA,short_wave,short_wave,True,0.96447384,48.42953856207816
sp|P51476.1|OPSP_COLLI,sp|P79911.1|OPSD_SARTI,short_wave,short_wave,True,0.96300364,47.8745416180116
sp|P51476.1|OPSP_COLLI,sp|O62796.1|OPSD_TRIMA,short_wave,short_wave,True,0.95658267,47.461919376400374
sp|P51476.1|OPSP_COLLI,sp|P51474.1|OPSG3_PSAFA,short_wave,short_wave,True,0.9611996,48.610874467551994
sp|P51476.1|OPSP_COLLI,sp|P79901.1|OPSD_SARMI,short_wave,short_wave,True,0.95901746,46.81205789950466
sp|P51476.1|OPSP_COLLI,sp|P79798.1|OPSD_MYRBE,short_wave,short_wave,True,0.96780854,47.8745416180116
sp|P51476.1|OPSP_COLLI,sp|P79902.1|OPSD_SARPU,short_wave,short_wave,True,0.9609076,47.403773875836016
sp|P51476.1|OPSP_COLLI,sp|P79808.1|OPSD_NEOAR,short_wave,short_wave,True,0.9643874,48.1160589382537
sp|P51476.1|OPSP_COLLI,sp|P79809.1|OPSD_NEOAU,short_wave,short_wave,True,0.9652648,48.34623973121914
sp|P51476.1|OPSP_COLLI,sp|P79903.1|OPSD_SARSP,short_wave,short_wave,True,0.964151,47.56007620920657
sp|P51476.1|OPSP_COLLI,sp|P51488.1|OPSD_CYPCA,short_wave,short_wave,True,0.9560228,48.4392768344159
sp|P51476.1|OPSP_COLLI,sp|P79812.1|OPSD_NEOSA,short_wave,short_wave,True,0.9610694,48.27279875016593
sp|P51476.1|OPSP_COLLI,sp|Q9YGY9.1|OPSD_ZOSOP,short_wave,short_wave,True,0.9653043,47.312932972427404
sp|P51476.1|OPSP_COLLI,sp|Q9YGZ2.1|OPSD_GOBNI,short_wave,short_wave,True,0.9647441,47.45377804284993
sp|P51476.1|OPSP_COLLI,sp|P41590.1|OPSD_PSAFA,short_wave,short_wave,True,0.96167934,46.7935667752443
sp|P51476.1|OPSP_COLLI,sp|P51475.1|OPSP_CHICK,short_wave,short_wave,True,0.99523675,48.18140665439838
sp|P51476.1|OPSP_COLLI,sp|P32309.1|OPSD_CARAU,short_wave,short_wave,True,0.9565036,47.99548985216738
sp|P51476.1|OPSP_COLLI,sp|Q9R024.1|OPSG_CAVPO,short_wave,short_wave,True,0.97208744,46.625153601591606
sp|P51476.1|OPSP_COLLI,sp|P87369.1|OPSD_ORYLA,short_wave,short_wave,True,0.96038866,47.99548985216738
sp|P51476.1|OPSP_COLLI,sp|P34989.1|OPSL_CALJA,short_wave,short_wave,True,0.96913654,46.34713820381573
sp|P51476.1|OPSP_COLLI,sp|Q9YH05.1|OPSD_DIPAN,short_wave,short_wave,True,0.96451986,46.55180459759387
sp|P51476.1|OPSP_COLLI,sp|Q9YGZ8.1|OPSD_CHELB,short_wave,short_wave,True,0.96757126,46.838337548883274
sp|P51476.1|OPSP_COLLI,sp|Q9YGZ5.1|OPSD_SOLSO,short_wave,short_wave,True,0.9601987,47.61795327831179
sp|P51476.1|OPSP_COLLI,sp|O35476.2|OPSG_RAT,short_wave,short_wave,True,0.9655261,47.43409472555486
sp|P51476.1|OPSP_COLLI,sp|Q9DGG4.1|OPSD_TETNG,short_wave,short_wave,True,0.9642961,46.82867913479487
sp|P51476.1|OPSP_COLLI,sp|Q9YGZ3.1|OPSD_SALPV,short_wave,short_wave,True,0.9658312,46.907362293451584
sp|P51476.1|OPSP_COLLI,sp|P35359.2|OPSD_DANRE,short_wave,short_wave,True,0.9650437,47.57717704714763
sp|P51476.1|OPSP_COLLI,sp|P79848.1|OPSD_POERE,short_wave,short_wave,True,0.9622052,47.99548985216738
sp|P51476.1|OPSP_COLLI,sp|O35599.1|OPSG_MOUSE,short_wave,short_wave,True,0.96451366,47.43409472555486
sp|P51476.1|OPSP_COLLI,sp|O35478.2|OPSG_SCICA,short_wave,short_wave,True,0.9646724,46.47545300278921
sp|P51476.1|OPSP_COLLI,sp|Q9YGZ6.1|OPSD_CHEAU,short_wave,short_wave,True,0.96616477,46.96912857299711
sp|P51476.1|OPSP_COLLI,sp|Q98980.1|OPSD_PETMA,short_wave,short_wave,True,0.9605477,48.50065632748311
sp|P51476.1|OPSP_COLLI,sp|P04000.2|OPSR_HUMAN,short_wave,long_wave,False,0.9648654,74.9185667752443
sp|P51476.1|OPSP_COLLI,sp|P04001.1|OPSG_HUMAN,short_wave,long_wave,False,0.9678079,73.13285248953002
sp|P51476.1|OPSP_COLLI,sp|O18913.2|OPSR_FELCA,short_wave,long_wave,False,0.9646263,70.38559974227726
sp|P51476.1|OPSP_COLLI,sp|O18912.2|OPSR_HORSE,short_wave,long_wave,False,0.9661489,69.69878655546408
sp|P51476.1|OPSP_COLLI,sp|Q9BGI7.1|OPSR_BOVIN,short_wave,long_wave,False,0.9667819,69.83614919282672
sp|P51476.1|OPSP_COLLI,sp|Q95170.1|OPSR_CAPHI,short_wave,long_wave,False,0.9687958,69.69878655546408
sp|P51476.1|OPSP_COLLI,sp|O18914.2|OPSR_CANLF,short_wave,long_wave,False,0.97211266,69.56142391810144
sp|P51476.1|OPSP_COLLI,sp|O18910.2|OPSG_RABIT,short_wave,long_wave,False,0.9745051,68.73724809392561
sp|P51476.1|OPSP_COLLI,sp|P41592.1|OPSR_ANOCA,short_wave,long_wave,False,0.95397663,66.16150462835165
sp|P51476.1|OPSP_COLLI,sp|P22329.1|OPSR_CHICK,short_wave,long_wave,False,0.9638369,68.50065632748311
sp|P51476.1|OPSP_COLLI,sp|P87367.1|OPSR_ORYLA,short_wave,long_wave,False,0.9566066,65.3085389200911
sp|P51476.1|OPSP_COLLI,sp|P32313.1|OPSR_CARAU,short_wave,long_wave,False,0.94557387,64.47288432399083
sp|P51476.1|OPSP_COLLI,sp|O12948.1|OPSR_XENLA,short_wave,long_wave,False,0.9515466,64.32534643626124
sp|P51476.1|OPSP_COLLI,sp|Q9W6A7.1|OPSR1_DANRE,short_wave,long_wave,False,0.9426837,64.05505702594067
sp|P51476.1|OPSP_COLLI,sp|P22332.2|OPSR_PSAFA,short_wave,long_wave,False,0.9543699,63.35867819585712
sp|P51476.1|OPSP_COLLI,sp|Q8AYN0.1|OPSR2_DANRE,short_wave,long_wave,False,0.94796574,64.62444912818547
sp|P51476.1|OPSP_COLLI,sp|P35358.1|OPSG_GEKGE,short_wave,long_wave,False,0.94340426,63.054159995583284
sp|P51476.1|OPSP_COLLI,sp|P22331.1|OPSG2_PSAFA,short_wave,long_wave,False,0.94620377,63.15386089289136
sp|P51476.1|OPSP_COLLI,sp|P22330.1|OPSG1_PSAFA,short_wave,long_wave,False,0.9482576,62.27150795171489
sp|P51476.1|OPSP_COLLI,sp|O18911.1|OPSG_ODOVI,short_wave,long_wave,False,0.95725834,69.97351183018935
sp|P51476.1|OPSP_COLLI,sp|Q90215.1|OPSD2_ANGAN,short_wave,long_wave,False,0.95986056,46.7134385701161
sp|P51476.1|OPSP_COLLI,sp|P79756.1|OPSD_GAMAF,short_wave,long_wave,False,0.9624446,46.326191408675385
sp|P51476.1|OPSP_COLLI,sp|O42490.1|OPSP_PETMA,short_wave,long_wave,False,0.95235,45.03188122283637
sp|P51472.1|OPSB_PSAFA,sp|Q8AYM8.1|OPSG2_DANRE,short_wave,short_wave,True,0.9909486,49.229833995791445
sp|P51472.1|OPSB_PSAFA,sp|Q9W6A8.1|OP1S2_DANRE,short_wave,short_wave,True,0.9952144,49.46249090942996
sp|P51472.1|OPSB_PSAFA,sp|P35357.1|OPSB_GEKGE,short_wave,short_wave,True,0.9892787,50.52508963835248
sp|P51472.1|OPSB_PSAFA,sp|P51470.1|OPSD_AQUCT,short_wave,short_wave,True,0.98450947,48.64956141551886
sp|P51472.1|OPSB_PSAFA,sp|Q9W6A5.2|OPSG1_DANRE,short_wave,short_wave,True,0.9918086,48.92214168809914
sp|P51472.1|OPSB_PSAFA,sp|P41591.1|OPSD_ANOCA,short_wave,short_wave,True,0.9870689,49.62144238739984
sp|P51472.1|OPSB_PSAFA,sp|P31355.1|OPSD_LITPI,short_wave,short_wave,True,0.98359144,48.34926111521857
sp|P51472.1|OPSB_PSAFA,sp|Q90245.1|OPSD_AMBTI,short_wave,short_wave,True,0.98453265,48.70711176125365
sp|P51472.1|OPSB_PSAFA,sp|O93441.1|OPSD_GALML,short_wave,short_wave,True,0.98961186,48.736702127659576
sp|P51472.1|OPSB_PSAFA,sp|O93459.1|OPSD_SCYCA,short_wave,short_wave,True,0.9871304,48.782884393669434
sp|P51472.1|OPSB_PSAFA,sp|P28683.1|OPSG_CHICK,short_wave,short_wave,True,0.9896555,48.90776354287987
sp|P51472.1|OPSB_PSAFA,sp|P51489.1|OPSD_RAT,short_wave,short_wave,True,0.98267984,47.90835778414183
sp|P51472.1|OPSB_PSAFA,sp|O13227.1|OPSB_CONCO,short_wave,short_wave,True,0.9823611,48.791999926537436
sp|P51472.1|OPSB_PSAFA,sp|P32311.1|OPSG1_CARAU,short_wave,short_wave,True,0.98923564,49.07598784194529
sp|P51472.1|OPSB_PSAFA,sp|P49912.1|OPSD_RABIT,short_wave,short_wave,True,0.9810151,47.9154940147848
sp|P51472.1|OPSB_PSAFA,sp|Q28886.1|OPSD_MACFA,short_wave,short_wave,True,0.98189557,47.90835778414183
sp|P51472.1|OPSB_PSAFA,sp|O62795.1|OPSD_PAGGO,short_wave,short_wave,True,0.9840735,47.90835778414183
sp|P51472.1|OPSB_PSAFA,sp|P52202.1|OPSD_ALLMI,short_wave,short_wave,True,0.9871429,48.199110965068414
sp|P51472.1|OPSB_PSAFA,sp|O62794.1|OPSD_PHOVI,short_wave,short_wave,True,0.98505485,47.90835778414183
sp|P51472.1|OPSB_PSAFA,sp|Q769E8.1|OPSD_OTOCR,short_wave,short_wave,True,0.9808957,47.619340443101365
sp|P51472.1|OPSB_PSAFA,sp|P02699.1|OPSD_BOVIN,short_wave,short_wave,True,0.98205614,47.619340443101365
sp|P51472.1|OPSB_PSAFA,sp|Q68J47.1|OPSD_LOXAF,short_wave,short_wave,True,0.9843799,47.474831772581126
sp|P51472.1|OPSB_PSAFA,sp|Q95KU1.1|OPSD_FELCA,short_wave,short_wave,True,0.9838767,47.619340443101365
sp|P51472.1|OPSB_PSAFA,sp|O62791.1|OPSD_DELDE,short_wave,short_wave,True,0.9860298,47.474831772581126
sp|P51472.1|OPSB_PSAFA,sp|P32312.1|OPSG2_CARAU,short_wave,short_wave,True,0.98781544,48.92214168809914
sp|P51472.1|OPSB_PSAFA,sp|P15409.2|OPSD_MOUSE,short_wave,short_wave,True,0.98229235,47.3303231020609
sp|P51472.1|OPSB_PSAFA,sp|P22328.1|OPSD_CHICK,short_wave,short_wave,True,0.98562706,48.38977083314764
sp|P51472.1|OPSB_PSAFA,sp|Q6W3E1.1|OPSD_CALPD,short_wave,short_wave,True,0.98206306,47.3303231020609
sp|P51472.1|OPSB_PSAFA,sp|P51471.1|OPSB_ANOCA,short_wave,short_wave,True,0.9939112,48.440473823253704
sp|P51472.1|OPSB_PSAFA,sp|P28681.1|OPSD_CRIGR,short_wave,short_wave,True,0.982641,47.76384911362159
sp|P51472.1|OPSB_PSAFA,sp|P56515.1|OPSD_RHIMB,short_wave,short_wave,True,0.98591834,49.100011865969314
sp|P51472.1|OPSB_PSAFA,sp|O62793.1|OPSD_MESBI,short_wave,short_wave,True,0.9851673,47.199881647255026
sp|P51472.1|OPSB_PSAFA,sp|P79863.1|OPSD_LEUER,short_wave,short_wave,True,0.98771596,47.986650666152784
sp|P51472.1|OPSB_PSAFA,sp|P56514.1|OPSD_BUFBU,short_wave,short_wave,True,0.986464,48.799711565669014
sp|P51472.1|OPSB_PSAFA,sp|O62798.1|OPSD_TURTR,short_wave,short_wave,True,0.9861039,47.3303231020609
sp|P51472.1|OPSB_PSAFA,sp|Q90214.1|OPSD1_ANGAN,short_wave,short_wave,True,0.9850549,48.029204216214296
sp|P51472.1|OPSB_PSAFA,sp|P22671.1|OPSD_LETCA,short_wave,short_wave,True,0.9869504,48.6580773941841
sp|P51472.1|OPSB_PSAFA,sp|P08100.1|OPSD_HUMAN,short_wave,short_wave,True,0.98299277,47.93734477409868
sp|P51472.1|OPSB_PSAFA,sp|O62792.1|OPSD_GLOME,short_wave,short_wave,True,0.98674476,47.18581443154066
sp|P51472.1|OPSB_PSAFA,sp|P02700.2|OPSD_SHEEP,short_wave,short_wave,True,0.9859527,47.18581443154066
sp|P51472.1|OPSB_PSAFA,sp|O18766.1|OPSD_PIG,short_wave,short_wave,True,0.98405737,47.96755410700553
sp|P51472.1|OPSB_PSAFA,sp|Q9YGZ0.1|OPSD_SARPI,short_wave,short_wave,True,0.98525846,47.691372457329905
sp|P51472.1|OPSB_PSAFA,sp|P29403.1|OPSD_XENLA,short_wave,short_wave,True,0.98805493,49.25016201611946
sp|P51472.1|OPSB_PSAFA,sp|P79807.1|OPSD_MYRVI,short_wave,short_wave,True,0.98582876,48.03196268471259
sp|P51472.1|OPSB_PSAFA,sp|P79898.1|OPSD_SARDI,short_wave,short_wave,True,0.98625046,47.41326594845417
sp|P51472.1|OPSB_PSAFA,sp|P32308.1|OPSD_CANLF,short_wave,short_wave,True,0.98285985,47.76384911362159
sp|P51472.1|OPSB_PSAFA,sp|O42604.1|OPSD_ZEUFA,short_wave,short_wave,True,0.9850359,48.94305732835012
sp|P51472.1|OPSB_PSAFA,sp|P79914.1|OPSD_SARXA,short_wave,short_wave,True,0.9853474,48.58695962877915
sp|P51472.1|OPSB_PSAFA,sp|P79911.1|OPSD_SARTI,short_wave,short_wave,True,0.98858947,48.03196268471259
sp|P51472.1|OPSB_PSAFA,sp|O62796.1|OPSD_TRIMA,short_wave,short_wave,True,0.98247,47.619340443101365
sp|P51472.1|OPSB_PSAFA,sp|P51474.1|OPSG3_PSAFA,short_wave,short_wave,True,0.9856819,48.768295534252985
sp|P51472.1|OPSB_PSAFA,sp|P79901.1|OPSD_SARMI,short_wave,short_wave,True,0.9840968,46.96947896620565
sp|P51472.1|OPSB_PSAFA,sp|P79798.1|OPSD_MYRBE,short_wave,short_wave,True,0.9874846,48.03196268471259
sp|P51472.1|OPSB_PSAFA,sp|P79902.1|OPSD_SARPU,short_wave,short_wave,True,0.98779213,47.56119494253701
sp|P51472.1|OPSB_PSAFA,sp|P79808.1|OPSD_NEOAR,short_wave,short_wave,True,0.98748714,48.27348000495469
sp|P51472.1|OPSB_PSAFA,sp|P79809.1|OPSD_NEOAU,short_wave,short_wave,True,0.9899845,48.50366079792013
sp|P51472.1|OPSB_PSAFA,sp|P79903.1|OPSD_SARSP,short_wave,short_wave,True,0.98815525,47.71749727590756
sp|P51472.1|OPSB_PSAFA,sp|P51488.1|OPSD_CYPCA,short_wave,short_wave,True,0.9825755,48.59669790111689
sp|P51472.1|OPSB_PSAFA,sp|P79812.1|OPSD_NEOSA,short_wave,short_wave,True,0.9865975,48.430219816866924
sp|P51472.1|OPSB_PSAFA,sp|Q9YGY9.1|OPSD_ZOSOP,short_wave,short_wave,True,0.98441523,47.470354039128395
sp|P51472.1|OPSB_PSAFA,sp|Q9YGZ2.1|OPSD_GOBNI,short_wave,short_wave,True,0.98427856,47.611199109550924
sp|P51472.1|OPSB_PSAFA,sp|P41590.1|OPSD_PSAFA,short_wave,short_wave,True,0.9831471,46.95098784194529
sp|P51472.1|OPSB_PSAFA,sp|P51475.1|OPSP_CHICK,short_wave,short_wave,True,0.96944386,48.33882772109937
sp|P51472.1|OPSB_PSAFA,sp|P32309.1|OPSD_CARAU,short_wave,short_wave,True,0.981391,48.15291091886837
sp|P51472.1|OPSB_PSAFA,sp|Q9R024.1|OPSG_CAVPO,short_wave,short_wave,True,0.9830446,46.7825746682926
sp|P51472.1|OPSB_PSAFA,sp|P87369.1|OPSD_ORYLA,short_wave,short_wave,True,0.982393,48.15291091886837
sp|P51472.1|OPSB_PSAFA,sp|P34989.1|OPSL_CALJA,short_wave,short_wave,True,0.9859731,46.50455927051672
sp|P51472.1|OPSB_PSAFA,sp|Q9YH05.1|OPSD_DIPAN,short_wave,short_wave,True,0.98385006,46.70922566429486
sp|P51472.1|OPSB_PSAFA,sp|Q9YGZ8.1|OPSD_CHELB,short_wave,short_wave,True,0.9816419,46.995758615584265
sp|P51472.1|OPSB_PSAFA,sp|Q9YGZ5.1|OPSD_SOLSO,short_wave,short_wave,True,0.9836633,47.77537434501278
sp|P51472.1|OPSB_PSAFA,sp|O35476.2|OPSG_RAT,short_wave,short_wave,True,0.98617834,47.59151579225585
sp|P51472.1|OPSB_PSAFA,sp|Q9DGG4.1|OPSD_TETNG,short_wave,short_wave,True,0.9835521,46.98610020149586
sp|P51472.1|OPSB_PSAFA,sp|Q9YGZ3.1|OPSD_SALPV,short_wave,short_wave,True,0.9833748,47.064783360152575
sp|P51472.1|OPSB_PSAFA,sp|P35359.2|OPSD_DANRE,short_wave,short_wave,True,0.9826535,47.73459811384862
sp|P51472.1|OPSB_PSAFA,sp|P79848.1|OPSD_POERE,short_wave,short_wave,True,0.9845174,48.15291091886837
sp|P51472.1|OPSB_PSAFA,sp|O35599.1|OPSG_MOUSE,short_wave,short_wave,True,0.98610294,47.59151579225585
sp|P51472.1|OPSB_PSAFA,sp|O35478.2|OPSG_SCICA,short_wave,short_wave,True,0.98428875,46.6328740694902
sp|P51472.1|OPSB_PSAFA,sp|Q9YGZ6.1|OPSD_CHEAU,short_wave,short_wave,True,0.9813933,47.1265496396981
sp|P51472.1|OPSB_PSAFA,sp|Q98980.1|OPSD_PETMA,short_wave,short_wave,True,0.9917021,48.6580773941841
sp|P51472.1|OPSB_PSAFA,sp|P04000.2|OPSR_HUMAN,short_wave,long_wave,False,0.98491013,75.07598784194529
sp|P51472.1|OPSB_PSAFA,sp|P04001.1|OPSG_HUMAN,short_wave,long_wave,False,0.985486,73.290273556231
sp|P51472.1|OPSB_PSAFA,sp|O18913.2|OPSR_FELCA,short_wave,long_wave,False,0.9790813,70.54302080897826
sp|P51472.1|OPSB_PSAFA,sp|O18912.2|OPSR_HORSE,short_wave,long_wave,False,0.9826308,69.85620762216507
sp|P51472.1|OPSB_PSAFA,sp|Q9BGI7.1|OPSR_BOVIN,short_wave,long_wave,False,0.9840666,69.9935702595277
sp|P51472.1|OPSB_PSAFA,sp|Q95170.1|OPSR_CAPHI,short_wave,long_wave,False,0.98439777,69.85620762216507
sp|P51472.1|OPSB_PSAFA,sp|O18914.2|OPSR_CANLF,short_wave,long_wave,False,0.98250246,69.71884498480244
sp|P51472.1|OPSB_PSAFA,sp|O18910.2|OPSG_RABIT,short_wave,long_wave,False,0.98527586,68.89466916062662
sp|P51472.1|OPSB_PSAFA,sp|P41592.1|OPSR_ANOCA,short_wave,long_wave,False,0.9793167,66.31892569505263
sp|P51472.1|OPSB_PSAFA,sp|P22329.1|OPSR_CHICK,short_wave,long_wave,False,0.98336846,68.65807739418409
sp|P51472.1|OPSB_PSAFA,sp|P87367.1|OPSR_ORYLA,short_wave,long_wave,False,0.97809947,65.46595998679209
sp|P51472.1|OPSB_PSAFA,sp|P32313.1|OPSR_CARAU,short_wave,long_wave,False,0.9772783,64.6303053906918
sp|P51472.1|OPSB_PSAFA,sp|O12948.1|OPSR_XENLA,short_wave,long_wave,False,0.9822326,64.48276750296225
sp|P51472.1|OPSB_PSAFA,sp|Q9W6A7.1|OPSR1_DANRE,short_wave,long_wave,False,0.9738868,64.21247809264167
sp|P51472.1|OPSB_PSAFA,sp|P22332.2|OPSR_PSAFA,short_wave,long_wave,False,0.9765155,63.51609926255811
sp|P51472.1|OPSB_PSAFA,sp|Q8AYN0.1|OPSR2_DANRE,short_wave,long_wave,False,0.9738257,64.78187019488647
sp|P51472.1|OPSB_PSAFA,sp|P35358.1|OPSG_GEKGE,short_wave,long_wave,False,0.9776489,63.211581062284274
sp|P51472.1|OPSB_PSAFA,sp|P22331.1|OPSG2_PSAFA,short_wave,long_wave,False,0.9784148,63.31128195959235
sp|P51472.1|OPSB_PSAFA,sp|P22330.1|OPSG1_PSAFA,short_wave,long_wave,False,0.9788508,62.42892901841588
sp|P51472.1|OPSB_PSAFA,sp|O18911.1|OPSG_ODOVI,short_wave,long_wave,False,0.95824915,70.13093289689036
sp|P51472.1|OPSB_PSAFA,sp|Q90215.1|OPSD2_ANGAN,short_wave,long_wave,False,0.98180974,46.87085963681709
sp|P51472.1|OPSB_PSAFA,sp|P79756.1|OPSD_GAMAF,short_wave,long_wave,False,0.98383176,46.483612475376376
sp|P51472.1|OPSB_PSAFA,sp|O42490.1|OPSP_PETMA,short_wave,long_wave,False,0.9536933,45.18930228953736
sp|Q8AYM8.1|OPSG2_DANRE,sp|Q9W6A8.1|OP1S2_DANRE,short_wave,short_wave,True,0.99348867,48.540349221330814
sp|Q8AYM8.1|OPSG2_DANRE,sp|P35357.1|OPSB_GEKGE,short_wave,short_wave,True,0.9958452,49.60294795025334
sp|Q8AYM8.1|OPSG2_DANRE,sp|P51470.1|OPSD_AQUCT,short_wave,short_wave,True,0.99240816,47.72741972741973
sp|Q8AYM8.1|OPSG2_DANRE,sp|Q9W6A5.2|OPSG1_DANRE,short_wave,short_wave,True,0.9994831,48.0
sp|Q8AYM8.1|OPSG2_DANRE,sp|P41591.1|OPSD_ANOCA,short_wave,short_wave,True,0.9930714,48.6993006993007
sp|Q8AYM8.1|OPSG2_DANRE,sp|P31355.1|OPSD_LITPI,short_wave,short_wave,True,0.9916081,47.42711942711942
sp|Q8AYM8.1|OPSG2_DANRE,sp|Q90245.1|OPSD_AMBTI,short_wave,short_wave,True,0.99310726,47.78497007315451
sp|Q8AYM8.1|OPSG2_DANRE,sp|O93441.1|OPSD_GALML,short_wave,short_wave,True,0.99525154,47.81456043956044
sp|Q8AYM8.1|OPSG2_DANRE,sp|O93459.1|OPSD_SCYCA,short_wave,short_wave,True,0.9926033,47.86074270557029
sp|Q8AYM8.1|OPSG2_DANRE,sp|P28683.1|OPSG_CHICK,short_wave,short_wave,True,0.993739,47.98562185478073
sp|Q8AYM8.1|OPSG2_DANRE,sp|P51489.1|OPSD_RAT,short_wave,short_wave,True,0.9902119,46.98621609604268
sp|Q8AYM8.1|OPSG2_DANRE,sp|O13227.1|OPSB_CONCO,short_wave,short_wave,True,0.99017066,47.8698582384383
sp|Q8AYM8.1|OPSG2_DANRE,sp|P32311.1|OPSG1_CARAU,short_wave,short_wave,True,0.9965103,48.15384615384615
sp|Q8AYM8.1|OPSG2_DANRE,sp|P49912.1|OPSD_RABIT,short_wave,short_wave,True,0.9893664,46.99335232668566
sp|Q8AYM8.1|OPSG2_DANRE,sp|Q28886.1|OPSD_MACFA,short_wave,short_wave,True,0.99101454,46.98621609604268
sp|Q8AYM8.1|OPSG2_DANRE,sp|O62795.1|OPSD_PAGGO,short_wave,short_wave,True,0.9916545,46.98621609604268
sp|Q8AYM8.1|OPSG2_DANRE,sp|P52202.1|OPSD_ALLMI,short_wave,short_wave,True,0.9929149,47.276969276969275
sp|Q8AYM8.1|OPSG2_DANRE,sp|O62794.1|OPSD_PHOVI,short_wave,short_wave,True,0.9917991,46.98621609604268
sp|Q8AYM8.1|OPSG2_DANRE,sp|Q769E8.1|OPSD_OTOCR,short_wave,short_wave,True,0.9900303,46.69719875500222
sp|Q8AYM8.1|OPSG2_DANRE,sp|P02699.1|OPSD_BOVIN,short_wave,short_wave,True,0.9900739,46.69719875500222
sp|Q8AYM8.1|OPSG2_DANRE,sp|Q68J47.1|OPSD_LOXAF,short_wave,short_wave,True,0.9915548,46.552690084481995
sp|Q8AYM8.1|OPSG2_DANRE,sp|Q95KU1.1|OPSD_FELCA,short_wave,short_wave,True,0.990237,46.69719875500222
sp|Q8AYM8.1|OPSG2_DANRE,sp|O62791.1|OPSD_DELDE,short_wave,short_wave,True,0.9929144,46.552690084481995
sp|Q8AYM8.1|OPSG2_DANRE,sp|P32312.1|OPSG2_CARAU,short_wave,short_wave,True,0.9957522,48.0
sp|Q8AYM8.1|OPSG2_DANRE,sp|P15409.2|OPSD_MOUSE,short_wave,short_wave,True,0.98921865,46.408181413961756
sp|Q8AYM8.1|OPSG2_DANRE,sp|P22328.1|OPSD_CHICK,short_wave,short_wave,True,0.99254876,47.4676291450485
sp|Q8AYM8.1|OPSG2_DANRE,sp|Q6W3E1.1|OPSD_CALPD,short_wave,short_wave,True,0.99015474,46.408181413961756
sp|Q8AYM8.1|OPSG2_DANRE,sp|P51471.1|OPSB_ANOCA,short_wave,short_wave,True,0.9945151,47.518332135154566
sp|Q8AYM8.1|OPSG2_DANRE,sp|P28681.1|OPSD_CRIGR,short_wave,short_wave,True,0.98998284,46.84170742552246
sp|Q8AYM8.1|OPSG2_DANRE,sp|P56515.1|OPSD_RHIMB,short_wave,short_wave,True,0.99315906,48.177870177870176
sp|Q8AYM8.1|OPSG2_DANRE,sp|O62793.1|OPSD_MESBI,short_wave,short_wave,True,0.9931754,46.27773995915589
sp|Q8AYM8.1|OPSG2_DANRE,sp|P79863.1|OPSD_LEUER,short_wave,short_wave,True,0.99297905,47.064508978053645
sp|Q8AYM8.1|OPSG2_DANRE,sp|P56514.1|OPSD_BUFBU,short_wave,short_wave,True,0.9936173,47.87756987756988
sp|Q8AYM8.1|OPSG2_DANRE,sp|O62798.1|OPSD_TURTR,short_wave,short_wave,True,0.99299675,46.408181413961756
sp|Q8AYM8.1|OPSG2_DANRE,sp|Q90214.1|OPSD1_ANGAN,short_wave,short_wave,True,0.99251115,47.10706252811516
sp|Q8AYM8.1|OPSG2_DANRE,sp|P22671.1|OPSD_LETCA,short_wave,short_wave,True,0.99386454,47.73593570608496
sp|Q8AYM8.1|OPSG2_DANRE,sp|P08100.1|OPSD_HUMAN,short_wave,short_wave,True,0.99184334,47.015203085999545
sp|Q8AYM8.1|OPSG2_DANRE,sp|O62792.1|OPSD_GLOME,short_wave,short_wave,True,0.9938189,46.26367274344153
sp|Q8AYM8.1|OPSG2_DANRE,sp|P02700.2|OPSD_SHEEP,short_wave,short_wave,True,0.991855,46.26367274344153
sp|Q8AYM8.1|OPSG2_DANRE,sp|O18766.1|OPSD_PIG,short_wave,short_wave,True,0.99055547,47.045412418906395
sp|Q8AYM8.1|OPSG2_DANRE,sp|Q9YGZ0.1|OPSD_SARPI,short_wave,short_wave,True,0.9929467,46.76923076923077
sp|Q8AYM8.1|OPSG2_DANRE,sp|P29403.1|OPSD_XENLA,short_wave,short_wave,True,0.9944109,48.32802032802033
sp|Q8AYM8.1|OPSG2_DANRE,sp|P79807.1|OPSD_MYRVI,short_wave,short_wave,True,0.9932237,47.10982099661345
sp|Q8AYM8.1|OPSG2_DANRE,sp|P79898.1|OPSD_SARDI,short_wave,short_wave,True,0.99297667,46.49112426035503
sp|Q8AYM8.1|OPSG2_DANRE,sp|P32308.1|OPSD_CANLF,short_wave,short_wave,True,0.9911515,46.84170742552246
sp|Q8AYM8.1|OPSG2_DANRE,sp|O42604.1|OPSD_ZEUFA,short_wave,short_wave,True,0.9944551,48.02091564025099
sp|Q8AYM8.1|OPSG2_DANRE,sp|P79914.1|OPSD_SARXA,short_wave,short_wave,True,0.99314857,47.66481794068001
sp|Q8AYM8.1|OPSG2_DANRE,sp|P79911.1|OPSD_SARTI,short_wave,short_wave,True,0.99414444,47.10982099661345
sp|Q8AYM8.1|OPSG2_DANRE,sp|O62796.1|OPSD_TRIMA,short_wave,short_wave,True,0.98978513,46.69719875500222
sp|Q8AYM8.1|OPSG2_DANRE,sp|P51474.1|OPSG3_PSAFA,short_wave,short_wave,True,0.9941788,47.84615384615385
sp|Q8AYM8.1|OPSG2_DANRE,sp|P79901.1|OPSD_SARMI,short_wave,short_wave,True,0.9921221,46.04733727810651
sp|Q8AYM8.1|OPSG2_DANRE,sp|P79798.1|OPSD_MYRBE,short_wave,short_wave,True,0.9942662,47.10982099661345
sp|Q8AYM8.1|OPSG2_DANRE,sp|P79902.1|OPSD_SARPU,short_wave,short_wave,True,0.9936762,46.63905325443787
sp|Q8AYM8.1|OPSG2_DANRE,sp|P79808.1|OPSD_NEOAR,short_wave,short_wave,True,0.99400043,47.35133831685556
sp|Q8AYM8.1|OPSG2_DANRE,sp|P79809.1|OPSD_NEOAU,short_wave,short_wave,True,0.9941761,47.581519109820995
sp|Q8AYM8.1|OPSG2_DANRE,sp|P79903.1|OPSD_SARSP,short_wave,short_wave,True,0.9939239,46.795355587808416
sp|Q8AYM8.1|OPSG2_DANRE,sp|P51488.1|OPSD_CYPCA,short_wave,short_wave,True,0.99228024,47.67455621301775
sp|Q8AYM8.1|OPSG2_DANRE,sp|P79812.1|OPSD_NEOSA,short_wave,short_wave,True,0.9942521,47.50807812876778
sp|Q8AYM8.1|OPSG2_DANRE,sp|Q9YGY9.1|OPSD_ZOSOP,short_wave,short_wave,True,0.9935991,46.54821235102925
sp|Q8AYM8.1|OPSG2_DANRE,sp|Q9YGZ2.1|OPSD_GOBNI,short_wave,short_wave,True,0.99327755,46.68905742145179
sp|Q8AYM8.1|OPSG2_DANRE,sp|P41590.1|OPSD_PSAFA,short_wave,short_wave,True,0.9929528,46.02884615384615
sp|Q8AYM8.1|OPSG2_DANRE,sp|P51475.1|OPSP_CHICK,short_wave,short_wave,True,0.971078,47.41668603300023
sp|Q8AYM8.1|OPSG2_DANRE,sp|P32309.1|OPSD_CARAU,short_wave,short_wave,True,0.99161845,47.230769230769226
sp|Q8AYM8.1|OPSG2_DANRE,sp|Q9R024.1|OPSG_CAVPO,short_wave,short_wave,True,0.9898605,45.86043298019346
sp|Q8AYM8.1|OPSG2_DANRE,sp|P87369.1|OPSD_ORYLA,short_wave,short_wave,True,0.9927843,47.230769230769226
sp|Q8AYM8.1|OPSG2_DANRE,sp|P34989.1|OPSL_CALJA,short_wave,short_wave,True,0.9922735,45.58241758241758
sp|Q8AYM8.1|OPSG2_DANRE,sp|Q9YH05.1|OPSD_DIPAN,short_wave,short_wave,True,0.99320537,45.787083976195724
sp|Q8AYM8.1|OPSG2_DANRE,sp|Q9YGZ8.1|OPSD_CHELB,short_wave,short_wave,True,0.99147505,46.07361692748512
sp|Q8AYM8.1|OPSG2_DANRE,sp|Q9YGZ5.1|OPSD_SOLSO,short_wave,short_wave,True,0.9942532,46.85323265691363
sp|Q8AYM8.1|OPSG2_DANRE,sp|O35476.2|OPSG_RAT,short_wave,short_wave,True,0.9928634,46.66937410415672
sp|Q8AYM8.1|OPSG2_DANRE,sp|Q9DGG4.1|OPSD_TETNG,short_wave,short_wave,True,0.9934927,46.06395851339671
sp|Q8AYM8.1|OPSG2_DANRE,sp|Q9YGZ3.1|OPSD_SALPV,short_wave,short_wave,True,0.99339634,46.142641672053436
sp|Q8AYM8.1|OPSG2_DANRE,sp|P35359.2|OPSD_DANRE,short_wave,short_wave,True,0.99212474,46.812456425749474
sp|Q8AYM8.1|OPSG2_DANRE,sp|P79848.1|OPSD_POERE,short_wave,short_wave,True,0.9939059,47.230769230769226
sp|Q8AYM8.1|OPSG2_DANRE,sp|O35599.1|OPSG_MOUSE,short_wave,short_wave,True,0.992049,46.66937410415672
sp|Q8AYM8.1|OPSG2_DANRE,sp|O35478.2|OPSG_SCICA,short_wave,short_wave,True,0.99169517,45.71073238139107
sp|Q8AYM8.1|OPSG2_DANRE,sp|Q9YGZ6.1|OPSD_CHEAU,short_wave,short_wave,True,0.9916674,46.20440795159897
sp|Q8AYM8.1|OPSG2_DANRE,sp|Q98980.1|OPSD_PETMA,short_wave,short_wave,True,0.9950802,47.73593570608496
sp|Q8AYM8.1|OPSG2_DANRE,sp|P04000.2|OPSR_HUMAN,short_wave,long_wave,False,0.9913485,74.15384615384616
sp|Q8AYM8.1|OPSG2_DANRE,sp|P04001.1|OPSG_HUMAN,short_wave,long_wave,False,0.99079216,72.36813186813187
sp|Q8AYM8.1|OPSG2_DANRE,sp|O18913.2|OPSR_FELCA,short_wave,long_wave,False,0.9886399,69.62087912087912
sp|Q8AYM8.1|OPSG2_DANRE,sp|O18912.2|OPSR_HORSE,short_wave,long_wave,False,0.9906297,68.93406593406593
sp|Q8AYM8.1|OPSG2_DANRE,sp|Q9BGI7.1|OPSR_BOVIN,short_wave,long_wave,False,0.9914223,69.07142857142857
sp|Q8AYM8.1|OPSG2_DANRE,sp|Q95170.1|OPSR_CAPHI,short_wave,long_wave,False,0.99145913,68.93406593406593
sp|Q8AYM8.1|OPSG2_DANRE,sp|O18914.2|OPSR_CANLF,short_wave,long_wave,False,0.9899293,68.7967032967033
sp|Q8AYM8.1|OPSG2_DANRE,sp|O18910.2|OPSG_RABIT,short_wave,long_wave,False,0.990665,67.97252747252747
sp|Q8AYM8.1|OPSG2_DANRE,sp|P41592.1|OPSR_ANOCA,short_wave,long_wave,False,0.9905056,65.3967840069535
sp|Q8AYM8.1|OPSG2_DANRE,sp|P22329.1|OPSR_CHICK,short_wave,long_wave,False,0.9917737,67.73593570608496
sp|Q8AYM8.1|OPSG2_DANRE,sp|P87367.1|OPSR_ORYLA,short_wave,long_wave,False,0.99020624,64.54381829869294
sp|Q8AYM8.1|OPSG2_DANRE,sp|P32313.1|OPSR_CARAU,short_wave,long_wave,False,0.9904337,63.70816370259267
sp|Q8AYM8.1|OPSG2_DANRE,sp|O12948.1|OPSR_XENLA,short_wave,long_wave,False,0.9911734,63.5606258148631
sp|Q8AYM8.1|OPSG2_DANRE,sp|Q9W6A7.1|OPSR1_DANRE,short_wave,long_wave,False,0.988096,63.29033640454253
sp|Q8AYM8.1|OPSG2_DANRE,sp|P22332.2|OPSR_PSAFA,short_wave,long_wave,False,0.989466,62.59395757445897
sp|Q8AYM8.1|OPSG2_DANRE,sp|Q8AYN0.1|OPSR2_DANRE,short_wave,long_wave,False,0.98862964,63.85972850678733
sp|Q8AYM8.1|OPSG2_DANRE,sp|P35358.1|OPSG_GEKGE,short_wave,long_wave,False,0.98914,62.289439374185136
sp|Q8AYM8.1|OPSG2_DANRE,sp|P22331.1|OPSG2_PSAFA,short_wave,long_wave,False,0.989893,62.38914027149321
sp|Q8AYM8.1|OPSG2_DANRE,sp|P22330.1|OPSG1_PSAFA,short_wave,long_wave,False,0.99103427,61.50678733031674
sp|Q8AYM8.1|OPSG2_DANRE,sp|O18911.1|OPSG_ODOVI,short_wave,long_wave,False,0.9706294,69.20879120879121
sp|Q8AYM8.1|OPSG2_DANRE,sp|Q90215.1|OPSD2_ANGAN,short_wave,long_wave,False,0.99248517,45.94871794871795
sp|Q8AYM8.1|OPSG2_DANRE,sp|P79756.1|OPSD_GAMAF,short_wave,long_wave,False,0.9937059,45.56147078727724
sp|Q8AYM8.1|OPSG2_DANRE,sp|O42490.1|OPSP_PETMA,short_wave,long_wave,False,0.96354043,44.26716060143822
sp|Q9W6A8.1|OP1S2_DANRE,sp|P35357.1|OPSB_GEKGE,short_wave,short_wave,True,0.9941494,49.83560486389185
sp|Q9W6A8.1|OP1S2_DANRE,sp|P51470.1|OPSD_AQUCT,short_wave,short_wave,True,0.99063146,47.96007664105824
sp|Q9W6A8.1|OP1S2_DANRE,sp|Q9W6A5.2|OPSG1_DANRE,short_wave,short_wave,True,0.99379176,48.23265691363851
sp|Q9W6A8.1|OP1S2_DANRE,sp|P41591.1|OPSD_ANOCA,short_wave,short_wave,True,0.99031335,48.931957612939215
sp|Q9W6A8.1|OP1S2_DANRE,sp|P31355.1|OPSD_LITPI,short_wave,short_wave,True,0.99000716,47.65977634075794
sp|Q9W6A8.1|OP1S2_DANRE,sp|Q90245.1|OPSD_AMBTI,short_wave,short_wave,True,0.99020976,48.01762698679302
sp|Q9W6A8.1|OP1S2_DANRE,sp|O93441.1|OPSD_GALML,short_wave,short_wave,True,0.9922919,48.047217353198945
sp|Q9W6A8.1|OP1S2_DANRE,sp|O93459.1|OPSD_SCYCA,short_wave,short_wave,True,0.989912,48.0933996192088
sp|Q9W6A8.1|OP1S2_DANRE,sp|P28683.1|OPSG_CHICK,short_wave,short_wave,True,0.99280965,48.21827876841924
sp|Q9W6A8.1|OP1S2_DANRE,sp|P51489.1|OPSD_RAT,short_wave,short_wave,True,0.9886266,47.2188730096812
sp|Q9W6A8.1|OP1S2_DANRE,sp|O13227.1|OPSB_CONCO,short_wave,short_wave,True,0.9855818,48.102515152076805
sp|Q9W6A8.1|OP1S2_DANRE,sp|P32311.1|OPSG1_CARAU,short_wave,short_wave,True,0.9935088,48.38650306748467
sp|Q9W6A8.1|OP1S2_DANRE,sp|P49912.1|OPSD_RABIT,short_wave,short_wave,True,0.98749346,47.226009240324174
sp|Q9W6A8.1|OP1S2_DANRE,sp|Q28886.1|OPSD_MACFA,short_wave,short_wave,True,0.9884001,47.2188730096812
sp|Q9W6A8.1|OP1S2_DANRE,sp|O62795.1|OPSD_PAGGO,short_wave,short_wave,True,0.98965716,47.2188730096812
sp|Q9W6A8.1|OP1S2_DANRE,sp|P52202.1|OPSD_ALLMI,short_wave,short_wave,True,0.99005663,47.50962619060779
sp|Q9W6A8.1|OP1S2_DANRE,sp|O62794.1|OPSD_PHOVI,short_wave,short_wave,True,0.9901182,47.2188730096812
sp|Q9W6A8.1|OP1S2_DANRE,sp|Q769E8.1|OPSD_OTOCR,short_wave,short_wave,True,0.9873577,46.929855668640734
sp|Q9W6A8.1|OP1S2_DANRE,sp|P02699.1|OPSD_BOVIN,short_wave,short_wave,True,0.9876344,46.929855668640734
sp|Q9W6A8.1|OP1S2_DANRE,sp|Q68J47.1|OPSD_LOXAF,short_wave,short_wave,True,0.98892236,46.7853469981205
sp|Q9W6A8.1|OP1S2_DANRE,sp|Q95KU1.1|OPSD_FELCA,short_wave,short_wave,True,0.98873025,46.929855668640734
sp|Q9W6A8.1|OP1S2_DANRE,sp|O62791.1|OPSD_DELDE,short_wave,short_wave,True,0.9907074,46.7853469981205
sp|Q9W6A8.1|OP1S2_DANRE,sp|P32312.1|OPSG2_CARAU,short_wave,short_wave,True,0.9916444,48.23265691363851
sp|Q9W6A8.1|OP1S2_DANRE,sp|P15409.2|OPSD_MOUSE,short_wave,short_wave,True,0.98798144,46.64083832760027
sp|Q9W6A8.1|OP1S2_DANRE,sp|P22328.1|OPSD_CHICK,short_wave,short_wave,True,0.99037975,47.70028605868701
sp|Q9W6A8.1|OP1S2_DANRE,sp|Q6W3E1.1|OPSD_CALPD,short_wave,short_wave,True,0.9880873,46.64083832760027
sp|Q9W6A8.1|OP1S2_DANRE,sp|P51471.1|OPSB_ANOCA,short_wave,short_wave,True,0.9941907,47.75098904879307
sp|Q9W6A8.1|OP1S2_DANRE,sp|P28681.1|OPSD_CRIGR,short_wave,short_wave,True,0.9879812,47.074364339160965
sp|Q9W6A8.1|OP1S2_DANRE,sp|P56515.1|OPSD_RHIMB,short_wave,short_wave,True,0.99073964,48.41052709150868
sp|Q9W6A8.1|OP1S2_DANRE,sp|O62793.1|OPSD_MESBI,short_wave,short_wave,True,0.99053955,46.5103968727944
sp|Q9W6A8.1|OP1S2_DANRE,sp|P79863.1|OPSD_LEUER,short_wave,short_wave,True,0.9899703,47.29716589169216
sp|Q9W6A8.1|OP1S2_DANRE,sp|P56514.1|OPSD_BUFBU,short_wave,short_wave,True,0.9909472,48.11022679120839
sp|Q9W6A8.1|OP1S2_DANRE,sp|O62798.1|OPSD_TURTR,short_wave,short_wave,True,0.9910055,46.64083832760027
sp|Q9W6A8.1|OP1S2_DANRE,sp|Q90214.1|OPSD1_ANGAN,short_wave,short_wave,True,0.9870171,47.33971944175367
sp|Q9W6A8.1|OP1S2_DANRE,sp|P22671.1|OPSD_LETCA,short_wave,short_wave,True,0.99029315,47.968592619723466
sp|Q9W6A8.1|OP1S2_DANRE,sp|P08100.1|OPSD_HUMAN,short_wave,short_wave,True,0.98933184,47.24785999963805
sp|Q9W6A8.1|OP1S2_DANRE,sp|O62792.1|OPSD_GLOME,short_wave,short_wave,True,0.9913859,46.49632965708004
sp|Q9W6A8.1|OP1S2_DANRE,sp|P02700.2|OPSD_SHEEP,short_wave,short_wave,True,0.99058986,46.49632965708004
sp|Q9W6A8.1|OP1S2_DANRE,sp|O18766.1|OPSD_PIG,short_wave,short_wave,True,0.98895717,47.2780693325449
sp|Q9W6A8.1|OP1S2_DANRE,sp|Q9YGZ0.1|OPSD_SARPI,short_wave,short_wave,True,0.98792535,47.00188768286928
sp|Q9W6A8.1|OP1S2_DANRE,sp|P29403.1|OPSD_XENLA,short_wave,short_wave,True,0.99194354,48.56067724165884
sp|Q9W6A8.1|OP1S2_DANRE,sp|P79807.1|OPSD_MYRVI,short_wave,short_wave,True,0.9885309,47.34247791025196
sp|Q9W6A8.1|OP1S2_DANRE,sp|P79898.1|OPSD_SARDI,short_wave,short_wave,True,0.98885846,46.723781173993544
sp|Q9W6A8.1|OP1S2_DANRE,sp|P32308.1|OPSD_CANLF,short_wave,short_wave,True,0.98902833,47.074364339160965
sp|Q9W6A8.1|OP1S2_DANRE,sp|O42604.1|OPSD_ZEUFA,short_wave,short_wave,True,0.9890411,48.2535725538895
sp|Q9W6A8.1|OP1S2_DANRE,sp|P79914.1|OPSD_SARXA,short_wave,short_wave,True,0.9884447,47.89747485431852
sp|Q9W6A8.1|OP1S2_DANRE,sp|P79911.1|OPSD_SARTI,short_wave,short_wave,True,0.9911594,47.34247791025196
sp|Q9W6A8.1|OP1S2_DANRE,sp|O62796.1|OPSD_TRIMA,short_wave,short_wave,True,0.9877445,46.929855668640734
sp|Q9W6A8.1|OP1S2_DANRE,sp|P51474.1|OPSG3_PSAFA,short_wave,short_wave,True,0.99147505,48.07881075979236
sp|Q9W6A8.1|OP1S2_DANRE,sp|P79901.1|OPSD_SARMI,short_wave,short_wave,True,0.9883281,46.27999419174502
sp|Q9W6A8.1|OP1S2_DANRE,sp|P79798.1|OPSD_MYRBE,short_wave,short_wave,True,0.9889651,47.34247791025196
sp|Q9W6A8.1|OP1S2_DANRE,sp|P79902.1|OPSD_SARPU,short_wave,short_wave,True,0.99029505,46.871710168076376
sp|Q9W6A8.1|OP1S2_DANRE,sp|P79808.1|OPSD_NEOAR,short_wave,short_wave,True,0.98955697,47.58399523049407
sp|Q9W6A8.1|OP1S2_DANRE,sp|P79809.1|OPSD_NEOAU,short_wave,short_wave,True,0.99070626,47.81417602345951
sp|Q9W6A8.1|OP1S2_DANRE,sp|P79903.1|OPSD_SARSP,short_wave,short_wave,True,0.9906788,47.02801250144693
sp|Q9W6A8.1|OP1S2_DANRE,sp|P51488.1|OPSD_CYPCA,short_wave,short_wave,True,0.9877392,47.90721312665626
sp|Q9W6A8.1|OP1S2_DANRE,sp|P79812.1|OPSD_NEOSA,short_wave,short_wave,True,0.9886494,47.74073504240629
sp|Q9W6A8.1|OP1S2_DANRE,sp|Q9YGY9.1|OPSD_ZOSOP,short_wave,short_wave,True,0.9873054,46.780869264667764
sp|Q9W6A8.1|OP1S2_DANRE,sp|Q9YGZ2.1|OPSD_GOBNI,short_wave,short_wave,True,0.9874939,46.9217143350903
sp|Q9W6A8.1|OP1S2_DANRE,sp|P41590.1|OPSD_PSAFA,short_wave,short_wave,True,0.98627865,46.26150306748467
sp|Q9W6A8.1|OP1S2_DANRE,sp|P51475.1|OPSP_CHICK,short_wave,short_wave,True,0.96705186,47.64934294663874
sp|Q9W6A8.1|OP1S2_DANRE,sp|P32309.1|OPSD_CARAU,short_wave,short_wave,True,0.9861666,47.46342614440774
sp|Q9W6A8.1|OP1S2_DANRE,sp|Q9R024.1|OPSG_CAVPO,short_wave,short_wave,True,0.9871102,46.09308989383197
sp|Q9W6A8.1|OP1S2_DANRE,sp|P87369.1|OPSD_ORYLA,short_wave,short_wave,True,0.98599684,47.46342614440774
sp|Q9W6A8.1|OP1S2_DANRE,sp|P34989.1|OPSL_CALJA,short_wave,short_wave,True,0.9905386,45.81507449605609
sp|Q9W6A8.1|OP1S2_DANRE,sp|Q9YH05.1|OPSD_DIPAN,short_wave,short_wave,True,0.98847145,46.01974088983424
sp|Q9W6A8.1|OP1S2_DANRE,sp|Q9YGZ8.1|OPSD_CHELB,short_wave,short_wave,True,0.9845575,46.306273841123634
sp|Q9W6A8.1|OP1S2_DANRE,sp|Q9YGZ5.1|OPSD_SOLSO,short_wave,short_wave,True,0.9874291,47.08588957055215
sp|Q9W6A8.1|OP1S2_DANRE,sp|O35476.2|OPSG_RAT,short_wave,short_wave,True,0.9910793,46.902031017795224
sp|Q9W6A8.1|OP1S2_DANRE,sp|Q9DGG4.1|OPSD_TETNG,short_wave,short_wave,True,0.98812824,46.29661542703523
sp|Q9W6A8.1|OP1S2_DANRE,sp|Q9YGZ3.1|OPSD_SALPV,short_wave,short_wave,True,0.9871615,46.37529858569195
sp|Q9W6A8.1|OP1S2_DANRE,sp|P35359.2|OPSD_DANRE,short_wave,short_wave,True,0.98629117,47.04511333938799
sp|Q9W6A8.1|OP1S2_DANRE,sp|P79848.1|OPSD_POERE,short_wave,short_wave,True,0.98797774,47.46342614440774
sp|Q9W6A8.1|OP1S2_DANRE,sp|O35599.1|OPSG_MOUSE,short_wave,short_wave,True,0.99088585,46.902031017795224
sp|Q9W6A8.1|OP1S2_DANRE,sp|O35478.2|OPSG_SCICA,short_wave,short_wave,True,0.98993206,45.943389295029576
sp|Q9W6A8.1|OP1S2_DANRE,sp|Q9YGZ6.1|OPSD_CHEAU,short_wave,short_wave,True,0.98475796,46.437064865237474
sp|Q9W6A8.1|OP1S2_DANRE,sp|Q98980.1|OPSD_PETMA,short_wave,short_wave,True,0.9921048,47.968592619723466
sp|Q9W6A8.1|OP1S2_DANRE,sp|P04000.2|OPSR_HUMAN,short_wave,long_wave,False,0.98935705,74.38650306748467
sp|Q9W6A8.1|OP1S2_DANRE,sp|P04001.1|OPSG_HUMAN,short_wave,long_wave,False,0.9890529,72.60078878177038
sp|Q9W6A8.1|OP1S2_DANRE,sp|O18913.2|OPSR_FELCA,short_wave,long_wave,False,0.9851482,69.85353603451763
sp|Q9W6A8.1|OP1S2_DANRE,sp|O18912.2|OPSR_HORSE,short_wave,long_wave,False,0.9883824,69.16672284770445
sp|Q9W6A8.1|OP1S2_DANRE,sp|Q9BGI7.1|OPSR_BOVIN,short_wave,long_wave,False,0.98934585,69.30408548506708
sp|Q9W6A8.1|OP1S2_DANRE,sp|Q95170.1|OPSR_CAPHI,short_wave,long_wave,False,0.9890863,69.16672284770445
sp|Q9W6A8.1|OP1S2_DANRE,sp|O18914.2|OPSR_CANLF,short_wave,long_wave,False,0.9869386,69.0293602103418
sp|Q9W6A8.1|OP1S2_DANRE,sp|O18910.2|OPSG_RABIT,short_wave,long_wave,False,0.9878079,68.20518438616598
sp|Q9W6A8.1|OP1S2_DANRE,sp|P41592.1|OPSR_ANOCA,short_wave,long_wave,False,0.98556745,65.629440920592
sp|Q9W6A8.1|OP1S2_DANRE,sp|P22329.1|OPSR_CHICK,short_wave,long_wave,False,0.9873259,67.96859261972347
sp|Q9W6A8.1|OP1S2_DANRE,sp|P87367.1|OPSR_ORYLA,short_wave,long_wave,False,0.98541415,64.77647521233146
sp|Q9W6A8.1|OP1S2_DANRE,sp|P32313.1|OPSR_CARAU,short_wave,long_wave,False,0.98576564,63.94082061623118
sp|Q9W6A8.1|OP1S2_DANRE,sp|O12948.1|OPSR_XENLA,short_wave,long_wave,False,0.98755574,63.79328272850161
sp|Q9W6A8.1|OP1S2_DANRE,sp|Q9W6A7.1|OPSR1_DANRE,short_wave,long_wave,False,0.9841683,63.52299331818104
sp|Q9W6A8.1|OP1S2_DANRE,sp|P22332.2|OPSR_PSAFA,short_wave,long_wave,False,0.9849278,62.826614488097476
sp|Q9W6A8.1|OP1S2_DANRE,sp|Q8AYN0.1|OPSR2_DANRE,short_wave,long_wave,False,0.98316324,64.09238542042584
sp|Q9W6A8.1|OP1S2_DANRE,sp|P35358.1|OPSG_GEKGE,short_wave,long_wave,False,0.9841255,62.52209628782364
sp|Q9W6A8.1|OP1S2_DANRE,sp|P22331.1|OPSG2_PSAFA,short_wave,long_wave,False,0.9862771,62.621797185131726
sp|Q9W6A8.1|OP1S2_DANRE,sp|P22330.1|OPSG1_PSAFA,short_wave,long_wave,False,0.98732406,61.73944424395525
sp|Q9W6A8.1|OP1S2_DANRE,sp|O18911.1|OPSG_ODOVI,short_wave,long_wave,False,0.96818006,69.44144812242972
sp|Q9W6A8.1|OP1S2_DANRE,sp|Q90215.1|OPSD2_ANGAN,short_wave,long_wave,False,0.9861926,46.18137486235646
sp|Q9W6A8.1|OP1S2_DANRE,sp|P79756.1|OPSD_GAMAF,short_wave,long_wave,False,0.9872093,45.79412770091575
sp|Q9W6A8.1|OP1S2_DANRE,sp|O42490.1|OPSP_PETMA,short_wave,long_wave,False,0.95971847,44.49981751507673
sp|P35357.1|OPSB_GEKGE,sp|P51470.1|OPSD_AQUCT,short_wave,short_wave,True,0.99661595,49.02267536998076
sp|P35357.1|OPSB_GEKGE,sp|Q9W6A5.2|OPSG1_DANRE,short_wave,short_wave,True,0.99577117,49.29525564256103
sp|P35357.1|OPSB_GEKGE,sp|P41591.1|OPSD_ANOCA,short_wave,short_wave,True,0.9957983,49.99455634186174
sp|P35357.1|OPSB_GEKGE,sp|P31355.1|OPSD_LITPI,short_wave,short_wave,True,0.9958788,48.72237506968046
sp|P35357.1|OPSB_GEKGE,sp|Q90245.1|OPSD_AMBTI,short_wave,short_wave,True,0.996559,49.08022571571554
sp|P35357.1|OPSB_GEKGE,sp|O93441.1|OPSD_GALML,short_wave,short_wave,True,0.99670136,49.10981608212147
sp|P35357.1|OPSB_GEKGE,sp|O93459.1|OPSD_SCYCA,short_wave,short_wave,True,0.99467933,49.15599834813133
sp|P35357.1|OPSB_GEKGE,sp|P28683.1|OPSG_CHICK,short_wave,short_wave,True,0.99762225,49.28087749734176
sp|P35357.1|OPSB_GEKGE,sp|P51489.1|OPSD_RAT,short_wave,short_wave,True,0.9948877,48.28147173860372
sp|P35357.1|OPSB_GEKGE,sp|O13227.1|OPSB_CONCO,short_wave,short_wave,True,0.99287343,49.16511388099933
sp|P35357.1|OPSB_GEKGE,sp|P32311.1|OPSG1_CARAU,short_wave,short_wave,True,0.9982034,49.44910179640719
sp|P35357.1|OPSB_GEKGE,sp|P49912.1|OPSD_RABIT,short_wave,short_wave,True,0.99453163,48.2886079692467
sp|P35357.1|OPSB_GEKGE,sp|Q28886.1|OPSD_MACFA,short_wave,short_wave,True,0.9959576,48.28147173860372
sp|P35357.1|OPSB_GEKGE,sp|O62795.1|OPSD_PAGGO,short_wave,short_wave,True,0.9963614,48.28147173860372
sp|P35357.1|OPSB_GEKGE,sp|P52202.1|OPSD_ALLMI,short_wave,short_wave,True,0.99618435,48.57222491953031
sp|P35357.1|OPSB_GEKGE,sp|O62794.1|OPSD_PHOVI,short_wave,short_wave,True,0.99646604,48.28147173860372
sp|P35357.1|OPSB_GEKGE,sp|Q769E8.1|OPSD_OTOCR,short_wave,short_wave,True,0.99516153,47.99245439756326
sp|P35357.1|OPSB_GEKGE,sp|P02699.1|OPSD_BOVIN,short_wave,short_wave,True,0.99471533,47.99245439756326
sp|P35357.1|OPSB_GEKGE,sp|Q68J47.1|OPSD_LOXAF,short_wave,short_wave,True,0.99543786,47.847945727043026
sp|P35357.1|OPSB_GEKGE,sp|Q95KU1.1|OPSD_FELCA,short_wave,short_wave,True,0.995409,47.99245439756326
sp|P35357.1|OPSB_GEKGE,sp|O62791.1|OPSD_DELDE,short_wave,short_wave,True,0.996383,47.847945727043026
sp|P35357.1|OPSB_GEKGE,sp|P32312.1|OPSG2_CARAU,short_wave,short_wave,True,0.9963824,49.29525564256103
sp|P35357.1|OPSB_GEKGE,sp|P15409.2|OPSD_MOUSE,short_wave,short_wave,True,0.9943269,47.703437056522795
sp|P35357.1|OPSB_GEKGE,sp|P22328.1|OPSD_CHICK,short_wave,short_wave,True,0.99582976,48.762884787609536
sp|P35357.1|OPSB_GEKGE,sp|Q6W3E1.1|OPSD_CALPD,short_wave,short_wave,True,0.99511015,47.703437056522795
sp|P35357.1|OPSB_GEKGE,sp|P51471.1|OPSB_ANOCA,short_wave,short_wave,True,0.99683553,48.8135877777156
sp|P35357.1|OPSB_GEKGE,sp|P28681.1|OPSD_CRIGR,short_wave,short_wave,True,0.99513257,48.13696306808349
sp|P35357.1|OPSB_GEKGE,sp|P56515.1|OPSD_RHIMB,short_wave,short_wave,True,0.99654967,49.47312582043121
sp|P35357.1|OPSB_GEKGE,sp|O62793.1|OPSD_MESBI,short_wave,short_wave,True,0.9958902,47.572995601716926
sp|P35357.1|OPSB_GEKGE,sp|P79863.1|OPSD_LEUER,short_wave,short_wave,True,0.9956126,48.35976462061468
sp|P35357.1|OPSB_GEKGE,sp|P56514.1|OPSD_BUFBU,short_wave,short_wave,True,0.9959203,49.172825520130914
sp|P35357.1|OPSB_GEKGE,sp|O62798.1|OPSD_TURTR,short_wave,short_wave,True,0.9964987,47.703437056522795
sp|P35357.1|OPSB_GEKGE,sp|Q90214.1|OPSD1_ANGAN,short_wave,short_wave,True,0.99352324,48.402318170676196
sp|P35357.1|OPSB_GEKGE,sp|P22671.1|OPSD_LETCA,short_wave,short_wave,True,0.997369,49.03119134864599
sp|P35357.1|OPSB_GEKGE,sp|P08100.1|OPSD_HUMAN,short_wave,short_wave,True,0.9961473,48.310458728560576
sp|P35357.1|OPSB_GEKGE,sp|O62792.1|OPSD_GLOME,short_wave,short_wave,True,0.9965568,47.55892838600256
sp|P35357.1|OPSB_GEKGE,sp|P02700.2|OPSD_SHEEP,short_wave,short_wave,True,0.9960633,47.55892838600256
sp|P35357.1|OPSB_GEKGE,sp|O18766.1|OPSD_PIG,short_wave,short_wave,True,0.99526846,48.340668061467426
sp|P35357.1|OPSB_GEKGE,sp|Q9YGZ0.1|OPSD_SARPI,short_wave,short_wave,True,0.99369204,48.064486411791805
sp|P35357.1|OPSB_GEKGE,sp|P29403.1|OPSD_XENLA,short_wave,short_wave,True,0.99728405,49.62327597058136
sp|P35357.1|OPSB_GEKGE,sp|P79807.1|OPSD_MYRVI,short_wave,short_wave,True,0.9942424,48.40507663917448
sp|P35357.1|OPSB_GEKGE,sp|P79898.1|OPSD_SARDI,short_wave,short_wave,True,0.9941451,47.78637990291607
sp|P35357.1|OPSB_GEKGE,sp|P32308.1|OPSD_CANLF,short_wave,short_wave,True,0.9960853,48.13696306808349
sp|P35357.1|OPSB_GEKGE,sp|O42604.1|OPSD_ZEUFA,short_wave,short_wave,True,0.9945868,49.31617128281202
sp|P35357.1|OPSB_GEKGE,sp|P79914.1|OPSD_SARXA,short_wave,short_wave,True,0.9941268,48.96007358324104
sp|P35357.1|OPSB_GEKGE,sp|P79911.1|OPSD_SARTI,short_wave,short_wave,True,0.9952202,48.40507663917448
sp|P35357.1|OPSB_GEKGE,sp|O62796.1|OPSD_TRIMA,short_wave,short_wave,True,0.99540216,47.99245439756326
sp|P35357.1|OPSB_GEKGE,sp|P51474.1|OPSG3_PSAFA,short_wave,short_wave,True,0.99713206,49.141409488714885
sp|P35357.1|OPSB_GEKGE,sp|P79901.1|OPSD_SARMI,short_wave,short_wave,True,0.9939709,47.34259292066754
sp|P35357.1|OPSB_GEKGE,sp|P79798.1|OPSD_MYRBE,short_wave,short_wave,True,0.9936844,48.40507663917448
sp|P35357.1|OPSB_GEKGE,sp|P79902.1|OPSD_SARPU,short_wave,short_wave,True,0.9945333,47.9343088969989
sp|P35357.1|OPSB_GEKGE,sp|P79808.1|OPSD_NEOAR,short_wave,short_wave,True,0.99407476,48.64659395941659
sp|P35357.1|OPSB_GEKGE,sp|P79809.1|OPSD_NEOAU,short_wave,short_wave,True,0.9942683,48.87677475238203
sp|P35357.1|OPSB_GEKGE,sp|P79903.1|OPSD_SARSP,short_wave,short_wave,True,0.99500144,48.090611230369454
sp|P35357.1|OPSB_GEKGE,sp|P51488.1|OPSD_CYPCA,short_wave,short_wave,True,0.9946511,48.96981185557878
sp|P35357.1|OPSB_GEKGE,sp|P79812.1|OPSD_NEOSA,short_wave,short_wave,True,0.9943,48.803333771328816
sp|P35357.1|OPSB_GEKGE,sp|Q9YGY9.1|OPSD_ZOSOP,short_wave,short_wave,True,0.9939469,47.84346799359029
sp|P35357.1|OPSB_GEKGE,sp|Q9YGZ2.1|OPSD_GOBNI,short_wave,short_wave,True,0.9944182,47.984313064012824
sp|P35357.1|OPSB_GEKGE,sp|P41590.1|OPSD_PSAFA,short_wave,short_wave,True,0.99401414,47.32410179640719
sp|P35357.1|OPSB_GEKGE,sp|P51475.1|OPSP_CHICK,short_wave,short_wave,True,0.9659432,48.71194167556126
sp|P35357.1|OPSB_GEKGE,sp|P32309.1|OPSD_CARAU,short_wave,short_wave,True,0.99329376,48.526024873330265
sp|P35357.1|OPSB_GEKGE,sp|Q9R024.1|OPSG_CAVPO,short_wave,short_wave,True,0.9880581,47.1556886227545
sp|P35357.1|OPSB_GEKGE,sp|P87369.1|OPSD_ORYLA,short_wave,short_wave,True,0.99402267,48.526024873330265
sp|P35357.1|OPSB_GEKGE,sp|P34989.1|OPSL_CALJA,short_wave,short_wave,True,0.9904344,46.877673224978615
sp|P35357.1|OPSB_GEKGE,sp|Q9YH05.1|OPSD_DIPAN,short_wave,short_wave,True,0.99466527,47.08233961875676
sp|P35357.1|OPSB_GEKGE,sp|Q9YGZ8.1|OPSD_CHELB,short_wave,short_wave,True,0.9917265,47.36887257004616
sp|P35357.1|OPSB_GEKGE,sp|Q9YGZ5.1|OPSD_SOLSO,short_wave,short_wave,True,0.9947611,48.14848829947467
sp|P35357.1|OPSB_GEKGE,sp|O35476.2|OPSG_RAT,short_wave,short_wave,True,0.992476,47.96462974671775
sp|P35357.1|OPSB_GEKGE,sp|Q9DGG4.1|OPSD_TETNG,short_wave,short_wave,True,0.9947322,47.35921415595775
sp|P35357.1|OPSB_GEKGE,sp|Q9YGZ3.1|OPSD_SALPV,short_wave,short_wave,True,0.99414384,47.437897314614474
sp|P35357.1|OPSB_GEKGE,sp|P35359.2|OPSD_DANRE,short_wave,short_wave,True,0.99370897,48.10771206831051
sp|P35357.1|OPSB_GEKGE,sp|P79848.1|OPSD_POERE,short_wave,short_wave,True,0.9943503,48.526024873330265
sp|P35357.1|OPSB_GEKGE,sp|O35599.1|OPSG_MOUSE,short_wave,short_wave,True,0.9917782,47.96462974671775
sp|P35357.1|OPSB_GEKGE,sp|O35478.2|OPSG_SCICA,short_wave,short_wave,True,0.99127954,47.0059880239521
sp|P35357.1|OPSB_GEKGE,sp|Q9YGZ6.1|OPSD_CHEAU,short_wave,short_wave,True,0.9922819,47.49966359416
sp|P35357.1|OPSB_GEKGE,sp|Q98980.1|OPSD_PETMA,short_wave,short_wave,True,0.9968228,49.03119134864599
sp|P35357.1|OPSB_GEKGE,sp|P04000.2|OPSR_HUMAN,short_wave,long_wave,False,0.9887492,75.44910179640719
sp|P35357.1|OPSB_GEKGE,sp|P04001.1|OPSG_HUMAN,short_wave,long_wave,False,0.9884559,73.6633875106929
sp|P35357.1|OPSB_GEKGE,sp|O18913.2|OPSR_FELCA,short_wave,long_wave,False,0.98597145,70.91613476344016
sp|P35357.1|OPSB_GEKGE,sp|O18912.2|OPSR_HORSE,short_wave,long_wave,False,0.9890276,70.22932157662697
sp|P35357.1|OPSB_GEKGE,sp|Q9BGI7.1|OPSR_BOVIN,short_wave,long_wave,False,0.9893602,70.3666842139896
sp|P35357.1|OPSB_GEKGE,sp|Q95170.1|OPSR_CAPHI,short_wave,long_wave,False,0.98924077,70.22932157662697
sp|P35357.1|OPSB_GEKGE,sp|O18914.2|OPSR_CANLF,short_wave,long_wave,False,0.9873373,70.09195893926433
sp|P35357.1|OPSB_GEKGE,sp|O18910.2|OPSG_RABIT,short_wave,long_wave,False,0.9882207,69.2677831150885
sp|P35357.1|OPSB_GEKGE,sp|P41592.1|OPSR_ANOCA,short_wave,long_wave,False,0.9875403,66.69203964951453
sp|P35357.1|OPSB_GEKGE,sp|P22329.1|OPSR_CHICK,short_wave,long_wave,False,0.9884067,69.03119134864599
sp|P35357.1|OPSB_GEKGE,sp|P87367.1|OPSR_ORYLA,short_wave,long_wave,False,0.988173,65.83907394125399
sp|P35357.1|OPSB_GEKGE,sp|P32313.1|OPSR_CARAU,short_wave,long_wave,False,0.9893389,65.0034193451537
sp|P35357.1|OPSB_GEKGE,sp|O12948.1|OPSR_XENLA,short_wave,long_wave,False,0.99006176,64.85588145742413
sp|P35357.1|OPSB_GEKGE,sp|Q9W6A7.1|OPSR1_DANRE,short_wave,long_wave,False,0.98863435,64.58559204710356
sp|P35357.1|OPSB_GEKGE,sp|P22332.2|OPSR_PSAFA,short_wave,long_wave,False,0.9890184,63.88921321702
sp|P35357.1|OPSB_GEKGE,sp|Q8AYN0.1|OPSR2_DANRE,short_wave,long_wave,False,0.9877036,65.15498414934837
sp|P35357.1|OPSB_GEKGE,sp|P35358.1|OPSG_GEKGE,short_wave,long_wave,False,0.98593855,63.58469501674617
sp|P35357.1|OPSB_GEKGE,sp|P22331.1|OPSG2_PSAFA,short_wave,long_wave,False,0.98906326,63.68439591405425
sp|P35357.1|OPSB_GEKGE,sp|P22330.1|OPSG1_PSAFA,short_wave,long_wave,False,0.99037915,62.80204297287777
sp|P35357.1|OPSB_GEKGE,sp|O18911.1|OPSG_ODOVI,short_wave,long_wave,False,0.97181994,70.50404685135224
sp|P35357.1|OPSB_GEKGE,sp|Q90215.1|OPSD2_ANGAN,short_wave,long_wave,False,0.9932608,47.24397359127899
sp|P35357.1|OPSB_GEKGE,sp|P79756.1|OPSD_GAMAF,short_wave,long_wave,False,0.9942345,46.856726429838275
sp|P35357.1|OPSB_GEKGE,sp|O42490.1|OPSP_PETMA,short_wave,long_wave,False,0.9559324,45.56241624399925
sp|P51470.1|OPSD_AQUCT,sp|Q9W6A5.2|OPSG1_DANRE,short_wave,short_wave,True,0.9924499,47.41972741972742
sp|P51470.1|OPSD_AQUCT,sp|P41591.1|OPSD_ANOCA,short_wave,short_wave,True,0.99637085,48.119028119028115
sp|P51470.1|OPSD_AQUCT,sp|P31355.1|OPSD_LITPI,short_wave,short_wave,True,0.9997965,46.846846846846844
sp|P51470.1|OPSD_AQUCT,sp|Q90245.1|OPSD_AMBTI,short_wave,short_wave,True,0.99911076,47.204697492881934
sp|P51470.1|OPSD_AQUCT,sp|O93441.1|OPSD_GALML,short_wave,short_wave,True,0.99737334,47.23428785928786
sp|P51470.1|OPSD_AQUCT,sp|O93459.1|OPSD_SCYCA,short_wave,short_wave,True,0.9968337,47.28047012529771
sp|P51470.1|OPSD_AQUCT,sp|P28683.1|OPSG_CHICK,short_wave,short_wave,True,0.99582237,47.405349274508154
sp|P51470.1|OPSD_AQUCT,sp|P51489.1|OPSD_RAT,short_wave,short_wave,True,0.9972234,46.405943515770105
sp|P51470.1|OPSD_AQUCT,sp|O13227.1|OPSB_CONCO,short_wave,short_wave,True,0.99642086,47.28958565816572
sp|P51470.1|OPSD_AQUCT,sp|P32311.1|OPSG1_CARAU,short_wave,short_wave,True,0.99462646,47.57357357357357
sp|P51470.1|OPSD_AQUCT,sp|P49912.1|OPSD_RABIT,short_wave,short_wave,True,0.99762785,46.413079746413075
sp|P51470.1|OPSD_AQUCT,sp|Q28886.1|OPSD_MACFA,short_wave,short_wave,True,0.9976652,46.405943515770105
sp|P51470.1|OPSD_AQUCT,sp|O62795.1|OPSD_PAGGO,short_wave,short_wave,True,0.99830955,46.405943515770105
sp|P51470.1|OPSD_AQUCT,sp|P52202.1|OPSD_ALLMI,short_wave,short_wave,True,0.9978372,46.69669669669669
sp|P51470.1|OPSD_AQUCT,sp|O62794.1|OPSD_PHOVI,short_wave,short_wave,True,0.99812055,46.405943515770105
sp|P51470.1|OPSD_AQUCT,sp|Q769E8.1|OPSD_OTOCR,short_wave,short_wave,True,0.99776906,46.11692617472964
sp|P51470.1|OPSD_AQUCT,sp|P02699.1|OPSD_BOVIN,short_wave,short_wave,True,0.99744487,46.11692617472964
sp|P51470.1|OPSD_AQUCT,sp|Q68J47.1|OPSD_LOXAF,short_wave,short_wave,True,0.99823636,45.97241750420941
sp|P51470.1|OPSD_AQUCT,sp|Q95KU1.1|OPSD_FELCA,short_wave,short_wave,True,0.9975903,46.11692617472964
sp|P51470.1|OPSD_AQUCT,sp|O62791.1|OPSD_DELDE,short_wave,short_wave,True,0.9979774,45.97241750420941
sp|P51470.1|OPSD_AQUCT,sp|P32312.1|OPSG2_CARAU,short_wave,short_wave,True,0.9916943,47.41972741972742
sp|P51470.1|OPSD_AQUCT,sp|P15409.2|OPSD_MOUSE,short_wave,short_wave,True,0.9965788,45.82790883368918
sp|P51470.1|OPSD_AQUCT,sp|P22328.1|OPSD_CHICK,short_wave,short_wave,True,0.99836516,46.887356564775914
sp|P51470.1|OPSD_AQUCT,sp|Q6W3E1.1|OPSD_CALPD,short_wave,short_wave,True,0.9974619,45.82790883368918
sp|P51470.1|OPSD_AQUCT,sp|P51471.1|OPSB_ANOCA,short_wave,short_wave,True,0.9946841,46.93805955488199
sp|P51470.1|OPSD_AQUCT,sp|P28681.1|OPSD_CRIGR,short_wave,short_wave,True,0.99699503,46.26143484524987
sp|P51470.1|OPSD_AQUCT,sp|P56515.1|OPSD_RHIMB,short_wave,short_wave,True,0.99916613,47.5975975975976
sp|P51470.1|OPSD_AQUCT,sp|O62793.1|OPSD_MESBI,short_wave,short_wave,True,0.9973051,45.6974673788833
sp|P51470.1|OPSD_AQUCT,sp|P79863.1|OPSD_LEUER,short_wave,short_wave,True,0.99706316,46.48423639778106
sp|P51470.1|OPSD_AQUCT,sp|P56514.1|OPSD_BUFBU,short_wave,short_wave,True,0.99886435,47.2972972972973
sp|P51470.1|OPSD_AQUCT,sp|O62798.1|OPSD_TURTR,short_wave,short_wave,True,0.997718,45.82790883368918
sp|P51470.1|OPSD_AQUCT,sp|Q90214.1|OPSD1_ANGAN,short_wave,short_wave,True,0.996058,46.52678994784257
sp|P51470.1|OPSD_AQUCT,sp|P22671.1|OPSD_LETCA,short_wave,short_wave,True,0.9963931,47.15566312581238
sp|P51470.1|OPSD_AQUCT,sp|P08100.1|OPSD_HUMAN,short_wave,short_wave,True,0.997799,46.43493050572697
sp|P51470.1|OPSD_AQUCT,sp|O62792.1|OPSD_GLOME,short_wave,short_wave,True,0.99772984,45.68340016316895
sp|P51470.1|OPSD_AQUCT,sp|P02700.2|OPSD_SHEEP,short_wave,short_wave,True,0.9968833,45.68340016316895
sp|P51470.1|OPSD_AQUCT,sp|O18766.1|OPSD_PIG,short_wave,short_wave,True,0.99717706,46.46513983863382
sp|P51470.1|OPSD_AQUCT,sp|Q9YGZ0.1|OPSD_SARPI,short_wave,short_wave,True,0.99426806,46.18895818895818
sp|P51470.1|OPSD_AQUCT,sp|P29403.1|OPSD_XENLA,short_wave,short_wave,True,0.9989277,47.747747747747745
sp|P51470.1|OPSD_AQUCT,sp|P79807.1|OPSD_MYRVI,short_wave,short_wave,True,0.99483955,46.52954841634087
sp|P51470.1|OPSD_AQUCT,sp|P79898.1|OPSD_SARDI,short_wave,short_wave,True,0.99572366,45.910851680082445
sp|P51470.1|OPSD_AQUCT,sp|P32308.1|OPSD_CANLF,short_wave,short_wave,True,0.99789685,46.26143484524987
sp|P51470.1|OPSD_AQUCT,sp|O42604.1|OPSD_ZEUFA,short_wave,short_wave,True,0.995601,47.440643059978406
sp|P51470.1|OPSD_AQUCT,sp|P79914.1|OPSD_SARXA,short_wave,short_wave,True,0.994655,47.08454536040743
sp|P51470.1|OPSD_AQUCT,sp|P79911.1|OPSD_SARTI,short_wave,short_wave,True,0.9964961,46.52954841634087
sp|P51470.1|OPSD_AQUCT,sp|O62796.1|OPSD_TRIMA,short_wave,short_wave,True,0.99730325,46.11692617472964
sp|P51470.1|OPSD_AQUCT,sp|P51474.1|OPSG3_PSAFA,short_wave,short_wave,True,0.9936284,47.26588126588126
sp|P51470.1|OPSD_AQUCT,sp|P79901.1|OPSD_SARMI,short_wave,short_wave,True,0.9961666,45.46706469783393
sp|P51470.1|OPSD_AQUCT,sp|P79798.1|OPSD_MYRBE,short_wave,short_wave,True,0.9929374,46.52954841634087
sp|P51470.1|OPSD_AQUCT,sp|P79902.1|OPSD_SARPU,short_wave,short_wave,True,0.99578786,46.05878067416529
sp|P51470.1|OPSD_AQUCT,sp|P79808.1|OPSD_NEOAR,short_wave,short_wave,True,0.9949763,46.771065736582976
sp|P51470.1|OPSD_AQUCT,sp|P79809.1|OPSD_NEOAU,short_wave,short_wave,True,0.9949145,47.00124652954841
sp|P51470.1|OPSD_AQUCT,sp|P79903.1|OPSD_SARSP,short_wave,short_wave,True,0.9962133,46.21508300753584
sp|P51470.1|OPSD_AQUCT,sp|P51488.1|OPSD_CYPCA,short_wave,short_wave,True,0.99693936,47.094283632745174
sp|P51470.1|OPSD_AQUCT,sp|P79812.1|OPSD_NEOSA,short_wave,short_wave,True,0.9951105,46.9278055484952
sp|P51470.1|OPSD_AQUCT,sp|Q9YGY9.1|OPSD_ZOSOP,short_wave,short_wave,True,0.99411005,45.96793977075667
sp|P51470.1|OPSD_AQUCT,sp|Q9YGZ2.1|OPSD_GOBNI,short_wave,short_wave,True,0.9946627,46.10878484117921
sp|P51470.1|OPSD_AQUCT,sp|P41590.1|OPSD_PSAFA,short_wave,short_wave,True,0.9950262,45.44857357357357
sp|P51470.1|OPSD_AQUCT,sp|P51475.1|OPSP_CHICK,short_wave,short_wave,True,0.9565432,46.836413452727655
sp|P51470.1|OPSD_AQUCT,sp|P32309.1|OPSD_CARAU,short_wave,short_wave,True,0.995949,46.65049665049665
sp|P51470.1|OPSD_AQUCT,sp|Q9R024.1|OPSG_CAVPO,short_wave,short_wave,True,0.9820966,45.280160399920874
sp|P51470.1|OPSD_AQUCT,sp|P87369.1|OPSD_ORYLA,short_wave,short_wave,True,0.9947947,46.65049665049665
sp|P51470.1|OPSD_AQUCT,sp|P34989.1|OPSL_CALJA,short_wave,short_wave,True,0.9860735,45.002145002145
sp|P51470.1|OPSD_AQUCT,sp|Q9YH05.1|OPSD_DIPAN,short_wave,short_wave,True,0.9957992,45.20681139592314
sp|P51470.1|OPSD_AQUCT,sp|Q9YGZ8.1|OPSD_CHELB,short_wave,short_wave,True,0.99137235,45.49334434721254
sp|P51470.1|OPSD_AQUCT,sp|Q9YGZ5.1|OPSD_SOLSO,short_wave,short_wave,True,0.99578875,46.272960076641056
sp|P51470.1|OPSD_AQUCT,sp|O35476.2|OPSG_RAT,short_wave,short_wave,True,0.98927426,46.08910152388413
sp|P51470.1|OPSD_AQUCT,sp|Q9DGG4.1|OPSD_TETNG,short_wave,short_wave,True,0.99535465,45.483685933124136
sp|P51470.1|OPSD_AQUCT,sp|Q9YGZ3.1|OPSD_SALPV,short_wave,short_wave,True,0.99456704,45.56236909178085
sp|P51470.1|OPSD_AQUCT,sp|P35359.2|OPSD_DANRE,short_wave,short_wave,True,0.9951457,46.2321838454769
sp|P51470.1|OPSD_AQUCT,sp|P79848.1|OPSD_POERE,short_wave,short_wave,True,0.9956463,46.65049665049665
sp|P51470.1|OPSD_AQUCT,sp|O35599.1|OPSG_MOUSE,short_wave,short_wave,True,0.9887289,46.08910152388413
sp|P51470.1|OPSD_AQUCT,sp|O35478.2|OPSG_SCICA,short_wave,short_wave,True,0.98747826,45.130459801118484
sp|P51470.1|OPSD_AQUCT,sp|Q9YGZ6.1|OPSD_CHEAU,short_wave,short_wave,True,0.99230236,45.62413537132638
sp|P51470.1|OPSD_AQUCT,sp|Q98980.1|OPSD_PETMA,short_wave,short_wave,True,0.99604887,47.15566312581238
sp|P51470.1|OPSD_AQUCT,sp|P04000.2|OPSR_HUMAN,short_wave,long_wave,False,0.9840579,73.57357357357357
sp|P51470.1|OPSD_AQUCT,sp|P04001.1|OPSG_HUMAN,short_wave,long_wave,False,0.98293906,71.78785928785929
sp|P51470.1|OPSD_AQUCT,sp|O18913.2|OPSR_FELCA,short_wave,long_wave,False,0.9803556,69.04060654060653
sp|P51470.1|OPSD_AQUCT,sp|O18912.2|OPSR_HORSE,short_wave,long_wave,False,0.9828824,68.35379335379335
sp|P51470.1|OPSD_AQUCT,sp|Q9BGI7.1|OPSR_BOVIN,short_wave,long_wave,False,0.98402864,68.49115599115599
sp|P51470.1|OPSD_AQUCT,sp|Q95170.1|OPSR_CAPHI,short_wave,long_wave,False,0.98385155,68.35379335379335
sp|P51470.1|OPSD_AQUCT,sp|O18914.2|OPSR_CANLF,short_wave,long_wave,False,0.9812763,68.21643071643072
sp|P51470.1|OPSD_AQUCT,sp|O18910.2|OPSG_RABIT,short_wave,long_wave,False,0.9830844,67.3922548922549
sp|P51470.1|OPSD_AQUCT,sp|P41592.1|OPSR_ANOCA,short_wave,long_wave,False,0.98316777,64.81651142668092
sp|P51470.1|OPSD_AQUCT,sp|P22329.1|OPSR_CHICK,short_wave,long_wave,False,0.9825704,67.15566312581238
sp|P51470.1|OPSD_AQUCT,sp|P87367.1|OPSR_ORYLA,short_wave,long_wave,False,0.98332834,63.96354571842036
sp|P51470.1|OPSD_AQUCT,sp|P32313.1|OPSR_CARAU,short_wave,long_wave,False,0.98589265,63.127891122320094
sp|P51470.1|OPSD_AQUCT,sp|O12948.1|OPSR_XENLA,short_wave,long_wave,False,0.98853755,62.980353234590524
sp|P51470.1|OPSD_AQUCT,sp|Q9W6A7.1|OPSR1_DANRE,short_wave,long_wave,False,0.9853546,62.71006382426995
sp|P51470.1|OPSD_AQUCT,sp|P22332.2|OPSR_PSAFA,short_wave,long_wave,False,0.9846771,62.01368499418639
sp|P51470.1|OPSD_AQUCT,sp|Q8AYN0.1|OPSR2_DANRE,short_wave,long_wave,False,0.9834307,63.27945592651474
sp|P51470.1|OPSD_AQUCT,sp|P35358.1|OPSG_GEKGE,short_wave,long_wave,False,0.9822825,61.70916679391256
sp|P51470.1|OPSD_AQUCT,sp|P22331.1|OPSG2_PSAFA,short_wave,long_wave,False,0.9879572,61.80886769122063
sp|P51470.1|OPSD_AQUCT,sp|P22330.1|OPSG1_PSAFA,short_wave,long_wave,False,0.98862934,60.92651475004416
sp|P51470.1|OPSD_AQUCT,sp|O18911.1|OPSG_ODOVI,short_wave,long_wave,False,0.96569735,68.62851862851863
sp|P51470.1|OPSD_AQUCT,sp|Q90215.1|OPSD2_ANGAN,short_wave,long_wave,False,0.996054,45.368445368445364
sp|P51470.1|OPSD_AQUCT,sp|P79756.1|OPSD_GAMAF,short_wave,long_wave,False,0.9949623,44.98119820700465
sp|P51470.1|OPSD_AQUCT,sp|O42490.1|OPSP_PETMA,short_wave,long_wave,False,0.94860244,43.68688802116564
sp|Q9W6A5.2|OPSG1_DANRE,sp|P41591.1|OPSD_ANOCA,short_wave,short_wave,True,0.9927697,48.39160839160839
sp|Q9W6A5.2|OPSG1_DANRE,sp|P31355.1|OPSD_LITPI,short_wave,short_wave,True,0.9915817,47.119427119427115
sp|Q9W6A5.2|OPSG1_DANRE,sp|Q90245.1|OPSD_AMBTI,short_wave,short_wave,True,0.99301845,47.477277765462205
sp|Q9W6A5.2|OPSG1_DANRE,sp|O93441.1|OPSD_GALML,short_wave,short_wave,True,0.99491423,47.50686813186813
sp|Q9W6A5.2|OPSG1_DANRE,sp|O93459.1|OPSD_SCYCA,short_wave,short_wave,True,0.9923099,47.55305039787798
sp|Q9W6A5.2|OPSG1_DANRE,sp|P28683.1|OPSG_CHICK,short_wave,short_wave,True,0.99432325,47.677929547088425
sp|Q9W6A5.2|OPSG1_DANRE,sp|P51489.1|OPSD_RAT,short_wave,short_wave,True,0.9894556,46.678523788350375
sp|Q9W6A5.2|OPSG1_DANRE,sp|O13227.1|OPSB_CONCO,short_wave,short_wave,True,0.9898333,47.56216593074599
sp|Q9W6A5.2|OPSG1_DANRE,sp|P32311.1|OPSG1_CARAU,short_wave,short_wave,True,0.99622416,47.84615384615385
sp|Q9W6A5.2|OPSG1_DANRE,sp|P49912.1|OPSD_RABIT,short_wave,short_wave,True,0.98855704,46.68566001899335
sp|Q9W6A5.2|OPSG1_DANRE,sp|Q28886.1|OPSD_MACFA,short_wave,short_wave,True,0.9902734,46.678523788350375
sp|Q9W6A5.2|OPSG1_DANRE,sp|O62795.1|OPSD_PAGGO,short_wave,short_wave,True,0.9913405,46.678523788350375
sp|Q9W6A5.2|OPSG1_DANRE,sp|P52202.1|OPSD_ALLMI,short_wave,short_wave,True,0.9930531,46.96927696927697
sp|Q9W6A5.2|OPSG1_DANRE,sp|O62794.1|OPSD_PHOVI,short_wave,short_wave,True,0.9914413,46.678523788350375
sp|Q9W6A5.2|OPSG1_DANRE,sp|Q769E8.1|OPSD_OTOCR,short_wave,short_wave,True,0.9892977,46.38950644730991
sp|Q9W6A5.2|OPSG1_DANRE,sp|P02699.1|OPSD_BOVIN,short_wave,short_wave,True,0.9893626,46.38950644730991
sp|Q9W6A5.2|OPSG1_DANRE,sp|Q68J47.1|OPSD_LOXAF,short_wave,short_wave,True,0.9911232,46.24499777678969
sp|Q9W6A5.2|OPSG1_DANRE,sp|Q95KU1.1|OPSD_FELCA,short_wave,short_wave,True,0.98979867,46.38950644730991
sp|Q9W6A5.2|OPSG1_DANRE,sp|O62791.1|OPSD_DELDE,short_wave,short_wave,True,0.9924094,46.24499777678969
sp|Q9W6A5.2|OPSG1_DANRE,sp|P32312.1|OPSG2_CARAU,short_wave,short_wave,True,0.99481875,47.69230769230769
sp|Q9W6A5.2|OPSG1_DANRE,sp|P15409.2|OPSD_MOUSE,short_wave,short_wave,True,0.98852336,46.10048910626945
sp|Q9W6A5.2|OPSG1_DANRE,sp|P22328.1|OPSD_CHICK,short_wave,short_wave,True,0.9929185,47.15993683735619
sp|Q9W6A5.2|OPSG1_DANRE,sp|Q6W3E1.1|OPSD_CALPD,short_wave,short_wave,True,0.98951435,46.10048910626945
sp|Q9W6A5.2|OPSG1_DANRE,sp|P51471.1|OPSB_ANOCA,short_wave,short_wave,True,0.9949799,47.21063982746226
sp|Q9W6A5.2|OPSG1_DANRE,sp|P28681.1|OPSD_CRIGR,short_wave,short_wave,True,0.98944,46.53401511783015
sp|Q9W6A5.2|OPSG1_DANRE,sp|P56515.1|OPSD_RHIMB,short_wave,short_wave,True,0.9932896,47.87017787017787
sp|Q9W6A5.2|OPSG1_DANRE,sp|O62793.1|OPSD_MESBI,short_wave,short_wave,True,0.99270654,45.97004765146358
sp|Q9W6A5.2|OPSG1_DANRE,sp|P79863.1|OPSD_LEUER,short_wave,short_wave,True,0.993151,46.75681667036134
sp|Q9W6A5.2|OPSG1_DANRE,sp|P56514.1|OPSD_BUFBU,short_wave,short_wave,True,0.993768,47.569877569877576
sp|Q9W6A5.2|OPSG1_DANRE,sp|O62798.1|OPSD_TURTR,short_wave,short_wave,True,0.99248916,46.10048910626945
sp|Q9W6A5.2|OPSG1_DANRE,sp|Q90214.1|OPSD1_ANGAN,short_wave,short_wave,True,0.99219644,46.79937022042285
sp|Q9W6A5.2|OPSG1_DANRE,sp|P22671.1|OPSD_LETCA,short_wave,short_wave,True,0.99383086,47.42824339839265
sp|Q9W6A5.2|OPSG1_DANRE,sp|P08100.1|OPSD_HUMAN,short_wave,short_wave,True,0.9910388,46.70751077830724
sp|Q9W6A5.2|OPSG1_DANRE,sp|O62792.1|OPSD_GLOME,short_wave,short_wave,True,0.9933735,45.955980435749225
sp|Q9W6A5.2|OPSG1_DANRE,sp|P02700.2|OPSD_SHEEP,short_wave,short_wave,True,0.99134487,45.955980435749225
sp|Q9W6A5.2|OPSG1_DANRE,sp|O18766.1|OPSD_PIG,short_wave,short_wave,True,0.9900053,46.73772011121409
sp|Q9W6A5.2|OPSG1_DANRE,sp|Q9YGZ0.1|OPSD_SARPI,short_wave,short_wave,True,0.99314475,46.46153846153846
sp|Q9W6A5.2|OPSG1_DANRE,sp|P29403.1|OPSD_XENLA,short_wave,short_wave,True,0.9946951,48.02032802032802
sp|Q9W6A5.2|OPSG1_DANRE,sp|P79807.1|OPSD_MYRVI,short_wave,short_wave,True,0.99362034,46.802128688921144
sp|Q9W6A5.2|OPSG1_DANRE,sp|P79898.1|OPSD_SARDI,short_wave,short_wave,True,0.9931479,46.18343195266272
sp|Q9W6A5.2|OPSG1_DANRE,sp|P32308.1|OPSD_CANLF,short_wave,short_wave,True,0.9906205,46.53401511783015
sp|Q9W6A5.2|OPSG1_DANRE,sp|O42604.1|OPSD_ZEUFA,short_wave,short_wave,True,0.9947073,47.713223332558684
sp|Q9W6A5.2|OPSG1_DANRE,sp|P79914.1|OPSD_SARXA,short_wave,short_wave,True,0.9935416,47.3571256329877
sp|Q9W6A5.2|OPSG1_DANRE,sp|P79911.1|OPSD_SARTI,short_wave,short_wave,True,0.9944756,46.802128688921144
sp|Q9W6A5.2|OPSG1_DANRE,sp|O62796.1|OPSD_TRIMA,short_wave,short_wave,True,0.989424,46.38950644730991
sp|Q9W6A5.2|OPSG1_DANRE,sp|P51474.1|OPSG3_PSAFA,short_wave,short_wave,True,0.99383855,47.53846153846154
sp|Q9W6A5.2|OPSG1_DANRE,sp|P79901.1|OPSD_SARMI,short_wave,short_wave,True,0.9921833,45.739644970414204
sp|Q9W6A5.2|OPSG1_DANRE,sp|P79798.1|OPSD_MYRBE,short_wave,short_wave,True,0.99482596,46.802128688921144
sp|Q9W6A5.2|OPSG1_DANRE,sp|P79902.1|OPSD_SARPU,short_wave,short_wave,True,0.99421674,46.33136094674556
sp|Q9W6A5.2|OPSG1_DANRE,sp|P79808.1|OPSD_NEOAR,short_wave,short_wave,True,0.9943913,47.043646009163254
sp|Q9W6A5.2|OPSG1_DANRE,sp|P79809.1|OPSD_NEOAU,short_wave,short_wave,True,0.9945548,47.27382680212869
sp|Q9W6A5.2|OPSG1_DANRE,sp|P79903.1|OPSD_SARSP,short_wave,short_wave,True,0.9943358,46.48766328011611
sp|Q9W6A5.2|OPSG1_DANRE,sp|P51488.1|OPSD_CYPCA,short_wave,short_wave,True,0.99292135,47.366863905325445
sp|Q9W6A5.2|OPSG1_DANRE,sp|P79812.1|OPSD_NEOSA,short_wave,short_wave,True,0.9946351,47.20038582107547
sp|Q9W6A5.2|OPSG1_DANRE,sp|Q9YGY9.1|OPSD_ZOSOP,short_wave,short_wave,True,0.9939454,46.24052004333694
sp|Q9W6A5.2|OPSG1_DANRE,sp|Q9YGZ2.1|OPSD_GOBNI,short_wave,short_wave,True,0.9934963,46.381365113759486
sp|Q9W6A5.2|OPSG1_DANRE,sp|P41590.1|OPSD_PSAFA,short_wave,short_wave,True,0.993258,45.72115384615385
sp|Q9W6A5.2|OPSG1_DANRE,sp|P51475.1|OPSP_CHICK,short_wave,short_wave,True,0.9703915,47.108993725307926
sp|Q9W6A5.2|OPSG1_DANRE,sp|P32309.1|OPSD_CARAU,short_wave,short_wave,True,0.99228007,46.92307692307692
sp|Q9W6A5.2|OPSG1_DANRE,sp|Q9R024.1|OPSG_CAVPO,short_wave,short_wave,True,0.9900201,45.55274067250115
sp|Q9W6A5.2|OPSG1_DANRE,sp|P87369.1|OPSD_ORYLA,short_wave,short_wave,True,0.9928256,46.92307692307692
sp|Q9W6A5.2|OPSG1_DANRE,sp|P34989.1|OPSL_CALJA,short_wave,short_wave,True,0.99236196,45.27472527472527
sp|Q9W6A5.2|OPSG1_DANRE,sp|Q9YH05.1|OPSD_DIPAN,short_wave,short_wave,True,0.99320704,45.47939166850342
sp|Q9W6A5.2|OPSG1_DANRE,sp|Q9YGZ8.1|OPSD_CHELB,short_wave,short_wave,True,0.9919414,45.76592461979281
sp|Q9W6A5.2|OPSG1_DANRE,sp|Q9YGZ5.1|OPSD_SOLSO,short_wave,short_wave,True,0.9940704,46.545540349221326
sp|Q9W6A5.2|OPSG1_DANRE,sp|O35476.2|OPSG_RAT,short_wave,short_wave,True,0.99272025,46.36168179646441
sp|Q9W6A5.2|OPSG1_DANRE,sp|Q9DGG4.1|OPSD_TETNG,short_wave,short_wave,True,0.9935584,45.75626620570441
sp|Q9W6A5.2|OPSG1_DANRE,sp|Q9YGZ3.1|OPSD_SALPV,short_wave,short_wave,True,0.9932473,45.83494936436113
sp|Q9W6A5.2|OPSG1_DANRE,sp|P35359.2|OPSD_DANRE,short_wave,short_wave,True,0.9924918,46.50476411805717
sp|Q9W6A5.2|OPSG1_DANRE,sp|P79848.1|OPSD_POERE,short_wave,short_wave,True,0.99413025,46.92307692307692
sp|Q9W6A5.2|OPSG1_DANRE,sp|O35599.1|OPSG_MOUSE,short_wave,short_wave,True,0.9921738,46.36168179646441
sp|Q9W6A5.2|OPSG1_DANRE,sp|O35478.2|OPSG_SCICA,short_wave,short_wave,True,0.99135756,45.40304007369876
sp|Q9W6A5.2|OPSG1_DANRE,sp|Q9YGZ6.1|OPSD_CHEAU,short_wave,short_wave,True,0.99205554,45.89671564390666
sp|Q9W6A5.2|OPSG1_DANRE,sp|Q98980.1|OPSD_PETMA,short_wave,short_wave,True,0.99521065,47.42824339839265
sp|Q9W6A5.2|OPSG1_DANRE,sp|P04000.2|OPSR_HUMAN,short_wave,long_wave,False,0.99144304,73.84615384615384
sp|Q9W6A5.2|OPSG1_DANRE,sp|P04001.1|OPSG_HUMAN,short_wave,long_wave,False,0.9910453,72.06043956043956
sp|Q9W6A5.2|OPSG1_DANRE,sp|O18913.2|OPSR_FELCA,short_wave,long_wave,False,0.988498,69.3131868131868
sp|Q9W6A5.2|OPSG1_DANRE,sp|O18912.2|OPSR_HORSE,short_wave,long_wave,False,0.99054134,68.62637362637363
sp|Q9W6A5.2|OPSG1_DANRE,sp|Q9BGI7.1|OPSR_BOVIN,short_wave,long_wave,False,0.9912371,68.76373626373626
sp|Q9W6A5.2|OPSG1_DANRE,sp|Q95170.1|OPSR_CAPHI,short_wave,long_wave,False,0.99127555,68.62637362637363
sp|Q9W6A5.2|OPSG1_DANRE,sp|O18914.2|OPSR_CANLF,short_wave,long_wave,False,0.98948836,68.48901098901099
sp|Q9W6A5.2|OPSG1_DANRE,sp|O18910.2|OPSG_RABIT,short_wave,long_wave,False,0.9907917,67.66483516483517
sp|Q9W6A5.2|OPSG1_DANRE,sp|P41592.1|OPSR_ANOCA,short_wave,long_wave,False,0.9905213,65.08909169926119
sp|Q9W6A5.2|OPSG1_DANRE,sp|P22329.1|OPSR_CHICK,short_wave,long_wave,False,0.9919311,67.42824339839265
sp|Q9W6A5.2|OPSG1_DANRE,sp|P87367.1|OPSR_ORYLA,short_wave,long_wave,False,0.9904465,64.23612599100065
sp|Q9W6A5.2|OPSG1_DANRE,sp|P32313.1|OPSR_CARAU,short_wave,long_wave,False,0.99035794,63.400471394900364
sp|Q9W6A5.2|OPSG1_DANRE,sp|O12948.1|OPSR_XENLA,short_wave,long_wave,False,0.99058956,63.252933507170795
sp|Q9W6A5.2|OPSG1_DANRE,sp|Q9W6A7.1|OPSR1_DANRE,short_wave,long_wave,False,0.9882002,62.98264409685022
sp|Q9W6A5.2|OPSG1_DANRE,sp|P22332.2|OPSR_PSAFA,short_wave,long_wave,False,0.9897749,62.28626526676666
sp|Q9W6A5.2|OPSG1_DANRE,sp|Q8AYN0.1|OPSR2_DANRE,short_wave,long_wave,False,0.9882045,63.55203619909502
sp|Q9W6A5.2|OPSG1_DANRE,sp|P35358.1|OPSG_GEKGE,short_wave,long_wave,False,0.98920923,61.98174706649283
sp|Q9W6A5.2|OPSG1_DANRE,sp|P22331.1|OPSG2_PSAFA,short_wave,long_wave,False,0.9894091,62.081447963800905
sp|Q9W6A5.2|OPSG1_DANRE,sp|P22330.1|OPSG1_PSAFA,short_wave,long_wave,False,0.99037105,61.199095022624434
sp|Q9W6A5.2|OPSG1_DANRE,sp|O18911.1|OPSG_ODOVI,short_wave,long_wave,False,0.97054195,68.9010989010989
sp|Q9W6A5.2|OPSG1_DANRE,sp|Q90215.1|OPSD2_ANGAN,short_wave,long_wave,False,0.99204475,45.64102564102564
sp|Q9W6A5.2|OPSG1_DANRE,sp|P79756.1|OPSD_GAMAF,short_wave,long_wave,False,0.9939357,45.25377847958493
sp|Q9W6A5.2|OPSG1_DANRE,sp|O42490.1|OPSP_PETMA,short_wave,long_wave,False,0.96237314,43.959468293745914
sp|P41591.1|OPSD_ANOCA,sp|P31355.1|OPSD_LITPI,short_wave,short_wave,True,0.99578524,47.81872781872782
sp|P41591.1|OPSD_ANOCA,sp|Q90245.1|OPSD_AMBTI,short_wave,short_wave,True,0.99674827,48.176578464762905
sp|P41591.1|OPSD_ANOCA,sp|O93441.1|OPSD_GALML,short_wave,short_wave,True,0.9977025,48.20616883116883
sp|P41591.1|OPSD_ANOCA,sp|O93459.1|OPSD_SCYCA,short_wave,short_wave,True,0.99507576,48.25235109717869
sp|P41591.1|OPSD_ANOCA,sp|P28683.1|OPSG_CHICK,short_wave,short_wave,True,0.997373,48.377230246389125
sp|P41591.1|OPSD_ANOCA,sp|P51489.1|OPSD_RAT,short_wave,short_wave,True,0.9973494,47.37782448765108
sp|P41591.1|OPSD_ANOCA,sp|O13227.1|OPSB_CONCO,short_wave,short_wave,True,0.9967355,48.26146663004669
sp|P41591.1|OPSD_ANOCA,sp|P32311.1|OPSG1_CARAU,short_wave,short_wave,True,0.996011,48.54545454545455
sp|P41591.1|OPSD_ANOCA,sp|P49912.1|OPSD_RABIT,short_wave,short_wave,True,0.99696434,47.38496071829405
sp|P41591.1|OPSD_ANOCA,sp|Q28886.1|OPSD_MACFA,short_wave,short_wave,True,0.9967573,47.37782448765108
sp|P41591.1|OPSD_ANOCA,sp|O62795.1|OPSD_PAGGO,short_wave,short_wave,True,0.99747366,47.37782448765108
sp|P41591.1|OPSD_ANOCA,sp|P52202.1|OPSD_ALLMI,short_wave,short_wave,True,0.99745226,47.66857766857767
sp|P41591.1|OPSD_ANOCA,sp|O62794.1|OPSD_PHOVI,short_wave,short_wave,True,0.9974194,47.37782448765108
sp|P41591.1|OPSD_ANOCA,sp|Q769E8.1|OPSD_OTOCR,short_wave,short_wave,True,0.9967393,47.08880714661062
sp|P41591.1|OPSD_ANOCA,sp|P02699.1|OPSD_BOVIN,short_wave,short_wave,True,0.99743867,47.08880714661062
sp|P41591.1|OPSD_ANOCA,sp|Q68J47.1|OPSD_LOXAF,short_wave,short_wave,True,0.9975312,46.94429847609038
sp|P41591.1|OPSD_ANOCA,sp|Q95KU1.1|OPSD_FELCA,short_wave,short_wave,True,0.99769336,47.08880714661062
sp|P41591.1|OPSD_ANOCA,sp|O62791.1|OPSD_DELDE,short_wave,short_wave,True,0.9979123,46.94429847609038
sp|P41591.1|OPSD_ANOCA,sp|P32312.1|OPSG2_CARAU,short_wave,short_wave,True,0.9956837,48.39160839160839
sp|P41591.1|OPSD_ANOCA,sp|P15409.2|OPSD_MOUSE,short_wave,short_wave,True,0.99675584,46.79978980557016
sp|P41591.1|OPSD_ANOCA,sp|P22328.1|OPSD_CHICK,short_wave,short_wave,True,0.9970163,47.85923753665689
sp|P41591.1|OPSD_ANOCA,sp|Q6W3E1.1|OPSD_CALPD,short_wave,short_wave,True,0.99708897,46.79978980557016
sp|P41591.1|OPSD_ANOCA,sp|P51471.1|OPSB_ANOCA,short_wave,short_wave,True,0.99500376,47.90994052676296
sp|P41591.1|OPSD_ANOCA,sp|P28681.1|OPSD_CRIGR,short_wave,short_wave,True,0.9970157,47.233315817130844
sp|P41591.1|OPSD_ANOCA,sp|P56515.1|OPSD_RHIMB,short_wave,short_wave,True,0.99673855,48.56947856947857
sp|P41591.1|OPSD_ANOCA,sp|O62793.1|OPSD_MESBI,short_wave,short_wave,True,0.9981672,46.66934835076428
sp|P41591.1|OPSD_ANOCA,sp|P79863.1|OPSD_LEUER,short_wave,short_wave,True,0.99692,47.45611736966204
sp|P41591.1|OPSD_ANOCA,sp|P56514.1|OPSD_BUFBU,short_wave,short_wave,True,0.99568576,48.26917826917827
sp|P41591.1|OPSD_ANOCA,sp|O62798.1|OPSD_TURTR,short_wave,short_wave,True,0.9978782,46.79978980557016
sp|P41591.1|OPSD_ANOCA,sp|Q90214.1|OPSD1_ANGAN,short_wave,short_wave,True,0.9972759,47.49867091972355
sp|P41591.1|OPSD_ANOCA,sp|P22671.1|OPSD_LETCA,short_wave,short_wave,True,0.9972585,48.12754409769335
sp|P41591.1|OPSD_ANOCA,sp|P08100.1|OPSD_HUMAN,short_wave,short_wave,True,0.99716955,47.40681147760794
sp|P41591.1|OPSD_ANOCA,sp|O62792.1|OPSD_GLOME,short_wave,short_wave,True,0.9978631,46.65528113504992
sp|P41591.1|OPSD_ANOCA,sp|P02700.2|OPSD_SHEEP,short_wave,short_wave,True,0.99781936,46.65528113504992
sp|P41591.1|OPSD_ANOCA,sp|O18766.1|OPSD_PIG,short_wave,short_wave,True,0.9975796,47.43702081051479
sp|P41591.1|OPSD_ANOCA,sp|Q9YGZ0.1|OPSD_SARPI,short_wave,short_wave,True,0.99698573,47.16083916083916
sp|P41591.1|OPSD_ANOCA,sp|P29403.1|OPSD_XENLA,short_wave,short_wave,True,0.9975255,48.719628719628716
sp|P41591.1|OPSD_ANOCA,sp|P79807.1|OPSD_MYRVI,short_wave,short_wave,True,0.99587893,47.501429388221844
sp|P41591.1|OPSD_ANOCA,sp|P79898.1|OPSD_SARDI,short_wave,short_wave,True,0.9955366,46.88273265196342
sp|P41591.1|OPSD_ANOCA,sp|P32308.1|OPSD_CANLF,short_wave,short_wave,True,0.99685764,47.233315817130844
sp|P41591.1|OPSD_ANOCA,sp|O42604.1|OPSD_ZEUFA,short_wave,short_wave,True,0.9963653,48.41252403185938
sp|P41591.1|OPSD_ANOCA,sp|P79914.1|OPSD_SARXA,short_wave,short_wave,True,0.9959102,48.0564263322884
sp|P41591.1|OPSD_ANOCA,sp|P79911.1|OPSD_SARTI,short_wave,short_wave,True,0.996435,47.501429388221844
sp|P41591.1|OPSD_ANOCA,sp|O62796.1|OPSD_TRIMA,short_wave,short_wave,True,0.99730635,47.08880714661062
sp|P41591.1|OPSD_ANOCA,sp|P51474.1|OPSG3_PSAFA,short_wave,short_wave,True,0.995088,48.23776223776224
sp|P41591.1|OPSD_ANOCA,sp|P79901.1|OPSD_SARMI,short_wave,short_wave,True,0.99523026,46.438945669714904
sp|P41591.1|OPSD_ANOCA,sp|P79798.1|OPSD_MYRBE,short_wave,short_wave,True,0.99460053,47.501429388221844
sp|P41591.1|OPSD_ANOCA,sp|P79902.1|OPSD_SARPU,short_wave,short_wave,True,0.9955164,47.03066164604626
sp|P41591.1|OPSD_ANOCA,sp|P79808.1|OPSD_NEOAR,short_wave,short_wave,True,0.9957514,47.74294670846395
sp|P41591.1|OPSD_ANOCA,sp|P79809.1|OPSD_NEOAU,short_wave,short_wave,True,0.99596894,47.97312750142939
sp|P41591.1|OPSD_ANOCA,sp|P79903.1|OPSD_SARSP,short_wave,short_wave,True,0.99659365,47.18696397941682
sp|P41591.1|OPSD_ANOCA,sp|P51488.1|OPSD_CYPCA,short_wave,short_wave,True,0.99576926,48.066164604626145
sp|P41591.1|OPSD_ANOCA,sp|P79812.1|OPSD_NEOSA,short_wave,short_wave,True,0.9952688,47.89968652037618
sp|P41591.1|OPSD_ANOCA,sp|Q9YGY9.1|OPSD_ZOSOP,short_wave,short_wave,True,0.9960017,46.93982074263765
sp|P41591.1|OPSD_ANOCA,sp|Q9YGZ2.1|OPSD_GOBNI,short_wave,short_wave,True,0.9964078,47.08066581306018
sp|P41591.1|OPSD_ANOCA,sp|P41590.1|OPSD_PSAFA,short_wave,short_wave,True,0.99557614,46.42045454545455
sp|P41591.1|OPSD_ANOCA,sp|P51475.1|OPSP_CHICK,short_wave,short_wave,True,0.97148615,47.808294424608626
sp|P41591.1|OPSD_ANOCA,sp|P32309.1|OPSD_CARAU,short_wave,short_wave,True,0.99494433,47.62237762237763
sp|P41591.1|OPSD_ANOCA,sp|Q9R024.1|OPSG_CAVPO,short_wave,short_wave,True,0.9846623,46.25204137180185
sp|P41591.1|OPSD_ANOCA,sp|P87369.1|OPSD_ORYLA,short_wave,short_wave,True,0.9956246,47.62237762237763
sp|P41591.1|OPSD_ANOCA,sp|P34989.1|OPSL_CALJA,short_wave,short_wave,True,0.98703635,45.97402597402598
sp|P41591.1|OPSD_ANOCA,sp|Q9YH05.1|OPSD_DIPAN,short_wave,short_wave,True,0.9968121,46.17869236780412
sp|P41591.1|OPSD_ANOCA,sp|Q9YGZ8.1|OPSD_CHELB,short_wave,short_wave,True,0.99437237,46.46522531909352
sp|P41591.1|OPSD_ANOCA,sp|Q9YGZ5.1|OPSD_SOLSO,short_wave,short_wave,True,0.99553293,47.244841048522034
sp|P41591.1|OPSD_ANOCA,sp|O35476.2|OPSG_RAT,short_wave,short_wave,True,0.98887265,47.0609824957651
sp|P41591.1|OPSD_ANOCA,sp|Q9DGG4.1|OPSD_TETNG,short_wave,short_wave,True,0.9961485,46.455566905005114
sp|P41591.1|OPSD_ANOCA,sp|Q9YGZ3.1|OPSD_SALPV,short_wave,short_wave,True,0.9963877,46.53425006366183
sp|P41591.1|OPSD_ANOCA,sp|P35359.2|OPSD_DANRE,short_wave,short_wave,True,0.9963472,47.204064817357875
sp|P41591.1|OPSD_ANOCA,sp|P79848.1|OPSD_POERE,short_wave,short_wave,True,0.9958874,47.62237762237763
sp|P41591.1|OPSD_ANOCA,sp|O35599.1|OPSG_MOUSE,short_wave,short_wave,True,0.98800147,47.0609824957651
sp|P41591.1|OPSD_ANOCA,sp|O35478.2|OPSG_SCICA,short_wave,short_wave,True,0.9866375,46.102340772999455
sp|P41591.1|OPSD_ANOCA,sp|Q9YGZ6.1|OPSD_CHEAU,short_wave,short_wave,True,0.9948347,46.59601634320735
sp|P41591.1|OPSD_ANOCA,sp|Q98980.1|OPSD_PETMA,short_wave,short_wave,True,0.9964794,48.12754409769335
sp|P41591.1|OPSD_ANOCA,sp|P04000.2|OPSR_HUMAN,short_wave,long_wave,False,0.9837315,74.54545454545455
sp|P41591.1|OPSD_ANOCA,sp|P04001.1|OPSG_HUMAN,short_wave,long_wave,False,0.98359704,72.75974025974025
sp|P41591.1|OPSD_ANOCA,sp|O18913.2|OPSR_FELCA,short_wave,long_wave,False,0.98039895,70.01248751248751
sp|P41591.1|OPSD_ANOCA,sp|O18912.2|OPSR_HORSE,short_wave,long_wave,False,0.98316133,69.32567432567433
sp|P41591.1|OPSD_ANOCA,sp|Q9BGI7.1|OPSR_BOVIN,short_wave,long_wave,False,0.98398954,69.46303696303696
sp|P41591.1|OPSD_ANOCA,sp|Q95170.1|OPSR_CAPHI,short_wave,long_wave,False,0.9844645,69.32567432567433
sp|P41591.1|OPSD_ANOCA,sp|O18914.2|OPSR_CANLF,short_wave,long_wave,False,0.9830499,69.1883116883117
sp|P41591.1|OPSD_ANOCA,sp|O18910.2|OPSG_RABIT,short_wave,long_wave,False,0.9859481,68.36413586413587
sp|P41591.1|OPSD_ANOCA,sp|P41592.1|OPSR_ANOCA,short_wave,long_wave,False,0.9814704,65.78839239856188
sp|P41591.1|OPSD_ANOCA,sp|P22329.1|OPSR_CHICK,short_wave,long_wave,False,0.9832435,68.12754409769335
sp|P41591.1|OPSD_ANOCA,sp|P87367.1|OPSR_ORYLA,short_wave,long_wave,False,0.9822768,64.93542669030134
sp|P41591.1|OPSD_ANOCA,sp|P32313.1|OPSR_CARAU,short_wave,long_wave,False,0.9817223,64.09977209420106
sp|P41591.1|OPSD_ANOCA,sp|O12948.1|OPSR_XENLA,short_wave,long_wave,False,0.98505473,63.952234206471495
sp|P41591.1|OPSD_ANOCA,sp|Q9W6A7.1|OPSR1_DANRE,short_wave,long_wave,False,0.9805751,63.68194479615092
sp|P41591.1|OPSD_ANOCA,sp|P22332.2|OPSR_PSAFA,short_wave,long_wave,False,0.9833869,62.98556596606736
sp|P41591.1|OPSD_ANOCA,sp|Q8AYN0.1|OPSR2_DANRE,short_wave,long_wave,False,0.98010266,64.25133689839572
sp|P41591.1|OPSD_ANOCA,sp|P35358.1|OPSG_GEKGE,short_wave,long_wave,False,0.9777319,62.68104776579353
sp|P41591.1|OPSD_ANOCA,sp|P22331.1|OPSG2_PSAFA,short_wave,long_wave,False,0.98316634,62.780748663101605
sp|P41591.1|OPSD_ANOCA,sp|P22330.1|OPSG1_PSAFA,short_wave,long_wave,False,0.98406035,61.898395721925134
sp|P41591.1|OPSD_ANOCA,sp|O18911.1|OPSG_ODOVI,short_wave,long_wave,False,0.9681293,69.60039960039961
sp|P41591.1|OPSD_ANOCA,sp|Q90215.1|OPSD2_ANGAN,short_wave,long_wave,False,0.9963372,46.34032634032634
sp|P41591.1|OPSD_ANOCA,sp|P79756.1|OPSD_GAMAF,short_wave,long_wave,False,0.9957635,45.95307917888563
sp|P41591.1|OPSD_ANOCA,sp|O42490.1|OPSP_PETMA,short_wave,long_wave,False,0.95254254,44.658768993046614
sp|P31355.1|OPSD_LITPI,sp|Q90245.1|OPSD_AMBTI,short_wave,short_wave,True,0.99878645,46.90439719258163
sp|P31355.1|OPSD_LITPI,sp|O93441.1|OPSD_GALML,short_wave,short_wave,True,0.9966284,46.93398755898755
sp|P31355.1|OPSD_LITPI,sp|O93459.1|OPSD_SCYCA,short_wave,short_wave,True,0.9961071,46.98016982499741
sp|P31355.1|OPSD_LITPI,sp|P28683.1|OPSG_CHICK,short_wave,short_wave,True,0.9950248,47.10504897420785
sp|P31355.1|OPSD_LITPI,sp|P51489.1|OPSD_RAT,short_wave,short_wave,True,0.996601,46.105643215469804
sp|P31355.1|OPSD_LITPI,sp|O13227.1|OPSB_CONCO,short_wave,short_wave,True,0.9957545,46.98928535786541
sp|P31355.1|OPSD_LITPI,sp|P32311.1|OPSG1_CARAU,short_wave,short_wave,True,0.9937588,47.273273273273276
sp|P31355.1|OPSD_LITPI,sp|P49912.1|OPSD_RABIT,short_wave,short_wave,True,0.99719703,46.11277944611278
sp|P31355.1|OPSD_LITPI,sp|Q28886.1|OPSD_MACFA,short_wave,short_wave,True,0.9970449,46.105643215469804
sp|P31355.1|OPSD_LITPI,sp|O62795.1|OPSD_PAGGO,short_wave,short_wave,True,0.9977072,46.105643215469804
sp|P31355.1|OPSD_LITPI,sp|P52202.1|OPSD_ALLMI,short_wave,short_wave,True,0.99727243,46.3963963963964
sp|P31355.1|OPSD_LITPI,sp|O62794.1|OPSD_PHOVI,short_wave,short_wave,True,0.997482,46.105643215469804
sp|P31355.1|OPSD_LITPI,sp|Q769E8.1|OPSD_OTOCR,short_wave,short_wave,True,0.9972236,45.81662587442934
sp|P31355.1|OPSD_LITPI,sp|P02699.1|OPSD_BOVIN,short_wave,short_wave,True,0.9968891,45.81662587442934
sp|P31355.1|OPSD_LITPI,sp|Q68J47.1|OPSD_LOXAF,short_wave,short_wave,True,0.99763703,45.67211720390911
sp|P31355.1|OPSD_LITPI,sp|Q95KU1.1|OPSD_FELCA,short_wave,short_wave,True,0.996961,45.81662587442934
sp|P31355.1|OPSD_LITPI,sp|O62791.1|OPSD_DELDE,short_wave,short_wave,True,0.99742115,45.67211720390911
sp|P31355.1|OPSD_LITPI,sp|P32312.1|OPSG2_CARAU,short_wave,short_wave,True,0.9905478,47.119427119427115
sp|P31355.1|OPSD_LITPI,sp|P15409.2|OPSD_MOUSE,short_wave,short_wave,True,0.99597424,45.52760853338888
sp|P31355.1|OPSD_LITPI,sp|P22328.1|OPSD_CHICK,short_wave,short_wave,True,0.998,46.58705626447562
sp|P31355.1|OPSD_LITPI,sp|Q6W3E1.1|OPSD_CALPD,short_wave,short_wave,True,0.9967766,45.52760853338888
sp|P31355.1|OPSD_LITPI,sp|P51471.1|OPSB_ANOCA,short_wave,short_wave,True,0.9940074,46.63775925458168
sp|P31355.1|OPSD_LITPI,sp|P28681.1|OPSD_CRIGR,short_wave,short_wave,True,0.9962226,45.96113454494957
sp|P31355.1|OPSD_LITPI,sp|P56515.1|OPSD_RHIMB,short_wave,short_wave,True,0.9987835,47.29729729729729
sp|P31355.1|OPSD_LITPI,sp|O62793.1|OPSD_MESBI,short_wave,short_wave,True,0.99679697,45.39716707858301
sp|P31355.1|OPSD_LITPI,sp|P79863.1|OPSD_LEUER,short_wave,short_wave,True,0.99622667,46.18393609748077
sp|P31355.1|OPSD_LITPI,sp|P56514.1|OPSD_BUFBU,short_wave,short_wave,True,0.9986061,46.996996996997
sp|P31355.1|OPSD_LITPI,sp|O62798.1|OPSD_TURTR,short_wave,short_wave,True,0.9971458,45.52760853338888
sp|P31355.1|OPSD_LITPI,sp|Q90214.1|OPSD1_ANGAN,short_wave,short_wave,True,0.9953251,46.22648964754228
sp|P31355.1|OPSD_LITPI,sp|P22671.1|OPSD_LETCA,short_wave,short_wave,True,0.99568444,46.855362825512074
sp|P31355.1|OPSD_LITPI,sp|P08100.1|OPSD_HUMAN,short_wave,short_wave,True,0.9971793,46.13463020542666
sp|P31355.1|OPSD_LITPI,sp|O62792.1|OPSD_GLOME,short_wave,short_wave,True,0.9971584,45.38309986286865
sp|P31355.1|OPSD_LITPI,sp|P02700.2|OPSD_SHEEP,short_wave,short_wave,True,0.99604386,45.38309986286865
sp|P31355.1|OPSD_LITPI,sp|O18766.1|OPSD_PIG,short_wave,short_wave,True,0.9964753,46.16483953833351
sp|P31355.1|OPSD_LITPI,sp|Q9YGZ0.1|OPSD_SARPI,short_wave,short_wave,True,0.99348366,45.88865788865789
sp|P31355.1|OPSD_LITPI,sp|P29403.1|OPSD_XENLA,short_wave,short_wave,True,0.99864775,47.447447447447445
sp|P31355.1|OPSD_LITPI,sp|P79807.1|OPSD_MYRVI,short_wave,short_wave,True,0.99397606,46.229248116040566
sp|P31355.1|OPSD_LITPI,sp|P79898.1|OPSD_SARDI,short_wave,short_wave,True,0.9950229,45.61055137978215
sp|P31355.1|OPSD_LITPI,sp|P32308.1|OPSD_CANLF,short_wave,short_wave,True,0.9972619,45.96113454494957
sp|P31355.1|OPSD_LITPI,sp|O42604.1|OPSD_ZEUFA,short_wave,short_wave,True,0.9951678,47.140342759678106
sp|P31355.1|OPSD_LITPI,sp|P79914.1|OPSD_SARXA,short_wave,short_wave,True,0.99368566,46.784245060107125
sp|P31355.1|OPSD_LITPI,sp|P79911.1|OPSD_SARTI,short_wave,short_wave,True,0.9958357,46.229248116040566
sp|P31355.1|OPSD_LITPI,sp|O62796.1|OPSD_TRIMA,short_wave,short_wave,True,0.99642104,45.81662587442934
sp|P31355.1|OPSD_LITPI,sp|P51474.1|OPSG3_PSAFA,short_wave,short_wave,True,0.99273264,46.96558096558097
sp|P31355.1|OPSD_LITPI,sp|P79901.1|OPSD_SARMI,short_wave,short_wave,True,0.9956012,45.166764397533626
sp|P31355.1|OPSD_LITPI,sp|P79798.1|OPSD_MYRBE,short_wave,short_wave,True,0.9916969,46.229248116040566
sp|P31355.1|OPSD_LITPI,sp|P79902.1|OPSD_SARPU,short_wave,short_wave,True,0.99498314,45.758480373864984
sp|P31355.1|OPSD_LITPI,sp|P79808.1|OPSD_NEOAR,short_wave,short_wave,True,0.994099,46.470765436282676
sp|P31355.1|OPSD_LITPI,sp|P79809.1|OPSD_NEOAU,short_wave,short_wave,True,0.9940434,46.70094622924812
sp|P31355.1|OPSD_LITPI,sp|P79903.1|OPSD_SARSP,short_wave,short_wave,True,0.99549186,45.91478270723554
sp|P31355.1|OPSD_LITPI,sp|P51488.1|OPSD_CYPCA,short_wave,short_wave,True,0.9965804,46.79398333244487
sp|P31355.1|OPSD_LITPI,sp|P79812.1|OPSD_NEOSA,short_wave,short_wave,True,0.994197,46.6275052481949
sp|P31355.1|OPSD_LITPI,sp|Q9YGY9.1|OPSD_ZOSOP,short_wave,short_wave,True,0.9930272,45.66763947045637
sp|P31355.1|OPSD_LITPI,sp|Q9YGZ2.1|OPSD_GOBNI,short_wave,short_wave,True,0.9936023,45.80848454087891
sp|P31355.1|OPSD_LITPI,sp|P41590.1|OPSD_PSAFA,short_wave,short_wave,True,0.99394786,45.148273273273276
sp|P31355.1|OPSD_LITPI,sp|P51475.1|OPSP_CHICK,short_wave,short_wave,True,0.9547354,46.53611315242735
sp|P31355.1|OPSD_LITPI,sp|P32309.1|OPSD_CARAU,short_wave,short_wave,True,0.9955485,46.35019635019635
sp|P31355.1|OPSD_LITPI,sp|Q9R024.1|OPSG_CAVPO,short_wave,short_wave,True,0.98115927,44.97986009962058
sp|P31355.1|OPSD_LITPI,sp|P87369.1|OPSD_ORYLA,short_wave,short_wave,True,0.99373025,46.35019635019635
sp|P31355.1|OPSD_LITPI,sp|P34989.1|OPSL_CALJA,short_wave,short_wave,True,0.98544574,44.7018447018447
sp|P31355.1|OPSD_LITPI,sp|Q9YH05.1|OPSD_DIPAN,short_wave,short_wave,True,0.99494463,44.90651109562285
sp|P31355.1|OPSD_LITPI,sp|Q9YGZ8.1|OPSD_CHELB,short_wave,short_wave,True,0.99005884,45.19304404691224
sp|P31355.1|OPSD_LITPI,sp|Q9YGZ5.1|OPSD_SOLSO,short_wave,short_wave,True,0.9949918,45.972659776340755
sp|P31355.1|OPSD_LITPI,sp|O35476.2|OPSG_RAT,short_wave,short_wave,True,0.9887848,45.78880122358383
sp|P31355.1|OPSD_LITPI,sp|Q9DGG4.1|OPSD_TETNG,short_wave,short_wave,True,0.9945575,45.183385632823835
sp|P31355.1|OPSD_LITPI,sp|Q9YGZ3.1|OPSD_SALPV,short_wave,short_wave,True,0.9935931,45.26206879148056
sp|P31355.1|OPSD_LITPI,sp|P35359.2|OPSD_DANRE,short_wave,short_wave,True,0.9942631,45.931883545176596
sp|P31355.1|OPSD_LITPI,sp|P79848.1|OPSD_POERE,short_wave,short_wave,True,0.99492145,46.35019635019635
sp|P31355.1|OPSD_LITPI,sp|O35599.1|OPSG_MOUSE,short_wave,short_wave,True,0.98830336,45.78880122358383
sp|P31355.1|OPSD_LITPI,sp|O35478.2|OPSG_SCICA,short_wave,short_wave,True,0.9871188,44.83015950081818
sp|P31355.1|OPSD_LITPI,sp|Q9YGZ6.1|OPSD_CHEAU,short_wave,short_wave,True,0.99105495,45.32383507102608
sp|P31355.1|OPSD_LITPI,sp|Q98980.1|OPSD_PETMA,short_wave,short_wave,True,0.99526006,46.855362825512074
sp|P31355.1|OPSD_LITPI,sp|P04000.2|OPSR_HUMAN,short_wave,long_wave,False,0.98349524,73.27327327327328
sp|P31355.1|OPSD_LITPI,sp|P04001.1|OPSG_HUMAN,short_wave,long_wave,False,0.9821692,71.48755898755898
sp|P31355.1|OPSD_LITPI,sp|O18913.2|OPSR_FELCA,short_wave,long_wave,False,0.9798167,68.74030624030624
sp|P31355.1|OPSD_LITPI,sp|O18912.2|OPSR_HORSE,short_wave,long_wave,False,0.9820645,68.05349305349306
sp|P31355.1|OPSD_LITPI,sp|Q9BGI7.1|OPSR_BOVIN,short_wave,long_wave,False,0.9833407,68.19085569085568
sp|P31355.1|OPSD_LITPI,sp|Q95170.1|OPSR_CAPHI,short_wave,long_wave,False,0.9830931,68.05349305349306
sp|P31355.1|OPSD_LITPI,sp|O18914.2|OPSR_CANLF,short_wave,long_wave,False,0.9804116,67.91613041613041
sp|P31355.1|OPSD_LITPI,sp|O18910.2|OPSG_RABIT,short_wave,long_wave,False,0.98213625,67.09195459195459
sp|P31355.1|OPSD_LITPI,sp|P41592.1|OPSR_ANOCA,short_wave,long_wave,False,0.9829023,64.51621112638061
sp|P31355.1|OPSD_LITPI,sp|P22329.1|OPSR_CHICK,short_wave,long_wave,False,0.98168707,66.85536282551207
sp|P31355.1|OPSD_LITPI,sp|P87367.1|OPSR_ORYLA,short_wave,long_wave,False,0.98271656,63.66324541812007
sp|P31355.1|OPSD_LITPI,sp|P32313.1|OPSR_CARAU,short_wave,long_wave,False,0.98551035,62.827590822019786
sp|P31355.1|OPSD_LITPI,sp|O12948.1|OPSR_XENLA,short_wave,long_wave,False,0.9887505,62.68005293429022
sp|P31355.1|OPSD_LITPI,sp|Q9W6A7.1|OPSR1_DANRE,short_wave,long_wave,False,0.98493075,62.409763523969644
sp|P31355.1|OPSD_LITPI,sp|P22332.2|OPSR_PSAFA,short_wave,long_wave,False,0.9840668,61.713384693886084
sp|P31355.1|OPSD_LITPI,sp|Q8AYN0.1|OPSR2_DANRE,short_wave,long_wave,False,0.98288476,62.97915562621445
sp|P31355.1|OPSD_LITPI,sp|P35358.1|OPSG_GEKGE,short_wave,long_wave,False,0.98212916,61.40886649361225
sp|P31355.1|OPSD_LITPI,sp|P22331.1|OPSG2_PSAFA,short_wave,long_wave,False,0.9880861,61.508567390920334
sp|P31355.1|OPSD_LITPI,sp|P22330.1|OPSG1_PSAFA,short_wave,long_wave,False,0.98859215,60.626214449743856
sp|P31355.1|OPSD_LITPI,sp|O18911.1|OPSG_ODOVI,short_wave,long_wave,False,0.96455514,68.32821832821833
sp|P31355.1|OPSD_LITPI,sp|Q90215.1|OPSD2_ANGAN,short_wave,long_wave,False,0.9954576,45.06814506814507
sp|P31355.1|OPSD_LITPI,sp|P79756.1|OPSD_GAMAF,short_wave,long_wave,False,0.9940386,44.68089790670436
sp|P31355.1|OPSD_LITPI,sp|O42490.1|OPSP_PETMA,short_wave,long_wave,False,0.9479427,43.386587720865336
sp|Q90245.1|OPSD_AMBTI,sp|O93441.1|OPSD_GALML,short_wave,short_wave,True,0.998036,47.29183820502264
sp|Q90245.1|OPSD_AMBTI,sp|O93459.1|OPSD_SCYCA,short_wave,short_wave,True,0.9974621,47.33802047103249
sp|Q90245.1|OPSD_AMBTI,sp|P28683.1|OPSG_CHICK,short_wave,short_wave,True,0.99646693,47.462899620242936
sp|Q90245.1|OPSD_AMBTI,sp|P51489.1|OPSD_RAT,short_wave,short_wave,True,0.9977053,46.46349386150489
sp|Q90245.1|OPSD_AMBTI,sp|O13227.1|OPSB_CONCO,short_wave,short_wave,True,0.9969416,47.3471360039005
sp|Q90245.1|OPSD_AMBTI,sp|P32311.1|OPSG1_CARAU,short_wave,short_wave,True,0.99556303,47.63112391930836
sp|Q90245.1|OPSD_AMBTI,sp|P49912.1|OPSD_RABIT,short_wave,short_wave,True,0.9978873,46.470630092147864
sp|Q90245.1|OPSD_AMBTI,sp|Q28886.1|OPSD_MACFA,short_wave,short_wave,True,0.9982435,46.46349386150489
sp|Q90245.1|OPSD_AMBTI,sp|O62795.1|OPSD_PAGGO,short_wave,short_wave,True,0.9984669,46.46349386150489
sp|Q90245.1|OPSD_AMBTI,sp|P52202.1|OPSD_ALLMI,short_wave,short_wave,True,0.99871963,46.75424704243148
sp|Q90245.1|OPSD_AMBTI,sp|O62794.1|OPSD_PHOVI,short_wave,short_wave,True,0.9985375,46.46349386150489
sp|Q90245.1|OPSD_AMBTI,sp|Q769E8.1|OPSD_OTOCR,short_wave,short_wave,True,0.99797344,46.174476520464424
sp|Q90245.1|OPSD_AMBTI,sp|P02699.1|OPSD_BOVIN,short_wave,short_wave,True,0.9979022,46.174476520464424
sp|Q90245.1|OPSD_AMBTI,sp|Q68J47.1|OPSD_LOXAF,short_wave,short_wave,True,0.99861205,46.0299678499442
sp|Q90245.1|OPSD_AMBTI,sp|Q95KU1.1|OPSD_FELCA,short_wave,short_wave,True,0.99814314,46.174476520464424
sp|Q90245.1|OPSD_AMBTI,sp|O62791.1|OPSD_DELDE,short_wave,short_wave,True,0.99816036,46.0299678499442
sp|Q90245.1|OPSD_AMBTI,sp|P32312.1|OPSG2_CARAU,short_wave,short_wave,True,0.9924972,47.477277765462205
sp|Q90245.1|OPSD_AMBTI,sp|P15409.2|OPSD_MOUSE,short_wave,short_wave,True,0.9974294,45.88545917942396
sp|Q90245.1|OPSD_AMBTI,sp|P22328.1|OPSD_CHICK,short_wave,short_wave,True,0.9988563,46.9449069105107
sp|Q90245.1|OPSD_AMBTI,sp|Q6W3E1.1|OPSD_CALPD,short_wave,short_wave,True,0.9976355,45.88545917942396
sp|Q90245.1|OPSD_AMBTI,sp|P51471.1|OPSB_ANOCA,short_wave,short_wave,True,0.99508905,46.99560990061677
sp|Q90245.1|OPSD_AMBTI,sp|P28681.1|OPSD_CRIGR,short_wave,short_wave,True,0.9976709,46.31898519098466
sp|Q90245.1|OPSD_AMBTI,sp|P56515.1|OPSD_RHIMB,short_wave,short_wave,True,0.99951893,47.65514794333238
sp|Q90245.1|OPSD_AMBTI,sp|O62793.1|OPSD_MESBI,short_wave,short_wave,True,0.99780065,45.75501772461809
sp|Q90245.1|OPSD_AMBTI,sp|P79863.1|OPSD_LEUER,short_wave,short_wave,True,0.9979455,46.54178674351585
sp|Q90245.1|OPSD_AMBTI,sp|P56514.1|OPSD_BUFBU,short_wave,short_wave,True,0.9991977,47.35484764303209
sp|Q90245.1|OPSD_AMBTI,sp|O62798.1|OPSD_TURTR,short_wave,short_wave,True,0.9978289,45.88545917942396
sp|Q90245.1|OPSD_AMBTI,sp|Q90214.1|OPSD1_ANGAN,short_wave,short_wave,True,0.99667126,46.58434029357736
sp|Q90245.1|OPSD_AMBTI,sp|P22671.1|OPSD_LETCA,short_wave,short_wave,True,0.99700373,47.213213471547164
sp|Q90245.1|OPSD_AMBTI,sp|P08100.1|OPSD_HUMAN,short_wave,short_wave,True,0.99818736,46.49248085146175
sp|Q90245.1|OPSD_AMBTI,sp|O62792.1|OPSD_GLOME,short_wave,short_wave,True,0.99790543,45.74095050890374
sp|Q90245.1|OPSD_AMBTI,sp|P02700.2|OPSD_SHEEP,short_wave,short_wave,True,0.99745,45.74095050890374
sp|Q90245.1|OPSD_AMBTI,sp|O18766.1|OPSD_PIG,short_wave,short_wave,True,0.9975832,46.5226901843686
sp|Q90245.1|OPSD_AMBTI,sp|Q9YGZ0.1|OPSD_SARPI,short_wave,short_wave,True,0.99506086,46.24650853469297
sp|Q90245.1|OPSD_AMBTI,sp|P29403.1|OPSD_XENLA,short_wave,short_wave,True,0.99852026,47.805298093482534
sp|Q90245.1|OPSD_AMBTI,sp|P79807.1|OPSD_MYRVI,short_wave,short_wave,True,0.99449795,46.587098762075655
sp|Q90245.1|OPSD_AMBTI,sp|P79898.1|OPSD_SARDI,short_wave,short_wave,True,0.9947481,45.968402025817234
sp|Q90245.1|OPSD_AMBTI,sp|P32308.1|OPSD_CANLF,short_wave,short_wave,True,0.9985063,46.31898519098466
sp|Q90245.1|OPSD_AMBTI,sp|O42604.1|OPSD_ZEUFA,short_wave,short_wave,True,0.9957986,47.498193405713195
sp|Q90245.1|OPSD_AMBTI,sp|P79914.1|OPSD_SARXA,short_wave,short_wave,True,0.9943168,47.142095706142214
sp|Q90245.1|OPSD_AMBTI,sp|P79911.1|OPSD_SARTI,short_wave,short_wave,True,0.9956232,46.587098762075655
sp|Q90245.1|OPSD_AMBTI,sp|O62796.1|OPSD_TRIMA,short_wave,short_wave,True,0.9979047,46.174476520464424
sp|Q90245.1|OPSD_AMBTI,sp|P51474.1|OPSG3_PSAFA,short_wave,short_wave,True,0.99515337,47.32343161161605
sp|Q90245.1|OPSD_AMBTI,sp|P79901.1|OPSD_SARMI,short_wave,short_wave,True,0.9951155,45.524615043568716
sp|Q90245.1|OPSD_AMBTI,sp|P79798.1|OPSD_MYRBE,short_wave,short_wave,True,0.99291587,46.587098762075655
sp|Q90245.1|OPSD_AMBTI,sp|P79902.1|OPSD_SARPU,short_wave,short_wave,True,0.99529344,46.11633101990007
sp|Q90245.1|OPSD_AMBTI,sp|P79808.1|OPSD_NEOAR,short_wave,short_wave,True,0.9943317,46.828616082317765
sp|Q90245.1|OPSD_AMBTI,sp|P79809.1|OPSD_NEOAU,short_wave,short_wave,True,0.9947336,47.0587968752832
sp|Q90245.1|OPSD_AMBTI,sp|P79903.1|OPSD_SARSP,short_wave,short_wave,True,0.9954842,46.27263335327062
sp|Q90245.1|OPSD_AMBTI,sp|P51488.1|OPSD_CYPCA,short_wave,short_wave,True,0.9972262,47.15183397847996
sp|Q90245.1|OPSD_AMBTI,sp|P79812.1|OPSD_NEOSA,short_wave,short_wave,True,0.99463236,46.98535589422998
sp|Q90245.1|OPSD_AMBTI,sp|Q9YGY9.1|OPSD_ZOSOP,short_wave,short_wave,True,0.9948271,46.025490116491454
sp|Q90245.1|OPSD_AMBTI,sp|Q9YGZ2.1|OPSD_GOBNI,short_wave,short_wave,True,0.9953274,46.166335186914
sp|Q90245.1|OPSD_AMBTI,sp|P41590.1|OPSD_PSAFA,short_wave,short_wave,True,0.9956816,45.50612391930836
sp|Q90245.1|OPSD_AMBTI,sp|P51475.1|OPSP_CHICK,short_wave,short_wave,True,0.95857507,46.89396379846244
sp|Q90245.1|OPSD_AMBTI,sp|P32309.1|OPSD_CARAU,short_wave,short_wave,True,0.996053,46.70804699623143
sp|Q90245.1|OPSD_AMBTI,sp|Q9R024.1|OPSG_CAVPO,short_wave,short_wave,True,0.982028,45.33771074565566
sp|Q90245.1|OPSD_AMBTI,sp|P87369.1|OPSD_ORYLA,short_wave,short_wave,True,0.99560815,46.70804699623143
sp|Q90245.1|OPSD_AMBTI,sp|P34989.1|OPSL_CALJA,short_wave,short_wave,True,0.98598707,45.05969534787978
sp|Q90245.1|OPSD_AMBTI,sp|Q9YH05.1|OPSD_DIPAN,short_wave,short_wave,True,0.9956746,45.26436174165793
sp|Q90245.1|OPSD_AMBTI,sp|Q9YGZ8.1|OPSD_CHELB,short_wave,short_wave,True,0.99228203,45.550894692947324
sp|Q90245.1|OPSD_AMBTI,sp|Q9YGZ5.1|OPSD_SOLSO,short_wave,short_wave,True,0.9953614,46.33051042237584
sp|Q90245.1|OPSD_AMBTI,sp|O35476.2|OPSG_RAT,short_wave,short_wave,True,0.9887207,46.14665186961892
sp|Q90245.1|OPSD_AMBTI,sp|Q9DGG4.1|OPSD_TETNG,short_wave,short_wave,True,0.9950269,45.54123627885892
sp|Q90245.1|OPSD_AMBTI,sp|Q9YGZ3.1|OPSD_SALPV,short_wave,short_wave,True,0.994775,45.61991943751564
sp|Q90245.1|OPSD_AMBTI,sp|P35359.2|OPSD_DANRE,short_wave,short_wave,True,0.995523,46.28973419121168
sp|Q90245.1|OPSD_AMBTI,sp|P79848.1|OPSD_POERE,short_wave,short_wave,True,0.9954811,46.70804699623143
sp|Q90245.1|OPSD_AMBTI,sp|O35599.1|OPSG_MOUSE,short_wave,short_wave,True,0.988029,46.14665186961892
sp|Q90245.1|OPSD_AMBTI,sp|O35478.2|OPSG_SCICA,short_wave,short_wave,True,0.98633385,45.18801014685327
sp|Q90245.1|OPSD_AMBTI,sp|Q9YGZ6.1|OPSD_CHEAU,short_wave,short_wave,True,0.99292886,45.68168571706117
sp|Q90245.1|OPSD_AMBTI,sp|Q98980.1|OPSD_PETMA,short_wave,short_wave,True,0.99605393,47.213213471547164
sp|Q90245.1|OPSD_AMBTI,sp|P04000.2|OPSR_HUMAN,short_wave,long_wave,False,0.98316455,73.63112391930835
sp|Q90245.1|OPSD_AMBTI,sp|P04001.1|OPSG_HUMAN,short_wave,long_wave,False,0.98237693,71.84540963359407
sp|Q90245.1|OPSD_AMBTI,sp|O18913.2|OPSR_FELCA,short_wave,long_wave,False,0.9790254,69.09815688634131
sp|Q90245.1|OPSD_AMBTI,sp|O18912.2|OPSR_HORSE,short_wave,long_wave,False,0.9820362,68.41134369952815
sp|Q90245.1|OPSD_AMBTI,sp|Q9BGI7.1|OPSR_BOVIN,short_wave,long_wave,False,0.98281676,68.54870633689077
sp|Q90245.1|OPSD_AMBTI,sp|Q95170.1|OPSR_CAPHI,short_wave,long_wave,False,0.9826699,68.41134369952815
sp|Q90245.1|OPSD_AMBTI,sp|O18914.2|OPSR_CANLF,short_wave,long_wave,False,0.9801789,68.2739810621655
sp|Q90245.1|OPSD_AMBTI,sp|O18910.2|OPSG_RABIT,short_wave,long_wave,False,0.98257047,67.44980523798968
sp|Q90245.1|OPSD_AMBTI,sp|P41592.1|OPSR_ANOCA,short_wave,long_wave,False,0.9831227,64.8740617724157
sp|Q90245.1|OPSD_AMBTI,sp|P22329.1|OPSR_CHICK,short_wave,long_wave,False,0.9823668,67.21321347154716
sp|Q90245.1|OPSD_AMBTI,sp|P87367.1|OPSR_ORYLA,short_wave,long_wave,False,0.9835085,64.02109606415516
sp|Q90245.1|OPSD_AMBTI,sp|P32313.1|OPSR_CARAU,short_wave,long_wave,False,0.98541653,63.185441468054876
sp|Q90245.1|OPSD_AMBTI,sp|O12948.1|OPSR_XENLA,short_wave,long_wave,False,0.98823833,63.037903580325306
sp|Q90245.1|OPSD_AMBTI,sp|Q9W6A7.1|OPSR1_DANRE,short_wave,long_wave,False,0.9846153,62.767614170004734
sp|Q90245.1|OPSD_AMBTI,sp|P22332.2|OPSR_PSAFA,short_wave,long_wave,False,0.98499703,62.071235339921174
sp|Q90245.1|OPSD_AMBTI,sp|Q8AYN0.1|OPSR2_DANRE,short_wave,long_wave,False,0.98313123,63.33700627224953
sp|Q90245.1|OPSD_AMBTI,sp|P35358.1|OPSG_GEKGE,short_wave,long_wave,False,0.98213017,61.76671713964734
sp|Q90245.1|OPSD_AMBTI,sp|P22331.1|OPSG2_PSAFA,short_wave,long_wave,False,0.9870424,61.866418036955416
sp|Q90245.1|OPSD_AMBTI,sp|P22330.1|OPSG1_PSAFA,short_wave,long_wave,False,0.9874894,60.984065095778945
sp|Q90245.1|OPSD_AMBTI,sp|O18911.1|OPSG_ODOVI,short_wave,long_wave,False,0.9660552,68.68606897425342
sp|Q90245.1|OPSD_AMBTI,sp|Q90215.1|OPSD2_ANGAN,short_wave,long_wave,False,0.9966563,45.425995714180154
sp|Q90245.1|OPSD_AMBTI,sp|P79756.1|OPSD_GAMAF,short_wave,long_wave,False,0.9952344,45.03874855273944
sp|Q90245.1|OPSD_AMBTI,sp|O42490.1|OPSP_PETMA,short_wave,long_wave,False,0.94712555,43.744438366900425
sp|O93441.1|OPSD_GALML,sp|O93459.1|OPSD_SCYCA,short_wave,short_wave,True,0.9984158,47.36761083743842
sp|O93441.1|OPSD_GALML,sp|P28683.1|OPSG_CHICK,short_wave,short_wave,True,0.99709535,47.49248998664886
sp|O93441.1|OPSD_GALML,sp|P51489.1|OPSD_RAT,short_wave,short_wave,True,0.9973352,46.49308422791081
sp|O93441.1|OPSD_GALML,sp|O13227.1|OPSB_CONCO,short_wave,short_wave,True,0.997309,47.37672637030643
sp|O93441.1|OPSD_GALML,sp|P32311.1|OPSG1_CARAU,short_wave,short_wave,True,0.9963454,47.660714285714285
sp|O93441.1|OPSD_GALML,sp|P49912.1|OPSD_RABIT,short_wave,short_wave,True,0.996838,46.50022045855379
sp|O93441.1|OPSD_GALML,sp|Q28886.1|OPSD_MACFA,short_wave,short_wave,True,0.9971919,46.49308422791081
sp|O93441.1|OPSD_GALML,sp|O62795.1|OPSD_PAGGO,short_wave,short_wave,True,0.9975226,46.49308422791081
sp|O93441.1|OPSD_GALML,sp|P52202.1|OPSD_ALLMI,short_wave,short_wave,True,0.9984429,46.78383740883741
sp|O93441.1|OPSD_GALML,sp|O62794.1|OPSD_PHOVI,short_wave,short_wave,True,0.99788874,46.49308422791081
sp|O93441.1|OPSD_GALML,sp|Q769E8.1|OPSD_OTOCR,short_wave,short_wave,True,0.9967288,46.20406688687035
sp|O93441.1|OPSD_GALML,sp|P02699.1|OPSD_BOVIN,short_wave,short_wave,True,0.9970809,46.20406688687035
sp|O93441.1|OPSD_GALML,sp|Q68J47.1|OPSD_LOXAF,short_wave,short_wave,True,0.9979826,46.059558216350126
sp|O93441.1|OPSD_GALML,sp|Q95KU1.1|OPSD_FELCA,short_wave,short_wave,True,0.9974682,46.20406688687035
sp|O93441.1|OPSD_GALML,sp|O62791.1|OPSD_DELDE,short_wave,short_wave,True,0.9984242,46.059558216350126
sp|O93441.1|OPSD_GALML,sp|P32312.1|OPSG2_CARAU,short_wave,short_wave,True,0.994804,47.50686813186813
sp|O93441.1|OPSD_GALML,sp|P15409.2|OPSD_MOUSE,short_wave,short_wave,True,0.99689347,45.91504954582989
sp|O93441.1|OPSD_GALML,sp|P22328.1|OPSD_CHICK,short_wave,short_wave,True,0.9975654,46.97449727691663
sp|O93441.1|OPSD_GALML,sp|Q6W3E1.1|OPSD_CALPD,short_wave,short_wave,True,0.996914,45.91504954582989
sp|O93441.1|OPSD_GALML,sp|P51471.1|OPSB_ANOCA,short_wave,short_wave,True,0.9969179,47.0252002670227
sp|O93441.1|OPSD_GALML,sp|P28681.1|OPSD_CRIGR,short_wave,short_wave,True,0.9971229,46.34857555739059
sp|O93441.1|OPSD_GALML,sp|P56515.1|OPSD_RHIMB,short_wave,short_wave,True,0.9982871,47.68473830973831
sp|O93441.1|OPSD_GALML,sp|O62793.1|OPSD_MESBI,short_wave,short_wave,True,0.99784565,45.78460809102402
sp|O93441.1|OPSD_GALML,sp|P79863.1|OPSD_LEUER,short_wave,short_wave,True,0.99890673,46.57137710992178
sp|O93441.1|OPSD_GALML,sp|P56514.1|OPSD_BUFBU,short_wave,short_wave,True,0.99817187,47.384438009438014
sp|O93441.1|OPSD_GALML,sp|O62798.1|OPSD_TURTR,short_wave,short_wave,True,0.9983126,45.91504954582989
sp|O93441.1|OPSD_GALML,sp|Q90214.1|OPSD1_ANGAN,short_wave,short_wave,True,0.998,46.61393065998329
sp|O93441.1|OPSD_GALML,sp|P22671.1|OPSD_LETCA,short_wave,short_wave,True,0.9970379,47.24280383795309
sp|O93441.1|OPSD_GALML,sp|P08100.1|OPSD_HUMAN,short_wave,short_wave,True,0.9975204,46.522071217867676
sp|O93441.1|OPSD_GALML,sp|O62792.1|OPSD_GLOME,short_wave,short_wave,True,0.99841285,45.77054087530966
sp|O93441.1|OPSD_GALML,sp|P02700.2|OPSD_SHEEP,short_wave,short_wave,True,0.9976535,45.77054087530966
sp|O93441.1|OPSD_GALML,sp|O18766.1|OPSD_PIG,short_wave,short_wave,True,0.99748766,46.552280550774526
sp|O93441.1|OPSD_GALML,sp|Q9YGZ0.1|OPSD_SARPI,short_wave,short_wave,True,0.9962237,46.2760989010989
sp|O93441.1|OPSD_GALML,sp|P29403.1|OPSD_XENLA,short_wave,short_wave,True,0.9977513,47.83488845988846
sp|O93441.1|OPSD_GALML,sp|P79807.1|OPSD_MYRVI,short_wave,short_wave,True,0.99639606,46.61668912848158
sp|O93441.1|OPSD_GALML,sp|P79898.1|OPSD_SARDI,short_wave,short_wave,True,0.9963179,45.99799239222316
sp|O93441.1|OPSD_GALML,sp|P32308.1|OPSD_CANLF,short_wave,short_wave,True,0.99745834,46.34857555739059
sp|O93441.1|OPSD_GALML,sp|O42604.1|OPSD_ZEUFA,short_wave,short_wave,True,0.99622935,47.52778377211912
sp|O93441.1|OPSD_GALML,sp|P79914.1|OPSD_SARXA,short_wave,short_wave,True,0.9959104,47.17168607254814
sp|O93441.1|OPSD_GALML,sp|P79911.1|OPSD_SARTI,short_wave,short_wave,True,0.9971203,46.61668912848158
sp|O93441.1|OPSD_GALML,sp|O62796.1|OPSD_TRIMA,short_wave,short_wave,True,0.9970588,46.20406688687035
sp|O93441.1|OPSD_GALML,sp|P51474.1|OPSG3_PSAFA,short_wave,short_wave,True,0.99537593,47.35302197802198
sp|O93441.1|OPSD_GALML,sp|P79901.1|OPSD_SARMI,short_wave,short_wave,True,0.99602425,45.55420540997464
sp|O93441.1|OPSD_GALML,sp|P79798.1|OPSD_MYRBE,short_wave,short_wave,True,0.9956929,46.61668912848158
sp|O93441.1|OPSD_GALML,sp|P79902.1|OPSD_SARPU,short_wave,short_wave,True,0.99689674,46.145921386306
sp|O93441.1|OPSD_GALML,sp|P79808.1|OPSD_NEOAR,short_wave,short_wave,True,0.9964988,46.85820644872369
sp|O93441.1|OPSD_GALML,sp|P79809.1|OPSD_NEOAU,short_wave,short_wave,True,0.9972367,47.08838724168913
sp|O93441.1|OPSD_GALML,sp|P79903.1|OPSD_SARSP,short_wave,short_wave,True,0.99696374,46.30222371967655
sp|O93441.1|OPSD_GALML,sp|P51488.1|OPSD_CYPCA,short_wave,short_wave,True,0.9961261,47.18142434488588
sp|O93441.1|OPSD_GALML,sp|P79812.1|OPSD_NEOSA,short_wave,short_wave,True,0.9963649,47.01494626063591
sp|O93441.1|OPSD_GALML,sp|Q9YGY9.1|OPSD_ZOSOP,short_wave,short_wave,True,0.9962053,46.05508048289738
sp|O93441.1|OPSD_GALML,sp|Q9YGZ2.1|OPSD_GOBNI,short_wave,short_wave,True,0.99662197,46.195925553319924
sp|O93441.1|OPSD_GALML,sp|P41590.1|OPSD_PSAFA,short_wave,short_wave,True,0.996333,45.535714285714285
sp|O93441.1|OPSD_GALML,sp|P51475.1|OPSP_CHICK,short_wave,short_wave,True,0.96700597,46.923554164868364
sp|O93441.1|OPSD_GALML,sp|P32309.1|OPSD_CARAU,short_wave,short_wave,True,0.99551356,46.73763736263736
sp|O93441.1|OPSD_GALML,sp|Q9R024.1|OPSG_CAVPO,short_wave,short_wave,True,0.9849895,45.36730111206159
sp|O93441.1|OPSD_GALML,sp|P87369.1|OPSD_ORYLA,short_wave,short_wave,True,0.99653673,46.73763736263736
sp|O93441.1|OPSD_GALML,sp|P34989.1|OPSL_CALJA,short_wave,short_wave,True,0.98798245,45.08928571428571
sp|O93441.1|OPSD_GALML,sp|Q9YH05.1|OPSD_DIPAN,short_wave,short_wave,True,0.9967421,45.293952108063856
sp|O93441.1|OPSD_GALML,sp|Q9YGZ8.1|OPSD_CHELB,short_wave,short_wave,True,0.994154,45.58048505935325
sp|O93441.1|OPSD_GALML,sp|Q9YGZ5.1|OPSD_SOLSO,short_wave,short_wave,True,0.9965276,46.360100788781764
sp|O93441.1|OPSD_GALML,sp|O35476.2|OPSG_RAT,short_wave,short_wave,True,0.9903023,46.17624223602485
sp|O93441.1|OPSD_GALML,sp|Q9DGG4.1|OPSD_TETNG,short_wave,short_wave,True,0.9960431,45.570826645264845
sp|O93441.1|OPSD_GALML,sp|Q9YGZ3.1|OPSD_SALPV,short_wave,short_wave,True,0.9961934,45.64950980392157
sp|O93441.1|OPSD_GALML,sp|P35359.2|OPSD_DANRE,short_wave,short_wave,True,0.99625397,46.319324557617605
sp|O93441.1|OPSD_GALML,sp|P79848.1|OPSD_POERE,short_wave,short_wave,True,0.99660754,46.73763736263736
sp|O93441.1|OPSD_GALML,sp|O35599.1|OPSG_MOUSE,short_wave,short_wave,True,0.98939383,46.17624223602485
sp|O93441.1|OPSD_GALML,sp|O35478.2|OPSG_SCICA,short_wave,short_wave,True,0.98788863,45.2176005132592
sp|O93441.1|OPSD_GALML,sp|Q9YGZ6.1|OPSD_CHEAU,short_wave,short_wave,True,0.99444467,45.7112760834671
sp|O93441.1|OPSD_GALML,sp|Q98980.1|OPSD_PETMA,short_wave,short_wave,True,0.99743366,47.24280383795309
sp|O93441.1|OPSD_GALML,sp|P04000.2|OPSR_HUMAN,short_wave,long_wave,False,0.9855823,73.66071428571428
sp|O93441.1|OPSD_GALML,sp|P04001.1|OPSG_HUMAN,short_wave,long_wave,False,0.9852441,71.875
sp|O93441.1|OPSD_GALML,sp|O18913.2|OPSR_FELCA,short_wave,long_wave,False,0.9814036,69.12774725274724
sp|O93441.1|OPSD_GALML,sp|O18912.2|OPSR_HORSE,short_wave,long_wave,False,0.98432505,68.44093406593407
sp|O93441.1|OPSD_GALML,sp|Q9BGI7.1|OPSR_BOVIN,short_wave,long_wave,False,0.9852343,68.5782967032967
sp|O93441.1|OPSD_GALML,sp|Q95170.1|OPSR_CAPHI,short_wave,long_wave,False,0.98536766,68.44093406593407
sp|O93441.1|OPSD_GALML,sp|O18914.2|OPSR_CANLF,short_wave,long_wave,False,0.9839233,68.30357142857143
sp|O93441.1|OPSD_GALML,sp|O18910.2|OPSG_RABIT,short_wave,long_wave,False,0.9860835,67.4793956043956
sp|O93441.1|OPSD_GALML,sp|P41592.1|OPSR_ANOCA,short_wave,long_wave,False,0.9843397,64.90365213882163
sp|O93441.1|OPSD_GALML,sp|P22329.1|OPSR_CHICK,short_wave,long_wave,False,0.98493856,67.24280383795309
sp|O93441.1|OPSD_GALML,sp|P87367.1|OPSR_ORYLA,short_wave,long_wave,False,0.9836844,64.05068643056109
sp|O93441.1|OPSD_GALML,sp|P32313.1|OPSR_CARAU,short_wave,long_wave,False,0.98467886,63.2150318344608
sp|O93441.1|OPSD_GALML,sp|O12948.1|OPSR_XENLA,short_wave,long_wave,False,0.98888904,63.06749394673123
sp|O93441.1|OPSD_GALML,sp|Q9W6A7.1|OPSR1_DANRE,short_wave,long_wave,False,0.98246384,62.79720453641066
sp|O93441.1|OPSD_GALML,sp|P22332.2|OPSR_PSAFA,short_wave,long_wave,False,0.98437613,62.1008257063271
sp|O93441.1|OPSD_GALML,sp|Q8AYN0.1|OPSR2_DANRE,short_wave,long_wave,False,0.9826415,63.36659663865546
sp|O93441.1|OPSD_GALML,sp|P35358.1|OPSG_GEKGE,short_wave,long_wave,False,0.9828013,61.79630750605327
sp|O93441.1|OPSD_GALML,sp|P22331.1|OPSG2_PSAFA,short_wave,long_wave,False,0.9862523,61.89600840336134
sp|O93441.1|OPSD_GALML,sp|P22330.1|OPSG1_PSAFA,short_wave,long_wave,False,0.9869757,61.01365546218487
sp|O93441.1|OPSD_GALML,sp|O18911.1|OPSG_ODOVI,short_wave,long_wave,False,0.9670651,68.71565934065934
sp|O93441.1|OPSD_GALML,sp|Q90215.1|OPSD2_ANGAN,short_wave,long_wave,False,0.99676263,45.45558608058608
sp|O93441.1|OPSD_GALML,sp|P79756.1|OPSD_GAMAF,short_wave,long_wave,False,0.9963889,45.06833891914537
sp|O93441.1|OPSD_GALML,sp|O42490.1|OPSP_PETMA,short_wave,long_wave,False,0.95233625,43.77402873330635
sp|O93459.1|OPSD_SCYCA,sp|P28683.1|OPSG_CHICK,short_wave,short_wave,True,0.9953288,47.53867225265871
sp|O93459.1|OPSD_SCYCA,sp|P51489.1|OPSD_RAT,short_wave,short_wave,True,0.99661905,46.53926649392067
sp|O93459.1|OPSD_SCYCA,sp|O13227.1|OPSB_CONCO,short_wave,short_wave,True,0.9973821,47.42290863631628
sp|O93459.1|OPSD_SCYCA,sp|P32311.1|OPSG1_CARAU,short_wave,short_wave,True,0.9935253,47.70689655172414
sp|O93459.1|OPSD_SCYCA,sp|P49912.1|OPSD_RABIT,short_wave,short_wave,True,0.99663574,46.54640272456365
sp|O93459.1|OPSD_SCYCA,sp|Q28886.1|OPSD_MACFA,short_wave,short_wave,True,0.9962795,46.53926649392067
sp|O93459.1|OPSD_SCYCA,sp|O62795.1|OPSD_PAGGO,short_wave,short_wave,True,0.9965045,46.53926649392067
sp|O93459.1|OPSD_SCYCA,sp|P52202.1|OPSD_ALLMI,short_wave,short_wave,True,0.99766695,46.830019674847264
sp|O93459.1|OPSD_SCYCA,sp|O62794.1|OPSD_PHOVI,short_wave,short_wave,True,0.997186,46.53926649392067
sp|O93459.1|OPSD_SCYCA,sp|Q769E8.1|OPSD_OTOCR,short_wave,short_wave,True,0.99587923,46.25024915288021
sp|O93459.1|OPSD_SCYCA,sp|P02699.1|OPSD_BOVIN,short_wave,short_wave,True,0.9963672,46.25024915288021
sp|O93459.1|OPSD_SCYCA,sp|Q68J47.1|OPSD_LOXAF,short_wave,short_wave,True,0.99725074,46.10574048235998
sp|O93459.1|OPSD_SCYCA,sp|Q95KU1.1|OPSD_FELCA,short_wave,short_wave,True,0.9966719,46.25024915288021
sp|O93459.1|OPSD_SCYCA,sp|O62791.1|OPSD_DELDE,short_wave,short_wave,True,0.9967195,46.10574048235998
sp|O93459.1|OPSD_SCYCA,sp|P32312.1|OPSG2_CARAU,short_wave,short_wave,True,0.9910548,47.55305039787798
sp|O93459.1|OPSD_SCYCA,sp|P15409.2|OPSD_MOUSE,short_wave,short_wave,True,0.99592954,45.961231811839745
sp|O93459.1|OPSD_SCYCA,sp|P22328.1|OPSD_CHICK,short_wave,short_wave,True,0.9971733,47.02067954292649
sp|O93459.1|OPSD_SCYCA,sp|Q6W3E1.1|OPSD_CALPD,short_wave,short_wave,True,0.9960308,45.961231811839745
sp|O93459.1|OPSD_SCYCA,sp|P51471.1|OPSB_ANOCA,short_wave,short_wave,True,0.99575436,47.07138253303255
sp|O93459.1|OPSD_SCYCA,sp|P28681.1|OPSD_CRIGR,short_wave,short_wave,True,0.9960589,46.39475782340044
sp|O93459.1|OPSD_SCYCA,sp|P56515.1|OPSD_RHIMB,short_wave,short_wave,True,0.99790186,47.73092057574816
sp|O93459.1|OPSD_SCYCA,sp|O62793.1|OPSD_MESBI,short_wave,short_wave,True,0.99574727,45.83079035703388
sp|O93459.1|OPSD_SCYCA,sp|P79863.1|OPSD_LEUER,short_wave,short_wave,True,0.9990425,46.617559375931634
sp|O93459.1|OPSD_SCYCA,sp|P56514.1|OPSD_BUFBU,short_wave,short_wave,True,0.99797183,47.430620275447865
sp|O93459.1|OPSD_SCYCA,sp|O62798.1|OPSD_TURTR,short_wave,short_wave,True,0.9963943,45.961231811839745
sp|O93459.1|OPSD_SCYCA,sp|Q90214.1|OPSD1_ANGAN,short_wave,short_wave,True,0.99675876,46.66011292599315
sp|O93459.1|OPSD_SCYCA,sp|P22671.1|OPSD_LETCA,short_wave,short_wave,True,0.9947267,47.28898610396294
sp|O93459.1|OPSD_SCYCA,sp|P08100.1|OPSD_HUMAN,short_wave,short_wave,True,0.9964607,46.56825348387753
sp|O93459.1|OPSD_SCYCA,sp|O62792.1|OPSD_GLOME,short_wave,short_wave,True,0.9962367,45.816723141319514
sp|O93459.1|OPSD_SCYCA,sp|P02700.2|OPSD_SHEEP,short_wave,short_wave,True,0.99620837,45.816723141319514
sp|O93459.1|OPSD_SCYCA,sp|O18766.1|OPSD_PIG,short_wave,short_wave,True,0.99615693,46.59846281678438
sp|O93459.1|OPSD_SCYCA,sp|Q9YGZ0.1|OPSD_SARPI,short_wave,short_wave,True,0.99479306,46.322281167108756
sp|O93459.1|OPSD_SCYCA,sp|P29403.1|OPSD_XENLA,short_wave,short_wave,True,0.9959876,47.88107072589831
sp|O93459.1|OPSD_SCYCA,sp|P79807.1|OPSD_MYRVI,short_wave,short_wave,True,0.99406403,46.66287139449143
sp|O93459.1|OPSD_SCYCA,sp|P79898.1|OPSD_SARDI,short_wave,short_wave,True,0.9955546,46.04417465823302
sp|O93459.1|OPSD_SCYCA,sp|P32308.1|OPSD_CANLF,short_wave,short_wave,True,0.99695486,46.39475782340044
sp|O93459.1|OPSD_SCYCA,sp|O42604.1|OPSD_ZEUFA,short_wave,short_wave,True,0.99417675,47.57396603812897
sp|O93459.1|OPSD_SCYCA,sp|P79914.1|OPSD_SARXA,short_wave,short_wave,True,0.9938406,47.21786833855799
sp|O93459.1|OPSD_SCYCA,sp|P79911.1|OPSD_SARTI,short_wave,short_wave,True,0.99585146,46.66287139449143
sp|O93459.1|OPSD_SCYCA,sp|O62796.1|OPSD_TRIMA,short_wave,short_wave,True,0.9964864,46.25024915288021
sp|O93459.1|OPSD_SCYCA,sp|P51474.1|OPSG3_PSAFA,short_wave,short_wave,True,0.9928481,47.399204244031836
sp|O93459.1|OPSD_SCYCA,sp|P79901.1|OPSD_SARMI,short_wave,short_wave,True,0.9952702,45.60038767598449
sp|O93459.1|OPSD_SCYCA,sp|P79798.1|OPSD_MYRBE,short_wave,short_wave,True,0.99273646,46.66287139449143
sp|O93459.1|OPSD_SCYCA,sp|P79902.1|OPSD_SARPU,short_wave,short_wave,True,0.9960948,46.19210365231585
sp|O93459.1|OPSD_SCYCA,sp|P79808.1|OPSD_NEOAR,short_wave,short_wave,True,0.9947687,46.90438871473354
sp|O93459.1|OPSD_SCYCA,sp|P79809.1|OPSD_NEOAU,short_wave,short_wave,True,0.9961164,47.134569507698984
sp|O93459.1|OPSD_SCYCA,sp|P79903.1|OPSD_SARSP,short_wave,short_wave,True,0.9954422,46.348405985686405
sp|O93459.1|OPSD_SCYCA,sp|P51488.1|OPSD_CYPCA,short_wave,short_wave,True,0.99530226,47.227606610895734
sp|O93459.1|OPSD_SCYCA,sp|P79812.1|OPSD_NEOSA,short_wave,short_wave,True,0.9948448,47.06112852664577
sp|O93459.1|OPSD_SCYCA,sp|Q9YGY9.1|OPSD_ZOSOP,short_wave,short_wave,True,0.9942943,46.10126274890724
sp|O93459.1|OPSD_SCYCA,sp|Q9YGZ2.1|OPSD_GOBNI,short_wave,short_wave,True,0.99481124,46.242107819329775
sp|O93459.1|OPSD_SCYCA,sp|P41590.1|OPSD_PSAFA,short_wave,short_wave,True,0.9944395,45.58189655172414
sp|O93459.1|OPSD_SCYCA,sp|P51475.1|OPSP_CHICK,short_wave,short_wave,True,0.9583596,46.969736430878214
sp|O93459.1|OPSD_SCYCA,sp|P32309.1|OPSD_CARAU,short_wave,short_wave,True,0.99459046,46.783819628647215
sp|O93459.1|OPSD_SCYCA,sp|Q9R024.1|OPSG_CAVPO,short_wave,short_wave,True,0.9791659,45.41348337807145
sp|O93459.1|OPSD_SCYCA,sp|P87369.1|OPSD_ORYLA,short_wave,short_wave,True,0.9948753,46.783819628647215
sp|O93459.1|OPSD_SCYCA,sp|P34989.1|OPSL_CALJA,short_wave,short_wave,True,0.98353326,45.135467980295566
sp|O93459.1|OPSD_SCYCA,sp|Q9YH05.1|OPSD_DIPAN,short_wave,short_wave,True,0.99504817,45.34013437407371
sp|O93459.1|OPSD_SCYCA,sp|Q9YGZ8.1|OPSD_CHELB,short_wave,short_wave,True,0.9912771,45.62666732536311
sp|O93459.1|OPSD_SCYCA,sp|Q9YGZ5.1|OPSD_SOLSO,short_wave,short_wave,True,0.9946572,46.40628305479162
sp|O93459.1|OPSD_SCYCA,sp|O35476.2|OPSG_RAT,short_wave,short_wave,True,0.9861547,46.2224245020347
sp|O93459.1|OPSD_SCYCA,sp|Q9DGG4.1|OPSD_TETNG,short_wave,short_wave,True,0.9938435,45.6170089112747
sp|O93459.1|OPSD_SCYCA,sp|Q9YGZ3.1|OPSD_SALPV,short_wave,short_wave,True,0.99405086,45.695692069931425
sp|O93459.1|OPSD_SCYCA,sp|P35359.2|OPSD_DANRE,short_wave,short_wave,True,0.9945969,46.36550682362746
sp|O93459.1|OPSD_SCYCA,sp|P79848.1|OPSD_POERE,short_wave,short_wave,True,0.994847,46.783819628647215
sp|O93459.1|OPSD_SCYCA,sp|O35599.1|OPSG_MOUSE,short_wave,short_wave,True,0.98524034,46.2224245020347
sp|O93459.1|OPSD_SCYCA,sp|O35478.2|OPSG_SCICA,short_wave,short_wave,True,0.98397493,45.26378277926905
sp|O93459.1|OPSD_SCYCA,sp|Q9YGZ6.1|OPSD_CHEAU,short_wave,short_wave,True,0.99190086,45.75745834947695
sp|O93459.1|OPSD_SCYCA,sp|Q98980.1|OPSD_PETMA,short_wave,short_wave,True,0.99579906,47.28898610396294
sp|O93459.1|OPSD_SCYCA,sp|P04000.2|OPSR_HUMAN,short_wave,long_wave,False,0.9813151,73.70689655172414
sp|O93459.1|OPSD_SCYCA,sp|P04001.1|OPSG_HUMAN,short_wave,long_wave,False,0.9807669,71.92118226600985
sp|O93459.1|OPSD_SCYCA,sp|O18913.2|OPSR_FELCA,short_wave,long_wave,False,0.97643805,69.1739295187571
sp|O93459.1|OPSD_SCYCA,sp|O18912.2|OPSR_HORSE,short_wave,long_wave,False,0.97964233,68.48711633194392
sp|O93459.1|OPSD_SCYCA,sp|Q9BGI7.1|OPSR_BOVIN,short_wave,long_wave,False,0.98090196,68.62447896930655
sp|O93459.1|OPSD_SCYCA,sp|Q95170.1|OPSR_CAPHI,short_wave,long_wave,False,0.9808787,68.48711633194392
sp|O93459.1|OPSD_SCYCA,sp|O18914.2|OPSR_CANLF,short_wave,long_wave,False,0.97875917,68.34975369458128
sp|O93459.1|OPSD_SCYCA,sp|O18910.2|OPSG_RABIT,short_wave,long_wave,False,0.9814334,67.52557787040546
sp|O93459.1|OPSD_SCYCA,sp|P41592.1|OPSR_ANOCA,short_wave,long_wave,False,0.9799267,64.94983440483148
sp|O93459.1|OPSD_SCYCA,sp|P22329.1|OPSR_CHICK,short_wave,long_wave,False,0.9804877,67.28898610396294
sp|O93459.1|OPSD_SCYCA,sp|P87367.1|OPSR_ORYLA,short_wave,long_wave,False,0.9795221,64.09686869657094
sp|O93459.1|OPSD_SCYCA,sp|P32313.1|OPSR_CARAU,short_wave,long_wave,False,0.982376,63.26121410047065
sp|O93459.1|OPSD_SCYCA,sp|O12948.1|OPSR_XENLA,short_wave,long_wave,False,0.98709285,63.11367621274108
sp|O93459.1|OPSD_SCYCA,sp|Q9W6A7.1|OPSR1_DANRE,short_wave,long_wave,False,0.9798216,62.84338680242051
sp|O93459.1|OPSD_SCYCA,sp|P22332.2|OPSR_PSAFA,short_wave,long_wave,False,0.9807229,62.14700797233695
sp|O93459.1|OPSD_SCYCA,sp|Q8AYN0.1|OPSR2_DANRE,short_wave,long_wave,False,0.9792683,63.412778904665316
sp|O93459.1|OPSD_SCYCA,sp|P35358.1|OPSG_GEKGE,short_wave,long_wave,False,0.97945046,61.84248977206312
sp|O93459.1|OPSD_SCYCA,sp|P22331.1|OPSG2_PSAFA,short_wave,long_wave,False,0.9847224,61.9421906693712
sp|O93459.1|OPSD_SCYCA,sp|P22330.1|OPSG1_PSAFA,short_wave,long_wave,False,0.9848175,61.05983772819472
sp|O93459.1|OPSD_SCYCA,sp|O18911.1|OPSG_ODOVI,short_wave,long_wave,False,0.96221906,68.7618416066692
sp|O93459.1|OPSD_SCYCA,sp|Q90215.1|OPSD2_ANGAN,short_wave,long_wave,False,0.9963644,45.50176834659594
sp|O93459.1|OPSD_SCYCA,sp|P79756.1|OPSD_GAMAF,short_wave,long_wave,False,0.99431556,45.114521185155226
sp|O93459.1|OPSD_SCYCA,sp|O42490.1|OPSP_PETMA,short_wave,long_wave,False,0.94354516,43.8202109993162
sp|P28683.1|OPSG_CHICK,sp|P51489.1|OPSD_RAT,short_wave,short_wave,True,0.995315,46.66414564313111
sp|P28683.1|OPSG_CHICK,sp|O13227.1|OPSB_CONCO,short_wave,short_wave,True,0.9946701,47.54778778552672
sp|P28683.1|OPSG_CHICK,sp|P32311.1|OPSG1_CARAU,short_wave,short_wave,True,0.9969795,47.83177570093458
sp|P28683.1|OPSG_CHICK,sp|P49912.1|OPSD_RABIT,short_wave,short_wave,True,0.99484444,46.671281873774085
sp|P28683.1|OPSG_CHICK,sp|Q28886.1|OPSD_MACFA,short_wave,short_wave,True,0.99529195,46.66414564313111
sp|P28683.1|OPSG_CHICK,sp|O62795.1|OPSD_PAGGO,short_wave,short_wave,True,0.99601996,46.66414564313111
sp|P28683.1|OPSG_CHICK,sp|P52202.1|OPSD_ALLMI,short_wave,short_wave,True,0.99735945,46.9548988240577
sp|P28683.1|OPSG_CHICK,sp|O62794.1|OPSD_PHOVI,short_wave,short_wave,True,0.99623585,46.66414564313111
sp|P28683.1|OPSG_CHICK,sp|Q769E8.1|OPSD_OTOCR,short_wave,short_wave,True,0.9946687,46.375128302090644
sp|P28683.1|OPSG_CHICK,sp|P02699.1|OPSD_BOVIN,short_wave,short_wave,True,0.9952858,46.375128302090644
sp|P28683.1|OPSG_CHICK,sp|Q68J47.1|OPSD_LOXAF,short_wave,short_wave,True,0.99545056,46.23061963157042
sp|P28683.1|OPSG_CHICK,sp|Q95KU1.1|OPSD_FELCA,short_wave,short_wave,True,0.9962425,46.375128302090644
sp|P28683.1|OPSG_CHICK,sp|O62791.1|OPSD_DELDE,short_wave,short_wave,True,0.99612445,46.23061963157042
sp|P28683.1|OPSG_CHICK,sp|P32312.1|OPSG2_CARAU,short_wave,short_wave,True,0.9954679,47.677929547088425
sp|P28683.1|OPSG_CHICK,sp|P15409.2|OPSD_MOUSE,short_wave,short_wave,True,0.9951116,46.08611096105018
sp|P28683.1|OPSG_CHICK,sp|P22328.1|OPSD_CHICK,short_wave,short_wave,True,0.9964437,47.14555869213692
sp|P28683.1|OPSG_CHICK,sp|Q6W3E1.1|OPSD_CALPD,short_wave,short_wave,True,0.9952167,46.08611096105018
sp|P28683.1|OPSG_CHICK,sp|P51471.1|OPSB_ANOCA,short_wave,short_wave,True,0.9980745,47.19626168224299
sp|P28683.1|OPSG_CHICK,sp|P28681.1|OPSD_CRIGR,short_wave,short_wave,True,0.9954851,46.51963697261088
sp|P28683.1|OPSG_CHICK,sp|P56515.1|OPSD_RHIMB,short_wave,short_wave,True,0.9968483,47.8557997249586
sp|P28683.1|OPSG_CHICK,sp|O62793.1|OPSD_MESBI,short_wave,short_wave,True,0.9961253,45.95566950624431
sp|P28683.1|OPSG_CHICK,sp|P79863.1|OPSD_LEUER,short_wave,short_wave,True,0.9970268,46.74243852514207
sp|P28683.1|OPSG_CHICK,sp|P56514.1|OPSD_BUFBU,short_wave,short_wave,True,0.995897,47.55549942465831
sp|P28683.1|OPSG_CHICK,sp|O62798.1|OPSD_TURTR,short_wave,short_wave,True,0.9962227,46.08611096105018
sp|P28683.1|OPSG_CHICK,sp|Q90214.1|OPSD1_ANGAN,short_wave,short_wave,True,0.9950932,46.78499207520358
sp|P28683.1|OPSG_CHICK,sp|P22671.1|OPSD_LETCA,short_wave,short_wave,True,0.9973543,47.413865253173384
sp|P28683.1|OPSG_CHICK,sp|P08100.1|OPSD_HUMAN,short_wave,short_wave,True,0.99545014,46.69313263308797
sp|P28683.1|OPSG_CHICK,sp|O62792.1|OPSD_GLOME,short_wave,short_wave,True,0.99609584,45.94160229052996
sp|P28683.1|OPSG_CHICK,sp|P02700.2|OPSD_SHEEP,short_wave,short_wave,True,0.9965066,45.94160229052996
sp|P28683.1|OPSG_CHICK,sp|O18766.1|OPSD_PIG,short_wave,short_wave,True,0.99599266,46.72334196599482
sp|P28683.1|OPSG_CHICK,sp|Q9YGZ0.1|OPSD_SARPI,short_wave,short_wave,True,0.99641544,46.44716031631919
sp|P28683.1|OPSG_CHICK,sp|P29403.1|OPSD_XENLA,short_wave,short_wave,True,0.9969342,48.005949875108755
sp|P28683.1|OPSG_CHICK,sp|P79807.1|OPSD_MYRVI,short_wave,short_wave,True,0.9954815,46.787750543701875
sp|P28683.1|OPSG_CHICK,sp|P79898.1|OPSD_SARDI,short_wave,short_wave,True,0.99447393,46.169053807443454
sp|P28683.1|OPSG_CHICK,sp|P32308.1|OPSD_CANLF,short_wave,short_wave,True,0.99591166,46.51963697261088
sp|P28683.1|OPSG_CHICK,sp|O42604.1|OPSD_ZEUFA,short_wave,short_wave,True,0.9953214,47.698845187339415
sp|P28683.1|OPSG_CHICK,sp|P79914.1|OPSD_SARXA,short_wave,short_wave,True,0.99494433,47.342747487768435
sp|P28683.1|OPSG_CHICK,sp|P79911.1|OPSD_SARTI,short_wave,short_wave,True,0.9957083,46.787750543701875
sp|P28683.1|OPSG_CHICK,sp|O62796.1|OPSD_TRIMA,short_wave,short_wave,True,0.99594516,46.375128302090644
sp|P28683.1|OPSG_CHICK,sp|P51474.1|OPSG3_PSAFA,short_wave,short_wave,True,0.9963678,47.52408339324227
sp|P28683.1|OPSG_CHICK,sp|P79901.1|OPSD_SARMI,short_wave,short_wave,True,0.994138,45.725266825194936
sp|P28683.1|OPSG_CHICK,sp|P79798.1|OPSD_MYRBE,short_wave,short_wave,True,0.9944685,46.787750543701875
sp|P28683.1|OPSG_CHICK,sp|P79902.1|OPSD_SARPU,short_wave,short_wave,True,0.99535334,46.316982801526294
sp|P28683.1|OPSG_CHICK,sp|P79808.1|OPSD_NEOAR,short_wave,short_wave,True,0.99497306,47.029267863943986
sp|P28683.1|OPSG_CHICK,sp|P79809.1|OPSD_NEOAU,short_wave,short_wave,True,0.995607,47.25944865690942
sp|P28683.1|OPSG_CHICK,sp|P79903.1|OPSD_SARSP,short_wave,short_wave,True,0.9958689,46.47328513489684
sp|P28683.1|OPSG_CHICK,sp|P51488.1|OPSD_CYPCA,short_wave,short_wave,True,0.9959515,47.35248576010618
sp|P28683.1|OPSG_CHICK,sp|P79812.1|OPSD_NEOSA,short_wave,short_wave,True,0.99463135,47.1860076758562
sp|P28683.1|OPSG_CHICK,sp|Q9YGY9.1|OPSD_ZOSOP,short_wave,short_wave,True,0.99562263,46.226141898117675
sp|P28683.1|OPSG_CHICK,sp|Q9YGZ2.1|OPSD_GOBNI,short_wave,short_wave,True,0.9960043,46.36698696854022
sp|P28683.1|OPSG_CHICK,sp|P41590.1|OPSD_PSAFA,short_wave,short_wave,True,0.9952275,45.70677570093458
sp|P28683.1|OPSG_CHICK,sp|P51475.1|OPSP_CHICK,short_wave,short_wave,True,0.9707216,47.09461558008866
sp|P28683.1|OPSG_CHICK,sp|P32309.1|OPSD_CARAU,short_wave,short_wave,True,0.9947566,46.90869877785765
sp|P28683.1|OPSG_CHICK,sp|Q9R024.1|OPSG_CAVPO,short_wave,short_wave,True,0.9868643,45.53836252728188
sp|P28683.1|OPSG_CHICK,sp|P87369.1|OPSD_ORYLA,short_wave,short_wave,True,0.99525106,46.90869877785765
sp|P28683.1|OPSG_CHICK,sp|P34989.1|OPSL_CALJA,short_wave,short_wave,True,0.9891598,45.260347129506
sp|P28683.1|OPSG_CHICK,sp|Q9YH05.1|OPSD_DIPAN,short_wave,short_wave,True,0.9957515,45.46501352328415
sp|P28683.1|OPSG_CHICK,sp|Q9YGZ8.1|OPSD_CHELB,short_wave,short_wave,True,0.9940653,45.751546474573544
sp|P28683.1|OPSG_CHICK,sp|Q9YGZ5.1|OPSD_SOLSO,short_wave,short_wave,True,0.9945314,46.53116220400206
sp|P28683.1|OPSG_CHICK,sp|O35476.2|OPSG_RAT,short_wave,short_wave,True,0.9905452,46.34730365124514
sp|P28683.1|OPSG_CHICK,sp|Q9DGG4.1|OPSD_TETNG,short_wave,short_wave,True,0.99522793,45.74188806048514
sp|P28683.1|OPSG_CHICK,sp|Q9YGZ3.1|OPSD_SALPV,short_wave,short_wave,True,0.9952618,45.82057121914186
sp|P28683.1|OPSG_CHICK,sp|P35359.2|OPSD_DANRE,short_wave,short_wave,True,0.99586654,46.4903859728379
sp|P28683.1|OPSG_CHICK,sp|P79848.1|OPSD_POERE,short_wave,short_wave,True,0.9953805,46.90869877785765
sp|P28683.1|OPSG_CHICK,sp|O35599.1|OPSG_MOUSE,short_wave,short_wave,True,0.9900311,46.34730365124514
sp|P28683.1|OPSG_CHICK,sp|O35478.2|OPSG_SCICA,short_wave,short_wave,True,0.98835075,45.38866192847949
sp|P28683.1|OPSG_CHICK,sp|Q9YGZ6.1|OPSD_CHEAU,short_wave,short_wave,True,0.994253,45.88233749868739
sp|P28683.1|OPSG_CHICK,sp|Q98980.1|OPSD_PETMA,short_wave,short_wave,True,0.9965786,47.413865253173384
sp|P28683.1|OPSG_CHICK,sp|P04000.2|OPSR_HUMAN,short_wave,long_wave,False,0.9862902,73.83177570093457
sp|P28683.1|OPSG_CHICK,sp|P04001.1|OPSG_HUMAN,short_wave,long_wave,False,0.9865931,72.0460614152203
sp|P28683.1|OPSG_CHICK,sp|O18913.2|OPSR_FELCA,short_wave,long_wave,False,0.98232824,69.29880866796753
sp|P28683.1|OPSG_CHICK,sp|O18912.2|OPSR_HORSE,short_wave,long_wave,False,0.9858219,68.61199548115437
sp|P28683.1|OPSG_CHICK,sp|Q9BGI7.1|OPSR_BOVIN,short_wave,long_wave,False,0.9861399,68.749358118517
sp|P28683.1|OPSG_CHICK,sp|Q95170.1|OPSR_CAPHI,short_wave,long_wave,False,0.9864061,68.61199548115437
sp|P28683.1|OPSG_CHICK,sp|O18914.2|OPSR_CANLF,short_wave,long_wave,False,0.984586,68.47463284379172
sp|P28683.1|OPSG_CHICK,sp|O18910.2|OPSG_RABIT,short_wave,long_wave,False,0.9873712,67.6504570196159
sp|P28683.1|OPSG_CHICK,sp|P41592.1|OPSR_ANOCA,short_wave,long_wave,False,0.98405826,65.07471355404192
sp|P28683.1|OPSG_CHICK,sp|P22329.1|OPSR_CHICK,short_wave,long_wave,False,0.98583424,67.41386525317338
sp|P28683.1|OPSG_CHICK,sp|P87367.1|OPSR_ORYLA,short_wave,long_wave,False,0.98498225,64.22174784578138
sp|P28683.1|OPSG_CHICK,sp|P32313.1|OPSR_CARAU,short_wave,long_wave,False,0.9843389,63.386093249681096
sp|P28683.1|OPSG_CHICK,sp|O12948.1|OPSR_XENLA,short_wave,long_wave,False,0.9869719,63.238555361951526
sp|P28683.1|OPSG_CHICK,sp|Q9W6A7.1|OPSR1_DANRE,short_wave,long_wave,False,0.98334014,62.968265951630954
sp|P28683.1|OPSG_CHICK,sp|P22332.2|OPSR_PSAFA,short_wave,long_wave,False,0.98621565,62.271887121547394
sp|P28683.1|OPSG_CHICK,sp|Q8AYN0.1|OPSR2_DANRE,short_wave,long_wave,False,0.98256636,63.53765805387575
sp|P28683.1|OPSG_CHICK,sp|P35358.1|OPSG_GEKGE,short_wave,long_wave,False,0.98103684,61.96736892127356
sp|P28683.1|OPSG_CHICK,sp|P22331.1|OPSG2_PSAFA,short_wave,long_wave,False,0.9847261,62.067069818581636
sp|P28683.1|OPSG_CHICK,sp|P22330.1|OPSG1_PSAFA,short_wave,long_wave,False,0.9854967,61.184716877405165
sp|P28683.1|OPSG_CHICK,sp|O18911.1|OPSG_ODOVI,short_wave,long_wave,False,0.9705647,68.88672075587964
sp|P28683.1|OPSG_CHICK,sp|Q90215.1|OPSD2_ANGAN,short_wave,long_wave,False,0.99453664,45.626647495806374
sp|P28683.1|OPSG_CHICK,sp|P79756.1|OPSD_GAMAF,short_wave,long_wave,False,0.9953592,45.23940033436566
sp|P28683.1|OPSG_CHICK,sp|O42490.1|OPSP_PETMA,short_wave,long_wave,False,0.95158,43.945090148526646
sp|P51489.1|OPSD_RAT,sp|O13227.1|OPSB_CONCO,short_wave,short_wave,True,0.9970307,46.54838202678867
sp|P51489.1|OPSD_RAT,sp|P32311.1|OPSG1_CARAU,short_wave,short_wave,True,0.99447584,46.832369942196536
sp|P51489.1|OPSD_RAT,sp|P49912.1|OPSD_RABIT,short_wave,short_wave,True,0.99958646,45.67187611503604
sp|P51489.1|OPSD_RAT,sp|Q28886.1|OPSD_MACFA,short_wave,short_wave,True,0.9994416,45.664739884393065
sp|P51489.1|OPSD_RAT,sp|O62795.1|OPSD_PAGGO,short_wave,short_wave,True,0.9991526,45.664739884393065
sp|P51489.1|OPSD_RAT,sp|P52202.1|OPSD_ALLMI,short_wave,short_wave,True,0.99738234,45.95549306531966
sp|P51489.1|OPSD_RAT,sp|O62794.1|OPSD_PHOVI,short_wave,short_wave,True,0.9992814,45.664739884393065
sp|P51489.1|OPSD_RAT,sp|Q769E8.1|OPSD_OTOCR,short_wave,short_wave,True,0.99944836,45.3757225433526
sp|P51489.1|OPSD_RAT,sp|P02699.1|OPSD_BOVIN,short_wave,short_wave,True,0.9993609,45.3757225433526
sp|P51489.1|OPSD_RAT,sp|Q68J47.1|OPSD_LOXAF,short_wave,short_wave,True,0.9988009,45.23121387283237
sp|P51489.1|OPSD_RAT,sp|Q95KU1.1|OPSD_FELCA,short_wave,short_wave,True,0.99947715,45.3757225433526
sp|P51489.1|OPSD_RAT,sp|O62791.1|OPSD_DELDE,short_wave,short_wave,True,0.99903214,45.23121387283237
sp|P51489.1|OPSD_RAT,sp|P32312.1|OPSG2_CARAU,short_wave,short_wave,True,0.9932262,46.678523788350375
sp|P51489.1|OPSD_RAT,sp|P15409.2|OPSD_MOUSE,short_wave,short_wave,True,0.9997212,45.08670520231214
sp|P51489.1|OPSD_RAT,sp|P22328.1|OPSD_CHICK,short_wave,short_wave,True,0.9968749,46.14615293339888
sp|P51489.1|OPSD_RAT,sp|Q6W3E1.1|OPSD_CALPD,short_wave,short_wave,True,0.99925685,45.08670520231214
sp|P51489.1|OPSD_RAT,sp|P51471.1|OPSB_ANOCA,short_wave,short_wave,True,0.99320596,46.19685592350494
sp|P51489.1|OPSD_RAT,sp|P28681.1|OPSD_CRIGR,short_wave,short_wave,True,0.9995771,45.52023121387283
sp|P51489.1|OPSD_RAT,sp|P56515.1|OPSD_RHIMB,short_wave,short_wave,True,0.9975238,46.85639396622055
sp|P51489.1|OPSD_RAT,sp|O62793.1|OPSD_MESBI,short_wave,short_wave,True,0.99862146,44.95626374750627
sp|P51489.1|OPSD_RAT,sp|P79863.1|OPSD_LEUER,short_wave,short_wave,True,0.99719554,45.74303276640403
sp|P51489.1|OPSD_RAT,sp|P56514.1|OPSD_BUFBU,short_wave,short_wave,True,0.99637645,46.55609366592026
sp|P51489.1|OPSD_RAT,sp|O62798.1|OPSD_TURTR,short_wave,short_wave,True,0.9988917,45.08670520231214
sp|P51489.1|OPSD_RAT,sp|Q90214.1|OPSD1_ANGAN,short_wave,short_wave,True,0.99609417,45.78558631646554
sp|P51489.1|OPSD_RAT,sp|P22671.1|OPSD_LETCA,short_wave,short_wave,True,0.9957294,46.414459494435334
sp|P51489.1|OPSD_RAT,sp|P08100.1|OPSD_HUMAN,short_wave,short_wave,True,0.99953306,45.69372687434992
sp|P51489.1|OPSD_RAT,sp|O62792.1|OPSD_GLOME,short_wave,short_wave,True,0.9984421,44.94219653179191
sp|P51489.1|OPSD_RAT,sp|P02700.2|OPSD_SHEEP,short_wave,short_wave,True,0.99920356,44.94219653179191
sp|P51489.1|OPSD_RAT,sp|O18766.1|OPSD_PIG,short_wave,short_wave,True,0.9993817,45.72393620725677
sp|P51489.1|OPSD_RAT,sp|Q9YGZ0.1|OPSD_SARPI,short_wave,short_wave,True,0.9945953,45.44775455758115
sp|P51489.1|OPSD_RAT,sp|P29403.1|OPSD_XENLA,short_wave,short_wave,True,0.9963489,47.006544116370705
sp|P51489.1|OPSD_RAT,sp|P79807.1|OPSD_MYRVI,short_wave,short_wave,True,0.99379814,45.788344784963826
sp|P51489.1|OPSD_RAT,sp|P79898.1|OPSD_SARDI,short_wave,short_wave,True,0.99374133,45.16964804870541
sp|P51489.1|OPSD_RAT,sp|P32308.1|OPSD_CANLF,short_wave,short_wave,True,0.9993185,45.52023121387283
sp|P51489.1|OPSD_RAT,sp|O42604.1|OPSD_ZEUFA,short_wave,short_wave,True,0.9935602,46.699439428601366
sp|P51489.1|OPSD_RAT,sp|P79914.1|OPSD_SARXA,short_wave,short_wave,True,0.99342334,46.343341729030385
sp|P51489.1|OPSD_RAT,sp|P79911.1|OPSD_SARTI,short_wave,short_wave,True,0.9946117,45.788344784963826
sp|P51489.1|OPSD_RAT,sp|O62796.1|OPSD_TRIMA,short_wave,short_wave,True,0.99925363,45.3757225433526
sp|P51489.1|OPSD_RAT,sp|P51474.1|OPSG3_PSAFA,short_wave,short_wave,True,0.9947126,46.52467763450423
sp|P51489.1|OPSD_RAT,sp|P79901.1|OPSD_SARMI,short_wave,short_wave,True,0.9942028,44.725861066456886
sp|P51489.1|OPSD_RAT,sp|P79798.1|OPSD_MYRBE,short_wave,short_wave,True,0.9918383,45.788344784963826
sp|P51489.1|OPSD_RAT,sp|P79902.1|OPSD_SARPU,short_wave,short_wave,True,0.994128,45.317577042788244
sp|P51489.1|OPSD_RAT,sp|P79808.1|OPSD_NEOAR,short_wave,short_wave,True,0.993256,46.029862105205936
sp|P51489.1|OPSD_RAT,sp|P79809.1|OPSD_NEOAU,short_wave,short_wave,True,0.993898,46.26004289817138
sp|P51489.1|OPSD_RAT,sp|P79903.1|OPSD_SARSP,short_wave,short_wave,True,0.9944638,45.4738793761588
sp|P51489.1|OPSD_RAT,sp|P51488.1|OPSD_CYPCA,short_wave,short_wave,True,0.9944934,46.35308000136813
sp|P51489.1|OPSD_RAT,sp|P79812.1|OPSD_NEOSA,short_wave,short_wave,True,0.99295783,46.18660191711816
sp|P51489.1|OPSD_RAT,sp|Q9YGY9.1|OPSD_ZOSOP,short_wave,short_wave,True,0.9938825,45.22673613937963
sp|P51489.1|OPSD_RAT,sp|Q9YGZ2.1|OPSD_GOBNI,short_wave,short_wave,True,0.99475604,45.36758120980217
sp|P51489.1|OPSD_RAT,sp|P41590.1|OPSD_PSAFA,short_wave,short_wave,True,0.99431556,44.707369942196536
sp|P51489.1|OPSD_RAT,sp|P51475.1|OPSP_CHICK,short_wave,short_wave,True,0.96238256,46.09520982135061
sp|P51489.1|OPSD_RAT,sp|P32309.1|OPSD_CARAU,short_wave,short_wave,True,0.993485,45.90929301911961
sp|P51489.1|OPSD_RAT,sp|Q9R024.1|OPSG_CAVPO,short_wave,short_wave,True,0.97956103,44.53895676854384
sp|P51489.1|OPSD_RAT,sp|P87369.1|OPSD_ORYLA,short_wave,short_wave,True,0.9946483,45.90929301911961
sp|P51489.1|OPSD_RAT,sp|P34989.1|OPSL_CALJA,short_wave,short_wave,True,0.983461,44.26094137076796
sp|P51489.1|OPSD_RAT,sp|Q9YH05.1|OPSD_DIPAN,short_wave,short_wave,True,0.99522525,44.46560776454611
sp|P51489.1|OPSD_RAT,sp|Q9YGZ8.1|OPSD_CHELB,short_wave,short_wave,True,0.99164414,44.7521407158355
sp|P51489.1|OPSD_RAT,sp|Q9YGZ5.1|OPSD_SOLSO,short_wave,short_wave,True,0.9940393,45.531756445264016
sp|P51489.1|OPSD_RAT,sp|O35476.2|OPSG_RAT,short_wave,short_wave,True,0.98577654,45.34789789250709
sp|P51489.1|OPSD_RAT,sp|Q9DGG4.1|OPSD_TETNG,short_wave,short_wave,True,0.99442685,44.742482301747096
sp|P51489.1|OPSD_RAT,sp|Q9YGZ3.1|OPSD_SALPV,short_wave,short_wave,True,0.99447155,44.82116546040382
sp|P51489.1|OPSD_RAT,sp|P35359.2|OPSD_DANRE,short_wave,short_wave,True,0.9946655,45.49098021409986
sp|P51489.1|OPSD_RAT,sp|P79848.1|OPSD_POERE,short_wave,short_wave,True,0.9938996,45.90929301911961
sp|P51489.1|OPSD_RAT,sp|O35599.1|OPSG_MOUSE,short_wave,short_wave,True,0.9844984,45.34789789250709
sp|P51489.1|OPSD_RAT,sp|O35478.2|OPSG_SCICA,short_wave,short_wave,True,0.98341966,44.389256169741444
sp|P51489.1|OPSD_RAT,sp|Q9YGZ6.1|OPSD_CHEAU,short_wave,short_wave,True,0.99236727,44.88293173994934
sp|P51489.1|OPSD_RAT,sp|Q98980.1|OPSD_PETMA,short_wave,short_wave,True,0.99439406,46.414459494435334
sp|P51489.1|OPSD_RAT,sp|P04000.2|OPSR_HUMAN,short_wave,long_wave,False,0.9792914,72.83236994219654
sp|P51489.1|OPSD_RAT,sp|P04001.1|OPSG_HUMAN,short_wave,long_wave,False,0.9789909,71.04665565648224
sp|P51489.1|OPSD_RAT,sp|O18913.2|OPSR_FELCA,short_wave,long_wave,False,0.9757049,68.2994029092295
sp|P51489.1|OPSD_RAT,sp|O18912.2|OPSR_HORSE,short_wave,long_wave,False,0.9790913,67.61258972241632
sp|P51489.1|OPSD_RAT,sp|Q9BGI7.1|OPSR_BOVIN,short_wave,long_wave,False,0.97994274,67.74995235977894
sp|P51489.1|OPSD_RAT,sp|Q95170.1|OPSR_CAPHI,short_wave,long_wave,False,0.97993886,67.61258972241632
sp|P51489.1|OPSD_RAT,sp|O18914.2|OPSR_CANLF,short_wave,long_wave,False,0.9784434,67.47522708505367
sp|P51489.1|OPSD_RAT,sp|O18910.2|OPSG_RABIT,short_wave,long_wave,False,0.98028886,66.65105126087785
sp|P51489.1|OPSD_RAT,sp|P41592.1|OPSR_ANOCA,short_wave,long_wave,False,0.977954,64.07530779530387
sp|P51489.1|OPSD_RAT,sp|P22329.1|OPSR_CHICK,short_wave,long_wave,False,0.9783411,66.41445949443533
sp|P51489.1|OPSD_RAT,sp|P87367.1|OPSR_ORYLA,short_wave,long_wave,False,0.9792121,63.22234208704333
sp|P51489.1|OPSD_RAT,sp|P32313.1|OPSR_CARAU,short_wave,long_wave,False,0.9806336,62.386687490943046
sp|P51489.1|OPSD_RAT,sp|O12948.1|OPSR_XENLA,short_wave,long_wave,False,0.98387796,62.23914960321348
sp|P51489.1|OPSD_RAT,sp|Q9W6A7.1|OPSR1_DANRE,short_wave,long_wave,False,0.9794046,61.968860192892905
sp|P51489.1|OPSD_RAT,sp|P22332.2|OPSR_PSAFA,short_wave,long_wave,False,0.9809602,61.272481362809344
sp|P51489.1|OPSD_RAT,sp|Q8AYN0.1|OPSR2_DANRE,short_wave,long_wave,False,0.9791746,62.53825229513771
sp|P51489.1|OPSD_RAT,sp|P35358.1|OPSG_GEKGE,short_wave,long_wave,False,0.9760532,60.96796316253551
sp|P51489.1|OPSD_RAT,sp|P22331.1|OPSG2_PSAFA,short_wave,long_wave,False,0.9823458,61.067664059843594
sp|P51489.1|OPSD_RAT,sp|P22330.1|OPSG1_PSAFA,short_wave,long_wave,False,0.9834372,60.185311118667116
sp|P51489.1|OPSD_RAT,sp|O18911.1|OPSG_ODOVI,short_wave,long_wave,False,0.9679513,67.88731499714159
sp|P51489.1|OPSD_RAT,sp|Q90215.1|OPSD2_ANGAN,short_wave,long_wave,False,0.9954351,44.62724173706833
sp|P51489.1|OPSD_RAT,sp|P79756.1|OPSD_GAMAF,short_wave,long_wave,False,0.9937088,44.23999457562762
sp|P51489.1|OPSD_RAT,sp|O42490.1|OPSP_PETMA,short_wave,long_wave,False,0.94388235,42.945684389788596
sp|O13227.1|OPSB_CONCO,sp|P32311.1|OPSG1_CARAU,short_wave,short_wave,True,0.992172,47.716012084592144
sp|O13227.1|OPSB_CONCO,sp|P49912.1|OPSD_RABIT,short_wave,short_wave,True,0.99726033,46.55551825743165
sp|O13227.1|OPSB_CONCO,sp|Q28886.1|OPSD_MACFA,short_wave,short_wave,True,0.9967554,46.54838202678867
sp|O13227.1|OPSB_CONCO,sp|O62795.1|OPSD_PAGGO,short_wave,short_wave,True,0.996794,46.54838202678867
sp|O13227.1|OPSB_CONCO,sp|P52202.1|OPSD_ALLMI,short_wave,short_wave,True,0.99732834,46.839135207715266
sp|O13227.1|OPSB_CONCO,sp|O62794.1|OPSD_PHOVI,short_wave,short_wave,True,0.9970287,46.54838202678867
sp|O13227.1|OPSB_CONCO,sp|Q769E8.1|OPSD_OTOCR,short_wave,short_wave,True,0.99659383,46.25936468574821
sp|O13227.1|OPSB_CONCO,sp|P02699.1|OPSD_BOVIN,short_wave,short_wave,True,0.997497,46.25936468574821
sp|O13227.1|OPSB_CONCO,sp|Q68J47.1|OPSD_LOXAF,short_wave,short_wave,True,0.99796546,46.114856015227986
sp|O13227.1|OPSB_CONCO,sp|Q95KU1.1|OPSD_FELCA,short_wave,short_wave,True,0.9974694,46.25936468574821
sp|O13227.1|OPSB_CONCO,sp|O62791.1|OPSD_DELDE,short_wave,short_wave,True,0.9972137,46.114856015227986
sp|O13227.1|OPSB_CONCO,sp|P32312.1|OPSG2_CARAU,short_wave,short_wave,True,0.99048793,47.56216593074599
sp|O13227.1|OPSB_CONCO,sp|P15409.2|OPSD_MOUSE,short_wave,short_wave,True,0.9964242,45.97034734470775
sp|O13227.1|OPSB_CONCO,sp|P22328.1|OPSD_CHICK,short_wave,short_wave,True,0.9966052,47.02979507579449
sp|O13227.1|OPSB_CONCO,sp|Q6W3E1.1|OPSD_CALPD,short_wave,short_wave,True,0.9969421,45.97034734470775
sp|O13227.1|OPSB_CONCO,sp|P51471.1|OPSB_ANOCA,short_wave,short_wave,True,0.99334574,47.08049806590056
sp|O13227.1|OPSB_CONCO,sp|P28681.1|OPSD_CRIGR,short_wave,short_wave,True,0.9967093,46.40387335626845
sp|O13227.1|OPSB_CONCO,sp|P56515.1|OPSD_RHIMB,short_wave,short_wave,True,0.9968745,47.74003610861617
sp|O13227.1|OPSB_CONCO,sp|O62793.1|OPSD_MESBI,short_wave,short_wave,True,0.99685866,45.83990588990188
sp|O13227.1|OPSB_CONCO,sp|P79863.1|OPSD_LEUER,short_wave,short_wave,True,0.9978046,46.626674908799636
sp|O13227.1|OPSB_CONCO,sp|P56514.1|OPSD_BUFBU,short_wave,short_wave,True,0.99643064,47.439735808315874
sp|O13227.1|OPSB_CONCO,sp|O62798.1|OPSD_TURTR,short_wave,short_wave,True,0.9967846,45.97034734470775
sp|O13227.1|OPSB_CONCO,sp|Q90214.1|OPSD1_ANGAN,short_wave,short_wave,True,0.9990075,46.66922845886115
sp|O13227.1|OPSB_CONCO,sp|P22671.1|OPSD_LETCA,short_wave,short_wave,True,0.99440867,47.29810163683095
sp|O13227.1|OPSB_CONCO,sp|P08100.1|OPSD_HUMAN,short_wave,short_wave,True,0.9966717,46.577369016745536
sp|O13227.1|OPSB_CONCO,sp|O62792.1|OPSD_GLOME,short_wave,short_wave,True,0.9968123,45.82583867418752
sp|O13227.1|OPSB_CONCO,sp|P02700.2|OPSD_SHEEP,short_wave,short_wave,True,0.9964357,45.82583867418752
sp|O13227.1|OPSB_CONCO,sp|O18766.1|OPSD_PIG,short_wave,short_wave,True,0.9970211,46.607578349652385
sp|O13227.1|OPSB_CONCO,sp|Q9YGZ0.1|OPSD_SARPI,short_wave,short_wave,True,0.9970638,46.33139669997676
sp|O13227.1|OPSB_CONCO,sp|P29403.1|OPSD_XENLA,short_wave,short_wave,True,0.9959813,47.89018625876632
sp|O13227.1|OPSB_CONCO,sp|P79807.1|OPSD_MYRVI,short_wave,short_wave,True,0.99560326,46.67198692735944
sp|O13227.1|OPSB_CONCO,sp|P79898.1|OPSD_SARDI,short_wave,short_wave,True,0.9965312,46.05329019110102
sp|O13227.1|OPSB_CONCO,sp|P32308.1|OPSD_CANLF,short_wave,short_wave,True,0.9969483,46.40387335626845
sp|O13227.1|OPSB_CONCO,sp|O42604.1|OPSD_ZEUFA,short_wave,short_wave,True,0.99609494,47.58308157099698
sp|O13227.1|OPSB_CONCO,sp|P79914.1|OPSD_SARXA,short_wave,short_wave,True,0.9956031,47.226983871426
sp|O13227.1|OPSB_CONCO,sp|P79911.1|OPSD_SARTI,short_wave,short_wave,True,0.99645495,46.67198692735944
sp|O13227.1|OPSB_CONCO,sp|O62796.1|OPSD_TRIMA,short_wave,short_wave,True,0.99712473,46.25936468574821
sp|O13227.1|OPSB_CONCO,sp|P51474.1|OPSG3_PSAFA,short_wave,short_wave,True,0.9916154,47.40831977689984
sp|O13227.1|OPSB_CONCO,sp|P79901.1|OPSD_SARMI,short_wave,short_wave,True,0.99649554,45.6095032088525
sp|O13227.1|OPSB_CONCO,sp|P79798.1|OPSD_MYRBE,short_wave,short_wave,True,0.9938916,46.67198692735944
sp|O13227.1|OPSB_CONCO,sp|P79902.1|OPSD_SARPU,short_wave,short_wave,True,0.99634767,46.20121918518386
sp|O13227.1|OPSB_CONCO,sp|P79808.1|OPSD_NEOAR,short_wave,short_wave,True,0.995886,46.91350424760155
sp|O13227.1|OPSB_CONCO,sp|P79809.1|OPSD_NEOAU,short_wave,short_wave,True,0.99662083,47.143685040566986
sp|O13227.1|OPSB_CONCO,sp|P79903.1|OPSD_SARSP,short_wave,short_wave,True,0.9964175,46.35752151855441
sp|O13227.1|OPSB_CONCO,sp|P51488.1|OPSD_CYPCA,short_wave,short_wave,True,0.9966395,47.23672214376374
sp|O13227.1|OPSB_CONCO,sp|P79812.1|OPSD_NEOSA,short_wave,short_wave,True,0.9958135,47.07024405951377
sp|O13227.1|OPSB_CONCO,sp|Q9YGY9.1|OPSD_ZOSOP,short_wave,short_wave,True,0.99653417,46.11037828177524
sp|O13227.1|OPSB_CONCO,sp|Q9YGZ2.1|OPSD_GOBNI,short_wave,short_wave,True,0.99703866,46.25122335219778
sp|O13227.1|OPSB_CONCO,sp|P41590.1|OPSD_PSAFA,short_wave,short_wave,True,0.9965427,45.591012084592144
sp|O13227.1|OPSB_CONCO,sp|P51475.1|OPSP_CHICK,short_wave,short_wave,True,0.9603009,46.97885196374622
sp|O13227.1|OPSB_CONCO,sp|P32309.1|OPSD_CARAU,short_wave,short_wave,True,0.99659854,46.79293516151522
sp|O13227.1|OPSB_CONCO,sp|Q9R024.1|OPSG_CAVPO,short_wave,short_wave,True,0.9792451,45.42259891093945
sp|O13227.1|OPSB_CONCO,sp|P87369.1|OPSD_ORYLA,short_wave,short_wave,True,0.99649525,46.79293516151522
sp|O13227.1|OPSB_CONCO,sp|P34989.1|OPSL_CALJA,short_wave,short_wave,True,0.98297006,45.14458351316357
sp|O13227.1|OPSB_CONCO,sp|Q9YH05.1|OPSD_DIPAN,short_wave,short_wave,True,0.9968482,45.349249906941715
sp|O13227.1|OPSB_CONCO,sp|Q9YGZ8.1|OPSD_CHELB,short_wave,short_wave,True,0.9940448,45.63578285823111
sp|O13227.1|OPSB_CONCO,sp|Q9YGZ5.1|OPSD_SOLSO,short_wave,short_wave,True,0.9960956,46.415398587659624
sp|O13227.1|OPSB_CONCO,sp|O35476.2|OPSG_RAT,short_wave,short_wave,True,0.9856165,46.23154003490271
sp|O13227.1|OPSB_CONCO,sp|Q9DGG4.1|OPSD_TETNG,short_wave,short_wave,True,0.99584675,45.626124444142704
sp|O13227.1|OPSB_CONCO,sp|Q9YGZ3.1|OPSD_SALPV,short_wave,short_wave,True,0.996382,45.70480760279943
sp|O13227.1|OPSB_CONCO,sp|P35359.2|OPSD_DANRE,short_wave,short_wave,True,0.99710333,46.374622356495465
sp|O13227.1|OPSB_CONCO,sp|P79848.1|OPSD_POERE,short_wave,short_wave,True,0.99662733,46.79293516151522
sp|O13227.1|OPSB_CONCO,sp|O35599.1|OPSG_MOUSE,short_wave,short_wave,True,0.9848558,46.23154003490271
sp|O13227.1|OPSB_CONCO,sp|O35478.2|OPSG_SCICA,short_wave,short_wave,True,0.9826087,45.27289831213706
sp|O13227.1|OPSB_CONCO,sp|Q9YGZ6.1|OPSD_CHEAU,short_wave,short_wave,True,0.99450433,45.76657388234496
sp|O13227.1|OPSB_CONCO,sp|Q98980.1|OPSD_PETMA,short_wave,short_wave,True,0.994242,47.29810163683095
sp|O13227.1|OPSB_CONCO,sp|P04000.2|OPSR_HUMAN,short_wave,long_wave,False,0.97934824,73.71601208459214
sp|O13227.1|OPSB_CONCO,sp|P04001.1|OPSG_HUMAN,short_wave,long_wave,False,0.9788343,71.93029779887786
sp|O13227.1|OPSB_CONCO,sp|O18913.2|OPSR_FELCA,short_wave,long_wave,False,0.97534996,69.1830450516251
sp|O13227.1|OPSB_CONCO,sp|O18912.2|OPSR_HORSE,short_wave,long_wave,False,0.9774835,68.49623186481193
sp|O13227.1|OPSB_CONCO,sp|Q9BGI7.1|OPSR_BOVIN,short_wave,long_wave,False,0.9791872,68.63359450217456
sp|O13227.1|OPSB_CONCO,sp|Q95170.1|OPSR_CAPHI,short_wave,long_wave,False,0.97951806,68.49623186481193
sp|O13227.1|OPSB_CONCO,sp|O18914.2|OPSR_CANLF,short_wave,long_wave,False,0.9776816,68.35886922744929
sp|O13227.1|OPSB_CONCO,sp|O18910.2|OPSG_RABIT,short_wave,long_wave,False,0.98108804,67.53469340327347
sp|O13227.1|OPSB_CONCO,sp|P41592.1|OPSR_ANOCA,short_wave,long_wave,False,0.9785301,64.95894993769949
sp|O13227.1|OPSB_CONCO,sp|P22329.1|OPSR_CHICK,short_wave,long_wave,False,0.9795223,67.29810163683095
sp|O13227.1|OPSB_CONCO,sp|P87367.1|OPSR_ORYLA,short_wave,long_wave,False,0.9786054,64.10598422943895
sp|O13227.1|OPSB_CONCO,sp|P32313.1|OPSR_CARAU,short_wave,long_wave,False,0.9803848,63.27032963333866
sp|O13227.1|OPSB_CONCO,sp|O12948.1|OPSR_XENLA,short_wave,long_wave,False,0.98491895,63.12279174560909
sp|O13227.1|OPSB_CONCO,sp|Q9W6A7.1|OPSR1_DANRE,short_wave,long_wave,False,0.9784353,62.85250233528852
sp|O13227.1|OPSB_CONCO,sp|P22332.2|OPSR_PSAFA,short_wave,long_wave,False,0.98002857,62.15612350520496
sp|O13227.1|OPSB_CONCO,sp|Q8AYN0.1|OPSR2_DANRE,short_wave,long_wave,False,0.9780187,63.42189443753332
sp|O13227.1|OPSB_CONCO,sp|P35358.1|OPSG_GEKGE,short_wave,long_wave,False,0.9764805,61.85160530493113
sp|O13227.1|OPSB_CONCO,sp|P22331.1|OPSG2_PSAFA,short_wave,long_wave,False,0.9834854,61.9513062022392
sp|O13227.1|OPSB_CONCO,sp|P22330.1|OPSG1_PSAFA,short_wave,long_wave,False,0.98351014,61.06895326106273
sp|O13227.1|OPSB_CONCO,sp|O18911.1|OPSG_ODOVI,short_wave,long_wave,False,0.96404314,68.7709571395372
sp|O13227.1|OPSB_CONCO,sp|Q90215.1|OPSD2_ANGAN,short_wave,long_wave,False,0.9985684,45.51088387946394
sp|O13227.1|OPSB_CONCO,sp|P79756.1|OPSD_GAMAF,short_wave,long_wave,False,0.9962752,45.12363671802323
sp|O13227.1|OPSB_CONCO,sp|O42490.1|OPSP_PETMA,short_wave,long_wave,False,0.941183,43.82932653218421
sp|P32311.1|OPSG1_CARAU,sp|P49912.1|OPSD_RABIT,short_wave,short_wave,True,0.9937382,46.839506172839506
sp|P32311.1|OPSG1_CARAU,sp|Q28886.1|OPSD_MACFA,short_wave,short_wave,True,0.9950392,46.832369942196536
sp|P32311.1|OPSG1_CARAU,sp|O62795.1|OPSD_PAGGO,short_wave,short_wave,True,0.99559194,46.832369942196536
sp|P32311.1|OPSG1_CARAU,sp|P52202.1|OPSD_ALLMI,short_wave,short_wave,True,0.9957721,47.12312312312312
sp|P32311.1|OPSG1_CARAU,sp|O62794.1|OPSD_PHOVI,short_wave,short_wave,True,0.9958514,46.832369942196536
sp|P32311.1|OPSG1_CARAU,sp|Q769E8.1|OPSD_OTOCR,short_wave,short_wave,True,0.9942863,46.54335260115607
sp|P32311.1|OPSG1_CARAU,sp|P02699.1|OPSD_BOVIN,short_wave,short_wave,True,0.99444366,46.54335260115607
sp|P32311.1|OPSG1_CARAU,sp|Q68J47.1|OPSD_LOXAF,short_wave,short_wave,True,0.9946182,46.398843930635834
sp|P32311.1|OPSG1_CARAU,sp|Q95KU1.1|OPSD_FELCA,short_wave,short_wave,True,0.9950427,46.54335260115607
sp|P32311.1|OPSG1_CARAU,sp|O62791.1|OPSD_DELDE,short_wave,short_wave,True,0.995685,46.398843930635834
sp|P32311.1|OPSG1_CARAU,sp|P32312.1|OPSG2_CARAU,short_wave,short_wave,True,0.9985426,47.84615384615385
sp|P32311.1|OPSG1_CARAU,sp|P15409.2|OPSD_MOUSE,short_wave,short_wave,True,0.99394727,46.25433526011561
sp|P32311.1|OPSG1_CARAU,sp|P22328.1|OPSD_CHICK,short_wave,short_wave,True,0.9951523,47.313782991202345
sp|P32311.1|OPSG1_CARAU,sp|Q6W3E1.1|OPSD_CALPD,short_wave,short_wave,True,0.9949036,46.25433526011561
sp|P32311.1|OPSG1_CARAU,sp|P51471.1|OPSB_ANOCA,short_wave,short_wave,True,0.99537444,47.36448598130841
sp|P32311.1|OPSG1_CARAU,sp|P28681.1|OPSD_CRIGR,short_wave,short_wave,True,0.9946637,46.6878612716763
sp|P32311.1|OPSG1_CARAU,sp|P56515.1|OPSD_RHIMB,short_wave,short_wave,True,0.99534595,48.02402402402402
sp|P32311.1|OPSG1_CARAU,sp|O62793.1|OPSD_MESBI,short_wave,short_wave,True,0.9953956,46.123893805309734
sp|P32311.1|OPSG1_CARAU,sp|P79863.1|OPSD_LEUER,short_wave,short_wave,True,0.9948656,46.91066282420749
sp|P32311.1|OPSG1_CARAU,sp|P56514.1|OPSD_BUFBU,short_wave,short_wave,True,0.9945022,47.72372372372372
sp|P32311.1|OPSG1_CARAU,sp|O62798.1|OPSD_TURTR,short_wave,short_wave,True,0.99589956,46.25433526011561
sp|P32311.1|OPSG1_CARAU,sp|Q90214.1|OPSD1_ANGAN,short_wave,short_wave,True,0.9927146,46.953216374269005
sp|P32311.1|OPSG1_CARAU,sp|P22671.1|OPSD_LETCA,short_wave,short_wave,True,0.9977464,47.582089552238806
sp|P32311.1|OPSG1_CARAU,sp|P08100.1|OPSD_HUMAN,short_wave,short_wave,True,0.9955737,46.86135693215339
sp|P32311.1|OPSG1_CARAU,sp|O62792.1|OPSD_GLOME,short_wave,short_wave,True,0.995988,46.10982658959537
sp|P32311.1|OPSG1_CARAU,sp|P02700.2|OPSD_SHEEP,short_wave,short_wave,True,0.996177,46.10982658959537
sp|P32311.1|OPSG1_CARAU,sp|O18766.1|OPSD_PIG,short_wave,short_wave,True,0.99517953,46.89156626506024
sp|P32311.1|OPSG1_CARAU,sp|Q9YGZ0.1|OPSD_SARPI,short_wave,short_wave,True,0.99400973,46.61538461538461
sp|P32311.1|OPSG1_CARAU,sp|P29403.1|OPSD_XENLA,short_wave,short_wave,True,0.9959843,48.17417417417417
sp|P32311.1|OPSG1_CARAU,sp|P79807.1|OPSD_MYRVI,short_wave,short_wave,True,0.99393296,46.9559748427673
sp|P32311.1|OPSG1_CARAU,sp|P79898.1|OPSD_SARDI,short_wave,short_wave,True,0.9930485,46.337278106508876
sp|P32311.1|OPSG1_CARAU,sp|P32308.1|OPSD_CANLF,short_wave,short_wave,True,0.9958564,46.6878612716763
sp|P32311.1|OPSG1_CARAU,sp|O42604.1|OPSD_ZEUFA,short_wave,short_wave,True,0.99439144,47.86706948640483
sp|P32311.1|OPSG1_CARAU,sp|P79914.1|OPSD_SARXA,short_wave,short_wave,True,0.99391794,47.510971786833856
sp|P32311.1|OPSG1_CARAU,sp|P79911.1|OPSD_SARTI,short_wave,short_wave,True,0.9943263,46.9559748427673
sp|P32311.1|OPSG1_CARAU,sp|O62796.1|OPSD_TRIMA,short_wave,short_wave,True,0.9948442,46.54335260115607
sp|P32311.1|OPSG1_CARAU,sp|P51474.1|OPSG3_PSAFA,short_wave,short_wave,True,0.99873495,47.69230769230769
sp|P32311.1|OPSG1_CARAU,sp|P79901.1|OPSD_SARMI,short_wave,short_wave,True,0.992801,45.89349112426036
sp|P32311.1|OPSG1_CARAU,sp|P79798.1|OPSD_MYRBE,short_wave,short_wave,True,0.99389917,46.9559748427673
sp|P32311.1|OPSG1_CARAU,sp|P79902.1|OPSD_SARPU,short_wave,short_wave,True,0.99390244,46.485207100591715
sp|P32311.1|OPSG1_CARAU,sp|P79808.1|OPSD_NEOAR,short_wave,short_wave,True,0.9936193,47.1974921630094
sp|P32311.1|OPSG1_CARAU,sp|P79809.1|OPSD_NEOAU,short_wave,short_wave,True,0.9938641,47.42767295597484
sp|P32311.1|OPSG1_CARAU,sp|P79903.1|OPSD_SARSP,short_wave,short_wave,True,0.9942549,46.64150943396227
sp|P32311.1|OPSG1_CARAU,sp|P51488.1|OPSD_CYPCA,short_wave,short_wave,True,0.9936904,47.5207100591716
sp|P32311.1|OPSG1_CARAU,sp|P79812.1|OPSD_NEOSA,short_wave,short_wave,True,0.99360204,47.35423197492163
sp|P32311.1|OPSG1_CARAU,sp|Q9YGY9.1|OPSD_ZOSOP,short_wave,short_wave,True,0.9944432,46.3943661971831
sp|P32311.1|OPSG1_CARAU,sp|Q9YGZ2.1|OPSD_GOBNI,short_wave,short_wave,True,0.9946806,46.53521126760563
sp|P32311.1|OPSG1_CARAU,sp|P41590.1|OPSD_PSAFA,short_wave,short_wave,True,0.99320376,45.875
sp|P32311.1|OPSG1_CARAU,sp|P51475.1|OPSP_CHICK,short_wave,short_wave,True,0.97132933,47.26283987915408
sp|P32311.1|OPSG1_CARAU,sp|P32309.1|OPSD_CARAU,short_wave,short_wave,True,0.99203026,47.07692307692308
sp|P32311.1|OPSG1_CARAU,sp|Q9R024.1|OPSG_CAVPO,short_wave,short_wave,True,0.987847,45.706586826347305
sp|P32311.1|OPSG1_CARAU,sp|P87369.1|OPSD_ORYLA,short_wave,short_wave,True,0.99432987,47.07692307692308
sp|P32311.1|OPSG1_CARAU,sp|P34989.1|OPSL_CALJA,short_wave,short_wave,True,0.9907409,45.42857142857143
sp|P32311.1|OPSG1_CARAU,sp|Q9YH05.1|OPSD_DIPAN,short_wave,short_wave,True,0.9949006,45.63323782234957
sp|P32311.1|OPSG1_CARAU,sp|Q9YGZ8.1|OPSD_CHELB,short_wave,short_wave,True,0.99284685,45.91977077363897
sp|P32311.1|OPSG1_CARAU,sp|Q9YGZ5.1|OPSD_SOLSO,short_wave,short_wave,True,0.9941884,46.69938650306749
sp|P32311.1|OPSG1_CARAU,sp|O35476.2|OPSG_RAT,short_wave,short_wave,True,0.99091184,46.515527950310556
sp|P32311.1|OPSG1_CARAU,sp|Q9DGG4.1|OPSD_TETNG,short_wave,short_wave,True,0.99474525,45.91011235955057
sp|P32311.1|OPSG1_CARAU,sp|Q9YGZ3.1|OPSD_SALPV,short_wave,short_wave,True,0.99452245,45.98879551820728
sp|P32311.1|OPSG1_CARAU,sp|P35359.2|OPSD_DANRE,short_wave,short_wave,True,0.99330056,46.65861027190333
sp|P32311.1|OPSG1_CARAU,sp|P79848.1|OPSD_POERE,short_wave,short_wave,True,0.99376386,47.07692307692308
sp|P32311.1|OPSG1_CARAU,sp|O35599.1|OPSG_MOUSE,short_wave,short_wave,True,0.99037117,46.515527950310556
sp|P32311.1|OPSG1_CARAU,sp|O35478.2|OPSG_SCICA,short_wave,short_wave,True,0.98971677,45.55688622754491
sp|P32311.1|OPSG1_CARAU,sp|Q9YGZ6.1|OPSD_CHEAU,short_wave,short_wave,True,0.9932698,46.050561797752806
sp|P32311.1|OPSG1_CARAU,sp|Q98980.1|OPSD_PETMA,short_wave,short_wave,True,0.996487,47.582089552238806
sp|P32311.1|OPSG1_CARAU,sp|P04000.2|OPSR_HUMAN,short_wave,long_wave,False,0.9880811,74.0
sp|P32311.1|OPSG1_CARAU,sp|P04001.1|OPSG_HUMAN,short_wave,long_wave,False,0.98807406,72.21428571428572
sp|P32311.1|OPSG1_CARAU,sp|O18913.2|OPSR_FELCA,short_wave,long_wave,False,0.9856136,69.46703296703296
sp|P32311.1|OPSG1_CARAU,sp|O18912.2|OPSR_HORSE,short_wave,long_wave,False,0.988826,68.78021978021978
sp|P32311.1|OPSG1_CARAU,sp|Q9BGI7.1|OPSR_BOVIN,short_wave,long_wave,False,0.98864126,68.91758241758242
sp|P32311.1|OPSG1_CARAU,sp|Q95170.1|OPSR_CAPHI,short_wave,long_wave,False,0.98861945,68.78021978021978
sp|P32311.1|OPSG1_CARAU,sp|O18914.2|OPSR_CANLF,short_wave,long_wave,False,0.98705626,68.64285714285714
sp|P32311.1|OPSG1_CARAU,sp|O18910.2|OPSG_RABIT,short_wave,long_wave,False,0.9878225,67.81868131868131
sp|P32311.1|OPSG1_CARAU,sp|P41592.1|OPSR_ANOCA,short_wave,long_wave,False,0.98724174,65.24293785310735
sp|P32311.1|OPSG1_CARAU,sp|P22329.1|OPSR_CHICK,short_wave,long_wave,False,0.9885885,67.58208955223881
sp|P32311.1|OPSG1_CARAU,sp|P87367.1|OPSR_ORYLA,short_wave,long_wave,False,0.9882384,64.3899721448468
sp|P32311.1|OPSG1_CARAU,sp|P32313.1|OPSR_CARAU,short_wave,long_wave,False,0.98849,63.55431754874652
sp|P32311.1|OPSG1_CARAU,sp|O12948.1|OPSR_XENLA,short_wave,long_wave,False,0.9876809,63.40677966101695
sp|P32311.1|OPSG1_CARAU,sp|Q9W6A7.1|OPSR1_DANRE,short_wave,long_wave,False,0.9878231,63.136490250696376
sp|P32311.1|OPSG1_CARAU,sp|P22332.2|OPSR_PSAFA,short_wave,long_wave,False,0.9896534,62.440111420612816
sp|P32311.1|OPSG1_CARAU,sp|Q8AYN0.1|OPSR2_DANRE,short_wave,long_wave,False,0.98767143,63.705882352941174
sp|P32311.1|OPSG1_CARAU,sp|P35358.1|OPSG_GEKGE,short_wave,long_wave,False,0.98442423,62.13559322033898
sp|P32311.1|OPSG1_CARAU,sp|P22331.1|OPSG2_PSAFA,short_wave,long_wave,False,0.98677784,62.23529411764706
sp|P32311.1|OPSG1_CARAU,sp|P22330.1|OPSG1_PSAFA,short_wave,long_wave,False,0.9883117,61.35294117647059
sp|P32311.1|OPSG1_CARAU,sp|O18911.1|OPSG_ODOVI,short_wave,long_wave,False,0.97445035,69.05494505494505
sp|P32311.1|OPSG1_CARAU,sp|Q90215.1|OPSD2_ANGAN,short_wave,long_wave,False,0.99285334,45.794871794871796
sp|P32311.1|OPSG1_CARAU,sp|P79756.1|OPSD_GAMAF,short_wave,long_wave,False,0.9940727,45.407624633431084
sp|P32311.1|OPSG1_CARAU,sp|O42490.1|OPSP_PETMA,short_wave,long_wave,False,0.95630175,44.11331444759207
sp|P49912.1|OPSD_RABIT,sp|Q28886.1|OPSD_MACFA,short_wave,short_wave,True,0.9992979,45.67187611503604
sp|P49912.1|OPSD_RABIT,sp|O62795.1|OPSD_PAGGO,short_wave,short_wave,True,0.9990807,45.67187611503604
sp|P49912.1|OPSD_RABIT,sp|P52202.1|OPSD_ALLMI,short_wave,short_wave,True,0.9975649,45.96262929596263
sp|P49912.1|OPSD_RABIT,sp|O62794.1|OPSD_PHOVI,short_wave,short_wave,True,0.99908876,45.67187611503604
sp|P49912.1|OPSD_RABIT,sp|Q769E8.1|OPSD_OTOCR,short_wave,short_wave,True,0.9994182,45.38285877399558
sp|P49912.1|OPSD_RABIT,sp|P02699.1|OPSD_BOVIN,short_wave,short_wave,True,0.9993297,45.38285877399558
sp|P49912.1|OPSD_RABIT,sp|Q68J47.1|OPSD_LOXAF,short_wave,short_wave,True,0.99877656,45.23835010347534
sp|P49912.1|OPSD_RABIT,sp|Q95KU1.1|OPSD_FELCA,short_wave,short_wave,True,0.99933773,45.38285877399558
sp|P49912.1|OPSD_RABIT,sp|O62791.1|OPSD_DELDE,short_wave,short_wave,True,0.9987383,45.23835010347534
sp|P49912.1|OPSD_RABIT,sp|P32312.1|OPSG2_CARAU,short_wave,short_wave,True,0.99224555,46.68566001899335
sp|P49912.1|OPSD_RABIT,sp|P15409.2|OPSD_MOUSE,short_wave,short_wave,True,0.9992311,45.09384143295512
sp|P49912.1|OPSD_RABIT,sp|P22328.1|OPSD_CHICK,short_wave,short_wave,True,0.9972497,46.15328916404185
sp|P49912.1|OPSD_RABIT,sp|Q6W3E1.1|OPSD_CALPD,short_wave,short_wave,True,0.99920267,45.09384143295512
sp|P49912.1|OPSD_RABIT,sp|P51471.1|OPSB_ANOCA,short_wave,short_wave,True,0.99259025,46.20399215414792
sp|P49912.1|OPSD_RABIT,sp|P28681.1|OPSD_CRIGR,short_wave,short_wave,True,0.9991963,45.527367444515804
sp|P49912.1|OPSD_RABIT,sp|P56515.1|OPSD_RHIMB,short_wave,short_wave,True,0.9976194,46.86353019686353
sp|P49912.1|OPSD_RABIT,sp|O62793.1|OPSD_MESBI,short_wave,short_wave,True,0.9981782,44.96339997814924
sp|P49912.1|OPSD_RABIT,sp|P79863.1|OPSD_LEUER,short_wave,short_wave,True,0.99699533,45.750168997047
sp|P49912.1|OPSD_RABIT,sp|P56514.1|OPSD_BUFBU,short_wave,short_wave,True,0.99659413,46.56322989656323
sp|P49912.1|OPSD_RABIT,sp|O62798.1|OPSD_TURTR,short_wave,short_wave,True,0.99850214,45.09384143295512
sp|P49912.1|OPSD_RABIT,sp|Q90214.1|OPSD1_ANGAN,short_wave,short_wave,True,0.996012,45.79272254710851
sp|P49912.1|OPSD_RABIT,sp|P22671.1|OPSD_LETCA,short_wave,short_wave,True,0.9955174,46.42159572507831
sp|P49912.1|OPSD_RABIT,sp|P08100.1|OPSD_HUMAN,short_wave,short_wave,True,0.9994494,45.7008631049929
sp|P49912.1|OPSD_RABIT,sp|O62792.1|OPSD_GLOME,short_wave,short_wave,True,0.9980027,44.94933276243488
sp|P49912.1|OPSD_RABIT,sp|P02700.2|OPSD_SHEEP,short_wave,short_wave,True,0.9986624,44.94933276243488
sp|P49912.1|OPSD_RABIT,sp|O18766.1|OPSD_PIG,short_wave,short_wave,True,0.99904037,45.73107243789975
sp|P49912.1|OPSD_RABIT,sp|Q9YGZ0.1|OPSD_SARPI,short_wave,short_wave,True,0.99431944,45.45489078822412
sp|P49912.1|OPSD_RABIT,sp|P29403.1|OPSD_XENLA,short_wave,short_wave,True,0.9964248,47.013680347013675
sp|P49912.1|OPSD_RABIT,sp|P79807.1|OPSD_MYRVI,short_wave,short_wave,True,0.9936285,45.7954810156068
sp|P49912.1|OPSD_RABIT,sp|P79898.1|OPSD_SARDI,short_wave,short_wave,True,0.9938966,45.17678427934838
sp|P49912.1|OPSD_RABIT,sp|P32308.1|OPSD_CANLF,short_wave,short_wave,True,0.9993674,45.527367444515804
sp|P49912.1|OPSD_RABIT,sp|O42604.1|OPSD_ZEUFA,short_wave,short_wave,True,0.9936155,46.706575659244336
sp|P49912.1|OPSD_RABIT,sp|P79914.1|OPSD_SARXA,short_wave,short_wave,True,0.9931782,46.35047795967336
sp|P49912.1|OPSD_RABIT,sp|P79911.1|OPSD_SARTI,short_wave,short_wave,True,0.99467033,45.7954810156068
sp|P49912.1|OPSD_RABIT,sp|O62796.1|OPSD_TRIMA,short_wave,short_wave,True,0.99914825,45.38285877399558
sp|P49912.1|OPSD_RABIT,sp|P51474.1|OPSG3_PSAFA,short_wave,short_wave,True,0.9939018,46.5318138651472
sp|P49912.1|OPSD_RABIT,sp|P79901.1|OPSD_SARMI,short_wave,short_wave,True,0.994578,44.732997297099864
sp|P49912.1|OPSD_RABIT,sp|P79798.1|OPSD_MYRBE,short_wave,short_wave,True,0.99114907,45.7954810156068
sp|P49912.1|OPSD_RABIT,sp|P79902.1|OPSD_SARPU,short_wave,short_wave,True,0.99397683,45.32471327343122
sp|P49912.1|OPSD_RABIT,sp|P79808.1|OPSD_NEOAR,short_wave,short_wave,True,0.9931429,46.03699833584891
sp|P49912.1|OPSD_RABIT,sp|P79809.1|OPSD_NEOAU,short_wave,short_wave,True,0.99361223,46.26717912881435
sp|P49912.1|OPSD_RABIT,sp|P79903.1|OPSD_SARSP,short_wave,short_wave,True,0.99451566,45.481015606801776
sp|P49912.1|OPSD_RABIT,sp|P51488.1|OPSD_CYPCA,short_wave,short_wave,True,0.99481755,46.360216232011105
sp|P49912.1|OPSD_RABIT,sp|P79812.1|OPSD_NEOSA,short_wave,short_wave,True,0.9929136,46.19373814776114
sp|P49912.1|OPSD_RABIT,sp|Q9YGY9.1|OPSD_ZOSOP,short_wave,short_wave,True,0.99348944,45.23387237002261
sp|P49912.1|OPSD_RABIT,sp|Q9YGZ2.1|OPSD_GOBNI,short_wave,short_wave,True,0.99437344,45.37471744044514
sp|P49912.1|OPSD_RABIT,sp|P41590.1|OPSD_PSAFA,short_wave,short_wave,True,0.9940662,44.714506172839506
sp|P49912.1|OPSD_RABIT,sp|P51475.1|OPSP_CHICK,short_wave,short_wave,True,0.9596041,46.102346051993585
sp|P49912.1|OPSD_RABIT,sp|P32309.1|OPSD_CARAU,short_wave,short_wave,True,0.9937896,45.91642924976259
sp|P49912.1|OPSD_RABIT,sp|Q9R024.1|OPSG_CAVPO,short_wave,short_wave,True,0.97848296,44.54609299918681
sp|P49912.1|OPSD_RABIT,sp|P87369.1|OPSD_ORYLA,short_wave,short_wave,True,0.9944589,45.91642924976259
sp|P49912.1|OPSD_RABIT,sp|P34989.1|OPSL_CALJA,short_wave,short_wave,True,0.9824562,44.26807760141094
sp|P49912.1|OPSD_RABIT,sp|Q9YH05.1|OPSD_DIPAN,short_wave,short_wave,True,0.9952411,44.47274399518908
sp|P49912.1|OPSD_RABIT,sp|Q9YGZ8.1|OPSD_CHELB,short_wave,short_wave,True,0.9911276,44.75927694647848
sp|P49912.1|OPSD_RABIT,sp|Q9YGZ5.1|OPSD_SOLSO,short_wave,short_wave,True,0.9940326,45.53889267590699
sp|P49912.1|OPSD_RABIT,sp|O35476.2|OPSG_RAT,short_wave,short_wave,True,0.98526704,45.35503412315006
sp|P49912.1|OPSD_RABIT,sp|Q9DGG4.1|OPSD_TETNG,short_wave,short_wave,True,0.99420965,44.74961853239007
sp|P49912.1|OPSD_RABIT,sp|Q9YGZ3.1|OPSD_SALPV,short_wave,short_wave,True,0.9942626,44.82830169104679
sp|P49912.1|OPSD_RABIT,sp|P35359.2|OPSD_DANRE,short_wave,short_wave,True,0.9945619,45.498116444742834
sp|P49912.1|OPSD_RABIT,sp|P79848.1|OPSD_POERE,short_wave,short_wave,True,0.9938934,45.91642924976259
sp|P49912.1|OPSD_RABIT,sp|O35599.1|OPSG_MOUSE,short_wave,short_wave,True,0.9839925,45.35503412315006
sp|P49912.1|OPSD_RABIT,sp|O35478.2|OPSG_SCICA,short_wave,short_wave,True,0.9831635,44.396392400384414
sp|P49912.1|OPSD_RABIT,sp|Q9YGZ6.1|OPSD_CHEAU,short_wave,short_wave,True,0.99202305,44.89006797059231
sp|P49912.1|OPSD_RABIT,sp|Q98980.1|OPSD_PETMA,short_wave,short_wave,True,0.99397784,46.42159572507831
sp|P49912.1|OPSD_RABIT,sp|P04000.2|OPSR_HUMAN,short_wave,long_wave,False,0.97866094,72.8395061728395
sp|P49912.1|OPSD_RABIT,sp|P04001.1|OPSG_HUMAN,short_wave,long_wave,False,0.97811365,71.05379188712521
sp|P49912.1|OPSD_RABIT,sp|O18913.2|OPSR_FELCA,short_wave,long_wave,False,0.9749812,68.30653913987247
sp|P49912.1|OPSD_RABIT,sp|O18912.2|OPSR_HORSE,short_wave,long_wave,False,0.9783053,67.61972595305929
sp|P49912.1|OPSD_RABIT,sp|Q9BGI7.1|OPSR_BOVIN,short_wave,long_wave,False,0.97916865,67.75708859042192
sp|P49912.1|OPSD_RABIT,sp|Q95170.1|OPSR_CAPHI,short_wave,long_wave,False,0.979141,67.61972595305929
sp|P49912.1|OPSD_RABIT,sp|O18914.2|OPSR_CANLF,short_wave,long_wave,False,0.9774851,67.48236331569666
sp|P49912.1|OPSD_RABIT,sp|O18910.2|OPSG_RABIT,short_wave,long_wave,False,0.97935796,66.65818749152083
sp|P49912.1|OPSD_RABIT,sp|P41592.1|OPSR_ANOCA,short_wave,long_wave,False,0.97750264,64.08244402594684
sp|P49912.1|OPSD_RABIT,sp|P22329.1|OPSR_CHICK,short_wave,long_wave,False,0.9774526,66.4215957250783
sp|P49912.1|OPSD_RABIT,sp|P87367.1|OPSR_ORYLA,short_wave,long_wave,False,0.97837573,63.2294783176863
sp|P49912.1|OPSD_RABIT,sp|P32313.1|OPSR_CARAU,short_wave,long_wave,False,0.98049587,62.393823721586024
sp|P49912.1|OPSD_RABIT,sp|O12948.1|OPSR_XENLA,short_wave,long_wave,False,0.98363423,62.246285833856454
sp|P49912.1|OPSD_RABIT,sp|Q9W6A7.1|OPSR1_DANRE,short_wave,long_wave,False,0.97967076,61.97599642353588
sp|P49912.1|OPSD_RABIT,sp|P22332.2|OPSR_PSAFA,short_wave,long_wave,False,0.980409,61.27961759345232
sp|P49912.1|OPSD_RABIT,sp|Q8AYN0.1|OPSR2_DANRE,short_wave,long_wave,False,0.97880137,62.54538852578068
sp|P49912.1|OPSD_RABIT,sp|P35358.1|OPSG_GEKGE,short_wave,long_wave,False,0.97532,60.97509939317849
sp|P49912.1|OPSD_RABIT,sp|P22331.1|OPSG2_PSAFA,short_wave,long_wave,False,0.9827896,61.074800290486564
sp|P49912.1|OPSD_RABIT,sp|P22330.1|OPSG1_PSAFA,short_wave,long_wave,False,0.9837637,60.19244734931009
sp|P49912.1|OPSD_RABIT,sp|O18911.1|OPSG_ODOVI,short_wave,long_wave,False,0.96656895,67.89445122778457
sp|P49912.1|OPSD_RABIT,sp|Q90215.1|OPSD2_ANGAN,short_wave,long_wave,False,0.99580073,44.6343779677113
sp|P49912.1|OPSD_RABIT,sp|P79756.1|OPSD_GAMAF,short_wave,long_wave,False,0.99361265,44.24713080627059
sp|P49912.1|OPSD_RABIT,sp|O42490.1|OPSP_PETMA,short_wave,long_wave,False,0.94185054,42.952820620431574
sp|Q28886.1|OPSD_MACFA,sp|O62795.1|OPSD_PAGGO,short_wave,short_wave,True,0.9993934,45.664739884393065
sp|Q28886.1|OPSD_MACFA,sp|P52202.1|OPSD_ALLMI,short_wave,short_wave,True,0.9976746,45.95549306531966
sp|Q28886.1|OPSD_MACFA,sp|O62794.1|OPSD_PHOVI,short_wave,short_wave,True,0.99940807,45.664739884393065
sp|Q28886.1|OPSD_MACFA,sp|Q769E8.1|OPSD_OTOCR,short_wave,short_wave,True,0.999612,45.3757225433526
sp|Q28886.1|OPSD_MACFA,sp|P02699.1|OPSD_BOVIN,short_wave,short_wave,True,0.9992098,45.3757225433526
sp|Q28886.1|OPSD_MACFA,sp|Q68J47.1|OPSD_LOXAF,short_wave,short_wave,True,0.9989147,45.23121387283237
sp|Q28886.1|OPSD_MACFA,sp|Q95KU1.1|OPSD_FELCA,short_wave,short_wave,True,0.9992832,45.3757225433526
sp|Q28886.1|OPSD_MACFA,sp|O62791.1|OPSD_DELDE,short_wave,short_wave,True,0.99907273,45.23121387283237
sp|Q28886.1|OPSD_MACFA,sp|P32312.1|OPSG2_CARAU,short_wave,short_wave,True,0.99333394,46.678523788350375
sp|Q28886.1|OPSD_MACFA,sp|P15409.2|OPSD_MOUSE,short_wave,short_wave,True,0.99931514,45.08670520231214
sp|Q28886.1|OPSD_MACFA,sp|P22328.1|OPSD_CHICK,short_wave,short_wave,True,0.99702525,46.14615293339888
sp|Q28886.1|OPSD_MACFA,sp|Q6W3E1.1|OPSD_CALPD,short_wave,short_wave,True,0.9991446,45.08670520231214
sp|Q28886.1|OPSD_MACFA,sp|P51471.1|OPSB_ANOCA,short_wave,short_wave,True,0.9932703,46.19685592350494
sp|Q28886.1|OPSD_MACFA,sp|P28681.1|OPSD_CRIGR,short_wave,short_wave,True,0.999529,45.52023121387283
sp|Q28886.1|OPSD_MACFA,sp|P56515.1|OPSD_RHIMB,short_wave,short_wave,True,0.9977143,46.85639396622055
sp|Q28886.1|OPSD_MACFA,sp|O62793.1|OPSD_MESBI,short_wave,short_wave,True,0.9984977,44.95626374750627
sp|Q28886.1|OPSD_MACFA,sp|P79863.1|OPSD_LEUER,short_wave,short_wave,True,0.9969583,45.74303276640403
sp|Q28886.1|OPSD_MACFA,sp|P56514.1|OPSD_BUFBU,short_wave,short_wave,True,0.9966843,46.55609366592026
sp|Q28886.1|OPSD_MACFA,sp|O62798.1|OPSD_TURTR,short_wave,short_wave,True,0.9989568,45.08670520231214
sp|Q28886.1|OPSD_MACFA,sp|Q90214.1|OPSD1_ANGAN,short_wave,short_wave,True,0.9958857,45.78558631646554
sp|Q28886.1|OPSD_MACFA,sp|P22671.1|OPSD_LETCA,short_wave,short_wave,True,0.9961474,46.414459494435334
sp|Q28886.1|OPSD_MACFA,sp|P08100.1|OPSD_HUMAN,short_wave,short_wave,True,0.99976975,45.69372687434992
sp|Q28886.1|OPSD_MACFA,sp|O62792.1|OPSD_GLOME,short_wave,short_wave,True,0.9986146,44.94219653179191
sp|Q28886.1|OPSD_MACFA,sp|P02700.2|OPSD_SHEEP,short_wave,short_wave,True,0.9989031,44.94219653179191
sp|Q28886.1|OPSD_MACFA,sp|O18766.1|OPSD_PIG,short_wave,short_wave,True,0.9990767,45.72393620725677
sp|Q28886.1|OPSD_MACFA,sp|Q9YGZ0.1|OPSD_SARPI,short_wave,short_wave,True,0.9943384,45.44775455758115
sp|Q28886.1|OPSD_MACFA,sp|P29403.1|OPSD_XENLA,short_wave,short_wave,True,0.99680614,47.006544116370705
sp|Q28886.1|OPSD_MACFA,sp|P79807.1|OPSD_MYRVI,short_wave,short_wave,True,0.9937396,45.788344784963826
sp|Q28886.1|OPSD_MACFA,sp|P79898.1|OPSD_SARDI,short_wave,short_wave,True,0.9937228,45.16964804870541
sp|Q28886.1|OPSD_MACFA,sp|P32308.1|OPSD_CANLF,short_wave,short_wave,True,0.9995044,45.52023121387283
sp|Q28886.1|OPSD_MACFA,sp|O42604.1|OPSD_ZEUFA,short_wave,short_wave,True,0.99391985,46.699439428601366
sp|Q28886.1|OPSD_MACFA,sp|P79914.1|OPSD_SARXA,short_wave,short_wave,True,0.99348295,46.343341729030385
sp|Q28886.1|OPSD_MACFA,sp|P79911.1|OPSD_SARTI,short_wave,short_wave,True,0.99454516,45.788344784963826
sp|Q28886.1|OPSD_MACFA,sp|O62796.1|OPSD_TRIMA,short_wave,short_wave,True,0.99930614,45.3757225433526
sp|Q28886.1|OPSD_MACFA,sp|P51474.1|OPSG3_PSAFA,short_wave,short_wave,True,0.99519134,46.52467763450423
sp|Q28886.1|OPSD_MACFA,sp|P79901.1|OPSD_SARMI,short_wave,short_wave,True,0.99423647,44.725861066456886
sp|Q28886.1|OPSD_MACFA,sp|P79798.1|OPSD_MYRBE,short_wave,short_wave,True,0.9919757,45.788344784963826
sp|Q28886.1|OPSD_MACFA,sp|P79902.1|OPSD_SARPU,short_wave,short_wave,True,0.9939308,45.317577042788244
sp|Q28886.1|OPSD_MACFA,sp|P79808.1|OPSD_NEOAR,short_wave,short_wave,True,0.9931569,46.029862105205936
sp|Q28886.1|OPSD_MACFA,sp|P79809.1|OPSD_NEOAU,short_wave,short_wave,True,0.99355674,46.26004289817138
sp|Q28886.1|OPSD_MACFA,sp|P79903.1|OPSD_SARSP,short_wave,short_wave,True,0.9944085,45.4738793761588
sp|Q28886.1|OPSD_MACFA,sp|P51488.1|OPSD_CYPCA,short_wave,short_wave,True,0.99497235,46.35308000136813
sp|Q28886.1|OPSD_MACFA,sp|P79812.1|OPSD_NEOSA,short_wave,short_wave,True,0.99327636,46.18660191711816
sp|Q28886.1|OPSD_MACFA,sp|Q9YGY9.1|OPSD_ZOSOP,short_wave,short_wave,True,0.9941096,45.22673613937963
sp|Q28886.1|OPSD_MACFA,sp|Q9YGZ2.1|OPSD_GOBNI,short_wave,short_wave,True,0.99499273,45.36758120980217
sp|Q28886.1|OPSD_MACFA,sp|P41590.1|OPSD_PSAFA,short_wave,short_wave,True,0.99494123,44.707369942196536
sp|Q28886.1|OPSD_MACFA,sp|P51475.1|OPSP_CHICK,short_wave,short_wave,True,0.96008945,46.09520982135061
sp|Q28886.1|OPSD_MACFA,sp|P32309.1|OPSD_CARAU,short_wave,short_wave,True,0.99402684,45.90929301911961
sp|Q28886.1|OPSD_MACFA,sp|Q9R024.1|OPSG_CAVPO,short_wave,short_wave,True,0.98050004,44.53895676854384
sp|Q28886.1|OPSD_MACFA,sp|P87369.1|OPSD_ORYLA,short_wave,short_wave,True,0.9950323,45.90929301911961
sp|Q28886.1|OPSD_MACFA,sp|P34989.1|OPSL_CALJA,short_wave,short_wave,True,0.9842372,44.26094137076796
sp|Q28886.1|OPSD_MACFA,sp|Q9YH05.1|OPSD_DIPAN,short_wave,short_wave,True,0.99516016,44.46560776454611
sp|Q28886.1|OPSD_MACFA,sp|Q9YGZ8.1|OPSD_CHELB,short_wave,short_wave,True,0.9917625,44.7521407158355
sp|Q28886.1|OPSD_MACFA,sp|Q9YGZ5.1|OPSD_SOLSO,short_wave,short_wave,True,0.99456644,45.531756445264016
sp|Q28886.1|OPSD_MACFA,sp|O35476.2|OPSG_RAT,short_wave,short_wave,True,0.98680496,45.34789789250709
sp|Q28886.1|OPSD_MACFA,sp|Q9DGG4.1|OPSD_TETNG,short_wave,short_wave,True,0.9946182,44.742482301747096
sp|Q28886.1|OPSD_MACFA,sp|Q9YGZ3.1|OPSD_SALPV,short_wave,short_wave,True,0.9944909,44.82116546040382
sp|Q28886.1|OPSD_MACFA,sp|P35359.2|OPSD_DANRE,short_wave,short_wave,True,0.99478567,45.49098021409986
sp|Q28886.1|OPSD_MACFA,sp|P79848.1|OPSD_POERE,short_wave,short_wave,True,0.9942422,45.90929301911961
sp|Q28886.1|OPSD_MACFA,sp|O35599.1|OPSG_MOUSE,short_wave,short_wave,True,0.98559856,45.34789789250709
sp|Q28886.1|OPSD_MACFA,sp|O35478.2|OPSG_SCICA,short_wave,short_wave,True,0.9844148,44.389256169741444
sp|Q28886.1|OPSD_MACFA,sp|Q9YGZ6.1|OPSD_CHEAU,short_wave,short_wave,True,0.992479,44.88293173994934
sp|Q28886.1|OPSD_MACFA,sp|Q98980.1|OPSD_PETMA,short_wave,short_wave,True,0.99447286,46.414459494435334
sp|Q28886.1|OPSD_MACFA,sp|P04000.2|OPSR_HUMAN,short_wave,long_wave,False,0.9801452,72.83236994219654
sp|Q28886.1|OPSD_MACFA,sp|P04001.1|OPSG_HUMAN,short_wave,long_wave,False,0.9797368,71.04665565648224
sp|Q28886.1|OPSD_MACFA,sp|O18913.2|OPSR_FELCA,short_wave,long_wave,False,0.9769866,68.2994029092295
sp|Q28886.1|OPSD_MACFA,sp|O18912.2|OPSR_HORSE,short_wave,long_wave,False,0.9802133,67.61258972241632
sp|Q28886.1|OPSD_MACFA,sp|Q9BGI7.1|OPSR_BOVIN,short_wave,long_wave,False,0.98086053,67.74995235977894
sp|Q28886.1|OPSD_MACFA,sp|Q95170.1|OPSR_CAPHI,short_wave,long_wave,False,0.9807738,67.61258972241632
sp|Q28886.1|OPSD_MACFA,sp|O18914.2|OPSR_CANLF,short_wave,long_wave,False,0.9791367,67.47522708505367
sp|Q28886.1|OPSD_MACFA,sp|O18910.2|OPSG_RABIT,short_wave,long_wave,False,0.98052585,66.65105126087785
sp|Q28886.1|OPSD_MACFA,sp|P41592.1|OPSR_ANOCA,short_wave,long_wave,False,0.98018986,64.07530779530387
sp|Q28886.1|OPSD_MACFA,sp|P22329.1|OPSR_CHICK,short_wave,long_wave,False,0.9799109,66.41445949443533
sp|Q28886.1|OPSD_MACFA,sp|P87367.1|OPSR_ORYLA,short_wave,long_wave,False,0.9812208,63.22234208704333
sp|Q28886.1|OPSD_MACFA,sp|P32313.1|OPSR_CARAU,short_wave,long_wave,False,0.98309547,62.386687490943046
sp|Q28886.1|OPSD_MACFA,sp|O12948.1|OPSR_XENLA,short_wave,long_wave,False,0.98552406,62.23914960321348
sp|Q28886.1|OPSD_MACFA,sp|Q9W6A7.1|OPSR1_DANRE,short_wave,long_wave,False,0.9822016,61.968860192892905
sp|Q28886.1|OPSD_MACFA,sp|P22332.2|OPSR_PSAFA,short_wave,long_wave,False,0.9830103,61.272481362809344
sp|Q28886.1|OPSD_MACFA,sp|Q8AYN0.1|OPSR2_DANRE,short_wave,long_wave,False,0.9818942,62.53825229513771
sp|Q28886.1|OPSD_MACFA,sp|P35358.1|OPSG_GEKGE,short_wave,long_wave,False,0.978727,60.96796316253551
sp|Q28886.1|OPSD_MACFA,sp|P22331.1|OPSG2_PSAFA,short_wave,long_wave,False,0.98444766,61.067664059843594
sp|Q28886.1|OPSD_MACFA,sp|P22330.1|OPSG1_PSAFA,short_wave,long_wave,False,0.9856375,60.185311118667116
sp|Q28886.1|OPSD_MACFA,sp|O18911.1|OPSG_ODOVI,short_wave,long_wave,False,0.9687718,67.88731499714159
sp|Q28886.1|OPSD_MACFA,sp|Q90215.1|OPSD2_ANGAN,short_wave,long_wave,False,0.99540365,44.62724173706833
sp|Q28886.1|OPSD_MACFA,sp|P79756.1|OPSD_GAMAF,short_wave,long_wave,False,0.99411213,44.23999457562762
sp|Q28886.1|OPSD_MACFA,sp|O42490.1|OPSP_PETMA,short_wave,long_wave,False,0.94436276,42.945684389788596
sp|O62795.1|OPSD_PAGGO,sp|P52202.1|OPSD_ALLMI,short_wave,short_wave,True,0.99828416,45.95549306531966
sp|O62795.1|OPSD_PAGGO,sp|O62794.1|OPSD_PHOVI,short_wave,short_wave,True,0.99983054,45.664739884393065
sp|O62795.1|OPSD_PAGGO,sp|Q769E8.1|OPSD_OTOCR,short_wave,short_wave,True,0.9994596,45.3757225433526
sp|O62795.1|OPSD_PAGGO,sp|P02699.1|OPSD_BOVIN,short_wave,short_wave,True,0.99935675,45.3757225433526
sp|O62795.1|OPSD_PAGGO,sp|Q68J47.1|OPSD_LOXAF,short_wave,short_wave,True,0.9992788,45.23121387283237
sp|O62795.1|OPSD_PAGGO,sp|Q95KU1.1|OPSD_FELCA,short_wave,short_wave,True,0.9994173,45.3757225433526
sp|O62795.1|OPSD_PAGGO,sp|O62791.1|OPSD_DELDE,short_wave,short_wave,True,0.99925333,45.23121387283237
sp|O62795.1|OPSD_PAGGO,sp|P32312.1|OPSG2_CARAU,short_wave,short_wave,True,0.99360156,46.678523788350375
sp|O62795.1|OPSD_PAGGO,sp|P15409.2|OPSD_MOUSE,short_wave,short_wave,True,0.9987012,45.08670520231214
sp|O62795.1|OPSD_PAGGO,sp|P22328.1|OPSD_CHICK,short_wave,short_wave,True,0.9979229,46.14615293339888
sp|O62795.1|OPSD_PAGGO,sp|Q6W3E1.1|OPSD_CALPD,short_wave,short_wave,True,0.9993771,45.08670520231214
sp|O62795.1|OPSD_PAGGO,sp|P51471.1|OPSB_ANOCA,short_wave,short_wave,True,0.9940254,46.19685592350494
sp|O62795.1|OPSD_PAGGO,sp|P28681.1|OPSD_CRIGR,short_wave,short_wave,True,0.9991931,45.52023121387283
sp|O62795.1|OPSD_PAGGO,sp|P56515.1|OPSD_RHIMB,short_wave,short_wave,True,0.99797726,46.85639396622055
sp|O62795.1|OPSD_PAGGO,sp|O62793.1|OPSD_MESBI,short_wave,short_wave,True,0.99859744,44.95626374750627
sp|O62795.1|OPSD_PAGGO,sp|P79863.1|OPSD_LEUER,short_wave,short_wave,True,0.9974556,45.74303276640403
sp|O62795.1|OPSD_PAGGO,sp|P56514.1|OPSD_BUFBU,short_wave,short_wave,True,0.9970463,46.55609366592026
sp|O62795.1|OPSD_PAGGO,sp|O62798.1|OPSD_TURTR,short_wave,short_wave,True,0.99901307,45.08670520231214
sp|O62795.1|OPSD_PAGGO,sp|Q90214.1|OPSD1_ANGAN,short_wave,short_wave,True,0.9962575,45.78558631646554
sp|O62795.1|OPSD_PAGGO,sp|P22671.1|OPSD_LETCA,short_wave,short_wave,True,0.99689066,46.414459494435334
sp|O62795.1|OPSD_PAGGO,sp|P08100.1|OPSD_HUMAN,short_wave,short_wave,True,0.9995521,45.69372687434992
sp|O62795.1|OPSD_PAGGO,sp|O62792.1|OPSD_GLOME,short_wave,short_wave,True,0.9989243,44.94219653179191
sp|O62795.1|OPSD_PAGGO,sp|P02700.2|OPSD_SHEEP,short_wave,short_wave,True,0.999154,44.94219653179191
sp|O62795.1|OPSD_PAGGO,sp|O18766.1|OPSD_PIG,short_wave,short_wave,True,0.99929434,45.72393620725677
sp|O62795.1|OPSD_PAGGO,sp|Q9YGZ0.1|OPSD_SARPI,short_wave,short_wave,True,0.9947249,45.44775455758115
sp|O62795.1|OPSD_PAGGO,sp|P29403.1|OPSD_XENLA,short_wave,short_wave,True,0.99796563,47.006544116370705
sp|O62795.1|OPSD_PAGGO,sp|P79807.1|OPSD_MYRVI,short_wave,short_wave,True,0.994711,45.788344784963826
sp|O62795.1|OPSD_PAGGO,sp|P79898.1|OPSD_SARDI,short_wave,short_wave,True,0.99490315,45.16964804870541
sp|O62795.1|OPSD_PAGGO,sp|P32308.1|OPSD_CANLF,short_wave,short_wave,True,0.99947554,45.52023121387283
sp|O62795.1|OPSD_PAGGO,sp|O42604.1|OPSD_ZEUFA,short_wave,short_wave,True,0.9947571,46.699439428601366
sp|O62795.1|OPSD_PAGGO,sp|P79914.1|OPSD_SARXA,short_wave,short_wave,True,0.99475634,46.343341729030385
sp|O62795.1|OPSD_PAGGO,sp|P79911.1|OPSD_SARTI,short_wave,short_wave,True,0.99586225,45.788344784963826
sp|O62795.1|OPSD_PAGGO,sp|O62796.1|OPSD_TRIMA,short_wave,short_wave,True,0.9993985,45.3757225433526
sp|O62795.1|OPSD_PAGGO,sp|P51474.1|OPSG3_PSAFA,short_wave,short_wave,True,0.995095,46.52467763450423
sp|O62795.1|OPSD_PAGGO,sp|P79901.1|OPSD_SARMI,short_wave,short_wave,True,0.9950973,44.725861066456886
sp|O62795.1|OPSD_PAGGO,sp|P79798.1|OPSD_MYRBE,short_wave,short_wave,True,0.9932679,45.788344784963826
sp|O62795.1|OPSD_PAGGO,sp|P79902.1|OPSD_SARPU,short_wave,short_wave,True,0.99501085,45.317577042788244
sp|O62795.1|OPSD_PAGGO,sp|P79808.1|OPSD_NEOAR,short_wave,short_wave,True,0.99443215,46.029862105205936
sp|O62795.1|OPSD_PAGGO,sp|P79809.1|OPSD_NEOAU,short_wave,short_wave,True,0.9946783,46.26004289817138
sp|O62795.1|OPSD_PAGGO,sp|P79903.1|OPSD_SARSP,short_wave,short_wave,True,0.9957246,45.4738793761588
sp|O62795.1|OPSD_PAGGO,sp|P51488.1|OPSD_CYPCA,short_wave,short_wave,True,0.99571514,46.35308000136813
sp|O62795.1|OPSD_PAGGO,sp|P79812.1|OPSD_NEOSA,short_wave,short_wave,True,0.9944867,46.18660191711816
sp|O62795.1|OPSD_PAGGO,sp|Q9YGY9.1|OPSD_ZOSOP,short_wave,short_wave,True,0.99470943,45.22673613937963
sp|O62795.1|OPSD_PAGGO,sp|Q9YGZ2.1|OPSD_GOBNI,short_wave,short_wave,True,0.9953309,45.36758120980217
sp|O62795.1|OPSD_PAGGO,sp|P41590.1|OPSD_PSAFA,short_wave,short_wave,True,0.99515116,44.707369942196536
sp|O62795.1|OPSD_PAGGO,sp|P51475.1|OPSP_CHICK,short_wave,short_wave,True,0.9613322,46.09520982135061
sp|O62795.1|OPSD_PAGGO,sp|P32309.1|OPSD_CARAU,short_wave,short_wave,True,0.99474585,45.90929301911961
sp|O62795.1|OPSD_PAGGO,sp|Q9R024.1|OPSG_CAVPO,short_wave,short_wave,True,0.98175985,44.53895676854384
sp|O62795.1|OPSD_PAGGO,sp|P87369.1|OPSD_ORYLA,short_wave,short_wave,True,0.9952688,45.90929301911961
sp|O62795.1|OPSD_PAGGO,sp|P34989.1|OPSL_CALJA,short_wave,short_wave,True,0.98562014,44.26094137076796
sp|O62795.1|OPSD_PAGGO,sp|Q9YH05.1|OPSD_DIPAN,short_wave,short_wave,True,0.9958605,44.46560776454611
sp|O62795.1|OPSD_PAGGO,sp|Q9YGZ8.1|OPSD_CHELB,short_wave,short_wave,True,0.9924356,44.7521407158355
sp|O62795.1|OPSD_PAGGO,sp|Q9YGZ5.1|OPSD_SOLSO,short_wave,short_wave,True,0.99510944,45.531756445264016
sp|O62795.1|OPSD_PAGGO,sp|O35476.2|OPSG_RAT,short_wave,short_wave,True,0.98782265,45.34789789250709
sp|O62795.1|OPSD_PAGGO,sp|Q9DGG4.1|OPSD_TETNG,short_wave,short_wave,True,0.9953316,44.742482301747096
sp|O62795.1|OPSD_PAGGO,sp|Q9YGZ3.1|OPSD_SALPV,short_wave,short_wave,True,0.994918,44.82116546040382
sp|O62795.1|OPSD_PAGGO,sp|P35359.2|OPSD_DANRE,short_wave,short_wave,True,0.99532896,45.49098021409986
sp|O62795.1|OPSD_PAGGO,sp|P79848.1|OPSD_POERE,short_wave,short_wave,True,0.99488986,45.90929301911961
sp|O62795.1|OPSD_PAGGO,sp|O35599.1|OPSG_MOUSE,short_wave,short_wave,True,0.9869705,45.34789789250709
sp|O62795.1|OPSD_PAGGO,sp|O35478.2|OPSG_SCICA,short_wave,short_wave,True,0.9857875,44.389256169741444
sp|O62795.1|OPSD_PAGGO,sp|Q9YGZ6.1|OPSD_CHEAU,short_wave,short_wave,True,0.9932215,44.88293173994934
sp|O62795.1|OPSD_PAGGO,sp|Q98980.1|OPSD_PETMA,short_wave,short_wave,True,0.99590653,46.414459494435334
sp|O62795.1|OPSD_PAGGO,sp|P04000.2|OPSR_HUMAN,short_wave,long_wave,False,0.9820719,72.83236994219654
sp|O62795.1|OPSD_PAGGO,sp|P04001.1|OPSG_HUMAN,short_wave,long_wave,False,0.98163897,71.04665565648224
sp|O62795.1|OPSD_PAGGO,sp|O18913.2|OPSR_FELCA,short_wave,long_wave,False,0.9787343,68.2994029092295
sp|O62795.1|OPSD_PAGGO,sp|O18912.2|OPSR_HORSE,short_wave,long_wave,False,0.98197126,67.61258972241632
sp|O62795.1|OPSD_PAGGO,sp|Q9BGI7.1|OPSR_BOVIN,short_wave,long_wave,False,0.98250985,67.74995235977894
sp|O62795.1|OPSD_PAGGO,sp|Q95170.1|OPSR_CAPHI,short_wave,long_wave,False,0.9825195,67.61258972241632
sp|O62795.1|OPSD_PAGGO,sp|O18914.2|OPSR_CANLF,short_wave,long_wave,False,0.9806322,67.47522708505367
sp|O62795.1|OPSD_PAGGO,sp|O18910.2|OPSG_RABIT,short_wave,long_wave,False,0.98232204,66.65105126087785
sp|O62795.1|OPSD_PAGGO,sp|P41592.1|OPSR_ANOCA,short_wave,long_wave,False,0.9812248,64.07530779530387
sp|O62795.1|OPSD_PAGGO,sp|P22329.1|OPSR_CHICK,short_wave,long_wave,False,0.9815544,66.41445949443533
sp|O62795.1|OPSD_PAGGO,sp|P87367.1|OPSR_ORYLA,short_wave,long_wave,False,0.98233545,63.22234208704333
sp|O62795.1|OPSD_PAGGO,sp|P32313.1|OPSR_CARAU,short_wave,long_wave,False,0.9839796,62.386687490943046
sp|O62795.1|OPSD_PAGGO,sp|O12948.1|OPSR_XENLA,short_wave,long_wave,False,0.98562276,62.23914960321348
sp|O62795.1|OPSD_PAGGO,sp|Q9W6A7.1|OPSR1_DANRE,short_wave,long_wave,False,0.9834514,61.968860192892905
sp|O62795.1|OPSD_PAGGO,sp|P22332.2|OPSR_PSAFA,short_wave,long_wave,False,0.984123,61.272481362809344
sp|O62795.1|OPSD_PAGGO,sp|Q8AYN0.1|OPSR2_DANRE,short_wave,long_wave,False,0.982517,62.53825229513771
sp|O62795.1|OPSD_PAGGO,sp|P35358.1|OPSG_GEKGE,short_wave,long_wave,False,0.97940296,60.96796316253551
sp|O62795.1|OPSD_PAGGO,sp|P22331.1|OPSG2_PSAFA,short_wave,long_wave,False,0.9852876,61.067664059843594
sp|O62795.1|OPSD_PAGGO,sp|P22330.1|OPSG1_PSAFA,short_wave,long_wave,False,0.9862809,60.185311118667116
sp|O62795.1|OPSD_PAGGO,sp|O18911.1|OPSG_ODOVI,short_wave,long_wave,False,0.9687004,67.88731499714159
sp|O62795.1|OPSD_PAGGO,sp|Q90215.1|OPSD2_ANGAN,short_wave,long_wave,False,0.9957082,44.62724173706833
sp|O62795.1|OPSD_PAGGO,sp|P79756.1|OPSD_GAMAF,short_wave,long_wave,False,0.99466604,44.23999457562762
sp|O62795.1|OPSD_PAGGO,sp|O42490.1|OPSP_PETMA,short_wave,long_wave,False,0.94634044,42.945684389788596
sp|P52202.1|OPSD_ALLMI,sp|O62794.1|OPSD_PHOVI,short_wave,short_wave,True,0.9985259,45.95549306531966
sp|P52202.1|OPSD_ALLMI,sp|Q769E8.1|OPSD_OTOCR,short_wave,short_wave,True,0.99737144,45.666475724279195
sp|P52202.1|OPSD_ALLMI,sp|P02699.1|OPSD_BOVIN,short_wave,short_wave,True,0.9977176,45.666475724279195
sp|P52202.1|OPSD_ALLMI,sp|Q68J47.1|OPSD_LOXAF,short_wave,short_wave,True,0.9985295,45.52196705375896
sp|P52202.1|OPSD_ALLMI,sp|Q95KU1.1|OPSD_FELCA,short_wave,short_wave,True,0.9984226,45.666475724279195
sp|P52202.1|OPSD_ALLMI,sp|O62791.1|OPSD_DELDE,short_wave,short_wave,True,0.99811745,45.52196705375896
sp|P52202.1|OPSD_ALLMI,sp|P32312.1|OPSG2_CARAU,short_wave,short_wave,True,0.99351895,46.96927696927697
sp|P52202.1|OPSD_ALLMI,sp|P15409.2|OPSD_MOUSE,short_wave,short_wave,True,0.99724066,45.37745838323873
sp|P52202.1|OPSD_ALLMI,sp|P22328.1|OPSD_CHICK,short_wave,short_wave,True,0.9989642,46.43690611432547
sp|P52202.1|OPSD_ALLMI,sp|Q6W3E1.1|OPSD_CALPD,short_wave,short_wave,True,0.9976262,45.37745838323873
sp|P52202.1|OPSD_ALLMI,sp|P51471.1|OPSB_ANOCA,short_wave,short_wave,True,0.9965017,46.487609104431534
sp|P52202.1|OPSD_ALLMI,sp|P28681.1|OPSD_CRIGR,short_wave,short_wave,True,0.99764204,45.81098439479942
sp|P52202.1|OPSD_ALLMI,sp|P56515.1|OPSD_RHIMB,short_wave,short_wave,True,0.9984948,47.147147147147145
sp|P52202.1|OPSD_ALLMI,sp|O62793.1|OPSD_MESBI,short_wave,short_wave,True,0.99710774,45.247016928432856
sp|P52202.1|OPSD_ALLMI,sp|P79863.1|OPSD_LEUER,short_wave,short_wave,True,0.9986647,46.033785947330614
sp|P52202.1|OPSD_ALLMI,sp|P56514.1|OPSD_BUFBU,short_wave,short_wave,True,0.99828774,46.846846846846844
sp|P52202.1|OPSD_ALLMI,sp|O62798.1|OPSD_TURTR,short_wave,short_wave,True,0.9977997,45.37745838323873
sp|P52202.1|OPSD_ALLMI,sp|Q90214.1|OPSD1_ANGAN,short_wave,short_wave,True,0.9972733,46.07633949739213
sp|P52202.1|OPSD_ALLMI,sp|P22671.1|OPSD_LETCA,short_wave,short_wave,True,0.9972545,46.70521267536193
sp|P52202.1|OPSD_ALLMI,sp|P08100.1|OPSD_HUMAN,short_wave,short_wave,True,0.99779797,45.984480055276514
sp|P52202.1|OPSD_ALLMI,sp|O62792.1|OPSD_GLOME,short_wave,short_wave,True,0.99772775,45.232949712718494
sp|P52202.1|OPSD_ALLMI,sp|P02700.2|OPSD_SHEEP,short_wave,short_wave,True,0.99790823,45.232949712718494
sp|P52202.1|OPSD_ALLMI,sp|O18766.1|OPSD_PIG,short_wave,short_wave,True,0.997884,46.01468938818336
sp|P52202.1|OPSD_ALLMI,sp|Q9YGZ0.1|OPSD_SARPI,short_wave,short_wave,True,0.9957136,45.738507738507735
sp|P52202.1|OPSD_ALLMI,sp|P29403.1|OPSD_XENLA,short_wave,short_wave,True,0.99795413,47.29729729729729
sp|P52202.1|OPSD_ALLMI,sp|P79807.1|OPSD_MYRVI,short_wave,short_wave,True,0.9949298,46.07909796589042
sp|P52202.1|OPSD_ALLMI,sp|P79898.1|OPSD_SARDI,short_wave,short_wave,True,0.99498385,45.460401229632
sp|P52202.1|OPSD_ALLMI,sp|P32308.1|OPSD_CANLF,short_wave,short_wave,True,0.9982666,45.81098439479942
sp|P52202.1|OPSD_ALLMI,sp|O42604.1|OPSD_ZEUFA,short_wave,short_wave,True,0.99513733,46.99019260952795
sp|P52202.1|OPSD_ALLMI,sp|P79914.1|OPSD_SARXA,short_wave,short_wave,True,0.9944445,46.63409490995698
sp|P52202.1|OPSD_ALLMI,sp|P79911.1|OPSD_SARTI,short_wave,short_wave,True,0.9959772,46.07909796589042
sp|P52202.1|OPSD_ALLMI,sp|O62796.1|OPSD_TRIMA,short_wave,short_wave,True,0.99819714,45.666475724279195
sp|P52202.1|OPSD_ALLMI,sp|P51474.1|OPSG3_PSAFA,short_wave,short_wave,True,0.9950051,46.815430815430815
sp|P52202.1|OPSD_ALLMI,sp|P79901.1|OPSD_SARMI,short_wave,short_wave,True,0.9947436,45.01661424738348
sp|P52202.1|OPSD_ALLMI,sp|P79798.1|OPSD_MYRBE,short_wave,short_wave,True,0.99364823,46.07909796589042
sp|P52202.1|OPSD_ALLMI,sp|P79902.1|OPSD_SARPU,short_wave,short_wave,True,0.99540657,45.60833022371484
sp|P52202.1|OPSD_ALLMI,sp|P79808.1|OPSD_NEOAR,short_wave,short_wave,True,0.99490726,46.32061528613252
sp|P52202.1|OPSD_ALLMI,sp|P79809.1|OPSD_NEOAU,short_wave,short_wave,True,0.9956721,46.550796079097964
sp|P52202.1|OPSD_ALLMI,sp|P79903.1|OPSD_SARSP,short_wave,short_wave,True,0.9959544,45.76463255708539
sp|P52202.1|OPSD_ALLMI,sp|P51488.1|OPSD_CYPCA,short_wave,short_wave,True,0.9962878,46.64383318229472
sp|P52202.1|OPSD_ALLMI,sp|P79812.1|OPSD_NEOSA,short_wave,short_wave,True,0.9949832,46.477355098044754
sp|P52202.1|OPSD_ALLMI,sp|Q9YGY9.1|OPSD_ZOSOP,short_wave,short_wave,True,0.99531937,45.517489320306225
sp|P52202.1|OPSD_ALLMI,sp|Q9YGZ2.1|OPSD_GOBNI,short_wave,short_wave,True,0.99582005,45.658334390728754
sp|P52202.1|OPSD_ALLMI,sp|P41590.1|OPSD_PSAFA,short_wave,short_wave,True,0.99570537,44.99812312312312
sp|P52202.1|OPSD_ALLMI,sp|P51475.1|OPSP_CHICK,short_wave,short_wave,True,0.9620195,46.3859630022772
sp|P52202.1|OPSD_ALLMI,sp|P32309.1|OPSD_CARAU,short_wave,short_wave,True,0.9951451,46.2000462000462
sp|P52202.1|OPSD_ALLMI,sp|Q9R024.1|OPSG_CAVPO,short_wave,short_wave,True,0.9813894,44.82970994947043
sp|P52202.1|OPSD_ALLMI,sp|P87369.1|OPSD_ORYLA,short_wave,short_wave,True,0.9958091,46.2000462000462
sp|P52202.1|OPSD_ALLMI,sp|P34989.1|OPSL_CALJA,short_wave,short_wave,True,0.98498803,44.55169455169455
sp|P52202.1|OPSD_ALLMI,sp|Q9YH05.1|OPSD_DIPAN,short_wave,short_wave,True,0.9958708,44.75636094547269
sp|P52202.1|OPSD_ALLMI,sp|Q9YGZ8.1|OPSD_CHELB,short_wave,short_wave,True,0.99293584,45.042893896762095
sp|P52202.1|OPSD_ALLMI,sp|Q9YGZ5.1|OPSD_SOLSO,short_wave,short_wave,True,0.9951559,45.82250962619061
sp|P52202.1|OPSD_ALLMI,sp|O35476.2|OPSG_RAT,short_wave,short_wave,True,0.9875697,45.63865107343368
sp|P52202.1|OPSD_ALLMI,sp|Q9DGG4.1|OPSD_TETNG,short_wave,short_wave,True,0.9946859,45.03323548267369
sp|P52202.1|OPSD_ALLMI,sp|Q9YGZ3.1|OPSD_SALPV,short_wave,short_wave,True,0.99498844,45.111918641330405
sp|P52202.1|OPSD_ALLMI,sp|P35359.2|OPSD_DANRE,short_wave,short_wave,True,0.9956072,45.78173339502645
sp|P52202.1|OPSD_ALLMI,sp|P79848.1|OPSD_POERE,short_wave,short_wave,True,0.99558306,46.2000462000462
sp|P52202.1|OPSD_ALLMI,sp|O35599.1|OPSG_MOUSE,short_wave,short_wave,True,0.98684967,45.63865107343368
sp|P52202.1|OPSD_ALLMI,sp|O35478.2|OPSG_SCICA,short_wave,short_wave,True,0.98488647,44.68000935066803
sp|P52202.1|OPSD_ALLMI,sp|Q9YGZ6.1|OPSD_CHEAU,short_wave,short_wave,True,0.9934428,45.17368492087593
sp|P52202.1|OPSD_ALLMI,sp|Q98980.1|OPSD_PETMA,short_wave,short_wave,True,0.9969807,46.70521267536193
sp|P52202.1|OPSD_ALLMI,sp|P04000.2|OPSR_HUMAN,short_wave,long_wave,False,0.9818715,73.12312312312312
sp|P52202.1|OPSD_ALLMI,sp|P04001.1|OPSG_HUMAN,short_wave,long_wave,False,0.9815134,71.33740883740884
sp|P52202.1|OPSD_ALLMI,sp|O18913.2|OPSR_FELCA,short_wave,long_wave,False,0.97718257,68.59015609015609
sp|P52202.1|OPSD_ALLMI,sp|O18912.2|OPSR_HORSE,short_wave,long_wave,False,0.98079515,67.9033429033429
sp|P52202.1|OPSD_ALLMI,sp|Q9BGI7.1|OPSR_BOVIN,short_wave,long_wave,False,0.9813584,68.04070554070555
sp|P52202.1|OPSD_ALLMI,sp|Q95170.1|OPSR_CAPHI,short_wave,long_wave,False,0.9815551,67.9033429033429
sp|P52202.1|OPSD_ALLMI,sp|O18914.2|OPSR_CANLF,short_wave,long_wave,False,0.97940725,67.76598026598026
sp|P52202.1|OPSD_ALLMI,sp|O18910.2|OPSG_RABIT,short_wave,long_wave,False,0.9821714,66.94180444180444
sp|P52202.1|OPSD_ALLMI,sp|P41592.1|OPSR_ANOCA,short_wave,long_wave,False,0.98157173,64.36606097623047
sp|P52202.1|OPSD_ALLMI,sp|P22329.1|OPSR_CHICK,short_wave,long_wave,False,0.9817095,66.70521267536193
sp|P52202.1|OPSD_ALLMI,sp|P87367.1|OPSR_ORYLA,short_wave,long_wave,False,0.9812233,63.513095267969916
sp|P52202.1|OPSD_ALLMI,sp|P32313.1|OPSR_CARAU,short_wave,long_wave,False,0.98272634,62.67744067186964
sp|P52202.1|OPSD_ALLMI,sp|O12948.1|OPSR_XENLA,short_wave,long_wave,False,0.9857158,62.52990278414007
sp|P52202.1|OPSD_ALLMI,sp|Q9W6A7.1|OPSR1_DANRE,short_wave,long_wave,False,0.9816973,62.2596133738195
sp|P52202.1|OPSD_ALLMI,sp|P22332.2|OPSR_PSAFA,short_wave,long_wave,False,0.983045,61.56323454373594
sp|P52202.1|OPSD_ALLMI,sp|Q8AYN0.1|OPSR2_DANRE,short_wave,long_wave,False,0.9804257,62.829005476064296
sp|P52202.1|OPSD_ALLMI,sp|P35358.1|OPSG_GEKGE,short_wave,long_wave,False,0.9794179,61.258716343462105
sp|P52202.1|OPSD_ALLMI,sp|P22331.1|OPSG2_PSAFA,short_wave,long_wave,False,0.98424804,61.35841724077018
sp|P52202.1|OPSD_ALLMI,sp|P22330.1|OPSG1_PSAFA,short_wave,long_wave,False,0.9848024,60.47606429959371
sp|P52202.1|OPSD_ALLMI,sp|O18911.1|OPSG_ODOVI,short_wave,long_wave,False,0.96414053,68.17806817806817
sp|P52202.1|OPSD_ALLMI,sp|Q90215.1|OPSD2_ANGAN,short_wave,long_wave,False,0.9961578,44.91799491799492
sp|P52202.1|OPSD_ALLMI,sp|P79756.1|OPSD_GAMAF,short_wave,long_wave,False,0.99551505,44.530747756554206
sp|P52202.1|OPSD_ALLMI,sp|O42490.1|OPSP_PETMA,short_wave,long_wave,False,0.94556856,43.23643757071519
sp|O62794.1|OPSD_PHOVI,sp|Q769E8.1|OPSD_OTOCR,short_wave,short_wave,True,0.9993076,45.3757225433526
sp|O62794.1|OPSD_PHOVI,sp|P02699.1|OPSD_BOVIN,short_wave,short_wave,True,0.99938315,45.3757225433526
sp|O62794.1|OPSD_PHOVI,sp|Q68J47.1|OPSD_LOXAF,short_wave,short_wave,True,0.99940133,45.23121387283237
sp|O62794.1|OPSD_PHOVI,sp|Q95KU1.1|OPSD_FELCA,short_wave,short_wave,True,0.9995907,45.3757225433526
sp|O62794.1|OPSD_PHOVI,sp|O62791.1|OPSD_DELDE,short_wave,short_wave,True,0.99924386,45.23121387283237
sp|O62794.1|OPSD_PHOVI,sp|P32312.1|OPSG2_CARAU,short_wave,short_wave,True,0.9936594,46.678523788350375
sp|O62794.1|OPSD_PHOVI,sp|P15409.2|OPSD_MOUSE,short_wave,short_wave,True,0.9988956,45.08670520231214
sp|O62794.1|OPSD_PHOVI,sp|P22328.1|OPSD_CHICK,short_wave,short_wave,True,0.99805975,46.14615293339888
sp|O62794.1|OPSD_PHOVI,sp|Q6W3E1.1|OPSD_CALPD,short_wave,short_wave,True,0.99933475,45.08670520231214
sp|O62794.1|OPSD_PHOVI,sp|P51471.1|OPSB_ANOCA,short_wave,short_wave,True,0.9945703,46.19685592350494
sp|O62794.1|OPSD_PHOVI,sp|P28681.1|OPSD_CRIGR,short_wave,short_wave,True,0.9992553,45.52023121387283
sp|O62794.1|OPSD_PHOVI,sp|P56515.1|OPSD_RHIMB,short_wave,short_wave,True,0.99816155,46.85639396622055
sp|O62794.1|OPSD_PHOVI,sp|O62793.1|OPSD_MESBI,short_wave,short_wave,True,0.998471,44.95626374750627
sp|O62794.1|OPSD_PHOVI,sp|P79863.1|OPSD_LEUER,short_wave,short_wave,True,0.9979221,45.74303276640403
sp|O62794.1|OPSD_PHOVI,sp|P56514.1|OPSD_BUFBU,short_wave,short_wave,True,0.9973053,46.55609366592026
sp|O62794.1|OPSD_PHOVI,sp|O62798.1|OPSD_TURTR,short_wave,short_wave,True,0.99900687,45.08670520231214
sp|O62794.1|OPSD_PHOVI,sp|Q90214.1|OPSD1_ANGAN,short_wave,short_wave,True,0.996318,45.78558631646554
sp|O62794.1|OPSD_PHOVI,sp|P22671.1|OPSD_LETCA,short_wave,short_wave,True,0.9969291,46.414459494435334
sp|O62794.1|OPSD_PHOVI,sp|P08100.1|OPSD_HUMAN,short_wave,short_wave,True,0.9994726,45.69372687434992
sp|O62794.1|OPSD_PHOVI,sp|O62792.1|OPSD_GLOME,short_wave,short_wave,True,0.99885625,44.94219653179191
sp|O62794.1|OPSD_PHOVI,sp|P02700.2|OPSD_SHEEP,short_wave,short_wave,True,0.99936134,44.94219653179191
sp|O62794.1|OPSD_PHOVI,sp|O18766.1|OPSD_PIG,short_wave,short_wave,True,0.99932694,45.72393620725677
sp|O62794.1|OPSD_PHOVI,sp|Q9YGZ0.1|OPSD_SARPI,short_wave,short_wave,True,0.9946619,45.44775455758115
sp|O62794.1|OPSD_PHOVI,sp|P29403.1|OPSD_XENLA,short_wave,short_wave,True,0.9977187,47.006544116370705
sp|O62794.1|OPSD_PHOVI,sp|P79807.1|OPSD_MYRVI,short_wave,short_wave,True,0.99420273,45.788344784963826
sp|O62794.1|OPSD_PHOVI,sp|P79898.1|OPSD_SARDI,short_wave,short_wave,True,0.9946414,45.16964804870541
sp|O62794.1|OPSD_PHOVI,sp|P32308.1|OPSD_CANLF,short_wave,short_wave,True,0.9996529,45.52023121387283
sp|O62794.1|OPSD_PHOVI,sp|O42604.1|OPSD_ZEUFA,short_wave,short_wave,True,0.9944372,46.699439428601366
sp|O62794.1|OPSD_PHOVI,sp|P79914.1|OPSD_SARXA,short_wave,short_wave,True,0.9943106,46.343341729030385
sp|O62794.1|OPSD_PHOVI,sp|P79911.1|OPSD_SARTI,short_wave,short_wave,True,0.99554527,45.788344784963826
sp|O62794.1|OPSD_PHOVI,sp|O62796.1|OPSD_TRIMA,short_wave,short_wave,True,0.99952435,45.3757225433526
sp|O62794.1|OPSD_PHOVI,sp|P51474.1|OPSG3_PSAFA,short_wave,short_wave,True,0.99546874,46.52467763450423
sp|O62794.1|OPSD_PHOVI,sp|P79901.1|OPSD_SARMI,short_wave,short_wave,True,0.9947168,44.725861066456886
sp|O62794.1|OPSD_PHOVI,sp|P79798.1|OPSD_MYRBE,short_wave,short_wave,True,0.992834,45.788344784963826
sp|O62794.1|OPSD_PHOVI,sp|P79902.1|OPSD_SARPU,short_wave,short_wave,True,0.9948945,45.317577042788244
sp|O62794.1|OPSD_PHOVI,sp|P79808.1|OPSD_NEOAR,short_wave,short_wave,True,0.9940452,46.029862105205936
sp|O62794.1|OPSD_PHOVI,sp|P79809.1|OPSD_NEOAU,short_wave,short_wave,True,0.9946794,46.26004289817138
sp|O62794.1|OPSD_PHOVI,sp|P79903.1|OPSD_SARSP,short_wave,short_wave,True,0.9953376,45.4738793761588
sp|O62794.1|OPSD_PHOVI,sp|P51488.1|OPSD_CYPCA,short_wave,short_wave,True,0.99549955,46.35308000136813
sp|O62794.1|OPSD_PHOVI,sp|P79812.1|OPSD_NEOSA,short_wave,short_wave,True,0.9941315,46.18660191711816
sp|O62794.1|OPSD_PHOVI,sp|Q9YGY9.1|OPSD_ZOSOP,short_wave,short_wave,True,0.99448824,45.22673613937963
sp|O62794.1|OPSD_PHOVI,sp|Q9YGZ2.1|OPSD_GOBNI,short_wave,short_wave,True,0.995163,45.36758120980217
sp|O62794.1|OPSD_PHOVI,sp|P41590.1|OPSD_PSAFA,short_wave,short_wave,True,0.99473614,44.707369942196536
sp|O62794.1|OPSD_PHOVI,sp|P51475.1|OPSP_CHICK,short_wave,short_wave,True,0.96119547,46.09520982135061
sp|O62794.1|OPSD_PHOVI,sp|P32309.1|OPSD_CARAU,short_wave,short_wave,True,0.9943697,45.90929301911961
sp|O62794.1|OPSD_PHOVI,sp|Q9R024.1|OPSG_CAVPO,short_wave,short_wave,True,0.981146,44.53895676854384
sp|O62794.1|OPSD_PHOVI,sp|P87369.1|OPSD_ORYLA,short_wave,short_wave,True,0.995039,45.90929301911961
sp|O62794.1|OPSD_PHOVI,sp|P34989.1|OPSL_CALJA,short_wave,short_wave,True,0.98526186,44.26094137076796
sp|O62794.1|OPSD_PHOVI,sp|Q9YH05.1|OPSD_DIPAN,short_wave,short_wave,True,0.9954941,44.46560776454611
sp|O62794.1|OPSD_PHOVI,sp|Q9YGZ8.1|OPSD_CHELB,short_wave,short_wave,True,0.9919989,44.7521407158355
sp|O62794.1|OPSD_PHOVI,sp|Q9YGZ5.1|OPSD_SOLSO,short_wave,short_wave,True,0.99459666,45.531756445264016
sp|O62794.1|OPSD_PHOVI,sp|O35476.2|OPSG_RAT,short_wave,short_wave,True,0.98740244,45.34789789250709
sp|O62794.1|OPSD_PHOVI,sp|Q9DGG4.1|OPSD_TETNG,short_wave,short_wave,True,0.9948356,44.742482301747096
sp|O62794.1|OPSD_PHOVI,sp|Q9YGZ3.1|OPSD_SALPV,short_wave,short_wave,True,0.99452233,44.82116546040382
sp|O62794.1|OPSD_PHOVI,sp|P35359.2|OPSD_DANRE,short_wave,short_wave,True,0.9949411,45.49098021409986
sp|O62794.1|OPSD_PHOVI,sp|P79848.1|OPSD_POERE,short_wave,short_wave,True,0.99444443,45.90929301911961
sp|O62794.1|OPSD_PHOVI,sp|O35599.1|OPSG_MOUSE,short_wave,short_wave,True,0.9865874,45.34789789250709
sp|O62794.1|OPSD_PHOVI,sp|O35478.2|OPSG_SCICA,short_wave,short_wave,True,0.98523706,44.389256169741444
sp|O62794.1|OPSD_PHOVI,sp|Q9YGZ6.1|OPSD_CHEAU,short_wave,short_wave,True,0.9927132,44.88293173994934
sp|O62794.1|OPSD_PHOVI,sp|Q98980.1|OPSD_PETMA,short_wave,short_wave,True,0.99610895,46.414459494435334
sp|O62794.1|OPSD_PHOVI,sp|P04000.2|OPSR_HUMAN,short_wave,long_wave,False,0.9815826,72.83236994219654
sp|O62794.1|OPSD_PHOVI,sp|P04001.1|OPSG_HUMAN,short_wave,long_wave,False,0.98120975,71.04665565648224
sp|O62794.1|OPSD_PHOVI,sp|O18913.2|OPSR_FELCA,short_wave,long_wave,False,0.9779235,68.2994029092295
sp|O62794.1|OPSD_PHOVI,sp|O18912.2|OPSR_HORSE,short_wave,long_wave,False,0.98134136,67.61258972241632
sp|O62794.1|OPSD_PHOVI,sp|Q9BGI7.1|OPSR_BOVIN,short_wave,long_wave,False,0.9819434,67.74995235977894
sp|O62794.1|OPSD_PHOVI,sp|Q95170.1|OPSR_CAPHI,short_wave,long_wave,False,0.98193675,67.61258972241632
sp|O62794.1|OPSD_PHOVI,sp|O18914.2|OPSR_CANLF,short_wave,long_wave,False,0.9799647,67.47522708505367
sp|O62794.1|OPSD_PHOVI,sp|O18910.2|OPSG_RABIT,short_wave,long_wave,False,0.9818932,66.65105126087785
sp|O62794.1|OPSD_PHOVI,sp|P41592.1|OPSR_ANOCA,short_wave,long_wave,False,0.98068655,64.07530779530387
sp|O62794.1|OPSD_PHOVI,sp|P22329.1|OPSR_CHICK,short_wave,long_wave,False,0.9810961,66.41445949443533
sp|O62794.1|OPSD_PHOVI,sp|P87367.1|OPSR_ORYLA,short_wave,long_wave,False,0.9817604,63.22234208704333
sp|O62794.1|OPSD_PHOVI,sp|P32313.1|OPSR_CARAU,short_wave,long_wave,False,0.98358154,62.386687490943046
sp|O62794.1|OPSD_PHOVI,sp|O12948.1|OPSR_XENLA,short_wave,long_wave,False,0.9855901,62.23914960321348
sp|O62794.1|OPSD_PHOVI,sp|Q9W6A7.1|OPSR1_DANRE,short_wave,long_wave,False,0.9828169,61.968860192892905
sp|O62794.1|OPSD_PHOVI,sp|P22332.2|OPSR_PSAFA,short_wave,long_wave,False,0.98361737,61.272481362809344
sp|O62794.1|OPSD_PHOVI,sp|Q8AYN0.1|OPSR2_DANRE,short_wave,long_wave,False,0.98188365,62.53825229513771
sp|O62794.1|OPSD_PHOVI,sp|P35358.1|OPSG_GEKGE,short_wave,long_wave,False,0.97907066,60.96796316253551
sp|O62794.1|OPSD_PHOVI,sp|P22331.1|OPSG2_PSAFA,short_wave,long_wave,False,0.98491824,61.067664059843594
sp|O62794.1|OPSD_PHOVI,sp|P22330.1|OPSG1_PSAFA,short_wave,long_wave,False,0.9857079,60.185311118667116
sp|O62794.1|OPSD_PHOVI,sp|O18911.1|OPSG_ODOVI,short_wave,long_wave,False,0.9680918,67.88731499714159
sp|O62794.1|OPSD_PHOVI,sp|Q90215.1|OPSD2_ANGAN,short_wave,long_wave,False,0.9957174,44.62724173706833
sp|O62794.1|OPSD_PHOVI,sp|P79756.1|OPSD_GAMAF,short_wave,long_wave,False,0.99422896,44.23999457562762
sp|O62794.1|OPSD_PHOVI,sp|O42490.1|OPSP_PETMA,short_wave,long_wave,False,0.9453545,42.945684389788596
sp|Q769E8.1|OPSD_OTOCR,sp|P02699.1|OPSD_BOVIN,short_wave,short_wave,True,0.999387,45.08670520231214
sp|Q769E8.1|OPSD_OTOCR,sp|Q68J47.1|OPSD_LOXAF,short_wave,short_wave,True,0.9988583,44.94219653179191
sp|Q769E8.1|OPSD_OTOCR,sp|Q95KU1.1|OPSD_FELCA,short_wave,short_wave,True,0.99923706,45.08670520231214
sp|Q769E8.1|OPSD_OTOCR,sp|O62791.1|OPSD_DELDE,short_wave,short_wave,True,0.9989104,44.94219653179191
sp|Q769E8.1|OPSD_OTOCR,sp|P32312.1|OPSG2_CARAU,short_wave,short_wave,True,0.9927021,46.38950644730991
sp|Q769E8.1|OPSD_OTOCR,sp|P15409.2|OPSD_MOUSE,short_wave,short_wave,True,0.9991841,44.797687861271676
sp|Q769E8.1|OPSD_OTOCR,sp|P22328.1|OPSD_CHICK,short_wave,short_wave,True,0.99690104,45.85713559235842
sp|Q769E8.1|OPSD_OTOCR,sp|Q6W3E1.1|OPSD_CALPD,short_wave,short_wave,True,0.9993642,44.797687861271676
sp|Q769E8.1|OPSD_OTOCR,sp|P51471.1|OPSB_ANOCA,short_wave,short_wave,True,0.9924021,45.90783858246448
sp|Q769E8.1|OPSD_OTOCR,sp|P28681.1|OPSD_CRIGR,short_wave,short_wave,True,0.9995378,45.23121387283237
sp|Q769E8.1|OPSD_OTOCR,sp|P56515.1|OPSD_RHIMB,short_wave,short_wave,True,0.9974283,46.56737662518009
sp|Q769E8.1|OPSD_OTOCR,sp|O62793.1|OPSD_MESBI,short_wave,short_wave,True,0.99829197,44.66724640646581
sp|Q769E8.1|OPSD_OTOCR,sp|P79863.1|OPSD_LEUER,short_wave,short_wave,True,0.99665487,45.454015425363565
sp|Q769E8.1|OPSD_OTOCR,sp|P56514.1|OPSD_BUFBU,short_wave,short_wave,True,0.99634093,46.267076324879795
sp|Q769E8.1|OPSD_OTOCR,sp|O62798.1|OPSD_TURTR,short_wave,short_wave,True,0.9986253,44.797687861271676
sp|Q769E8.1|OPSD_OTOCR,sp|Q90214.1|OPSD1_ANGAN,short_wave,short_wave,True,0.9957086,45.49656897542508
sp|Q769E8.1|OPSD_OTOCR,sp|P22671.1|OPSD_LETCA,short_wave,short_wave,True,0.9960479,46.12544215339487
sp|Q769E8.1|OPSD_OTOCR,sp|P08100.1|OPSD_HUMAN,short_wave,short_wave,True,0.99964666,45.40470953330946
sp|Q769E8.1|OPSD_OTOCR,sp|O62792.1|OPSD_GLOME,short_wave,short_wave,True,0.9983084,44.653179190751445
sp|Q769E8.1|OPSD_OTOCR,sp|P02700.2|OPSD_SHEEP,short_wave,short_wave,True,0.9988201,44.653179190751445
sp|Q769E8.1|OPSD_OTOCR,sp|O18766.1|OPSD_PIG,short_wave,short_wave,True,0.99918276,45.43491886621631
sp|Q769E8.1|OPSD_OTOCR,sp|Q9YGZ0.1|OPSD_SARPI,short_wave,short_wave,True,0.9937482,45.158737216540686
sp|Q769E8.1|OPSD_OTOCR,sp|P29403.1|OPSD_XENLA,short_wave,short_wave,True,0.9967771,46.71752677533024
sp|Q769E8.1|OPSD_OTOCR,sp|P79807.1|OPSD_MYRVI,short_wave,short_wave,True,0.9937062,45.49932744392336
sp|Q769E8.1|OPSD_OTOCR,sp|P79898.1|OPSD_SARDI,short_wave,short_wave,True,0.9937624,44.88063070766495
sp|Q769E8.1|OPSD_OTOCR,sp|P32308.1|OPSD_CANLF,short_wave,short_wave,True,0.99930114,45.23121387283237
sp|Q769E8.1|OPSD_OTOCR,sp|O42604.1|OPSD_ZEUFA,short_wave,short_wave,True,0.9935916,46.4104220875609
sp|Q769E8.1|OPSD_OTOCR,sp|P79914.1|OPSD_SARXA,short_wave,short_wave,True,0.99353135,46.05432438798992
sp|Q769E8.1|OPSD_OTOCR,sp|P79911.1|OPSD_SARTI,short_wave,short_wave,True,0.99447,45.49932744392336
sp|Q769E8.1|OPSD_OTOCR,sp|O62796.1|OPSD_TRIMA,short_wave,short_wave,True,0.99923503,45.08670520231214
sp|Q769E8.1|OPSD_OTOCR,sp|P51474.1|OPSG3_PSAFA,short_wave,short_wave,True,0.99448264,46.235660293463766
sp|Q769E8.1|OPSD_OTOCR,sp|P79901.1|OPSD_SARMI,short_wave,short_wave,True,0.99430835,44.43684372541642
sp|Q769E8.1|OPSD_OTOCR,sp|P79798.1|OPSD_MYRBE,short_wave,short_wave,True,0.99179256,45.49932744392336
sp|Q769E8.1|OPSD_OTOCR,sp|P79902.1|OPSD_SARPU,short_wave,short_wave,True,0.99372447,45.02855970174778
sp|Q769E8.1|OPSD_OTOCR,sp|P79808.1|OPSD_NEOAR,short_wave,short_wave,True,0.993112,45.74084476416547
sp|Q769E8.1|OPSD_OTOCR,sp|P79809.1|OPSD_NEOAU,short_wave,short_wave,True,0.99322474,45.971025557130915
sp|Q769E8.1|OPSD_OTOCR,sp|P79903.1|OPSD_SARSP,short_wave,short_wave,True,0.99431384,45.184862035118336
sp|Q769E8.1|OPSD_OTOCR,sp|P51488.1|OPSD_CYPCA,short_wave,short_wave,True,0.9948303,46.064062660327664
sp|Q769E8.1|OPSD_OTOCR,sp|P79812.1|OPSD_NEOSA,short_wave,short_wave,True,0.9932522,45.8975845760777
sp|Q769E8.1|OPSD_OTOCR,sp|Q9YGY9.1|OPSD_ZOSOP,short_wave,short_wave,True,0.99365294,44.93771879833917
sp|Q769E8.1|OPSD_OTOCR,sp|Q9YGZ2.1|OPSD_GOBNI,short_wave,short_wave,True,0.9945057,45.078563868761705
sp|Q769E8.1|OPSD_OTOCR,sp|P41590.1|OPSD_PSAFA,short_wave,short_wave,True,0.9947146,44.41835260115607
sp|Q769E8.1|OPSD_OTOCR,sp|P51475.1|OPSP_CHICK,short_wave,short_wave,True,0.95919925,45.806192480310145
sp|Q769E8.1|OPSD_OTOCR,sp|P32309.1|OPSD_CARAU,short_wave,short_wave,True,0.99381375,45.620275678079146
sp|Q769E8.1|OPSD_OTOCR,sp|Q9R024.1|OPSG_CAVPO,short_wave,short_wave,True,0.97916067,44.24993942750338
sp|Q769E8.1|OPSD_OTOCR,sp|P87369.1|OPSD_ORYLA,short_wave,short_wave,True,0.99485683,45.620275678079146
sp|Q769E8.1|OPSD_OTOCR,sp|P34989.1|OPSL_CALJA,short_wave,short_wave,True,0.9829108,43.9719240297275
sp|Q769E8.1|OPSD_OTOCR,sp|Q9YH05.1|OPSD_DIPAN,short_wave,short_wave,True,0.9950714,44.176590423505644
sp|Q769E8.1|OPSD_OTOCR,sp|Q9YGZ8.1|OPSD_CHELB,short_wave,short_wave,True,0.99147373,44.46312337479504
sp|Q769E8.1|OPSD_OTOCR,sp|Q9YGZ5.1|OPSD_SOLSO,short_wave,short_wave,True,0.99463534,45.24273910422355
sp|Q769E8.1|OPSD_OTOCR,sp|O35476.2|OPSG_RAT,short_wave,short_wave,True,0.9858605,45.05888055146663
sp|Q769E8.1|OPSD_OTOCR,sp|Q9DGG4.1|OPSD_TETNG,short_wave,short_wave,True,0.9945986,44.45346496070663
sp|Q769E8.1|OPSD_OTOCR,sp|Q9YGZ3.1|OPSD_SALPV,short_wave,short_wave,True,0.994439,44.532148119363356
sp|Q769E8.1|OPSD_OTOCR,sp|P35359.2|OPSD_DANRE,short_wave,short_wave,True,0.9946444,45.201962873059394
sp|Q769E8.1|OPSD_OTOCR,sp|P79848.1|OPSD_POERE,short_wave,short_wave,True,0.99410474,45.620275678079146
sp|Q769E8.1|OPSD_OTOCR,sp|O35599.1|OPSG_MOUSE,short_wave,short_wave,True,0.9846158,45.05888055146663
sp|Q769E8.1|OPSD_OTOCR,sp|O35478.2|OPSG_SCICA,short_wave,short_wave,True,0.9834906,44.10023882870098
sp|Q769E8.1|OPSD_OTOCR,sp|Q9YGZ6.1|OPSD_CHEAU,short_wave,short_wave,True,0.99238145,44.59391439890888
sp|Q769E8.1|OPSD_OTOCR,sp|Q98980.1|OPSD_PETMA,short_wave,short_wave,True,0.9945741,46.12544215339487
sp|Q769E8.1|OPSD_OTOCR,sp|P04000.2|OPSR_HUMAN,short_wave,long_wave,False,0.9791237,72.54335260115607
sp|Q769E8.1|OPSD_OTOCR,sp|P04001.1|OPSG_HUMAN,short_wave,long_wave,False,0.97859704,70.75763831544178
sp|Q769E8.1|OPSD_OTOCR,sp|O18913.2|OPSR_FELCA,short_wave,long_wave,False,0.975807,68.01038556818904
sp|Q769E8.1|OPSD_OTOCR,sp|O18912.2|OPSR_HORSE,short_wave,long_wave,False,0.9791093,67.32357238137585
sp|Q769E8.1|OPSD_OTOCR,sp|Q9BGI7.1|OPSR_BOVIN,short_wave,long_wave,False,0.9798529,67.46093501873848
sp|Q769E8.1|OPSD_OTOCR,sp|Q95170.1|OPSR_CAPHI,short_wave,long_wave,False,0.97981316,67.32357238137585
sp|Q769E8.1|OPSD_OTOCR,sp|O18914.2|OPSR_CANLF,short_wave,long_wave,False,0.97800744,67.18620974401321
sp|Q769E8.1|OPSD_OTOCR,sp|O18910.2|OPSG_RABIT,short_wave,long_wave,False,0.9795638,66.36203391983739
sp|Q769E8.1|OPSD_OTOCR,sp|P41592.1|OPSR_ANOCA,short_wave,long_wave,False,0.97866094,63.78629045426341
sp|Q769E8.1|OPSD_OTOCR,sp|P22329.1|OPSR_CHICK,short_wave,long_wave,False,0.97853315,66.12544215339487
sp|Q769E8.1|OPSD_OTOCR,sp|P87367.1|OPSR_ORYLA,short_wave,long_wave,False,0.9797734,62.93332474600287
sp|Q769E8.1|OPSD_OTOCR,sp|P32313.1|OPSR_CARAU,short_wave,long_wave,False,0.9817745,62.097670149902584
sp|Q769E8.1|OPSD_OTOCR,sp|O12948.1|OPSR_XENLA,short_wave,long_wave,False,0.983942,61.950132262173014
sp|Q769E8.1|OPSD_OTOCR,sp|Q9W6A7.1|OPSR1_DANRE,short_wave,long_wave,False,0.9811808,61.67984285185244
sp|Q769E8.1|OPSD_OTOCR,sp|P22332.2|OPSR_PSAFA,short_wave,long_wave,False,0.98182034,60.98346402176888
sp|Q769E8.1|OPSD_OTOCR,sp|Q8AYN0.1|OPSR2_DANRE,short_wave,long_wave,False,0.9805455,62.24923495409725
sp|Q769E8.1|OPSD_OTOCR,sp|P35358.1|OPSG_GEKGE,short_wave,long_wave,False,0.9770974,60.67894582149505
sp|Q769E8.1|OPSD_OTOCR,sp|P22331.1|OPSG2_PSAFA,short_wave,long_wave,False,0.9832106,60.77864671880313
sp|Q769E8.1|OPSD_OTOCR,sp|P22330.1|OPSG1_PSAFA,short_wave,long_wave,False,0.9844923,59.89629377762665
sp|Q769E8.1|OPSD_OTOCR,sp|O18911.1|OPSG_ODOVI,short_wave,long_wave,False,0.9668097,67.59829765610112
sp|Q769E8.1|OPSD_OTOCR,sp|Q90215.1|OPSD2_ANGAN,short_wave,long_wave,False,0.995266,44.33822439602787
sp|Q769E8.1|OPSD_OTOCR,sp|P79756.1|OPSD_GAMAF,short_wave,long_wave,False,0.9939796,43.95097723458716
sp|Q769E8.1|OPSD_OTOCR,sp|O42490.1|OPSP_PETMA,short_wave,long_wave,False,0.9443464,42.65666704874813
sp|P02699.1|OPSD_BOVIN,sp|Q68J47.1|OPSD_LOXAF,short_wave,short_wave,True,0.999195,44.94219653179191
sp|P02699.1|OPSD_BOVIN,sp|Q95KU1.1|OPSD_FELCA,short_wave,short_wave,True,0.9995048,45.08670520231214
sp|P02699.1|OPSD_BOVIN,sp|O62791.1|OPSD_DELDE,short_wave,short_wave,True,0.9990604,44.94219653179191
sp|P02699.1|OPSD_BOVIN,sp|P32312.1|OPSG2_CARAU,short_wave,short_wave,True,0.9928317,46.38950644730991
sp|P02699.1|OPSD_BOVIN,sp|P15409.2|OPSD_MOUSE,short_wave,short_wave,True,0.99901575,44.797687861271676
sp|P02699.1|OPSD_BOVIN,sp|P22328.1|OPSD_CHICK,short_wave,short_wave,True,0.99714327,45.85713559235842
sp|P02699.1|OPSD_BOVIN,sp|Q6W3E1.1|OPSD_CALPD,short_wave,short_wave,True,0.99957585,44.797687861271676
sp|P02699.1|OPSD_BOVIN,sp|P51471.1|OPSB_ANOCA,short_wave,short_wave,True,0.9926863,45.90783858246448
sp|P02699.1|OPSD_BOVIN,sp|P28681.1|OPSD_CRIGR,short_wave,short_wave,True,0.99918145,45.23121387283237
sp|P02699.1|OPSD_BOVIN,sp|P56515.1|OPSD_RHIMB,short_wave,short_wave,True,0.9973233,46.56737662518009
sp|P02699.1|OPSD_BOVIN,sp|O62793.1|OPSD_MESBI,short_wave,short_wave,True,0.9985272,44.66724640646581
sp|P02699.1|OPSD_BOVIN,sp|P79863.1|OPSD_LEUER,short_wave,short_wave,True,0.99720293,45.454015425363565
sp|P02699.1|OPSD_BOVIN,sp|P56514.1|OPSD_BUFBU,short_wave,short_wave,True,0.9961599,46.267076324879795
sp|P02699.1|OPSD_BOVIN,sp|O62798.1|OPSD_TURTR,short_wave,short_wave,True,0.9988244,44.797687861271676
sp|P02699.1|OPSD_BOVIN,sp|Q90214.1|OPSD1_ANGAN,short_wave,short_wave,True,0.9965482,45.49656897542508
sp|P02699.1|OPSD_BOVIN,sp|P22671.1|OPSD_LETCA,short_wave,short_wave,True,0.9959567,46.12544215339487
sp|P02699.1|OPSD_BOVIN,sp|P08100.1|OPSD_HUMAN,short_wave,short_wave,True,0.99927545,45.40470953330946
sp|P02699.1|OPSD_BOVIN,sp|O62792.1|OPSD_GLOME,short_wave,short_wave,True,0.9986172,44.653179190751445
sp|P02699.1|OPSD_BOVIN,sp|P02700.2|OPSD_SHEEP,short_wave,short_wave,True,0.9991201,44.653179190751445
sp|P02699.1|OPSD_BOVIN,sp|O18766.1|OPSD_PIG,short_wave,short_wave,True,0.9994639,45.43491886621631
sp|P02699.1|OPSD_BOVIN,sp|Q9YGZ0.1|OPSD_SARPI,short_wave,short_wave,True,0.99492276,45.158737216540686
sp|P02699.1|OPSD_BOVIN,sp|P29403.1|OPSD_XENLA,short_wave,short_wave,True,0.9967737,46.71752677533024
sp|P02699.1|OPSD_BOVIN,sp|P79807.1|OPSD_MYRVI,short_wave,short_wave,True,0.993976,45.49932744392336
sp|P02699.1|OPSD_BOVIN,sp|P79898.1|OPSD_SARDI,short_wave,short_wave,True,0.9942072,44.88063070766495
sp|P02699.1|OPSD_BOVIN,sp|P32308.1|OPSD_CANLF,short_wave,short_wave,True,0.99935746,45.23121387283237
sp|P02699.1|OPSD_BOVIN,sp|O42604.1|OPSD_ZEUFA,short_wave,short_wave,True,0.99430954,46.4104220875609
sp|P02699.1|OPSD_BOVIN,sp|P79914.1|OPSD_SARXA,short_wave,short_wave,True,0.994127,46.05432438798992
sp|P02699.1|OPSD_BOVIN,sp|P79911.1|OPSD_SARTI,short_wave,short_wave,True,0.9949596,45.49932744392336
sp|P02699.1|OPSD_BOVIN,sp|O62796.1|OPSD_TRIMA,short_wave,short_wave,True,0.99931574,45.08670520231214
sp|P02699.1|OPSD_BOVIN,sp|P51474.1|OPSG3_PSAFA,short_wave,short_wave,True,0.9941546,46.235660293463766
sp|P02699.1|OPSD_BOVIN,sp|P79901.1|OPSD_SARMI,short_wave,short_wave,True,0.9945301,44.43684372541642
sp|P02699.1|OPSD_BOVIN,sp|P79798.1|OPSD_MYRBE,short_wave,short_wave,True,0.9922807,45.49932744392336
sp|P02699.1|OPSD_BOVIN,sp|P79902.1|OPSD_SARPU,short_wave,short_wave,True,0.9941905,45.02855970174778
sp|P02699.1|OPSD_BOVIN,sp|P79808.1|OPSD_NEOAR,short_wave,short_wave,True,0.99355674,45.74084476416547
sp|P02699.1|OPSD_BOVIN,sp|P79809.1|OPSD_NEOAU,short_wave,short_wave,True,0.99408334,45.971025557130915
sp|P02699.1|OPSD_BOVIN,sp|P79903.1|OPSD_SARSP,short_wave,short_wave,True,0.99484503,45.184862035118336
sp|P02699.1|OPSD_BOVIN,sp|P51488.1|OPSD_CYPCA,short_wave,short_wave,True,0.9952543,46.064062660327664
sp|P02699.1|OPSD_BOVIN,sp|P79812.1|OPSD_NEOSA,short_wave,short_wave,True,0.99350697,45.8975845760777
sp|P02699.1|OPSD_BOVIN,sp|Q9YGY9.1|OPSD_ZOSOP,short_wave,short_wave,True,0.9944486,44.93771879833917
sp|P02699.1|OPSD_BOVIN,sp|Q9YGZ2.1|OPSD_GOBNI,short_wave,short_wave,True,0.99512637,45.078563868761705
sp|P02699.1|OPSD_BOVIN,sp|P41590.1|OPSD_PSAFA,short_wave,short_wave,True,0.99489546,44.41835260115607
sp|P02699.1|OPSD_BOVIN,sp|P51475.1|OPSP_CHICK,short_wave,short_wave,True,0.9614035,45.806192480310145
sp|P02699.1|OPSD_BOVIN,sp|P32309.1|OPSD_CARAU,short_wave,short_wave,True,0.9945387,45.620275678079146
sp|P02699.1|OPSD_BOVIN,sp|Q9R024.1|OPSG_CAVPO,short_wave,short_wave,True,0.9796559,44.24993942750338
sp|P02699.1|OPSD_BOVIN,sp|P87369.1|OPSD_ORYLA,short_wave,short_wave,True,0.99496615,45.620275678079146
sp|P02699.1|OPSD_BOVIN,sp|P34989.1|OPSL_CALJA,short_wave,short_wave,True,0.98378974,43.9719240297275
sp|P02699.1|OPSD_BOVIN,sp|Q9YH05.1|OPSD_DIPAN,short_wave,short_wave,True,0.9955862,44.176590423505644
sp|P02699.1|OPSD_BOVIN,sp|Q9YGZ8.1|OPSD_CHELB,short_wave,short_wave,True,0.99218154,44.46312337479504
sp|P02699.1|OPSD_BOVIN,sp|Q9YGZ5.1|OPSD_SOLSO,short_wave,short_wave,True,0.9944612,45.24273910422355
sp|P02699.1|OPSD_BOVIN,sp|O35476.2|OPSG_RAT,short_wave,short_wave,True,0.9859389,45.05888055146663
sp|P02699.1|OPSD_BOVIN,sp|Q9DGG4.1|OPSD_TETNG,short_wave,short_wave,True,0.9949064,44.45346496070663
sp|P02699.1|OPSD_BOVIN,sp|Q9YGZ3.1|OPSD_SALPV,short_wave,short_wave,True,0.9947355,44.532148119363356
sp|P02699.1|OPSD_BOVIN,sp|P35359.2|OPSD_DANRE,short_wave,short_wave,True,0.99531376,45.201962873059394
sp|P02699.1|OPSD_BOVIN,sp|P79848.1|OPSD_POERE,short_wave,short_wave,True,0.99433297,45.620275678079146
sp|P02699.1|OPSD_BOVIN,sp|O35599.1|OPSG_MOUSE,short_wave,short_wave,True,0.98503166,45.05888055146663
sp|P02699.1|OPSD_BOVIN,sp|O35478.2|OPSG_SCICA,short_wave,short_wave,True,0.98362654,44.10023882870098
sp|P02699.1|OPSD_BOVIN,sp|Q9YGZ6.1|OPSD_CHEAU,short_wave,short_wave,True,0.9929348,44.59391439890888
sp|P02699.1|OPSD_BOVIN,sp|Q98980.1|OPSD_PETMA,short_wave,short_wave,True,0.9946647,46.12544215339487
sp|P02699.1|OPSD_BOVIN,sp|P04000.2|OPSR_HUMAN,short_wave,long_wave,False,0.9795824,72.54335260115607
sp|P02699.1|OPSD_BOVIN,sp|P04001.1|OPSG_HUMAN,short_wave,long_wave,False,0.979111,70.75763831544178
sp|P02699.1|OPSD_BOVIN,sp|O18913.2|OPSR_FELCA,short_wave,long_wave,False,0.9762927,68.01038556818904
sp|P02699.1|OPSD_BOVIN,sp|O18912.2|OPSR_HORSE,short_wave,long_wave,False,0.97941023,67.32357238137585
sp|P02699.1|OPSD_BOVIN,sp|Q9BGI7.1|OPSR_BOVIN,short_wave,long_wave,False,0.98012924,67.46093501873848
sp|P02699.1|OPSD_BOVIN,sp|Q95170.1|OPSR_CAPHI,short_wave,long_wave,False,0.9802571,67.32357238137585
sp|P02699.1|OPSD_BOVIN,sp|O18914.2|OPSR_CANLF,short_wave,long_wave,False,0.97854185,67.18620974401321
sp|P02699.1|OPSD_BOVIN,sp|O18910.2|OPSG_RABIT,short_wave,long_wave,False,0.98040235,66.36203391983739
sp|P02699.1|OPSD_BOVIN,sp|P41592.1|OPSR_ANOCA,short_wave,long_wave,False,0.978912,63.78629045426341
sp|P02699.1|OPSD_BOVIN,sp|P22329.1|OPSR_CHICK,short_wave,long_wave,False,0.9794441,66.12544215339487
sp|P02699.1|OPSD_BOVIN,sp|P87367.1|OPSR_ORYLA,short_wave,long_wave,False,0.980355,62.93332474600287
sp|P02699.1|OPSD_BOVIN,sp|P32313.1|OPSR_CARAU,short_wave,long_wave,False,0.981822,62.097670149902584
sp|P02699.1|OPSD_BOVIN,sp|O12948.1|OPSR_XENLA,short_wave,long_wave,False,0.9841624,61.950132262173014
sp|P02699.1|OPSD_BOVIN,sp|Q9W6A7.1|OPSR1_DANRE,short_wave,long_wave,False,0.981118,61.67984285185244
sp|P02699.1|OPSD_BOVIN,sp|P22332.2|OPSR_PSAFA,short_wave,long_wave,False,0.9823574,60.98346402176888
sp|P02699.1|OPSD_BOVIN,sp|Q8AYN0.1|OPSR2_DANRE,short_wave,long_wave,False,0.9804257,62.24923495409725
sp|P02699.1|OPSD_BOVIN,sp|P35358.1|OPSG_GEKGE,short_wave,long_wave,False,0.9766716,60.67894582149505
sp|P02699.1|OPSD_BOVIN,sp|P22331.1|OPSG2_PSAFA,short_wave,long_wave,False,0.9835675,60.77864671880313
sp|P02699.1|OPSD_BOVIN,sp|P22330.1|OPSG1_PSAFA,short_wave,long_wave,False,0.9844413,59.89629377762665
sp|P02699.1|OPSD_BOVIN,sp|O18911.1|OPSG_ODOVI,short_wave,long_wave,False,0.9673262,67.59829765610112
sp|P02699.1|OPSD_BOVIN,sp|Q90215.1|OPSD2_ANGAN,short_wave,long_wave,False,0.9963942,44.33822439602787
sp|P02699.1|OPSD_BOVIN,sp|P79756.1|OPSD_GAMAF,short_wave,long_wave,False,0.9941554,43.95097723458716
sp|P02699.1|OPSD_BOVIN,sp|O42490.1|OPSP_PETMA,short_wave,long_wave,False,0.94389755,42.65666704874813
sp|Q68J47.1|OPSD_LOXAF,sp|Q95KU1.1|OPSD_FELCA,short_wave,short_wave,True,0.99928045,44.94219653179191
sp|Q68J47.1|OPSD_LOXAF,sp|O62791.1|OPSD_DELDE,short_wave,short_wave,True,0.99920905,44.797687861271676
sp|Q68J47.1|OPSD_LOXAF,sp|P32312.1|OPSG2_CARAU,short_wave,short_wave,True,0.9925864,46.24499777678969
sp|Q68J47.1|OPSD_LOXAF,sp|P15409.2|OPSD_MOUSE,short_wave,short_wave,True,0.99840534,44.653179190751445
sp|Q68J47.1|OPSD_LOXAF,sp|P22328.1|OPSD_CHICK,short_wave,short_wave,True,0.9981217,45.71262692183818
sp|Q68J47.1|OPSD_LOXAF,sp|Q6W3E1.1|OPSD_CALPD,short_wave,short_wave,True,0.99890256,44.653179190751445
sp|Q68J47.1|OPSD_LOXAF,sp|P51471.1|OPSB_ANOCA,short_wave,short_wave,True,0.99409354,45.763329911944254
sp|Q68J47.1|OPSD_LOXAF,sp|P28681.1|OPSD_CRIGR,short_wave,short_wave,True,0.9987452,45.08670520231214
sp|Q68J47.1|OPSD_LOXAF,sp|P56515.1|OPSD_RHIMB,short_wave,short_wave,True,0.99814737,46.422867954659864
sp|Q68J47.1|OPSD_LOXAF,sp|O62793.1|OPSD_MESBI,short_wave,short_wave,True,0.99842995,44.52273773594557
sp|Q68J47.1|OPSD_LOXAF,sp|P79863.1|OPSD_LEUER,short_wave,short_wave,True,0.99790305,45.309506754843326
sp|Q68J47.1|OPSD_LOXAF,sp|P56514.1|OPSD_BUFBU,short_wave,short_wave,True,0.99755526,46.122567654359564
sp|Q68J47.1|OPSD_LOXAF,sp|O62798.1|OPSD_TURTR,short_wave,short_wave,True,0.9988968,44.653179190751445
sp|Q68J47.1|OPSD_LOXAF,sp|Q90214.1|OPSD1_ANGAN,short_wave,short_wave,True,0.9975641,45.35206030490484
sp|Q68J47.1|OPSD_LOXAF,sp|P22671.1|OPSD_LETCA,short_wave,short_wave,True,0.9960687,45.98093348287465
sp|Q68J47.1|OPSD_LOXAF,sp|P08100.1|OPSD_HUMAN,short_wave,short_wave,True,0.9989106,45.26020086278923
sp|Q68J47.1|OPSD_LOXAF,sp|O62792.1|OPSD_GLOME,short_wave,short_wave,True,0.9988799,44.50867052023121
sp|Q68J47.1|OPSD_LOXAF,sp|P02700.2|OPSD_SHEEP,short_wave,short_wave,True,0.9987333,44.50867052023121
sp|Q68J47.1|OPSD_LOXAF,sp|O18766.1|OPSD_PIG,short_wave,short_wave,True,0.9989087,45.29041019569608
sp|Q68J47.1|OPSD_LOXAF,sp|Q9YGZ0.1|OPSD_SARPI,short_wave,short_wave,True,0.9949887,45.01422854602045
sp|Q68J47.1|OPSD_LOXAF,sp|P29403.1|OPSD_XENLA,short_wave,short_wave,True,0.9977077,46.57301810481001
sp|Q68J47.1|OPSD_LOXAF,sp|P79807.1|OPSD_MYRVI,short_wave,short_wave,True,0.99405843,45.35481877340314
sp|Q68J47.1|OPSD_LOXAF,sp|P79898.1|OPSD_SARDI,short_wave,short_wave,True,0.99481386,44.73612203714471
sp|Q68J47.1|OPSD_LOXAF,sp|P32308.1|OPSD_CANLF,short_wave,short_wave,True,0.99898314,45.08670520231214
sp|Q68J47.1|OPSD_LOXAF,sp|O42604.1|OPSD_ZEUFA,short_wave,short_wave,True,0.99461716,46.26591341704067
sp|Q68J47.1|OPSD_LOXAF,sp|P79914.1|OPSD_SARXA,short_wave,short_wave,True,0.9942909,45.9098157174697
sp|Q68J47.1|OPSD_LOXAF,sp|P79911.1|OPSD_SARTI,short_wave,short_wave,True,0.99553883,45.35481877340314
sp|Q68J47.1|OPSD_LOXAF,sp|O62796.1|OPSD_TRIMA,short_wave,short_wave,True,0.9991644,44.94219653179191
sp|Q68J47.1|OPSD_LOXAF,sp|P51474.1|OPSG3_PSAFA,short_wave,short_wave,True,0.99385345,46.09115162294353
sp|Q68J47.1|OPSD_LOXAF,sp|P79901.1|OPSD_SARMI,short_wave,short_wave,True,0.9948243,44.2923350548962
sp|Q68J47.1|OPSD_LOXAF,sp|P79798.1|OPSD_MYRBE,short_wave,short_wave,True,0.9926689,45.35481877340314
sp|Q68J47.1|OPSD_LOXAF,sp|P79902.1|OPSD_SARPU,short_wave,short_wave,True,0.9947756,44.88405103122756
sp|Q68J47.1|OPSD_LOXAF,sp|P79808.1|OPSD_NEOAR,short_wave,short_wave,True,0.9941882,45.59633609364524
sp|Q68J47.1|OPSD_LOXAF,sp|P79809.1|OPSD_NEOAU,short_wave,short_wave,True,0.99486613,45.826516886610676
sp|Q68J47.1|OPSD_LOXAF,sp|P79903.1|OPSD_SARSP,short_wave,short_wave,True,0.995368,45.040353364598104
sp|Q68J47.1|OPSD_LOXAF,sp|P51488.1|OPSD_CYPCA,short_wave,short_wave,True,0.99558693,45.91955398980744
sp|Q68J47.1|OPSD_LOXAF,sp|P79812.1|OPSD_NEOSA,short_wave,short_wave,True,0.9942742,45.753075905557466
sp|Q68J47.1|OPSD_LOXAF,sp|Q9YGY9.1|OPSD_ZOSOP,short_wave,short_wave,True,0.9944985,44.79321012781894
sp|Q68J47.1|OPSD_LOXAF,sp|Q9YGZ2.1|OPSD_GOBNI,short_wave,short_wave,True,0.9951191,44.934055198241474
sp|Q68J47.1|OPSD_LOXAF,sp|P41590.1|OPSD_PSAFA,short_wave,short_wave,True,0.99521124,44.273843930635834
sp|Q68J47.1|OPSD_LOXAF,sp|P51475.1|OPSP_CHICK,short_wave,short_wave,True,0.9597489,45.66168380978992
sp|Q68J47.1|OPSD_LOXAF,sp|P32309.1|OPSD_CARAU,short_wave,short_wave,True,0.99480325,45.475767007558915
sp|Q68J47.1|OPSD_LOXAF,sp|Q9R024.1|OPSG_CAVPO,short_wave,short_wave,True,0.97985244,44.10543075698314
sp|Q68J47.1|OPSD_LOXAF,sp|P87369.1|OPSD_ORYLA,short_wave,short_wave,True,0.9948467,45.475767007558915
sp|Q68J47.1|OPSD_LOXAF,sp|P34989.1|OPSL_CALJA,short_wave,short_wave,True,0.9840438,43.827415359207265
sp|Q68J47.1|OPSD_LOXAF,sp|Q9YH05.1|OPSD_DIPAN,short_wave,short_wave,True,0.99535537,44.032081752985405
sp|Q68J47.1|OPSD_LOXAF,sp|Q9YGZ8.1|OPSD_CHELB,short_wave,short_wave,True,0.99172866,44.31861470427481
sp|Q68J47.1|OPSD_LOXAF,sp|Q9YGZ5.1|OPSD_SOLSO,short_wave,short_wave,True,0.9948137,45.09823043370332
sp|Q68J47.1|OPSD_LOXAF,sp|O35476.2|OPSG_RAT,short_wave,short_wave,True,0.9866941,44.9143718809464
sp|Q68J47.1|OPSD_LOXAF,sp|Q9DGG4.1|OPSD_TETNG,short_wave,short_wave,True,0.9945718,44.3089562901864
sp|Q68J47.1|OPSD_LOXAF,sp|Q9YGZ3.1|OPSD_SALPV,short_wave,short_wave,True,0.99446213,44.38763944884312
sp|Q68J47.1|OPSD_LOXAF,sp|P35359.2|OPSD_DANRE,short_wave,short_wave,True,0.9951682,45.05745420253916
sp|Q68J47.1|OPSD_LOXAF,sp|P79848.1|OPSD_POERE,short_wave,short_wave,True,0.99466836,45.475767007558915
sp|Q68J47.1|OPSD_LOXAF,sp|O35599.1|OPSG_MOUSE,short_wave,short_wave,True,0.985874,44.9143718809464
sp|Q68J47.1|OPSD_LOXAF,sp|O35478.2|OPSG_SCICA,short_wave,short_wave,True,0.9840555,43.95573015818075
sp|Q68J47.1|OPSD_LOXAF,sp|Q9YGZ6.1|OPSD_CHEAU,short_wave,short_wave,True,0.9924103,44.44940572838865
sp|Q68J47.1|OPSD_LOXAF,sp|Q98980.1|OPSD_PETMA,short_wave,short_wave,True,0.9957146,45.98093348287465
sp|Q68J47.1|OPSD_LOXAF,sp|P04000.2|OPSR_HUMAN,short_wave,long_wave,False,0.9802647,72.39884393063583
sp|Q68J47.1|OPSD_LOXAF,sp|P04001.1|OPSG_HUMAN,short_wave,long_wave,False,0.979662,70.61312964492156
sp|Q68J47.1|OPSD_LOXAF,sp|O18913.2|OPSR_FELCA,short_wave,long_wave,False,0.976269,67.8658768976688
sp|Q68J47.1|OPSD_LOXAF,sp|O18912.2|OPSR_HORSE,short_wave,long_wave,False,0.9793869,67.17906371085562
sp|Q68J47.1|OPSD_LOXAF,sp|Q9BGI7.1|OPSR_BOVIN,short_wave,long_wave,False,0.98042834,67.31642634821826
sp|Q68J47.1|OPSD_LOXAF,sp|Q95170.1|OPSR_CAPHI,short_wave,long_wave,False,0.9805763,67.17906371085562
sp|Q68J47.1|OPSD_LOXAF,sp|O18914.2|OPSR_CANLF,short_wave,long_wave,False,0.97852635,67.04170107349299
sp|Q68J47.1|OPSD_LOXAF,sp|O18910.2|OPSG_RABIT,short_wave,long_wave,False,0.98096406,66.21752524931716
sp|Q68J47.1|OPSD_LOXAF,sp|P41592.1|OPSR_ANOCA,short_wave,long_wave,False,0.9793333,63.641781783743184
sp|Q68J47.1|OPSD_LOXAF,sp|P22329.1|OPSR_CHICK,short_wave,long_wave,False,0.9798368,65.98093348287465
sp|Q68J47.1|OPSD_LOXAF,sp|P87367.1|OPSR_ORYLA,short_wave,long_wave,False,0.9802428,62.78881607548263
sp|Q68J47.1|OPSD_LOXAF,sp|P32313.1|OPSR_CARAU,short_wave,long_wave,False,0.9820883,61.95316147938236
sp|Q68J47.1|OPSD_LOXAF,sp|O12948.1|OPSR_XENLA,short_wave,long_wave,False,0.9850055,61.80562359165279
sp|Q68J47.1|OPSD_LOXAF,sp|Q9W6A7.1|OPSR1_DANRE,short_wave,long_wave,False,0.9811848,61.53533418133222
sp|Q68J47.1|OPSD_LOXAF,sp|P22332.2|OPSR_PSAFA,short_wave,long_wave,False,0.98185325,60.83895535124866
sp|Q68J47.1|OPSD_LOXAF,sp|Q8AYN0.1|OPSR2_DANRE,short_wave,long_wave,False,0.9800013,62.10472628357701
sp|Q68J47.1|OPSD_LOXAF,sp|P35358.1|OPSG_GEKGE,short_wave,long_wave,False,0.9777248,60.534437150974824
sp|Q68J47.1|OPSD_LOXAF,sp|P22331.1|OPSG2_PSAFA,short_wave,long_wave,False,0.98436,60.63413804828289
sp|Q68J47.1|OPSD_LOXAF,sp|P22330.1|OPSG1_PSAFA,short_wave,long_wave,False,0.98491544,59.75178510710643
sp|Q68J47.1|OPSD_LOXAF,sp|O18911.1|OPSG_ODOVI,short_wave,long_wave,False,0.96538687,67.4537889855809
sp|Q68J47.1|OPSD_LOXAF,sp|Q90215.1|OPSD2_ANGAN,short_wave,long_wave,False,0.9965627,44.19371572550763
sp|Q68J47.1|OPSD_LOXAF,sp|P79756.1|OPSD_GAMAF,short_wave,long_wave,False,0.99434435,43.80646856406692
sp|Q68J47.1|OPSD_LOXAF,sp|O42490.1|OPSP_PETMA,short_wave,long_wave,False,0.94379723,42.51215837822791
sp|Q95KU1.1|OPSD_FELCA,sp|O62791.1|OPSD_DELDE,short_wave,short_wave,True,0.9991159,44.94219653179191
sp|Q95KU1.1|OPSD_FELCA,sp|P32312.1|OPSG2_CARAU,short_wave,short_wave,True,0.99326557,46.38950644730991
sp|Q95KU1.1|OPSD_FELCA,sp|P15409.2|OPSD_MOUSE,short_wave,short_wave,True,0.9993398,44.797687861271676
sp|Q95KU1.1|OPSD_FELCA,sp|P22328.1|OPSD_CHICK,short_wave,short_wave,True,0.9976458,45.85713559235842
sp|Q95KU1.1|OPSD_FELCA,sp|Q6W3E1.1|OPSD_CALPD,short_wave,short_wave,True,0.99936956,44.797687861271676
sp|Q95KU1.1|OPSD_FELCA,sp|P51471.1|OPSB_ANOCA,short_wave,short_wave,True,0.99434257,45.90783858246448
sp|Q95KU1.1|OPSD_FELCA,sp|P28681.1|OPSD_CRIGR,short_wave,short_wave,True,0.9995374,45.23121387283237
sp|Q95KU1.1|OPSD_FELCA,sp|P56515.1|OPSD_RHIMB,short_wave,short_wave,True,0.9978546,46.56737662518009
sp|Q95KU1.1|OPSD_FELCA,sp|O62793.1|OPSD_MESBI,short_wave,short_wave,True,0.99837446,44.66724640646581
sp|Q95KU1.1|OPSD_FELCA,sp|P79863.1|OPSD_LEUER,short_wave,short_wave,True,0.9975884,45.454015425363565
sp|Q95KU1.1|OPSD_FELCA,sp|P56514.1|OPSD_BUFBU,short_wave,short_wave,True,0.9967379,46.267076324879795
sp|Q95KU1.1|OPSD_FELCA,sp|O62798.1|OPSD_TURTR,short_wave,short_wave,True,0.99890184,44.797687861271676
sp|Q95KU1.1|OPSD_FELCA,sp|Q90214.1|OPSD1_ANGAN,short_wave,short_wave,True,0.9964928,45.49656897542508
sp|Q95KU1.1|OPSD_FELCA,sp|P22671.1|OPSD_LETCA,short_wave,short_wave,True,0.9966303,46.12544215339487
sp|Q95KU1.1|OPSD_FELCA,sp|P08100.1|OPSD_HUMAN,short_wave,short_wave,True,0.9992525,45.40470953330946
sp|Q95KU1.1|OPSD_FELCA,sp|O62792.1|OPSD_GLOME,short_wave,short_wave,True,0.99854064,44.653179190751445
sp|Q95KU1.1|OPSD_FELCA,sp|P02700.2|OPSD_SHEEP,short_wave,short_wave,True,0.99944544,44.653179190751445
sp|Q95KU1.1|OPSD_FELCA,sp|O18766.1|OPSD_PIG,short_wave,short_wave,True,0.99965715,45.43491886621631
sp|Q95KU1.1|OPSD_FELCA,sp|Q9YGZ0.1|OPSD_SARPI,short_wave,short_wave,True,0.99498427,45.158737216540686
sp|Q95KU1.1|OPSD_FELCA,sp|P29403.1|OPSD_XENLA,short_wave,short_wave,True,0.99714446,46.71752677533024
sp|Q95KU1.1|OPSD_FELCA,sp|P79807.1|OPSD_MYRVI,short_wave,short_wave,True,0.9939826,45.49932744392336
sp|Q95KU1.1|OPSD_FELCA,sp|P79898.1|OPSD_SARDI,short_wave,short_wave,True,0.99393904,44.88063070766495
sp|Q95KU1.1|OPSD_FELCA,sp|P32308.1|OPSD_CANLF,short_wave,short_wave,True,0.9995079,45.23121387283237
sp|Q95KU1.1|OPSD_FELCA,sp|O42604.1|OPSD_ZEUFA,short_wave,short_wave,True,0.9937866,46.4104220875609
sp|Q95KU1.1|OPSD_FELCA,sp|P79914.1|OPSD_SARXA,short_wave,short_wave,True,0.9936772,46.05432438798992
sp|Q95KU1.1|OPSD_FELCA,sp|P79911.1|OPSD_SARTI,short_wave,short_wave,True,0.994993,45.49932744392336
sp|Q95KU1.1|OPSD_FELCA,sp|O62796.1|OPSD_TRIMA,short_wave,short_wave,True,0.99965674,45.08670520231214
sp|Q95KU1.1|OPSD_FELCA,sp|P51474.1|OPSG3_PSAFA,short_wave,short_wave,True,0.99489534,46.235660293463766
sp|Q95KU1.1|OPSD_FELCA,sp|P79901.1|OPSD_SARMI,short_wave,short_wave,True,0.9941937,44.43684372541642
sp|Q95KU1.1|OPSD_FELCA,sp|P79798.1|OPSD_MYRBE,short_wave,short_wave,True,0.9921699,45.49932744392336
sp|Q95KU1.1|OPSD_FELCA,sp|P79902.1|OPSD_SARPU,short_wave,short_wave,True,0.9942647,45.02855970174778
sp|Q95KU1.1|OPSD_FELCA,sp|P79808.1|OPSD_NEOAR,short_wave,short_wave,True,0.9935252,45.74084476416547
sp|Q95KU1.1|OPSD_FELCA,sp|P79809.1|OPSD_NEOAU,short_wave,short_wave,True,0.9943627,45.971025557130915
sp|Q95KU1.1|OPSD_FELCA,sp|P79903.1|OPSD_SARSP,short_wave,short_wave,True,0.99491143,45.184862035118336
sp|Q95KU1.1|OPSD_FELCA,sp|P51488.1|OPSD_CYPCA,short_wave,short_wave,True,0.99495184,46.064062660327664
sp|Q95KU1.1|OPSD_FELCA,sp|P79812.1|OPSD_NEOSA,short_wave,short_wave,True,0.993299,45.8975845760777
sp|Q95KU1.1|OPSD_FELCA,sp|Q9YGY9.1|OPSD_ZOSOP,short_wave,short_wave,True,0.99426293,44.93771879833917
sp|Q95KU1.1|OPSD_FELCA,sp|Q9YGZ2.1|OPSD_GOBNI,short_wave,short_wave,True,0.9950988,45.078563868761705
sp|Q95KU1.1|OPSD_FELCA,sp|P41590.1|OPSD_PSAFA,short_wave,short_wave,True,0.994613,44.41835260115607
sp|Q95KU1.1|OPSD_FELCA,sp|P51475.1|OPSP_CHICK,short_wave,short_wave,True,0.96189207,45.806192480310145
sp|Q95KU1.1|OPSD_FELCA,sp|P32309.1|OPSD_CARAU,short_wave,short_wave,True,0.9937845,45.620275678079146
sp|Q95KU1.1|OPSD_FELCA,sp|Q9R024.1|OPSG_CAVPO,short_wave,short_wave,True,0.9797119,44.24993942750338
sp|Q95KU1.1|OPSD_FELCA,sp|P87369.1|OPSD_ORYLA,short_wave,short_wave,True,0.99480563,45.620275678079146
sp|Q95KU1.1|OPSD_FELCA,sp|P34989.1|OPSL_CALJA,short_wave,short_wave,True,0.9838012,43.9719240297275
sp|Q95KU1.1|OPSD_FELCA,sp|Q9YH05.1|OPSD_DIPAN,short_wave,short_wave,True,0.99523425,44.176590423505644
sp|Q95KU1.1|OPSD_FELCA,sp|Q9YGZ8.1|OPSD_CHELB,short_wave,short_wave,True,0.9919009,44.46312337479504
sp|Q95KU1.1|OPSD_FELCA,sp|Q9YGZ5.1|OPSD_SOLSO,short_wave,short_wave,True,0.99411124,45.24273910422355
sp|Q95KU1.1|OPSD_FELCA,sp|O35476.2|OPSG_RAT,short_wave,short_wave,True,0.9860031,45.05888055146663
sp|Q95KU1.1|OPSD_FELCA,sp|Q9DGG4.1|OPSD_TETNG,short_wave,short_wave,True,0.99440396,44.45346496070663
sp|Q95KU1.1|OPSD_FELCA,sp|Q9YGZ3.1|OPSD_SALPV,short_wave,short_wave,True,0.9945615,44.532148119363356
sp|Q95KU1.1|OPSD_FELCA,sp|P35359.2|OPSD_DANRE,short_wave,short_wave,True,0.99485576,45.201962873059394
sp|Q95KU1.1|OPSD_FELCA,sp|P79848.1|OPSD_POERE,short_wave,short_wave,True,0.99409163,45.620275678079146
sp|Q95KU1.1|OPSD_FELCA,sp|O35599.1|OPSG_MOUSE,short_wave,short_wave,True,0.9850974,45.05888055146663
sp|Q95KU1.1|OPSD_FELCA,sp|O35478.2|OPSG_SCICA,short_wave,short_wave,True,0.9834131,44.10023882870098
sp|Q95KU1.1|OPSD_FELCA,sp|Q9YGZ6.1|OPSD_CHEAU,short_wave,short_wave,True,0.992566,44.59391439890888
sp|Q95KU1.1|OPSD_FELCA,sp|Q98980.1|OPSD_PETMA,short_wave,short_wave,True,0.9954612,46.12544215339487
sp|Q95KU1.1|OPSD_FELCA,sp|P04000.2|OPSR_HUMAN,short_wave,long_wave,False,0.9793868,72.54335260115607
sp|Q95KU1.1|OPSD_FELCA,sp|P04001.1|OPSG_HUMAN,short_wave,long_wave,False,0.9792012,70.75763831544178
sp|Q95KU1.1|OPSD_FELCA,sp|O18913.2|OPSR_FELCA,short_wave,long_wave,False,0.97538865,68.01038556818904
sp|Q95KU1.1|OPSD_FELCA,sp|O18912.2|OPSR_HORSE,short_wave,long_wave,False,0.9789654,67.32357238137585
sp|Q95KU1.1|OPSD_FELCA,sp|Q9BGI7.1|OPSR_BOVIN,short_wave,long_wave,False,0.97976077,67.46093501873848
sp|Q95KU1.1|OPSD_FELCA,sp|Q95170.1|OPSR_CAPHI,short_wave,long_wave,False,0.9798897,67.32357238137585
sp|Q95KU1.1|OPSD_FELCA,sp|O18914.2|OPSR_CANLF,short_wave,long_wave,False,0.97804093,67.18620974401321
sp|Q95KU1.1|OPSD_FELCA,sp|O18910.2|OPSG_RABIT,short_wave,long_wave,False,0.98034406,66.36203391983739
sp|Q95KU1.1|OPSD_FELCA,sp|P41592.1|OPSR_ANOCA,short_wave,long_wave,False,0.97785705,63.78629045426341
sp|Q95KU1.1|OPSD_FELCA,sp|P22329.1|OPSR_CHICK,short_wave,long_wave,False,0.9787284,66.12544215339487
sp|Q95KU1.1|OPSD_FELCA,sp|P87367.1|OPSR_ORYLA,short_wave,long_wave,False,0.97922623,62.93332474600287
sp|Q95KU1.1|OPSD_FELCA,sp|P32313.1|OPSR_CARAU,short_wave,long_wave,False,0.980576,62.097670149902584
sp|Q95KU1.1|OPSD_FELCA,sp|O12948.1|OPSR_XENLA,short_wave,long_wave,False,0.9834758,61.950132262173014
sp|Q95KU1.1|OPSD_FELCA,sp|Q9W6A7.1|OPSR1_DANRE,short_wave,long_wave,False,0.9798652,61.67984285185244
sp|Q95KU1.1|OPSD_FELCA,sp|P22332.2|OPSR_PSAFA,short_wave,long_wave,False,0.9811971,60.98346402176888
sp|Q95KU1.1|OPSD_FELCA,sp|Q8AYN0.1|OPSR2_DANRE,short_wave,long_wave,False,0.9789713,62.24923495409725
sp|Q95KU1.1|OPSD_FELCA,sp|P35358.1|OPSG_GEKGE,short_wave,long_wave,False,0.9755596,60.67894582149505
sp|Q95KU1.1|OPSD_FELCA,sp|P22331.1|OPSG2_PSAFA,short_wave,long_wave,False,0.98230886,60.77864671880313
sp|Q95KU1.1|OPSD_FELCA,sp|P22330.1|OPSG1_PSAFA,short_wave,long_wave,False,0.9831776,59.89629377762665
sp|Q95KU1.1|OPSD_FELCA,sp|O18911.1|OPSG_ODOVI,short_wave,long_wave,False,0.96744937,67.59829765610112
sp|Q95KU1.1|OPSD_FELCA,sp|Q90215.1|OPSD2_ANGAN,short_wave,long_wave,False,0.99557704,44.33822439602787
sp|Q95KU1.1|OPSD_FELCA,sp|P79756.1|OPSD_GAMAF,short_wave,long_wave,False,0.99397063,43.95097723458716
sp|Q95KU1.1|OPSD_FELCA,sp|O42490.1|OPSP_PETMA,short_wave,long_wave,False,0.94193125,42.65666704874813
sp|O62791.1|OPSD_DELDE,sp|P32312.1|OPSG2_CARAU,short_wave,short_wave,True,0.9943231,46.24499777678969
sp|O62791.1|OPSD_DELDE,sp|P15409.2|OPSD_MOUSE,short_wave,short_wave,True,0.99880517,44.653179190751445
sp|O62791.1|OPSD_DELDE,sp|P22328.1|OPSD_CHICK,short_wave,short_wave,True,0.9972857,45.71262692183818
sp|O62791.1|OPSD_DELDE,sp|Q6W3E1.1|OPSD_CALPD,short_wave,short_wave,True,0.9989302,44.653179190751445
sp|O62791.1|OPSD_DELDE,sp|P51471.1|OPSB_ANOCA,short_wave,short_wave,True,0.9949758,45.763329911944254
sp|O62791.1|OPSD_DELDE,sp|P28681.1|OPSD_CRIGR,short_wave,short_wave,True,0.9989618,45.08670520231214
sp|O62791.1|OPSD_DELDE,sp|P56515.1|OPSD_RHIMB,short_wave,short_wave,True,0.9978923,46.422867954659864
sp|O62791.1|OPSD_DELDE,sp|O62793.1|OPSD_MESBI,short_wave,short_wave,True,0.9994151,44.52273773594557
sp|O62791.1|OPSD_DELDE,sp|P79863.1|OPSD_LEUER,short_wave,short_wave,True,0.9976349,45.309506754843326
sp|O62791.1|OPSD_DELDE,sp|P56514.1|OPSD_BUFBU,short_wave,short_wave,True,0.99718606,46.122567654359564
sp|O62791.1|OPSD_DELDE,sp|O62798.1|OPSD_TURTR,short_wave,short_wave,True,0.99983025,44.653179190751445
sp|O62791.1|OPSD_DELDE,sp|Q90214.1|OPSD1_ANGAN,short_wave,short_wave,True,0.9973741,45.35206030490484
sp|O62791.1|OPSD_DELDE,sp|P22671.1|OPSD_LETCA,short_wave,short_wave,True,0.9965203,45.98093348287465
sp|O62791.1|OPSD_DELDE,sp|P08100.1|OPSD_HUMAN,short_wave,short_wave,True,0.99925625,45.26020086278923
sp|O62791.1|OPSD_DELDE,sp|O62792.1|OPSD_GLOME,short_wave,short_wave,True,0.9997585,44.50867052023121
sp|O62791.1|OPSD_DELDE,sp|P02700.2|OPSD_SHEEP,short_wave,short_wave,True,0.99911064,44.50867052023121
sp|O62791.1|OPSD_DELDE,sp|O18766.1|OPSD_PIG,short_wave,short_wave,True,0.99934125,45.29041019569608
sp|O62791.1|OPSD_DELDE,sp|Q9YGZ0.1|OPSD_SARPI,short_wave,short_wave,True,0.99548995,45.01422854602045
sp|O62791.1|OPSD_DELDE,sp|P29403.1|OPSD_XENLA,short_wave,short_wave,True,0.99790597,46.57301810481001
sp|O62791.1|OPSD_DELDE,sp|P79807.1|OPSD_MYRVI,short_wave,short_wave,True,0.99535036,45.35481877340314
sp|O62791.1|OPSD_DELDE,sp|P79898.1|OPSD_SARDI,short_wave,short_wave,True,0.99499226,44.73612203714471
sp|O62791.1|OPSD_DELDE,sp|P32308.1|OPSD_CANLF,short_wave,short_wave,True,0.9988976,45.08670520231214
sp|O62791.1|OPSD_DELDE,sp|O42604.1|OPSD_ZEUFA,short_wave,short_wave,True,0.99519897,46.26591341704067
sp|O62791.1|OPSD_DELDE,sp|P79914.1|OPSD_SARXA,short_wave,short_wave,True,0.9948417,45.9098157174697
sp|O62791.1|OPSD_DELDE,sp|P79911.1|OPSD_SARTI,short_wave,short_wave,True,0.9961858,45.35481877340314
sp|O62791.1|OPSD_DELDE,sp|O62796.1|OPSD_TRIMA,short_wave,short_wave,True,0.9986538,44.94219653179191
sp|O62791.1|OPSD_DELDE,sp|P51474.1|OPSG3_PSAFA,short_wave,short_wave,True,0.9948815,46.09115162294353
sp|O62791.1|OPSD_DELDE,sp|P79901.1|OPSD_SARMI,short_wave,short_wave,True,0.99519944,44.2923350548962
sp|O62791.1|OPSD_DELDE,sp|P79798.1|OPSD_MYRBE,short_wave,short_wave,True,0.994083,45.35481877340314
sp|O62791.1|OPSD_DELDE,sp|P79902.1|OPSD_SARPU,short_wave,short_wave,True,0.99532425,44.88405103122756
sp|O62791.1|OPSD_DELDE,sp|P79808.1|OPSD_NEOAR,short_wave,short_wave,True,0.99494934,45.59633609364524
sp|O62791.1|OPSD_DELDE,sp|P79809.1|OPSD_NEOAU,short_wave,short_wave,True,0.995577,45.826516886610676
sp|O62791.1|OPSD_DELDE,sp|P79903.1|OPSD_SARSP,short_wave,short_wave,True,0.9960303,45.040353364598104
sp|O62791.1|OPSD_DELDE,sp|P51488.1|OPSD_CYPCA,short_wave,short_wave,True,0.9952848,45.91955398980744
sp|O62791.1|OPSD_DELDE,sp|P79812.1|OPSD_NEOSA,short_wave,short_wave,True,0.9946208,45.753075905557466
sp|O62791.1|OPSD_DELDE,sp|Q9YGY9.1|OPSD_ZOSOP,short_wave,short_wave,True,0.99507165,44.79321012781894
sp|O62791.1|OPSD_DELDE,sp|Q9YGZ2.1|OPSD_GOBNI,short_wave,short_wave,True,0.9957,44.934055198241474
sp|O62791.1|OPSD_DELDE,sp|P41590.1|OPSD_PSAFA,short_wave,short_wave,True,0.99550676,44.273843930635834
sp|O62791.1|OPSD_DELDE,sp|P51475.1|OPSP_CHICK,short_wave,short_wave,True,0.9640921,45.66168380978992
sp|O62791.1|OPSD_DELDE,sp|P32309.1|OPSD_CARAU,short_wave,short_wave,True,0.9948026,45.475767007558915
sp|O62791.1|OPSD_DELDE,sp|Q9R024.1|OPSG_CAVPO,short_wave,short_wave,True,0.9831456,44.10543075698314
sp|O62791.1|OPSD_DELDE,sp|P87369.1|OPSD_ORYLA,short_wave,short_wave,True,0.99526584,45.475767007558915
sp|O62791.1|OPSD_DELDE,sp|P34989.1|OPSL_CALJA,short_wave,short_wave,True,0.98670036,43.827415359207265
sp|O62791.1|OPSD_DELDE,sp|Q9YH05.1|OPSD_DIPAN,short_wave,short_wave,True,0.9959793,44.032081752985405
sp|O62791.1|OPSD_DELDE,sp|Q9YGZ8.1|OPSD_CHELB,short_wave,short_wave,True,0.9928834,44.31861470427481
sp|O62791.1|OPSD_DELDE,sp|Q9YGZ5.1|OPSD_SOLSO,short_wave,short_wave,True,0.9956367,45.09823043370332
sp|O62791.1|OPSD_DELDE,sp|O35476.2|OPSG_RAT,short_wave,short_wave,True,0.9891176,44.9143718809464
sp|O62791.1|OPSD_DELDE,sp|Q9DGG4.1|OPSD_TETNG,short_wave,short_wave,True,0.99564403,44.3089562901864
sp|O62791.1|OPSD_DELDE,sp|Q9YGZ3.1|OPSD_SALPV,short_wave,short_wave,True,0.99530005,44.38763944884312
sp|O62791.1|OPSD_DELDE,sp|P35359.2|OPSD_DANRE,short_wave,short_wave,True,0.9955285,45.05745420253916
sp|O62791.1|OPSD_DELDE,sp|P79848.1|OPSD_POERE,short_wave,short_wave,True,0.9954382,45.475767007558915
sp|O62791.1|OPSD_DELDE,sp|O35599.1|OPSG_MOUSE,short_wave,short_wave,True,0.9881614,44.9143718809464
sp|O62791.1|OPSD_DELDE,sp|O35478.2|OPSG_SCICA,short_wave,short_wave,True,0.98648846,43.95573015818075
sp|O62791.1|OPSD_DELDE,sp|Q9YGZ6.1|OPSD_CHEAU,short_wave,short_wave,True,0.9933692,44.44940572838865
sp|O62791.1|OPSD_DELDE,sp|Q98980.1|OPSD_PETMA,short_wave,short_wave,True,0.99591935,45.98093348287465
sp|O62791.1|OPSD_DELDE,sp|P04000.2|OPSR_HUMAN,short_wave,long_wave,False,0.98293614,72.39884393063583
sp|O62791.1|OPSD_DELDE,sp|P04001.1|OPSG_HUMAN,short_wave,long_wave,False,0.9825294,70.61312964492156
sp|O62791.1|OPSD_DELDE,sp|O18913.2|OPSR_FELCA,short_wave,long_wave,False,0.97946024,67.8658768976688
sp|O62791.1|OPSD_DELDE,sp|O18912.2|OPSR_HORSE,short_wave,long_wave,False,0.9822278,67.17906371085562
sp|O62791.1|OPSD_DELDE,sp|Q9BGI7.1|OPSR_BOVIN,short_wave,long_wave,False,0.983263,67.31642634821826
sp|O62791.1|OPSD_DELDE,sp|Q95170.1|OPSR_CAPHI,short_wave,long_wave,False,0.9833472,67.17906371085562
sp|O62791.1|OPSD_DELDE,sp|O18914.2|OPSR_CANLF,short_wave,long_wave,False,0.9820609,67.04170107349299
sp|O62791.1|OPSD_DELDE,sp|O18910.2|OPSG_RABIT,short_wave,long_wave,False,0.9835552,66.21752524931716
sp|O62791.1|OPSD_DELDE,sp|P41592.1|OPSR_ANOCA,short_wave,long_wave,False,0.9819701,63.641781783743184
sp|O62791.1|OPSD_DELDE,sp|P22329.1|OPSR_CHICK,short_wave,long_wave,False,0.9822402,65.98093348287465
sp|O62791.1|OPSD_DELDE,sp|P87367.1|OPSR_ORYLA,short_wave,long_wave,False,0.9823928,62.78881607548263
sp|O62791.1|OPSD_DELDE,sp|P32313.1|OPSR_CARAU,short_wave,long_wave,False,0.98341733,61.95316147938236
sp|O62791.1|OPSD_DELDE,sp|O12948.1|OPSR_XENLA,short_wave,long_wave,False,0.9867765,61.80562359165279
sp|O62791.1|OPSD_DELDE,sp|Q9W6A7.1|OPSR1_DANRE,short_wave,long_wave,False,0.9820416,61.53533418133222
sp|O62791.1|OPSD_DELDE,sp|P22332.2|OPSR_PSAFA,short_wave,long_wave,False,0.98331845,60.83895535124866
sp|O62791.1|OPSD_DELDE,sp|Q8AYN0.1|OPSR2_DANRE,short_wave,long_wave,False,0.9817617,62.10472628357701
sp|O62791.1|OPSD_DELDE,sp|P35358.1|OPSG_GEKGE,short_wave,long_wave,False,0.9801674,60.534437150974824
sp|O62791.1|OPSD_DELDE,sp|P22331.1|OPSG2_PSAFA,short_wave,long_wave,False,0.9854348,60.63413804828289
sp|O62791.1|OPSD_DELDE,sp|P22330.1|OPSG1_PSAFA,short_wave,long_wave,False,0.9865498,59.75178510710643
sp|O62791.1|OPSD_DELDE,sp|O18911.1|OPSG_ODOVI,short_wave,long_wave,False,0.9686283,67.4537889855809
sp|O62791.1|OPSD_DELDE,sp|Q90215.1|OPSD2_ANGAN,short_wave,long_wave,False,0.9960902,44.19371572550763
sp|O62791.1|OPSD_DELDE,sp|P79756.1|OPSD_GAMAF,short_wave,long_wave,False,0.9951108,43.80646856406692
sp|O62791.1|OPSD_DELDE,sp|O42490.1|OPSP_PETMA,short_wave,long_wave,False,0.94849086,42.51215837822791
sp|P32312.1|OPSG2_CARAU,sp|P15409.2|OPSD_MOUSE,short_wave,short_wave,True,0.99267787,46.10048910626945
sp|P32312.1|OPSG2_CARAU,sp|P22328.1|OPSD_CHICK,short_wave,short_wave,True,0.99200505,47.15993683735619
sp|P32312.1|OPSG2_CARAU,sp|Q6W3E1.1|OPSD_CALPD,short_wave,short_wave,True,0.99360055,46.10048910626945
sp|P32312.1|OPSG2_CARAU,sp|P51471.1|OPSB_ANOCA,short_wave,short_wave,True,0.99371314,47.21063982746226
sp|P32312.1|OPSG2_CARAU,sp|P28681.1|OPSD_CRIGR,short_wave,short_wave,True,0.9932138,46.53401511783015
sp|P32312.1|OPSG2_CARAU,sp|P56515.1|OPSD_RHIMB,short_wave,short_wave,True,0.9924239,47.87017787017787
sp|P32312.1|OPSG2_CARAU,sp|O62793.1|OPSD_MESBI,short_wave,short_wave,True,0.99425095,45.97004765146358
sp|P32312.1|OPSG2_CARAU,sp|P79863.1|OPSD_LEUER,short_wave,short_wave,True,0.99271524,46.75681667036134
sp|P32312.1|OPSG2_CARAU,sp|P56514.1|OPSD_BUFBU,short_wave,short_wave,True,0.99128824,47.569877569877576
sp|P32312.1|OPSG2_CARAU,sp|O62798.1|OPSD_TURTR,short_wave,short_wave,True,0.9947052,46.10048910626945
sp|P32312.1|OPSG2_CARAU,sp|Q90214.1|OPSD1_ANGAN,short_wave,short_wave,True,0.9919311,46.79937022042285
sp|P32312.1|OPSG2_CARAU,sp|P22671.1|OPSD_LETCA,short_wave,short_wave,True,0.9959197,47.42824339839265
sp|P32312.1|OPSG2_CARAU,sp|P08100.1|OPSD_HUMAN,short_wave,short_wave,True,0.99432504,46.70751077830724
sp|P32312.1|OPSG2_CARAU,sp|O62792.1|OPSD_GLOME,short_wave,short_wave,True,0.9945942,45.955980435749225
sp|P32312.1|OPSG2_CARAU,sp|P02700.2|OPSD_SHEEP,short_wave,short_wave,True,0.9951106,45.955980435749225
sp|P32312.1|OPSG2_CARAU,sp|O18766.1|OPSD_PIG,short_wave,short_wave,True,0.99393684,46.73772011121409
sp|P32312.1|OPSG2_CARAU,sp|Q9YGZ0.1|OPSD_SARPI,short_wave,short_wave,True,0.9935346,46.46153846153846
sp|P32312.1|OPSG2_CARAU,sp|P29403.1|OPSD_XENLA,short_wave,short_wave,True,0.99358606,48.02032802032802
sp|P32312.1|OPSG2_CARAU,sp|P79807.1|OPSD_MYRVI,short_wave,short_wave,True,0.99315894,46.802128688921144
sp|P32312.1|OPSG2_CARAU,sp|P79898.1|OPSD_SARDI,short_wave,short_wave,True,0.99145335,46.18343195266272
sp|P32312.1|OPSG2_CARAU,sp|P32308.1|OPSD_CANLF,short_wave,short_wave,True,0.99371135,46.53401511783015
sp|P32312.1|OPSG2_CARAU,sp|O42604.1|OPSD_ZEUFA,short_wave,short_wave,True,0.9925592,47.713223332558684
sp|P32312.1|OPSG2_CARAU,sp|P79914.1|OPSD_SARXA,short_wave,short_wave,True,0.9926775,47.3571256329877
sp|P32312.1|OPSG2_CARAU,sp|P79911.1|OPSD_SARTI,short_wave,short_wave,True,0.9928168,46.802128688921144
sp|P32312.1|OPSG2_CARAU,sp|O62796.1|OPSD_TRIMA,short_wave,short_wave,True,0.9931455,46.38950644730991
sp|P32312.1|OPSG2_CARAU,sp|P51474.1|OPSG3_PSAFA,short_wave,short_wave,True,0.9972993,47.53846153846154
sp|P32312.1|OPSG2_CARAU,sp|P79901.1|OPSD_SARMI,short_wave,short_wave,True,0.99114245,45.739644970414204
sp|P32312.1|OPSG2_CARAU,sp|P79798.1|OPSD_MYRBE,short_wave,short_wave,True,0.9933847,46.802128688921144
sp|P32312.1|OPSG2_CARAU,sp|P79902.1|OPSD_SARPU,short_wave,short_wave,True,0.99194944,46.33136094674556
sp|P32312.1|OPSG2_CARAU,sp|P79808.1|OPSD_NEOAR,short_wave,short_wave,True,0.9926197,47.043646009163254
sp|P32312.1|OPSG2_CARAU,sp|P79809.1|OPSD_NEOAU,short_wave,short_wave,True,0.9926678,47.27382680212869
sp|P32312.1|OPSG2_CARAU,sp|P79903.1|OPSD_SARSP,short_wave,short_wave,True,0.9928931,46.48766328011611
sp|P32312.1|OPSG2_CARAU,sp|P51488.1|OPSD_CYPCA,short_wave,short_wave,True,0.990614,47.366863905325445
sp|P32312.1|OPSG2_CARAU,sp|P79812.1|OPSD_NEOSA,short_wave,short_wave,True,0.99205315,47.20038582107547
sp|P32312.1|OPSG2_CARAU,sp|Q9YGY9.1|OPSD_ZOSOP,short_wave,short_wave,True,0.99342984,46.24052004333694
sp|P32312.1|OPSG2_CARAU,sp|Q9YGZ2.1|OPSD_GOBNI,short_wave,short_wave,True,0.993747,46.381365113759486
sp|P32312.1|OPSG2_CARAU,sp|P41590.1|OPSD_PSAFA,short_wave,short_wave,True,0.99208134,45.72115384615385
sp|P32312.1|OPSG2_CARAU,sp|P51475.1|OPSP_CHICK,short_wave,short_wave,True,0.97787213,47.108993725307926
sp|P32312.1|OPSG2_CARAU,sp|P32309.1|OPSD_CARAU,short_wave,short_wave,True,0.98932177,46.92307692307692
sp|P32312.1|OPSG2_CARAU,sp|Q9R024.1|OPSG_CAVPO,short_wave,short_wave,True,0.9878634,45.55274067250115
sp|P32312.1|OPSG2_CARAU,sp|P87369.1|OPSD_ORYLA,short_wave,short_wave,True,0.99302197,46.92307692307692
sp|P32312.1|OPSG2_CARAU,sp|P34989.1|OPSL_CALJA,short_wave,short_wave,True,0.9894482,45.27472527472527
sp|P32312.1|OPSG2_CARAU,sp|Q9YH05.1|OPSD_DIPAN,short_wave,short_wave,True,0.9942721,45.47939166850342
sp|P32312.1|OPSG2_CARAU,sp|Q9YGZ8.1|OPSD_CHELB,short_wave,short_wave,True,0.99245274,45.76592461979281
sp|P32312.1|OPSG2_CARAU,sp|Q9YGZ5.1|OPSD_SOLSO,short_wave,short_wave,True,0.9933278,46.545540349221326
sp|P32312.1|OPSG2_CARAU,sp|O35476.2|OPSG_RAT,short_wave,short_wave,True,0.9897109,46.36168179646441
sp|P32312.1|OPSG2_CARAU,sp|Q9DGG4.1|OPSD_TETNG,short_wave,short_wave,True,0.9938262,45.75626620570441
sp|P32312.1|OPSG2_CARAU,sp|Q9YGZ3.1|OPSD_SALPV,short_wave,short_wave,True,0.9941902,45.83494936436113
sp|P32312.1|OPSG2_CARAU,sp|P35359.2|OPSD_DANRE,short_wave,short_wave,True,0.99225557,46.50476411805717
sp|P32312.1|OPSG2_CARAU,sp|P79848.1|OPSD_POERE,short_wave,short_wave,True,0.9927335,46.92307692307692
sp|P32312.1|OPSG2_CARAU,sp|O35599.1|OPSG_MOUSE,short_wave,short_wave,True,0.9886434,46.36168179646441
sp|P32312.1|OPSG2_CARAU,sp|O35478.2|OPSG_SCICA,short_wave,short_wave,True,0.98854756,45.40304007369876
sp|P32312.1|OPSG2_CARAU,sp|Q9YGZ6.1|OPSD_CHEAU,short_wave,short_wave,True,0.9928115,45.89671564390666
sp|P32312.1|OPSG2_CARAU,sp|Q98980.1|OPSD_PETMA,short_wave,short_wave,True,0.9946338,47.42824339839265
sp|P32312.1|OPSG2_CARAU,sp|P04000.2|OPSR_HUMAN,short_wave,long_wave,False,0.9867217,73.84615384615384
sp|P32312.1|OPSG2_CARAU,sp|P04001.1|OPSG_HUMAN,short_wave,long_wave,False,0.9870933,72.06043956043956
sp|P32312.1|OPSG2_CARAU,sp|O18913.2|OPSR_FELCA,short_wave,long_wave,False,0.98488086,69.3131868131868
sp|P32312.1|OPSG2_CARAU,sp|O18912.2|OPSR_HORSE,short_wave,long_wave,False,0.9881941,68.62637362637363
sp|P32312.1|OPSG2_CARAU,sp|Q9BGI7.1|OPSR_BOVIN,short_wave,long_wave,False,0.9881375,68.76373626373626
sp|P32312.1|OPSG2_CARAU,sp|Q95170.1|OPSR_CAPHI,short_wave,long_wave,False,0.9884348,68.62637362637363
sp|P32312.1|OPSG2_CARAU,sp|O18914.2|OPSR_CANLF,short_wave,long_wave,False,0.98784214,68.48901098901099
sp|P32312.1|OPSG2_CARAU,sp|O18910.2|OPSG_RABIT,short_wave,long_wave,False,0.98800874,67.66483516483517
sp|P32312.1|OPSG2_CARAU,sp|P41592.1|OPSR_ANOCA,short_wave,long_wave,False,0.98475045,65.08909169926119
sp|P32312.1|OPSG2_CARAU,sp|P22329.1|OPSR_CHICK,short_wave,long_wave,False,0.9873335,67.42824339839265
sp|P32312.1|OPSG2_CARAU,sp|P87367.1|OPSR_ORYLA,short_wave,long_wave,False,0.985713,64.23612599100065
sp|P32312.1|OPSG2_CARAU,sp|P32313.1|OPSR_CARAU,short_wave,long_wave,False,0.98464334,63.400471394900364
sp|P32312.1|OPSG2_CARAU,sp|O12948.1|OPSR_XENLA,short_wave,long_wave,False,0.98435163,63.252933507170795
sp|P32312.1|OPSG2_CARAU,sp|Q9W6A7.1|OPSR1_DANRE,short_wave,long_wave,False,0.98378193,62.98264409685022
sp|P32312.1|OPSG2_CARAU,sp|P22332.2|OPSR_PSAFA,short_wave,long_wave,False,0.9865393,62.28626526676666
sp|P32312.1|OPSG2_CARAU,sp|Q8AYN0.1|OPSR2_DANRE,short_wave,long_wave,False,0.9845501,63.55203619909502
sp|P32312.1|OPSG2_CARAU,sp|P35358.1|OPSG_GEKGE,short_wave,long_wave,False,0.98046464,61.98174706649283
sp|P32312.1|OPSG2_CARAU,sp|P22331.1|OPSG2_PSAFA,short_wave,long_wave,False,0.98307574,62.081447963800905
sp|P32312.1|OPSG2_CARAU,sp|P22330.1|OPSG1_PSAFA,short_wave,long_wave,False,0.9854901,61.199095022624434
sp|P32312.1|OPSG2_CARAU,sp|O18911.1|OPSG_ODOVI,short_wave,long_wave,False,0.9747263,68.9010989010989
sp|P32312.1|OPSG2_CARAU,sp|Q90215.1|OPSD2_ANGAN,short_wave,long_wave,False,0.99132735,45.64102564102564
sp|P32312.1|OPSG2_CARAU,sp|P79756.1|OPSD_GAMAF,short_wave,long_wave,False,0.99311596,45.25377847958493
sp|P32312.1|OPSG2_CARAU,sp|O42490.1|OPSP_PETMA,short_wave,long_wave,False,0.9598497,43.959468293745914
sp|P15409.2|OPSD_MOUSE,sp|P22328.1|OPSD_CHICK,short_wave,short_wave,True,0.99618655,45.568118251317955
sp|P15409.2|OPSD_MOUSE,sp|Q6W3E1.1|OPSD_CALPD,short_wave,short_wave,True,0.9989214,44.50867052023121
sp|P15409.2|OPSD_MOUSE,sp|P51471.1|OPSB_ANOCA,short_wave,short_wave,True,0.99320173,45.618821241424016
sp|P15409.2|OPSD_MOUSE,sp|P28681.1|OPSD_CRIGR,short_wave,short_wave,True,0.99962205,44.94219653179191
sp|P15409.2|OPSD_MOUSE,sp|P56515.1|OPSD_RHIMB,short_wave,short_wave,True,0.9971787,46.278359284139626
sp|P15409.2|OPSD_MOUSE,sp|O62793.1|OPSD_MESBI,short_wave,short_wave,True,0.998268,44.378229065425344
sp|P15409.2|OPSD_MOUSE,sp|P79863.1|OPSD_LEUER,short_wave,short_wave,True,0.9967437,45.1649980843231
sp|P15409.2|OPSD_MOUSE,sp|P56514.1|OPSD_BUFBU,short_wave,short_wave,True,0.99600285,45.97805898383933
sp|P15409.2|OPSD_MOUSE,sp|O62798.1|OPSD_TURTR,short_wave,short_wave,True,0.998682,44.50867052023121
sp|P15409.2|OPSD_MOUSE,sp|Q90214.1|OPSD1_ANGAN,short_wave,short_wave,True,0.99559224,45.207551634384615
sp|P15409.2|OPSD_MOUSE,sp|P22671.1|OPSD_LETCA,short_wave,short_wave,True,0.9952009,45.83642481235441
sp|P15409.2|OPSD_MOUSE,sp|P08100.1|OPSD_HUMAN,short_wave,short_wave,True,0.99923074,45.115692192268995
sp|P15409.2|OPSD_MOUSE,sp|O62792.1|OPSD_GLOME,short_wave,short_wave,True,0.99814594,44.36416184971098
sp|P15409.2|OPSD_MOUSE,sp|P02700.2|OPSD_SHEEP,short_wave,short_wave,True,0.99907434,44.36416184971098
sp|P15409.2|OPSD_MOUSE,sp|O18766.1|OPSD_PIG,short_wave,short_wave,True,0.99928266,45.145901525175844
sp|P15409.2|OPSD_MOUSE,sp|Q9YGZ0.1|OPSD_SARPI,short_wave,short_wave,True,0.9939348,44.86971987550022
sp|P15409.2|OPSD_MOUSE,sp|P29403.1|OPSD_XENLA,short_wave,short_wave,True,0.99576277,46.42850943428978
sp|P15409.2|OPSD_MOUSE,sp|P79807.1|OPSD_MYRVI,short_wave,short_wave,True,0.9929177,45.2103101028829
sp|P15409.2|OPSD_MOUSE,sp|P79898.1|OPSD_SARDI,short_wave,short_wave,True,0.99229383,44.591613366624486
sp|P15409.2|OPSD_MOUSE,sp|P32308.1|OPSD_CANLF,short_wave,short_wave,True,0.9990114,44.94219653179191
sp|P15409.2|OPSD_MOUSE,sp|O42604.1|OPSD_ZEUFA,short_wave,short_wave,True,0.9924407,46.12140474652044
sp|P15409.2|OPSD_MOUSE,sp|P79914.1|OPSD_SARXA,short_wave,short_wave,True,0.9921545,45.76530704694946
sp|P15409.2|OPSD_MOUSE,sp|P79911.1|OPSD_SARTI,short_wave,short_wave,True,0.99343604,45.2103101028829
sp|P15409.2|OPSD_MOUSE,sp|O62796.1|OPSD_TRIMA,short_wave,short_wave,True,0.99895215,44.797687861271676
sp|P15409.2|OPSD_MOUSE,sp|P51474.1|OPSG3_PSAFA,short_wave,short_wave,True,0.9943632,45.9466429524233
sp|P15409.2|OPSD_MOUSE,sp|P79901.1|OPSD_SARMI,short_wave,short_wave,True,0.9928692,44.14782638437596
sp|P15409.2|OPSD_MOUSE,sp|P79798.1|OPSD_MYRBE,short_wave,short_wave,True,0.99096537,45.2103101028829
sp|P15409.2|OPSD_MOUSE,sp|P79902.1|OPSD_SARPU,short_wave,short_wave,True,0.99295104,44.73954236070732
sp|P15409.2|OPSD_MOUSE,sp|P79808.1|OPSD_NEOAR,short_wave,short_wave,True,0.9920565,45.45182742312501
sp|P15409.2|OPSD_MOUSE,sp|P79809.1|OPSD_NEOAU,short_wave,short_wave,True,0.9929689,45.68200821609045
sp|P15409.2|OPSD_MOUSE,sp|P79903.1|OPSD_SARSP,short_wave,short_wave,True,0.99334145,44.89584469407787
sp|P15409.2|OPSD_MOUSE,sp|P51488.1|OPSD_CYPCA,short_wave,short_wave,True,0.99359876,45.7750453192872
sp|P15409.2|OPSD_MOUSE,sp|P79812.1|OPSD_NEOSA,short_wave,short_wave,True,0.99167323,45.608567235037235
sp|P15409.2|OPSD_MOUSE,sp|Q9YGY9.1|OPSD_ZOSOP,short_wave,short_wave,True,0.99304664,44.648701457298706
sp|P15409.2|OPSD_MOUSE,sp|Q9YGZ2.1|OPSD_GOBNI,short_wave,short_wave,True,0.9940441,44.78954652772124
sp|P15409.2|OPSD_MOUSE,sp|P41590.1|OPSD_PSAFA,short_wave,short_wave,True,0.99385417,44.12933526011561
sp|P15409.2|OPSD_MOUSE,sp|P51475.1|OPSP_CHICK,short_wave,short_wave,True,0.9621146,45.51717513926968
sp|P15409.2|OPSD_MOUSE,sp|P32309.1|OPSD_CARAU,short_wave,short_wave,True,0.99254155,45.33125833703868
sp|P15409.2|OPSD_MOUSE,sp|Q9R024.1|OPSG_CAVPO,short_wave,short_wave,True,0.9786447,43.960922086462915
sp|P15409.2|OPSD_MOUSE,sp|P87369.1|OPSD_ORYLA,short_wave,short_wave,True,0.99395865,45.33125833703868
sp|P15409.2|OPSD_MOUSE,sp|P34989.1|OPSL_CALJA,short_wave,short_wave,True,0.98253953,43.682906688687034
sp|P15409.2|OPSD_MOUSE,sp|Q9YH05.1|OPSD_DIPAN,short_wave,short_wave,True,0.9941584,43.88757308246518
sp|P15409.2|OPSD_MOUSE,sp|Q9YGZ8.1|OPSD_CHELB,short_wave,short_wave,True,0.9908918,44.174106033754576
sp|P15409.2|OPSD_MOUSE,sp|Q9YGZ5.1|OPSD_SOLSO,short_wave,short_wave,True,0.99299103,44.95372176318309
sp|P15409.2|OPSD_MOUSE,sp|O35476.2|OPSG_RAT,short_wave,short_wave,True,0.9850484,44.769863210426166
sp|P15409.2|OPSD_MOUSE,sp|Q9DGG4.1|OPSD_TETNG,short_wave,short_wave,True,0.99332833,44.16444761966617
sp|P15409.2|OPSD_MOUSE,sp|Q9YGZ3.1|OPSD_SALPV,short_wave,short_wave,True,0.993483,44.24313077832289
sp|P15409.2|OPSD_MOUSE,sp|P35359.2|OPSD_DANRE,short_wave,short_wave,True,0.99398845,44.91294553201893
sp|P15409.2|OPSD_MOUSE,sp|P79848.1|OPSD_POERE,short_wave,short_wave,True,0.9929909,45.33125833703868
sp|P15409.2|OPSD_MOUSE,sp|O35599.1|OPSG_MOUSE,short_wave,short_wave,True,0.9837287,44.769863210426166
sp|P15409.2|OPSD_MOUSE,sp|O35478.2|OPSG_SCICA,short_wave,short_wave,True,0.9820708,43.81122148766052
sp|P15409.2|OPSD_MOUSE,sp|Q9YGZ6.1|OPSD_CHEAU,short_wave,short_wave,True,0.99144804,44.304897057868416
sp|P15409.2|OPSD_MOUSE,sp|Q98980.1|OPSD_PETMA,short_wave,short_wave,True,0.9936287,45.83642481235441
sp|P15409.2|OPSD_MOUSE,sp|P04000.2|OPSR_HUMAN,short_wave,long_wave,False,0.9777607,72.25433526011561
sp|P15409.2|OPSD_MOUSE,sp|P04001.1|OPSG_HUMAN,short_wave,long_wave,False,0.97766596,70.46862097440132
sp|P15409.2|OPSD_MOUSE,sp|O18913.2|OPSR_FELCA,short_wave,long_wave,False,0.9738107,67.72136822714857
sp|P15409.2|OPSD_MOUSE,sp|O18912.2|OPSR_HORSE,short_wave,long_wave,False,0.97745097,67.03455504033539
sp|P15409.2|OPSD_MOUSE,sp|Q9BGI7.1|OPSR_BOVIN,short_wave,long_wave,False,0.9783136,67.17191767769802
sp|P15409.2|OPSD_MOUSE,sp|Q95170.1|OPSR_CAPHI,short_wave,long_wave,False,0.97831535,67.03455504033539
sp|P15409.2|OPSD_MOUSE,sp|O18914.2|OPSR_CANLF,short_wave,long_wave,False,0.9769842,66.89719240297275
sp|P15409.2|OPSD_MOUSE,sp|O18910.2|OPSG_RABIT,short_wave,long_wave,False,0.97887266,66.07301657879692
sp|P15409.2|OPSD_MOUSE,sp|P41592.1|OPSR_ANOCA,short_wave,long_wave,False,0.9767267,63.497273113222946
sp|P15409.2|OPSD_MOUSE,sp|P22329.1|OPSR_CHICK,short_wave,long_wave,False,0.9767944,65.83642481235441
sp|P15409.2|OPSD_MOUSE,sp|P87367.1|OPSR_ORYLA,short_wave,long_wave,False,0.9777968,62.644307404962404
sp|P15409.2|OPSD_MOUSE,sp|P32313.1|OPSR_CARAU,short_wave,long_wave,False,0.9788839,61.80865280886212
sp|P15409.2|OPSD_MOUSE,sp|O12948.1|OPSR_XENLA,short_wave,long_wave,False,0.98297095,61.66111492113255
sp|P15409.2|OPSD_MOUSE,sp|Q9W6A7.1|OPSR1_DANRE,short_wave,long_wave,False,0.97754455,61.39082551081198
sp|P15409.2|OPSD_MOUSE,sp|P22332.2|OPSR_PSAFA,short_wave,long_wave,False,0.979538,60.69444668072842
sp|P15409.2|OPSD_MOUSE,sp|Q8AYN0.1|OPSR2_DANRE,short_wave,long_wave,False,0.97756517,61.960217613056784
sp|P15409.2|OPSD_MOUSE,sp|P35358.1|OPSG_GEKGE,short_wave,long_wave,False,0.9749589,60.389928480454586
sp|P15409.2|OPSD_MOUSE,sp|P22331.1|OPSG2_PSAFA,short_wave,long_wave,False,0.9806944,60.48962937776267
sp|P15409.2|OPSD_MOUSE,sp|P22330.1|OPSG1_PSAFA,short_wave,long_wave,False,0.9818994,59.60727643658619
sp|P15409.2|OPSD_MOUSE,sp|O18911.1|OPSG_ODOVI,short_wave,long_wave,False,0.9674098,67.30928031506066
sp|P15409.2|OPSD_MOUSE,sp|Q90215.1|OPSD2_ANGAN,short_wave,long_wave,False,0.99440336,44.049207054987406
sp|P15409.2|OPSD_MOUSE,sp|P79756.1|OPSD_GAMAF,short_wave,long_wave,False,0.9928905,43.661959893546694
sp|P15409.2|OPSD_MOUSE,sp|O42490.1|OPSP_PETMA,short_wave,long_wave,False,0.9421057,42.36764970770767
sp|P22328.1|OPSD_CHICK,sp|Q6W3E1.1|OPSD_CALPD,short_wave,short_wave,True,0.99692947,45.568118251317955
sp|P22328.1|OPSD_CHICK,sp|P51471.1|OPSB_ANOCA,short_wave,short_wave,True,0.99485725,46.67826897251076
sp|P22328.1|OPSD_CHICK,sp|P28681.1|OPSD_CRIGR,short_wave,short_wave,True,0.9967342,46.00164426287864
sp|P22328.1|OPSD_CHICK,sp|P56515.1|OPSD_RHIMB,short_wave,short_wave,True,0.99867463,47.33780701522637
sp|P22328.1|OPSD_CHICK,sp|O62793.1|OPSD_MESBI,short_wave,short_wave,True,0.9967753,45.43767679651208
sp|P22328.1|OPSD_CHICK,sp|P79863.1|OPSD_LEUER,short_wave,short_wave,True,0.99800575,46.22444581540984
sp|P22328.1|OPSD_CHICK,sp|P56514.1|OPSD_BUFBU,short_wave,short_wave,True,0.99847835,47.03750671492607
sp|P22328.1|OPSD_CHICK,sp|O62798.1|OPSD_TURTR,short_wave,short_wave,True,0.99702424,45.568118251317955
sp|P22328.1|OPSD_CHICK,sp|Q90214.1|OPSD1_ANGAN,short_wave,short_wave,True,0.99606764,46.26699936547135
sp|P22328.1|OPSD_CHICK,sp|P22671.1|OPSD_LETCA,short_wave,short_wave,True,0.99675375,46.89587254344115
sp|P22328.1|OPSD_CHICK,sp|P08100.1|OPSD_HUMAN,short_wave,short_wave,True,0.9971971,46.17513992335574
sp|P22328.1|OPSD_CHICK,sp|O62792.1|OPSD_GLOME,short_wave,short_wave,True,0.9970266,45.42360958079772
sp|P22328.1|OPSD_CHICK,sp|P02700.2|OPSD_SHEEP,short_wave,short_wave,True,0.99687874,45.42360958079772
sp|P22328.1|OPSD_CHICK,sp|O18766.1|OPSD_PIG,short_wave,short_wave,True,0.9966533,46.205349256262586
sp|P22328.1|OPSD_CHICK,sp|Q9YGZ0.1|OPSD_SARPI,short_wave,short_wave,True,0.9948454,45.92916760658696
sp|P22328.1|OPSD_CHICK,sp|P29403.1|OPSD_XENLA,short_wave,short_wave,True,0.9980022,47.487957165376514
sp|P22328.1|OPSD_CHICK,sp|P79807.1|OPSD_MYRVI,short_wave,short_wave,True,0.9939965,46.26975783396964
sp|P22328.1|OPSD_CHICK,sp|P79898.1|OPSD_SARDI,short_wave,short_wave,True,0.9948112,45.65106109771122
sp|P22328.1|OPSD_CHICK,sp|P32308.1|OPSD_CANLF,short_wave,short_wave,True,0.9978324,46.00164426287864
sp|P22328.1|OPSD_CHICK,sp|O42604.1|OPSD_ZEUFA,short_wave,short_wave,True,0.9953859,47.180852477607175
sp|P22328.1|OPSD_CHICK,sp|P79914.1|OPSD_SARXA,short_wave,short_wave,True,0.9941847,46.8247547780362
sp|P22328.1|OPSD_CHICK,sp|P79911.1|OPSD_SARTI,short_wave,short_wave,True,0.9957587,46.26975783396964
sp|P22328.1|OPSD_CHICK,sp|O62796.1|OPSD_TRIMA,short_wave,short_wave,True,0.99763143,45.85713559235842
sp|P22328.1|OPSD_CHICK,sp|P51474.1|OPSG3_PSAFA,short_wave,short_wave,True,0.994524,47.00609068351004
sp|P22328.1|OPSD_CHICK,sp|P79901.1|OPSD_SARMI,short_wave,short_wave,True,0.9947891,45.2072741154627
sp|P22328.1|OPSD_CHICK,sp|P79798.1|OPSD_MYRBE,short_wave,short_wave,True,0.99234045,46.26975783396964
sp|P22328.1|OPSD_CHICK,sp|P79902.1|OPSD_SARPU,short_wave,short_wave,True,0.9953553,45.79899009179406
sp|P22328.1|OPSD_CHICK,sp|P79808.1|OPSD_NEOAR,short_wave,short_wave,True,0.99436265,46.511275154211745
sp|P22328.1|OPSD_CHICK,sp|P79809.1|OPSD_NEOAU,short_wave,short_wave,True,0.9947362,46.74145594717719
sp|P22328.1|OPSD_CHICK,sp|P79903.1|OPSD_SARSP,short_wave,short_wave,True,0.99564195,45.955292425164615
sp|P22328.1|OPSD_CHICK,sp|P51488.1|OPSD_CYPCA,short_wave,short_wave,True,0.99690616,46.83449305037394
sp|P22328.1|OPSD_CHICK,sp|P79812.1|OPSD_NEOSA,short_wave,short_wave,True,0.99460524,46.66801496612398
sp|P22328.1|OPSD_CHICK,sp|Q9YGY9.1|OPSD_ZOSOP,short_wave,short_wave,True,0.99443173,45.70814918838545
sp|P22328.1|OPSD_CHICK,sp|Q9YGZ2.1|OPSD_GOBNI,short_wave,short_wave,True,0.99484944,45.84899425880798
sp|P22328.1|OPSD_CHICK,sp|P41590.1|OPSD_PSAFA,short_wave,short_wave,True,0.9946764,45.188782991202345
sp|P22328.1|OPSD_CHICK,sp|P51475.1|OPSP_CHICK,short_wave,short_wave,True,0.95801556,46.576622870356424
sp|P22328.1|OPSD_CHICK,sp|P32309.1|OPSD_CARAU,short_wave,short_wave,True,0.995584,46.390706068125425
sp|P22328.1|OPSD_CHICK,sp|Q9R024.1|OPSG_CAVPO,short_wave,short_wave,True,0.980597,45.02036981754965
sp|P22328.1|OPSD_CHICK,sp|P87369.1|OPSD_ORYLA,short_wave,short_wave,True,0.9949282,46.390706068125425
sp|P22328.1|OPSD_CHICK,sp|P34989.1|OPSL_CALJA,short_wave,short_wave,True,0.9845368,44.742354419773775
sp|P22328.1|OPSD_CHICK,sp|Q9YH05.1|OPSD_DIPAN,short_wave,short_wave,True,0.99541277,44.947020813551916
sp|P22328.1|OPSD_CHICK,sp|Q9YGZ8.1|OPSD_CHELB,short_wave,short_wave,True,0.99168855,45.23355376484132
sp|P22328.1|OPSD_CHICK,sp|Q9YGZ5.1|OPSD_SOLSO,short_wave,short_wave,True,0.99443966,46.01316949426983
sp|P22328.1|OPSD_CHICK,sp|O35476.2|OPSG_RAT,short_wave,short_wave,True,0.98678064,45.8293109415129
sp|P22328.1|OPSD_CHICK,sp|Q9DGG4.1|OPSD_TETNG,short_wave,short_wave,True,0.9943129,45.22389535075291
sp|P22328.1|OPSD_CHICK,sp|Q9YGZ3.1|OPSD_SALPV,short_wave,short_wave,True,0.9942319,45.30257850940963
sp|P22328.1|OPSD_CHICK,sp|P35359.2|OPSD_DANRE,short_wave,short_wave,True,0.9947688,45.97239326310567
sp|P22328.1|OPSD_CHICK,sp|P79848.1|OPSD_POERE,short_wave,short_wave,True,0.9948327,46.390706068125425
sp|P22328.1|OPSD_CHICK,sp|O35599.1|OPSG_MOUSE,short_wave,short_wave,True,0.98616636,45.8293109415129
sp|P22328.1|OPSD_CHICK,sp|O35478.2|OPSG_SCICA,short_wave,short_wave,True,0.98491776,44.87066921874725
sp|P22328.1|OPSD_CHICK,sp|Q9YGZ6.1|OPSD_CHEAU,short_wave,short_wave,True,0.99254173,45.36434478895515
sp|P22328.1|OPSD_CHICK,sp|Q98980.1|OPSD_PETMA,short_wave,short_wave,True,0.9962568,46.89587254344115
sp|P22328.1|OPSD_CHICK,sp|P04000.2|OPSR_HUMAN,short_wave,long_wave,False,0.9820118,73.31378299120234
sp|P22328.1|OPSD_CHICK,sp|P04001.1|OPSG_HUMAN,short_wave,long_wave,False,0.9811112,71.52806870548807
sp|P22328.1|OPSD_CHICK,sp|O18913.2|OPSR_FELCA,short_wave,long_wave,False,0.9776561,68.78081595823531
sp|P22328.1|OPSD_CHICK,sp|O18912.2|OPSR_HORSE,short_wave,long_wave,False,0.9809238,68.09400277142213
sp|P22328.1|OPSD_CHICK,sp|Q9BGI7.1|OPSR_BOVIN,short_wave,long_wave,False,0.9814346,68.23136540878477
sp|P22328.1|OPSD_CHICK,sp|Q95170.1|OPSR_CAPHI,short_wave,long_wave,False,0.9813819,68.09400277142213
sp|P22328.1|OPSD_CHICK,sp|O18914.2|OPSR_CANLF,short_wave,long_wave,False,0.9786093,67.95664013405948
sp|P22328.1|OPSD_CHICK,sp|O18910.2|OPSG_RABIT,short_wave,long_wave,False,0.9814629,67.13246430988366
sp|P22328.1|OPSD_CHICK,sp|P41592.1|OPSR_ANOCA,short_wave,long_wave,False,0.981897,64.5567208443097
sp|P22328.1|OPSD_CHICK,sp|P22329.1|OPSR_CHICK,short_wave,long_wave,False,0.9816872,66.89587254344116
sp|P22328.1|OPSD_CHICK,sp|P87367.1|OPSR_ORYLA,short_wave,long_wave,False,0.9823931,63.70375513604914
sp|P22328.1|OPSD_CHICK,sp|P32313.1|OPSR_CARAU,short_wave,long_wave,False,0.9844194,62.86810053994886
sp|P22328.1|OPSD_CHICK,sp|O12948.1|OPSR_XENLA,short_wave,long_wave,False,0.9857879,62.72056265221929
sp|P22328.1|OPSD_CHICK,sp|Q9W6A7.1|OPSR1_DANRE,short_wave,long_wave,False,0.9838662,62.45027324189872
sp|P22328.1|OPSD_CHICK,sp|P22332.2|OPSR_PSAFA,short_wave,long_wave,False,0.98433983,61.75389441181516
sp|P22328.1|OPSD_CHICK,sp|Q8AYN0.1|OPSR2_DANRE,short_wave,long_wave,False,0.9814957,63.01966534414352
sp|P22328.1|OPSD_CHICK,sp|P35358.1|OPSG_GEKGE,short_wave,long_wave,False,0.9798946,61.44937621154133
sp|P22328.1|OPSD_CHICK,sp|P22331.1|OPSG2_PSAFA,short_wave,long_wave,False,0.98563343,61.5490771088494
sp|P22328.1|OPSD_CHICK,sp|P22330.1|OPSG1_PSAFA,short_wave,long_wave,False,0.9858887,60.66672416767293
sp|P22328.1|OPSD_CHICK,sp|O18911.1|OPSG_ODOVI,short_wave,long_wave,False,0.9635484,68.3687280461474
sp|P22328.1|OPSD_CHICK,sp|Q90215.1|OPSD2_ANGAN,short_wave,long_wave,False,0.9960461,45.10865478607414
sp|P22328.1|OPSD_CHICK,sp|P79756.1|OPSD_GAMAF,short_wave,long_wave,False,0.9946621,44.72140762463343
sp|P22328.1|OPSD_CHICK,sp|O42490.1|OPSP_PETMA,short_wave,long_wave,False,0.9452005,43.42709743879441
sp|Q6W3E1.1|OPSD_CALPD,sp|P51471.1|OPSB_ANOCA,short_wave,short_wave,True,0.99274457,45.618821241424016
sp|Q6W3E1.1|OPSD_CALPD,sp|P28681.1|OPSD_CRIGR,short_wave,short_wave,True,0.999195,44.94219653179191
sp|Q6W3E1.1|OPSD_CALPD,sp|P56515.1|OPSD_RHIMB,short_wave,short_wave,True,0.997189,46.278359284139626
sp|Q6W3E1.1|OPSD_CALPD,sp|O62793.1|OPSD_MESBI,short_wave,short_wave,True,0.9980844,44.378229065425344
sp|Q6W3E1.1|OPSD_CALPD,sp|P79863.1|OPSD_LEUER,short_wave,short_wave,True,0.9969431,45.1649980843231
sp|Q6W3E1.1|OPSD_CALPD,sp|P56514.1|OPSD_BUFBU,short_wave,short_wave,True,0.9959846,45.97805898383933
sp|Q6W3E1.1|OPSD_CALPD,sp|O62798.1|OPSD_TURTR,short_wave,short_wave,True,0.99871296,44.50867052023121
sp|Q6W3E1.1|OPSD_CALPD,sp|Q90214.1|OPSD1_ANGAN,short_wave,short_wave,True,0.9960434,45.207551634384615
sp|Q6W3E1.1|OPSD_CALPD,sp|P22671.1|OPSD_LETCA,short_wave,short_wave,True,0.9960978,45.83642481235441
sp|Q6W3E1.1|OPSD_CALPD,sp|P08100.1|OPSD_HUMAN,short_wave,short_wave,True,0.99935156,45.115692192268995
sp|Q6W3E1.1|OPSD_CALPD,sp|O62792.1|OPSD_GLOME,short_wave,short_wave,True,0.9984124,44.36416184971098
sp|Q6W3E1.1|OPSD_CALPD,sp|P02700.2|OPSD_SHEEP,short_wave,short_wave,True,0.9991987,44.36416184971098
sp|Q6W3E1.1|OPSD_CALPD,sp|O18766.1|OPSD_PIG,short_wave,short_wave,True,0.9995209,45.145901525175844
sp|Q6W3E1.1|OPSD_CALPD,sp|Q9YGZ0.1|OPSD_SARPI,short_wave,short_wave,True,0.9945927,44.86971987550022
sp|Q6W3E1.1|OPSD_CALPD,sp|P29403.1|OPSD_XENLA,short_wave,short_wave,True,0.99664915,46.42850943428978
sp|Q6W3E1.1|OPSD_CALPD,sp|P79807.1|OPSD_MYRVI,short_wave,short_wave,True,0.9941308,45.2103101028829
sp|Q6W3E1.1|OPSD_CALPD,sp|P79898.1|OPSD_SARDI,short_wave,short_wave,True,0.9940214,44.591613366624486
sp|Q6W3E1.1|OPSD_CALPD,sp|P32308.1|OPSD_CANLF,short_wave,short_wave,True,0.9994537,44.94219653179191
sp|Q6W3E1.1|OPSD_CALPD,sp|O42604.1|OPSD_ZEUFA,short_wave,short_wave,True,0.99383104,46.12140474652044
sp|Q6W3E1.1|OPSD_CALPD,sp|P79914.1|OPSD_SARXA,short_wave,short_wave,True,0.994001,45.76530704694946
sp|Q6W3E1.1|OPSD_CALPD,sp|P79911.1|OPSD_SARTI,short_wave,short_wave,True,0.99488103,45.2103101028829
sp|Q6W3E1.1|OPSD_CALPD,sp|O62796.1|OPSD_TRIMA,short_wave,short_wave,True,0.9992691,44.797687861271676
sp|Q6W3E1.1|OPSD_CALPD,sp|P51474.1|OPSG3_PSAFA,short_wave,short_wave,True,0.99462515,45.9466429524233
sp|Q6W3E1.1|OPSD_CALPD,sp|P79901.1|OPSD_SARMI,short_wave,short_wave,True,0.9944642,44.14782638437596
sp|Q6W3E1.1|OPSD_CALPD,sp|P79798.1|OPSD_MYRBE,short_wave,short_wave,True,0.9925646,45.2103101028829
sp|Q6W3E1.1|OPSD_CALPD,sp|P79902.1|OPSD_SARPU,short_wave,short_wave,True,0.99401706,44.73954236070732
sp|Q6W3E1.1|OPSD_CALPD,sp|P79808.1|OPSD_NEOAR,short_wave,short_wave,True,0.9935056,45.45182742312501
sp|Q6W3E1.1|OPSD_CALPD,sp|P79809.1|OPSD_NEOAU,short_wave,short_wave,True,0.99387133,45.68200821609045
sp|Q6W3E1.1|OPSD_CALPD,sp|P79903.1|OPSD_SARSP,short_wave,short_wave,True,0.99477404,44.89584469407787
sp|Q6W3E1.1|OPSD_CALPD,sp|P51488.1|OPSD_CYPCA,short_wave,short_wave,True,0.9948087,45.7750453192872
sp|Q6W3E1.1|OPSD_CALPD,sp|P79812.1|OPSD_NEOSA,short_wave,short_wave,True,0.99334496,45.608567235037235
sp|Q6W3E1.1|OPSD_CALPD,sp|Q9YGY9.1|OPSD_ZOSOP,short_wave,short_wave,True,0.99433297,44.648701457298706
sp|Q6W3E1.1|OPSD_CALPD,sp|Q9YGZ2.1|OPSD_GOBNI,short_wave,short_wave,True,0.99511665,44.78954652772124
sp|Q6W3E1.1|OPSD_CALPD,sp|P41590.1|OPSD_PSAFA,short_wave,short_wave,True,0.99463457,44.12933526011561
sp|Q6W3E1.1|OPSD_CALPD,sp|P51475.1|OPSP_CHICK,short_wave,short_wave,True,0.96186286,45.51717513926968
sp|Q6W3E1.1|OPSD_CALPD,sp|P32309.1|OPSD_CARAU,short_wave,short_wave,True,0.99389905,45.33125833703868
sp|Q6W3E1.1|OPSD_CALPD,sp|Q9R024.1|OPSG_CAVPO,short_wave,short_wave,True,0.98001474,43.960922086462915
sp|Q6W3E1.1|OPSD_CALPD,sp|P87369.1|OPSD_ORYLA,short_wave,short_wave,True,0.99487966,45.33125833703868
sp|Q6W3E1.1|OPSD_CALPD,sp|P34989.1|OPSL_CALJA,short_wave,short_wave,True,0.9838216,43.682906688687034
sp|Q6W3E1.1|OPSD_CALPD,sp|Q9YH05.1|OPSD_DIPAN,short_wave,short_wave,True,0.9958504,43.88757308246518
sp|Q6W3E1.1|OPSD_CALPD,sp|Q9YGZ8.1|OPSD_CHELB,short_wave,short_wave,True,0.9922968,44.174106033754576
sp|Q6W3E1.1|OPSD_CALPD,sp|Q9YGZ5.1|OPSD_SOLSO,short_wave,short_wave,True,0.99462974,44.95372176318309
sp|Q6W3E1.1|OPSD_CALPD,sp|O35476.2|OPSG_RAT,short_wave,short_wave,True,0.9860828,44.769863210426166
sp|Q6W3E1.1|OPSD_CALPD,sp|Q9DGG4.1|OPSD_TETNG,short_wave,short_wave,True,0.9950068,44.16444761966617
sp|Q6W3E1.1|OPSD_CALPD,sp|Q9YGZ3.1|OPSD_SALPV,short_wave,short_wave,True,0.9948285,44.24313077832289
sp|Q6W3E1.1|OPSD_CALPD,sp|P35359.2|OPSD_DANRE,short_wave,short_wave,True,0.99499524,44.91294553201893
sp|Q6W3E1.1|OPSD_CALPD,sp|P79848.1|OPSD_POERE,short_wave,short_wave,True,0.99430346,45.33125833703868
sp|Q6W3E1.1|OPSD_CALPD,sp|O35599.1|OPSG_MOUSE,short_wave,short_wave,True,0.98518795,44.769863210426166
sp|Q6W3E1.1|OPSD_CALPD,sp|O35478.2|OPSG_SCICA,short_wave,short_wave,True,0.9839457,43.81122148766052
sp|Q6W3E1.1|OPSD_CALPD,sp|Q9YGZ6.1|OPSD_CHEAU,short_wave,short_wave,True,0.99309444,44.304897057868416
sp|Q6W3E1.1|OPSD_CALPD,sp|Q98980.1|OPSD_PETMA,short_wave,short_wave,True,0.99463475,45.83642481235441
sp|Q6W3E1.1|OPSD_CALPD,sp|P04000.2|OPSR_HUMAN,short_wave,long_wave,False,0.97985303,72.25433526011561
sp|Q6W3E1.1|OPSD_CALPD,sp|P04001.1|OPSG_HUMAN,short_wave,long_wave,False,0.97948146,70.46862097440132
sp|Q6W3E1.1|OPSD_CALPD,sp|O18913.2|OPSR_FELCA,short_wave,long_wave,False,0.9767241,67.72136822714857
sp|Q6W3E1.1|OPSD_CALPD,sp|O18912.2|OPSR_HORSE,short_wave,long_wave,False,0.98011535,67.03455504033539
sp|Q6W3E1.1|OPSD_CALPD,sp|Q9BGI7.1|OPSR_BOVIN,short_wave,long_wave,False,0.98070043,67.17191767769802
sp|Q6W3E1.1|OPSD_CALPD,sp|Q95170.1|OPSR_CAPHI,short_wave,long_wave,False,0.9807713,67.03455504033539
sp|Q6W3E1.1|OPSD_CALPD,sp|O18914.2|OPSR_CANLF,short_wave,long_wave,False,0.9791535,66.89719240297275
sp|Q6W3E1.1|OPSD_CALPD,sp|O18910.2|OPSG_RABIT,short_wave,long_wave,False,0.98055345,66.07301657879692
sp|Q6W3E1.1|OPSD_CALPD,sp|P41592.1|OPSR_ANOCA,short_wave,long_wave,False,0.9789847,63.497273113222946
sp|Q6W3E1.1|OPSD_CALPD,sp|P22329.1|OPSR_CHICK,short_wave,long_wave,False,0.9796077,65.83642481235441
sp|Q6W3E1.1|OPSD_CALPD,sp|P87367.1|OPSR_ORYLA,short_wave,long_wave,False,0.9804697,62.644307404962404
sp|Q6W3E1.1|OPSD_CALPD,sp|P32313.1|OPSR_CARAU,short_wave,long_wave,False,0.981991,61.80865280886212
sp|Q6W3E1.1|OPSD_CALPD,sp|O12948.1|OPSR_XENLA,short_wave,long_wave,False,0.9832624,61.66111492113255
sp|Q6W3E1.1|OPSD_CALPD,sp|Q9W6A7.1|OPSR1_DANRE,short_wave,long_wave,False,0.9816772,61.39082551081198
sp|Q6W3E1.1|OPSD_CALPD,sp|P22332.2|OPSR_PSAFA,short_wave,long_wave,False,0.9826783,60.69444668072842
sp|Q6W3E1.1|OPSD_CALPD,sp|Q8AYN0.1|OPSR2_DANRE,short_wave,long_wave,False,0.9807919,61.960217613056784
sp|Q6W3E1.1|OPSD_CALPD,sp|P35358.1|OPSG_GEKGE,short_wave,long_wave,False,0.9764915,60.389928480454586
sp|Q6W3E1.1|OPSD_CALPD,sp|P22331.1|OPSG2_PSAFA,short_wave,long_wave,False,0.9830231,60.48962937776267
sp|Q6W3E1.1|OPSD_CALPD,sp|P22330.1|OPSG1_PSAFA,short_wave,long_wave,False,0.9843199,59.60727643658619
sp|Q6W3E1.1|OPSD_CALPD,sp|O18911.1|OPSG_ODOVI,short_wave,long_wave,False,0.9682376,67.30928031506066
sp|Q6W3E1.1|OPSD_CALPD,sp|Q90215.1|OPSD2_ANGAN,short_wave,long_wave,False,0.9956472,44.049207054987406
sp|Q6W3E1.1|OPSD_CALPD,sp|P79756.1|OPSD_GAMAF,short_wave,long_wave,False,0.9942066,43.661959893546694
sp|Q6W3E1.1|OPSD_CALPD,sp|O42490.1|OPSP_PETMA,short_wave,long_wave,False,0.94472426,42.36764970770767
sp|P51471.1|OPSB_ANOCA,sp|P28681.1|OPSD_CRIGR,short_wave,short_wave,True,0.9935329,46.05234725298472
sp|P51471.1|OPSB_ANOCA,sp|P56515.1|OPSD_RHIMB,short_wave,short_wave,True,0.9958878,47.388510005332435
sp|P51471.1|OPSB_ANOCA,sp|O62793.1|OPSD_MESBI,short_wave,short_wave,True,0.99422544,45.48837978661815
sp|P51471.1|OPSB_ANOCA,sp|P79863.1|OPSD_LEUER,short_wave,short_wave,True,0.9964028,46.275148805515904
sp|P51471.1|OPSB_ANOCA,sp|P56514.1|OPSD_BUFBU,short_wave,short_wave,True,0.9959086,47.08820970503214
sp|P51471.1|OPSB_ANOCA,sp|O62798.1|OPSD_TURTR,short_wave,short_wave,True,0.9948734,45.618821241424016
sp|P51471.1|OPSB_ANOCA,sp|Q90214.1|OPSD1_ANGAN,short_wave,short_wave,True,0.9944832,46.31770235557742
sp|P51471.1|OPSB_ANOCA,sp|P22671.1|OPSD_LETCA,short_wave,short_wave,True,0.99540675,46.94657553354722
sp|P51471.1|OPSB_ANOCA,sp|P08100.1|OPSD_HUMAN,short_wave,short_wave,True,0.9935331,46.225842913461804
sp|P51471.1|OPSB_ANOCA,sp|O62792.1|OPSD_GLOME,short_wave,short_wave,True,0.99485135,45.47431257090379
sp|P51471.1|OPSB_ANOCA,sp|P02700.2|OPSD_SHEEP,short_wave,short_wave,True,0.9946979,45.47431257090379
sp|P51471.1|OPSB_ANOCA,sp|O18766.1|OPSD_PIG,short_wave,short_wave,True,0.99405277,46.256052246368654
sp|P51471.1|OPSB_ANOCA,sp|Q9YGZ0.1|OPSD_SARPI,short_wave,short_wave,True,0.99422026,45.979870596693026
sp|P51471.1|OPSB_ANOCA,sp|P29403.1|OPSD_XENLA,short_wave,short_wave,True,0.9961029,47.53866015548259
sp|P51471.1|OPSB_ANOCA,sp|P79807.1|OPSD_MYRVI,short_wave,short_wave,True,0.99380386,46.32046082407571
sp|P51471.1|OPSB_ANOCA,sp|P79898.1|OPSD_SARDI,short_wave,short_wave,True,0.99338216,45.70176408781729
sp|P51471.1|OPSB_ANOCA,sp|P32308.1|OPSD_CANLF,short_wave,short_wave,True,0.9936665,46.05234725298472
sp|P51471.1|OPSB_ANOCA,sp|O42604.1|OPSD_ZEUFA,short_wave,short_wave,True,0.9929555,47.23155546771325
sp|P51471.1|OPSB_ANOCA,sp|P79914.1|OPSD_SARXA,short_wave,short_wave,True,0.99248016,46.87545776814227
sp|P51471.1|OPSB_ANOCA,sp|P79911.1|OPSD_SARTI,short_wave,short_wave,True,0.99499774,46.32046082407571
sp|P51471.1|OPSB_ANOCA,sp|O62796.1|OPSD_TRIMA,short_wave,short_wave,True,0.9934932,45.90783858246448
sp|P51471.1|OPSB_ANOCA,sp|P51474.1|OPSG3_PSAFA,short_wave,short_wave,True,0.99383724,47.056793673616106
sp|P51471.1|OPSB_ANOCA,sp|P79901.1|OPSD_SARMI,short_wave,short_wave,True,0.99259925,45.25797710556877
sp|P51471.1|OPSB_ANOCA,sp|P79798.1|OPSD_MYRBE,short_wave,short_wave,True,0.9931821,46.32046082407571
sp|P51471.1|OPSB_ANOCA,sp|P79902.1|OPSD_SARPU,short_wave,short_wave,True,0.99440694,45.84969308190013
sp|P51471.1|OPSB_ANOCA,sp|P79808.1|OPSD_NEOAR,short_wave,short_wave,True,0.9940215,46.56197814431782
sp|P51471.1|OPSB_ANOCA,sp|P79809.1|OPSD_NEOAU,short_wave,short_wave,True,0.9955906,46.792158937283254
sp|P51471.1|OPSB_ANOCA,sp|P79903.1|OPSD_SARSP,short_wave,short_wave,True,0.9948181,46.005995415270675
sp|P51471.1|OPSB_ANOCA,sp|P51488.1|OPSD_CYPCA,short_wave,short_wave,True,0.9931862,46.88519604048001
sp|P51471.1|OPSB_ANOCA,sp|P79812.1|OPSD_NEOSA,short_wave,short_wave,True,0.99354446,46.71871795623004
sp|P51471.1|OPSB_ANOCA,sp|Q9YGY9.1|OPSD_ZOSOP,short_wave,short_wave,True,0.9931145,45.75885217849151
sp|P51471.1|OPSB_ANOCA,sp|Q9YGZ2.1|OPSD_GOBNI,short_wave,short_wave,True,0.9935817,45.89969724891405
sp|P51471.1|OPSB_ANOCA,sp|P41590.1|OPSD_PSAFA,short_wave,short_wave,True,0.99311477,45.23948598130841
sp|P51471.1|OPSB_ANOCA,sp|P51475.1|OPSP_CHICK,short_wave,short_wave,True,0.96744597,46.62732586046249
sp|P51471.1|OPSB_ANOCA,sp|P32309.1|OPSD_CARAU,short_wave,short_wave,True,0.9919161,46.441409058231486
sp|P51471.1|OPSB_ANOCA,sp|Q9R024.1|OPSG_CAVPO,short_wave,short_wave,True,0.9853351,45.07107280765572
sp|P51471.1|OPSB_ANOCA,sp|P87369.1|OPSD_ORYLA,short_wave,short_wave,True,0.9927043,46.441409058231486
sp|P51471.1|OPSB_ANOCA,sp|P34989.1|OPSL_CALJA,short_wave,short_wave,True,0.9883094,44.793057409879836
sp|P51471.1|OPSB_ANOCA,sp|Q9YH05.1|OPSD_DIPAN,short_wave,short_wave,True,0.99299896,44.99772380365798
sp|P51471.1|OPSB_ANOCA,sp|Q9YGZ8.1|OPSD_CHELB,short_wave,short_wave,True,0.99054384,45.28425675494738
sp|P51471.1|OPSB_ANOCA,sp|Q9YGZ5.1|OPSD_SOLSO,short_wave,short_wave,True,0.9930851,46.06387248437589
sp|P51471.1|OPSB_ANOCA,sp|O35476.2|OPSG_RAT,short_wave,short_wave,True,0.9904925,45.880013931618976
sp|P51471.1|OPSB_ANOCA,sp|Q9DGG4.1|OPSD_TETNG,short_wave,short_wave,True,0.9924594,45.27459834085897
sp|P51471.1|OPSB_ANOCA,sp|Q9YGZ3.1|OPSD_SALPV,short_wave,short_wave,True,0.9927612,45.353281499515695
sp|P51471.1|OPSB_ANOCA,sp|P35359.2|OPSD_DANRE,short_wave,short_wave,True,0.99289566,46.02309625321173
sp|P51471.1|OPSB_ANOCA,sp|P79848.1|OPSD_POERE,short_wave,short_wave,True,0.99383587,46.441409058231486
sp|P51471.1|OPSB_ANOCA,sp|O35599.1|OPSG_MOUSE,short_wave,short_wave,True,0.9899142,45.880013931618976
sp|P51471.1|OPSB_ANOCA,sp|O35478.2|OPSG_SCICA,short_wave,short_wave,True,0.98775613,44.92137220885333
sp|P51471.1|OPSB_ANOCA,sp|Q9YGZ6.1|OPSD_CHEAU,short_wave,short_wave,True,0.9906013,45.415047779061226
sp|P51471.1|OPSB_ANOCA,sp|Q98980.1|OPSD_PETMA,short_wave,short_wave,True,0.99694353,46.94657553354722
sp|P51471.1|OPSB_ANOCA,sp|P04000.2|OPSR_HUMAN,short_wave,long_wave,False,0.9860139,73.3644859813084
sp|P51471.1|OPSB_ANOCA,sp|P04001.1|OPSG_HUMAN,short_wave,long_wave,False,0.9862927,71.57877169559413
sp|P51471.1|OPSB_ANOCA,sp|O18913.2|OPSR_FELCA,short_wave,long_wave,False,0.98063016,68.83151894834137
sp|P51471.1|OPSB_ANOCA,sp|O18912.2|OPSR_HORSE,short_wave,long_wave,False,0.9841754,68.1447057615282
sp|P51471.1|OPSB_ANOCA,sp|Q9BGI7.1|OPSR_BOVIN,short_wave,long_wave,False,0.98548895,68.28206839889083
sp|P51471.1|OPSB_ANOCA,sp|Q95170.1|OPSR_CAPHI,short_wave,long_wave,False,0.9856818,68.1447057615282
sp|P51471.1|OPSB_ANOCA,sp|O18914.2|OPSR_CANLF,short_wave,long_wave,False,0.9837818,68.00734312416556
sp|P51471.1|OPSB_ANOCA,sp|O18910.2|OPSG_RABIT,short_wave,long_wave,False,0.98644435,67.18316729998973
sp|P51471.1|OPSB_ANOCA,sp|P41592.1|OPSR_ANOCA,short_wave,long_wave,False,0.98246616,64.60742383441575
sp|P51471.1|OPSB_ANOCA,sp|P22329.1|OPSR_CHICK,short_wave,long_wave,False,0.9844185,66.94657553354722
sp|P51471.1|OPSB_ANOCA,sp|P87367.1|OPSR_ORYLA,short_wave,long_wave,False,0.9819994,63.75445812615521
sp|P51471.1|OPSB_ANOCA,sp|P32313.1|OPSR_CARAU,short_wave,long_wave,False,0.9823066,62.91880353005493
sp|P51471.1|OPSB_ANOCA,sp|O12948.1|OPSR_XENLA,short_wave,long_wave,False,0.98766696,62.77126564232536
sp|P51471.1|OPSB_ANOCA,sp|Q9W6A7.1|OPSR1_DANRE,short_wave,long_wave,False,0.98005104,62.50097623200479
sp|P51471.1|OPSB_ANOCA,sp|P22332.2|OPSR_PSAFA,short_wave,long_wave,False,0.9819622,61.80459740192123
sp|P51471.1|OPSB_ANOCA,sp|Q8AYN0.1|OPSR2_DANRE,short_wave,long_wave,False,0.97945,63.070368334249586
sp|P51471.1|OPSB_ANOCA,sp|P35358.1|OPSG_GEKGE,short_wave,long_wave,False,0.9809868,61.500079201647395
sp|P51471.1|OPSB_ANOCA,sp|P22331.1|OPSG2_PSAFA,short_wave,long_wave,False,0.98420316,61.59978009895547
sp|P51471.1|OPSB_ANOCA,sp|P22330.1|OPSG1_PSAFA,short_wave,long_wave,False,0.9848418,60.717427157779
sp|P51471.1|OPSB_ANOCA,sp|O18911.1|OPSG_ODOVI,short_wave,long_wave,False,0.96637094,68.41943103625347
sp|P51471.1|OPSB_ANOCA,sp|Q90215.1|OPSD2_ANGAN,short_wave,long_wave,False,0.9922476,45.15935777618021
sp|P51471.1|OPSB_ANOCA,sp|P79756.1|OPSD_GAMAF,short_wave,long_wave,False,0.9933265,44.772110614739496
sp|P51471.1|OPSB_ANOCA,sp|O42490.1|OPSP_PETMA,short_wave,long_wave,False,0.9495706,43.47780042890048
sp|P28681.1|OPSD_CRIGR,sp|P56515.1|OPSD_RHIMB,short_wave,short_wave,True,0.99743736,46.71188529570033
sp|P28681.1|OPSD_CRIGR,sp|O62793.1|OPSD_MESBI,short_wave,short_wave,True,0.9983293,44.81175507698603
sp|P28681.1|OPSD_CRIGR,sp|P79863.1|OPSD_LEUER,short_wave,short_wave,True,0.99717826,45.59852409588379
sp|P28681.1|OPSD_CRIGR,sp|P56514.1|OPSD_BUFBU,short_wave,short_wave,True,0.996202,46.41158499540003
sp|P28681.1|OPSD_CRIGR,sp|O62798.1|OPSD_TURTR,short_wave,short_wave,True,0.9987617,44.94219653179191
sp|P28681.1|OPSD_CRIGR,sp|Q90214.1|OPSD1_ANGAN,short_wave,short_wave,True,0.9958888,45.6410776459453
sp|P28681.1|OPSD_CRIGR,sp|P22671.1|OPSD_LETCA,short_wave,short_wave,True,0.9963275,46.26995082391511
sp|P28681.1|OPSD_CRIGR,sp|P08100.1|OPSD_HUMAN,short_wave,short_wave,True,0.99945205,45.549218203829696
sp|P28681.1|OPSD_CRIGR,sp|O62792.1|OPSD_GLOME,short_wave,short_wave,True,0.9983678,44.797687861271676
sp|P28681.1|OPSD_CRIGR,sp|P02700.2|OPSD_SHEEP,short_wave,short_wave,True,0.99921215,44.797687861271676
sp|P28681.1|OPSD_CRIGR,sp|O18766.1|OPSD_PIG,short_wave,short_wave,True,0.99943,45.579427536736546
sp|P28681.1|OPSD_CRIGR,sp|Q9YGZ0.1|OPSD_SARPI,short_wave,short_wave,True,0.99430066,45.30324588706091
sp|P28681.1|OPSD_CRIGR,sp|P29403.1|OPSD_XENLA,short_wave,short_wave,True,0.99650663,46.86203544585047
sp|P28681.1|OPSD_CRIGR,sp|P79807.1|OPSD_MYRVI,short_wave,short_wave,True,0.99384207,45.6438361144436
sp|P28681.1|OPSD_CRIGR,sp|P79898.1|OPSD_SARDI,short_wave,short_wave,True,0.9933186,45.02513937818517
sp|P28681.1|OPSD_CRIGR,sp|P32308.1|OPSD_CANLF,short_wave,short_wave,True,0.99927247,45.3757225433526
sp|P28681.1|OPSD_CRIGR,sp|O42604.1|OPSD_ZEUFA,short_wave,short_wave,True,0.99322,46.554930758081134
sp|P28681.1|OPSD_CRIGR,sp|P79914.1|OPSD_SARXA,short_wave,short_wave,True,0.9933667,46.19883305851016
sp|P28681.1|OPSD_CRIGR,sp|P79911.1|OPSD_SARTI,short_wave,short_wave,True,0.9943095,45.6438361144436
sp|P28681.1|OPSD_CRIGR,sp|O62796.1|OPSD_TRIMA,short_wave,short_wave,True,0.9994451,45.23121387283237
sp|P28681.1|OPSD_CRIGR,sp|P51474.1|OPSG3_PSAFA,short_wave,short_wave,True,0.99504936,46.38016896398399
sp|P28681.1|OPSD_CRIGR,sp|P79901.1|OPSD_SARMI,short_wave,short_wave,True,0.9936515,44.58135239593666
sp|P28681.1|OPSD_CRIGR,sp|P79798.1|OPSD_MYRBE,short_wave,short_wave,True,0.99216217,45.6438361144436
sp|P28681.1|OPSD_CRIGR,sp|P79902.1|OPSD_SARPU,short_wave,short_wave,True,0.993753,45.17306837226802
sp|P28681.1|OPSD_CRIGR,sp|P79808.1|OPSD_NEOAR,short_wave,short_wave,True,0.9931038,45.885353434685705
sp|P28681.1|OPSD_CRIGR,sp|P79809.1|OPSD_NEOAU,short_wave,short_wave,True,0.99368125,46.11553422765114
sp|P28681.1|OPSD_CRIGR,sp|P79903.1|OPSD_SARSP,short_wave,short_wave,True,0.9942627,45.32937070563857
sp|P28681.1|OPSD_CRIGR,sp|P51488.1|OPSD_CYPCA,short_wave,short_wave,True,0.994357,46.2085713308479
sp|P28681.1|OPSD_CRIGR,sp|P79812.1|OPSD_NEOSA,short_wave,short_wave,True,0.9930421,46.04209324659793
sp|P28681.1|OPSD_CRIGR,sp|Q9YGY9.1|OPSD_ZOSOP,short_wave,short_wave,True,0.9940166,45.0822274688594
sp|P28681.1|OPSD_CRIGR,sp|Q9YGZ2.1|OPSD_GOBNI,short_wave,short_wave,True,0.9949376,45.22307253928194
sp|P28681.1|OPSD_CRIGR,sp|P41590.1|OPSD_PSAFA,short_wave,short_wave,True,0.9948659,44.5628612716763
sp|P28681.1|OPSD_CRIGR,sp|P51475.1|OPSP_CHICK,short_wave,short_wave,True,0.96176696,45.95070115083038
sp|P28681.1|OPSD_CRIGR,sp|P32309.1|OPSD_CARAU,short_wave,short_wave,True,0.9932337,45.76478434859938
sp|P28681.1|OPSD_CRIGR,sp|Q9R024.1|OPSG_CAVPO,short_wave,short_wave,True,0.9793083,44.3944480980236
sp|P28681.1|OPSD_CRIGR,sp|P87369.1|OPSD_ORYLA,short_wave,short_wave,True,0.9950717,45.76478434859938
sp|P28681.1|OPSD_CRIGR,sp|P34989.1|OPSL_CALJA,short_wave,short_wave,True,0.98290795,44.11643270024773
sp|P28681.1|OPSD_CRIGR,sp|Q9YH05.1|OPSD_DIPAN,short_wave,short_wave,True,0.9948832,44.32109909402587
sp|P28681.1|OPSD_CRIGR,sp|Q9YGZ8.1|OPSD_CHELB,short_wave,short_wave,True,0.99208826,44.60763204531527
sp|P28681.1|OPSD_CRIGR,sp|Q9YGZ5.1|OPSD_SOLSO,short_wave,short_wave,True,0.9942074,45.387247774743784
sp|P28681.1|OPSD_CRIGR,sp|O35476.2|OPSG_RAT,short_wave,short_wave,True,0.98540825,45.20338922198686
sp|P28681.1|OPSD_CRIGR,sp|Q9DGG4.1|OPSD_TETNG,short_wave,short_wave,True,0.9943379,44.597973631226864
sp|P28681.1|OPSD_CRIGR,sp|Q9YGZ3.1|OPSD_SALPV,short_wave,short_wave,True,0.9945513,44.67665678988358
sp|P28681.1|OPSD_CRIGR,sp|P35359.2|OPSD_DANRE,short_wave,short_wave,True,0.99462634,45.346471543579625
sp|P28681.1|OPSD_CRIGR,sp|P79848.1|OPSD_POERE,short_wave,short_wave,True,0.9939249,45.76478434859938
sp|P28681.1|OPSD_CRIGR,sp|O35599.1|OPSG_MOUSE,short_wave,short_wave,True,0.98413074,45.20338922198686
sp|P28681.1|OPSD_CRIGR,sp|O35478.2|OPSG_SCICA,short_wave,short_wave,True,0.9825454,44.24474749922121
sp|P28681.1|OPSD_CRIGR,sp|Q9YGZ6.1|OPSD_CHEAU,short_wave,short_wave,True,0.9927474,44.73842306942911
sp|P28681.1|OPSD_CRIGR,sp|Q98980.1|OPSD_PETMA,short_wave,short_wave,True,0.99492544,46.26995082391511
sp|P28681.1|OPSD_CRIGR,sp|P04000.2|OPSR_HUMAN,short_wave,long_wave,False,0.9784778,72.6878612716763
sp|P28681.1|OPSD_CRIGR,sp|P04001.1|OPSG_HUMAN,short_wave,long_wave,False,0.97840667,70.90214698596202
sp|P28681.1|OPSD_CRIGR,sp|O18913.2|OPSR_FELCA,short_wave,long_wave,False,0.9746355,68.15489423870926
sp|P28681.1|OPSD_CRIGR,sp|O18912.2|OPSR_HORSE,short_wave,long_wave,False,0.9784001,67.46808105189608
sp|P28681.1|OPSD_CRIGR,sp|Q9BGI7.1|OPSR_BOVIN,short_wave,long_wave,False,0.97903347,67.60544368925872
sp|P28681.1|OPSD_CRIGR,sp|Q95170.1|OPSR_CAPHI,short_wave,long_wave,False,0.97907764,67.46808105189608
sp|P28681.1|OPSD_CRIGR,sp|O18914.2|OPSR_CANLF,short_wave,long_wave,False,0.97748,67.33071841453345
sp|P28681.1|OPSD_CRIGR,sp|O18910.2|OPSG_RABIT,short_wave,long_wave,False,0.97944736,66.50654259035763
sp|P28681.1|OPSD_CRIGR,sp|P41592.1|OPSR_ANOCA,short_wave,long_wave,False,0.9774385,63.93079912478365
sp|P28681.1|OPSD_CRIGR,sp|P22329.1|OPSR_CHICK,short_wave,long_wave,False,0.97805136,66.26995082391511
sp|P28681.1|OPSD_CRIGR,sp|P87367.1|OPSR_ORYLA,short_wave,long_wave,False,0.9788027,63.07783341652309
sp|P28681.1|OPSD_CRIGR,sp|P32313.1|OPSR_CARAU,short_wave,long_wave,False,0.98010767,62.24217882042282
sp|P28681.1|OPSD_CRIGR,sp|O12948.1|OPSR_XENLA,short_wave,long_wave,False,0.98276734,62.09464093269325
sp|P28681.1|OPSD_CRIGR,sp|Q9W6A7.1|OPSR1_DANRE,short_wave,long_wave,False,0.97922045,61.82435152237268
sp|P28681.1|OPSD_CRIGR,sp|P22332.2|OPSR_PSAFA,short_wave,long_wave,False,0.98074704,61.12797269228912
sp|P28681.1|OPSD_CRIGR,sp|Q8AYN0.1|OPSR2_DANRE,short_wave,long_wave,False,0.9789487,62.39374362461747
sp|P28681.1|OPSD_CRIGR,sp|P35358.1|OPSG_GEKGE,short_wave,long_wave,False,0.9755441,60.82345449201529
sp|P28681.1|OPSD_CRIGR,sp|P22331.1|OPSG2_PSAFA,short_wave,long_wave,False,0.98123944,60.923155389323355
sp|P28681.1|OPSD_CRIGR,sp|P22330.1|OPSG1_PSAFA,short_wave,long_wave,False,0.982536,60.04080244814689
sp|P28681.1|OPSD_CRIGR,sp|O18911.1|OPSG_ODOVI,short_wave,long_wave,False,0.96756166,67.74280632662136
sp|P28681.1|OPSD_CRIGR,sp|Q90215.1|OPSD2_ANGAN,short_wave,long_wave,False,0.9947865,44.48273306654809
sp|P28681.1|OPSD_CRIGR,sp|P79756.1|OPSD_GAMAF,short_wave,long_wave,False,0.99401736,44.09548590510738
sp|P28681.1|OPSD_CRIGR,sp|O42490.1|OPSP_PETMA,short_wave,long_wave,False,0.9422866,42.80117571926837
sp|P56515.1|OPSD_RHIMB,sp|O62793.1|OPSD_MESBI,short_wave,short_wave,True,0.9974874,46.14791782933376
sp|P56515.1|OPSD_RHIMB,sp|P79863.1|OPSD_LEUER,short_wave,short_wave,True,0.99832815,46.934686848231514
sp|P56515.1|OPSD_RHIMB,sp|P56514.1|OPSD_BUFBU,short_wave,short_wave,True,0.9996352,47.74774774774775
sp|P56515.1|OPSD_RHIMB,sp|O62798.1|OPSD_TURTR,short_wave,short_wave,True,0.99766797,46.278359284139626
sp|P56515.1|OPSD_RHIMB,sp|Q90214.1|OPSD1_ANGAN,short_wave,short_wave,True,0.9966365,46.97724039829303
sp|P56515.1|OPSD_RHIMB,sp|P22671.1|OPSD_LETCA,short_wave,short_wave,True,0.99716556,47.60611357626283
sp|P56515.1|OPSD_RHIMB,sp|P08100.1|OPSD_HUMAN,short_wave,short_wave,True,0.9977465,46.885380956177414
sp|P56515.1|OPSD_RHIMB,sp|O62792.1|OPSD_GLOME,short_wave,short_wave,True,0.99760544,46.1338506136194
sp|P56515.1|OPSD_RHIMB,sp|P02700.2|OPSD_SHEEP,short_wave,short_wave,True,0.9972093,46.1338506136194
sp|P56515.1|OPSD_RHIMB,sp|O18766.1|OPSD_PIG,short_wave,short_wave,True,0.9972894,46.915590289084264
sp|P56515.1|OPSD_RHIMB,sp|Q9YGZ0.1|OPSD_SARPI,short_wave,short_wave,True,0.99537456,46.639408639408636
sp|P56515.1|OPSD_RHIMB,sp|P29403.1|OPSD_XENLA,short_wave,short_wave,True,0.99866563,48.1981981981982
sp|P56515.1|OPSD_RHIMB,sp|P79807.1|OPSD_MYRVI,short_wave,short_wave,True,0.9951627,46.97999886679132
sp|P56515.1|OPSD_RHIMB,sp|P79898.1|OPSD_SARDI,short_wave,short_wave,True,0.9953495,46.3613021305329
sp|P56515.1|OPSD_RHIMB,sp|P32308.1|OPSD_CANLF,short_wave,short_wave,True,0.99814177,46.71188529570033
sp|P56515.1|OPSD_RHIMB,sp|O42604.1|OPSD_ZEUFA,short_wave,short_wave,True,0.9958798,47.89109351042886
sp|P56515.1|OPSD_RHIMB,sp|P79914.1|OPSD_SARXA,short_wave,short_wave,True,0.994663,47.53499581085788
sp|P56515.1|OPSD_RHIMB,sp|P79911.1|OPSD_SARTI,short_wave,short_wave,True,0.99624664,46.97999886679132
sp|P56515.1|OPSD_RHIMB,sp|O62796.1|OPSD_TRIMA,short_wave,short_wave,True,0.99757105,46.56737662518009
sp|P56515.1|OPSD_RHIMB,sp|P51474.1|OPSG3_PSAFA,short_wave,short_wave,True,0.9950173,47.716331716331716
sp|P56515.1|OPSD_RHIMB,sp|P79901.1|OPSD_SARMI,short_wave,short_wave,True,0.99566203,45.91751514828438
sp|P56515.1|OPSD_RHIMB,sp|P79798.1|OPSD_MYRBE,short_wave,short_wave,True,0.9934551,46.97999886679132
sp|P56515.1|OPSD_RHIMB,sp|P79902.1|OPSD_SARPU,short_wave,short_wave,True,0.9961542,46.50923112461574
sp|P56515.1|OPSD_RHIMB,sp|P79808.1|OPSD_NEOAR,short_wave,short_wave,True,0.99506825,47.22151618703343
sp|P56515.1|OPSD_RHIMB,sp|P79809.1|OPSD_NEOAU,short_wave,short_wave,True,0.99558264,47.451696979998864
sp|P56515.1|OPSD_RHIMB,sp|P79903.1|OPSD_SARSP,short_wave,short_wave,True,0.99608797,46.665533457986285
sp|P56515.1|OPSD_RHIMB,sp|P51488.1|OPSD_CYPCA,short_wave,short_wave,True,0.99724984,47.54473408319562
sp|P56515.1|OPSD_RHIMB,sp|P79812.1|OPSD_NEOSA,short_wave,short_wave,True,0.9951786,47.37825599894565
sp|P56515.1|OPSD_RHIMB,sp|Q9YGY9.1|OPSD_ZOSOP,short_wave,short_wave,True,0.9950383,46.41839022120712
sp|P56515.1|OPSD_RHIMB,sp|Q9YGZ2.1|OPSD_GOBNI,short_wave,short_wave,True,0.9955878,46.55923529162966
sp|P56515.1|OPSD_RHIMB,sp|P41590.1|OPSD_PSAFA,short_wave,short_wave,True,0.995694,45.89902402402402
sp|P56515.1|OPSD_RHIMB,sp|P51475.1|OPSP_CHICK,short_wave,short_wave,True,0.95955276,47.2868639031781
sp|P56515.1|OPSD_RHIMB,sp|P32309.1|OPSD_CARAU,short_wave,short_wave,True,0.99603665,47.100947100947096
sp|P56515.1|OPSD_RHIMB,sp|Q9R024.1|OPSG_CAVPO,short_wave,short_wave,True,0.98223686,45.73061085037133
sp|P56515.1|OPSD_RHIMB,sp|P87369.1|OPSD_ORYLA,short_wave,short_wave,True,0.99582505,47.100947100947096
sp|P56515.1|OPSD_RHIMB,sp|P34989.1|OPSL_CALJA,short_wave,short_wave,True,0.98594046,45.452595452595446
sp|P56515.1|OPSD_RHIMB,sp|Q9YH05.1|OPSD_DIPAN,short_wave,short_wave,True,0.9959239,45.65726184637359
sp|P56515.1|OPSD_RHIMB,sp|Q9YGZ8.1|OPSD_CHELB,short_wave,short_wave,True,0.99267876,45.94379479766299
sp|P56515.1|OPSD_RHIMB,sp|Q9YGZ5.1|OPSD_SOLSO,short_wave,short_wave,True,0.9956957,46.7234105270915
sp|P56515.1|OPSD_RHIMB,sp|O35476.2|OPSG_RAT,short_wave,short_wave,True,0.9887483,46.539551974334586
sp|P56515.1|OPSD_RHIMB,sp|Q9DGG4.1|OPSD_TETNG,short_wave,short_wave,True,0.995327,45.93413638357458
sp|P56515.1|OPSD_RHIMB,sp|Q9YGZ3.1|OPSD_SALPV,short_wave,short_wave,True,0.99506587,46.012819542231306
sp|P56515.1|OPSD_RHIMB,sp|P35359.2|OPSD_DANRE,short_wave,short_wave,True,0.99563587,46.68263429592734
sp|P56515.1|OPSD_RHIMB,sp|P79848.1|OPSD_POERE,short_wave,short_wave,True,0.9958705,47.100947100947096
sp|P56515.1|OPSD_RHIMB,sp|O35599.1|OPSG_MOUSE,short_wave,short_wave,True,0.9880489,46.539551974334586
sp|P56515.1|OPSD_RHIMB,sp|O35478.2|OPSG_SCICA,short_wave,short_wave,True,0.98642576,45.58091025156894
sp|P56515.1|OPSD_RHIMB,sp|Q9YGZ6.1|OPSD_CHEAU,short_wave,short_wave,True,0.9932816,46.074585821776836
sp|P56515.1|OPSD_RHIMB,sp|Q98980.1|OPSD_PETMA,short_wave,short_wave,True,0.99658257,47.60611357626283
sp|P56515.1|OPSD_RHIMB,sp|P04000.2|OPSR_HUMAN,short_wave,long_wave,False,0.9834868,74.02402402402402
sp|P56515.1|OPSD_RHIMB,sp|P04001.1|OPSG_HUMAN,short_wave,long_wave,False,0.98285866,72.23830973830974
sp|P56515.1|OPSD_RHIMB,sp|O18913.2|OPSR_FELCA,short_wave,long_wave,False,0.97903675,69.49105699105698
sp|P56515.1|OPSD_RHIMB,sp|O18912.2|OPSR_HORSE,short_wave,long_wave,False,0.9821383,68.80424380424381
sp|P56515.1|OPSD_RHIMB,sp|Q9BGI7.1|OPSR_BOVIN,short_wave,long_wave,False,0.9830542,68.94160644160644
sp|P56515.1|OPSD_RHIMB,sp|Q95170.1|OPSR_CAPHI,short_wave,long_wave,False,0.9829033,68.80424380424381
sp|P56515.1|OPSD_RHIMB,sp|O18914.2|OPSR_CANLF,short_wave,long_wave,False,0.98047405,68.66688116688117
sp|P56515.1|OPSD_RHIMB,sp|O18910.2|OPSG_RABIT,short_wave,long_wave,False,0.9831289,67.84270534270534
sp|P56515.1|OPSD_RHIMB,sp|P41592.1|OPSR_ANOCA,short_wave,long_wave,False,0.9824921,65.26696187713137
sp|P56515.1|OPSD_RHIMB,sp|P22329.1|OPSR_CHICK,short_wave,long_wave,False,0.98219055,67.60611357626283
sp|P56515.1|OPSD_RHIMB,sp|P87367.1|OPSR_ORYLA,short_wave,long_wave,False,0.98269975,64.41399616887082
sp|P56515.1|OPSD_RHIMB,sp|P32313.1|OPSR_CARAU,short_wave,long_wave,False,0.9845762,63.57834157277054
sp|P56515.1|OPSD_RHIMB,sp|O12948.1|OPSR_XENLA,short_wave,long_wave,False,0.9880884,63.43080368504097
sp|P56515.1|OPSD_RHIMB,sp|Q9W6A7.1|OPSR1_DANRE,short_wave,long_wave,False,0.9834751,63.1605142747204
sp|P56515.1|OPSD_RHIMB,sp|P22332.2|OPSR_PSAFA,short_wave,long_wave,False,0.9839371,62.46413544463684
sp|P56515.1|OPSD_RHIMB,sp|Q8AYN0.1|OPSR2_DANRE,short_wave,long_wave,False,0.9820147,63.7299063769652
sp|P56515.1|OPSD_RHIMB,sp|P35358.1|OPSG_GEKGE,short_wave,long_wave,False,0.98148537,62.159617244363005
sp|P56515.1|OPSD_RHIMB,sp|P22331.1|OPSG2_PSAFA,short_wave,long_wave,False,0.98618734,62.25931814167108
sp|P56515.1|OPSD_RHIMB,sp|P22330.1|OPSG1_PSAFA,short_wave,long_wave,False,0.9866305,61.37696520049461
sp|P56515.1|OPSD_RHIMB,sp|O18911.1|OPSG_ODOVI,short_wave,long_wave,False,0.96640253,69.07896907896908
sp|P56515.1|OPSD_RHIMB,sp|Q90215.1|OPSD2_ANGAN,short_wave,long_wave,False,0.9964499,45.81889581889582
sp|P56515.1|OPSD_RHIMB,sp|P79756.1|OPSD_GAMAF,short_wave,long_wave,False,0.9954888,45.431648657455106
sp|P56515.1|OPSD_RHIMB,sp|O42490.1|OPSP_PETMA,short_wave,long_wave,False,0.9466691,44.13733847161609
sp|O62793.1|OPSD_MESBI,sp|P79863.1|OPSD_LEUER,short_wave,short_wave,True,0.99708474,45.034556629517226
sp|O62793.1|OPSD_MESBI,sp|P56514.1|OPSD_BUFBU,short_wave,short_wave,True,0.9966098,45.84761752903346
sp|O62793.1|OPSD_MESBI,sp|O62798.1|OPSD_TURTR,short_wave,short_wave,True,0.9992806,44.378229065425344
sp|O62793.1|OPSD_MESBI,sp|Q90214.1|OPSD1_ANGAN,short_wave,short_wave,True,0.9972614,45.07711017957874
sp|O62793.1|OPSD_MESBI,sp|P22671.1|OPSD_LETCA,short_wave,short_wave,True,0.99632823,45.70598335754854
sp|O62793.1|OPSD_MESBI,sp|P08100.1|OPSD_HUMAN,short_wave,short_wave,True,0.9987182,44.985250737463126
sp|O62793.1|OPSD_MESBI,sp|O62792.1|OPSD_GLOME,short_wave,short_wave,True,0.9993819,44.233720394905106
sp|O62793.1|OPSD_MESBI,sp|P02700.2|OPSD_SHEEP,short_wave,short_wave,True,0.9983842,44.233720394905106
sp|O62793.1|OPSD_MESBI,sp|O18766.1|OPSD_PIG,short_wave,short_wave,True,0.99855787,45.015460070369976
sp|O62793.1|OPSD_MESBI,sp|Q9YGZ0.1|OPSD_SARPI,short_wave,short_wave,True,0.9963998,44.73927842069435
sp|O62793.1|OPSD_MESBI,sp|P29403.1|OPSD_XENLA,short_wave,short_wave,True,0.9976158,46.2980679794839
sp|O62793.1|OPSD_MESBI,sp|P79807.1|OPSD_MYRVI,short_wave,short_wave,True,0.99555385,45.07986864807703
sp|O62793.1|OPSD_MESBI,sp|P79898.1|OPSD_SARDI,short_wave,short_wave,True,0.9947674,44.46117191181861
sp|O62793.1|OPSD_MESBI,sp|P32308.1|OPSD_CANLF,short_wave,short_wave,True,0.99809563,44.81175507698603
sp|O62793.1|OPSD_MESBI,sp|O42604.1|OPSD_ZEUFA,short_wave,short_wave,True,0.9962524,45.990963291714564
sp|O62793.1|OPSD_MESBI,sp|P79914.1|OPSD_SARXA,short_wave,short_wave,True,0.995198,45.63486559214359
sp|O62793.1|OPSD_MESBI,sp|P79911.1|OPSD_SARTI,short_wave,short_wave,True,0.99592704,45.07986864807703
sp|O62793.1|OPSD_MESBI,sp|O62796.1|OPSD_TRIMA,short_wave,short_wave,True,0.9978584,44.66724640646581
sp|O62793.1|OPSD_MESBI,sp|P51474.1|OPSG3_PSAFA,short_wave,short_wave,True,0.9949616,45.81620149761743
sp|O62793.1|OPSD_MESBI,sp|P79901.1|OPSD_SARMI,short_wave,short_wave,True,0.99502945,44.01738492957009
sp|O62793.1|OPSD_MESBI,sp|P79798.1|OPSD_MYRBE,short_wave,short_wave,True,0.9942551,45.07986864807703
sp|O62793.1|OPSD_MESBI,sp|P79902.1|OPSD_SARPU,short_wave,short_wave,True,0.99529755,44.60910090590145
sp|O62793.1|OPSD_MESBI,sp|P79808.1|OPSD_NEOAR,short_wave,short_wave,True,0.9949502,45.321385968319134
sp|O62793.1|OPSD_MESBI,sp|P79809.1|OPSD_NEOAU,short_wave,short_wave,True,0.99540997,45.551566761284576
sp|O62793.1|OPSD_MESBI,sp|P79903.1|OPSD_SARSP,short_wave,short_wave,True,0.99589616,44.765403239272004
sp|O62793.1|OPSD_MESBI,sp|P51488.1|OPSD_CYPCA,short_wave,short_wave,True,0.9960648,45.64460386448133
sp|O62793.1|OPSD_MESBI,sp|P79812.1|OPSD_NEOSA,short_wave,short_wave,True,0.99463576,45.478125780231366
sp|O62793.1|OPSD_MESBI,sp|Q9YGY9.1|OPSD_ZOSOP,short_wave,short_wave,True,0.99570125,44.51826000249284
sp|O62793.1|OPSD_MESBI,sp|Q9YGZ2.1|OPSD_GOBNI,short_wave,short_wave,True,0.99615383,44.65910507291537
sp|O62793.1|OPSD_MESBI,sp|P41590.1|OPSD_PSAFA,short_wave,short_wave,True,0.9958542,43.998893805309734
sp|O62793.1|OPSD_MESBI,sp|P51475.1|OPSP_CHICK,short_wave,short_wave,True,0.96691465,45.38673368446381
sp|O62793.1|OPSD_MESBI,sp|P32309.1|OPSD_CARAU,short_wave,short_wave,True,0.9957073,45.200816882232814
sp|O62793.1|OPSD_MESBI,sp|Q9R024.1|OPSG_CAVPO,short_wave,short_wave,True,0.985179,43.83048063165704
sp|O62793.1|OPSD_MESBI,sp|P87369.1|OPSD_ORYLA,short_wave,short_wave,True,0.9956422,45.200816882232814
sp|O62793.1|OPSD_MESBI,sp|P34989.1|OPSL_CALJA,short_wave,short_wave,True,0.9882773,43.552465233881165
sp|O62793.1|OPSD_MESBI,sp|Q9YH05.1|OPSD_DIPAN,short_wave,short_wave,True,0.99609995,43.757131627659305
sp|O62793.1|OPSD_MESBI,sp|Q9YGZ8.1|OPSD_CHELB,short_wave,short_wave,True,0.99383307,44.04366457894871
sp|O62793.1|OPSD_MESBI,sp|Q9YGZ5.1|OPSD_SOLSO,short_wave,short_wave,True,0.99571586,44.82328030837722
sp|O62793.1|OPSD_MESBI,sp|O35476.2|OPSG_RAT,short_wave,short_wave,True,0.9901998,44.63942175562029
sp|O62793.1|OPSD_MESBI,sp|Q9DGG4.1|OPSD_TETNG,short_wave,short_wave,True,0.9962597,44.0340061648603
sp|O62793.1|OPSD_MESBI,sp|Q9YGZ3.1|OPSD_SALPV,short_wave,short_wave,True,0.9958675,44.11268932351702
sp|O62793.1|OPSD_MESBI,sp|P35359.2|OPSD_DANRE,short_wave,short_wave,True,0.99620306,44.78250407721306
sp|O62793.1|OPSD_MESBI,sp|P79848.1|OPSD_POERE,short_wave,short_wave,True,0.9957571,45.200816882232814
sp|O62793.1|OPSD_MESBI,sp|O35599.1|OPSG_MOUSE,short_wave,short_wave,True,0.98918885,44.63942175562029
sp|O62793.1|OPSD_MESBI,sp|O35478.2|OPSG_SCICA,short_wave,short_wave,True,0.9875765,43.68078003285464
sp|O62793.1|OPSD_MESBI,sp|Q9YGZ6.1|OPSD_CHEAU,short_wave,short_wave,True,0.99416673,44.17445560306254
sp|O62793.1|OPSD_MESBI,sp|Q98980.1|OPSD_PETMA,short_wave,short_wave,True,0.9950892,45.70598335754854
sp|O62793.1|OPSD_MESBI,sp|P04000.2|OPSR_HUMAN,short_wave,long_wave,False,0.9843565,72.12389380530973
sp|O62793.1|OPSD_MESBI,sp|P04001.1|OPSG_HUMAN,short_wave,long_wave,False,0.98407227,70.33817951959546
sp|O62793.1|OPSD_MESBI,sp|O18913.2|OPSR_FELCA,short_wave,long_wave,False,0.98116815,67.5909267723427
sp|O62793.1|OPSD_MESBI,sp|O18912.2|OPSR_HORSE,short_wave,long_wave,False,0.9834584,66.90411358552952
sp|O62793.1|OPSD_MESBI,sp|Q9BGI7.1|OPSR_BOVIN,short_wave,long_wave,False,0.9846138,67.04147622289216
sp|O62793.1|OPSD_MESBI,sp|Q95170.1|OPSR_CAPHI,short_wave,long_wave,False,0.98466706,66.90411358552952
sp|O62793.1|OPSD_MESBI,sp|O18914.2|OPSR_CANLF,short_wave,long_wave,False,0.98343265,66.76675094816687
sp|O62793.1|OPSD_MESBI,sp|O18910.2|OPSG_RABIT,short_wave,long_wave,False,0.985453,65.94257512399105
sp|O62793.1|OPSD_MESBI,sp|P41592.1|OPSR_ANOCA,short_wave,long_wave,False,0.98322797,63.36683165841708
sp|O62793.1|OPSD_MESBI,sp|P22329.1|OPSR_CHICK,short_wave,long_wave,False,0.9836161,65.70598335754855
sp|O62793.1|OPSD_MESBI,sp|P87367.1|OPSR_ORYLA,short_wave,long_wave,False,0.984273,62.51386595015653
sp|O62793.1|OPSD_MESBI,sp|P32313.1|OPSR_CARAU,short_wave,long_wave,False,0.98439234,61.67821135405625
sp|O62793.1|OPSD_MESBI,sp|O12948.1|OPSR_XENLA,short_wave,long_wave,False,0.9876332,61.53067346632668
sp|O62793.1|OPSD_MESBI,sp|Q9W6A7.1|OPSR1_DANRE,short_wave,long_wave,False,0.9828548,61.26038405600611
sp|O62793.1|OPSD_MESBI,sp|P22332.2|OPSR_PSAFA,short_wave,long_wave,False,0.9848129,60.56400522592255
sp|O62793.1|OPSD_MESBI,sp|Q8AYN0.1|OPSR2_DANRE,short_wave,long_wave,False,0.9828486,61.82977615825091
sp|O62793.1|OPSD_MESBI,sp|P35358.1|OPSG_GEKGE,short_wave,long_wave,False,0.9811748,60.25948702564872
sp|O62793.1|OPSD_MESBI,sp|P22331.1|OPSG2_PSAFA,short_wave,long_wave,False,0.9864625,60.35918792295679
sp|O62793.1|OPSD_MESBI,sp|P22330.1|OPSG1_PSAFA,short_wave,long_wave,False,0.987376,59.47683498178032
sp|O62793.1|OPSD_MESBI,sp|O18911.1|OPSG_ODOVI,short_wave,long_wave,False,0.970739,67.17883886025479
sp|O62793.1|OPSD_MESBI,sp|Q90215.1|OPSD2_ANGAN,short_wave,long_wave,False,0.9965926,43.91876560018153
sp|O62793.1|OPSD_MESBI,sp|P79756.1|OPSD_GAMAF,short_wave,long_wave,False,0.995456,43.53151843874082
sp|O62793.1|OPSD_MESBI,sp|O42490.1|OPSP_PETMA,short_wave,long_wave,False,0.95092714,42.2372082529018
sp|P79863.1|OPSD_LEUER,sp|P56514.1|OPSD_BUFBU,short_wave,short_wave,True,0.9980286,46.634386547931214
sp|P79863.1|OPSD_LEUER,sp|O62798.1|OPSD_TURTR,short_wave,short_wave,True,0.99734503,45.1649980843231
sp|P79863.1|OPSD_LEUER,sp|Q90214.1|OPSD1_ANGAN,short_wave,short_wave,True,0.9977162,45.863879198476496
sp|P79863.1|OPSD_LEUER,sp|P22671.1|OPSD_LETCA,short_wave,short_wave,True,0.9965028,46.4927523764463
sp|P79863.1|OPSD_LEUER,sp|P08100.1|OPSD_HUMAN,short_wave,short_wave,True,0.99709994,45.77201975636088
sp|P79863.1|OPSD_LEUER,sp|O62792.1|OPSD_GLOME,short_wave,short_wave,True,0.99733424,45.02048941380286
sp|P79863.1|OPSD_LEUER,sp|P02700.2|OPSD_SHEEP,short_wave,short_wave,True,0.9972671,45.02048941380286
sp|P79863.1|OPSD_LEUER,sp|O18766.1|OPSD_PIG,short_wave,short_wave,True,0.99716794,45.80222908926773
sp|P79863.1|OPSD_LEUER,sp|Q9YGZ0.1|OPSD_SARPI,short_wave,short_wave,True,0.9964336,45.526047439592105
sp|P79863.1|OPSD_LEUER,sp|P29403.1|OPSD_XENLA,short_wave,short_wave,True,0.9972172,47.08483699838166
sp|P79863.1|OPSD_LEUER,sp|P79807.1|OPSD_MYRVI,short_wave,short_wave,True,0.9955473,45.86663766697479
sp|P79863.1|OPSD_LEUER,sp|P79898.1|OPSD_SARDI,short_wave,short_wave,True,0.9959353,45.24794093071637
sp|P79863.1|OPSD_LEUER,sp|P32308.1|OPSD_CANLF,short_wave,short_wave,True,0.9975287,45.59852409588379
sp|P79863.1|OPSD_LEUER,sp|O42604.1|OPSD_ZEUFA,short_wave,short_wave,True,0.9956212,46.77773231061232
sp|P79863.1|OPSD_LEUER,sp|P79914.1|OPSD_SARXA,short_wave,short_wave,True,0.99543,46.42163461104135
sp|P79863.1|OPSD_LEUER,sp|P79911.1|OPSD_SARTI,short_wave,short_wave,True,0.99650127,45.86663766697479
sp|P79863.1|OPSD_LEUER,sp|O62796.1|OPSD_TRIMA,short_wave,short_wave,True,0.99752825,45.454015425363565
sp|P79863.1|OPSD_LEUER,sp|P51474.1|OPSG3_PSAFA,short_wave,short_wave,True,0.9944041,46.602970516515185
sp|P79863.1|OPSD_LEUER,sp|P79901.1|OPSD_SARMI,short_wave,short_wave,True,0.9954332,44.80415394846785
sp|P79863.1|OPSD_LEUER,sp|P79798.1|OPSD_MYRBE,short_wave,short_wave,True,0.99456745,45.86663766697479
sp|P79863.1|OPSD_LEUER,sp|P79902.1|OPSD_SARPU,short_wave,short_wave,True,0.9966004,45.39586992479921
sp|P79863.1|OPSD_LEUER,sp|P79808.1|OPSD_NEOAR,short_wave,short_wave,True,0.9957388,46.10815498721689
sp|P79863.1|OPSD_LEUER,sp|P79809.1|OPSD_NEOAU,short_wave,short_wave,True,0.9968023,46.338335780182334
sp|P79863.1|OPSD_LEUER,sp|P79903.1|OPSD_SARSP,short_wave,short_wave,True,0.9963763,45.55217225816976
sp|P79863.1|OPSD_LEUER,sp|P51488.1|OPSD_CYPCA,short_wave,short_wave,True,0.9966149,46.43137288337909
sp|P79863.1|OPSD_LEUER,sp|P79812.1|OPSD_NEOSA,short_wave,short_wave,True,0.99590963,46.264894799129124
sp|P79863.1|OPSD_LEUER,sp|Q9YGY9.1|OPSD_ZOSOP,short_wave,short_wave,True,0.9962026,45.305029021390595
sp|P79863.1|OPSD_LEUER,sp|Q9YGZ2.1|OPSD_GOBNI,short_wave,short_wave,True,0.9966184,45.445874091813124
sp|P79863.1|OPSD_LEUER,sp|P41590.1|OPSD_PSAFA,short_wave,short_wave,True,0.99626637,44.78566282420749
sp|P79863.1|OPSD_LEUER,sp|P51475.1|OPSP_CHICK,short_wave,short_wave,True,0.9626735,46.17350270336157
sp|P79863.1|OPSD_LEUER,sp|P32309.1|OPSD_CARAU,short_wave,short_wave,True,0.99593896,45.98758590113057
sp|P79863.1|OPSD_LEUER,sp|Q9R024.1|OPSG_CAVPO,short_wave,short_wave,True,0.9814414,44.6172496505548
sp|P79863.1|OPSD_LEUER,sp|P87369.1|OPSD_ORYLA,short_wave,short_wave,True,0.9966208,45.98758590113057
sp|P79863.1|OPSD_LEUER,sp|P34989.1|OPSL_CALJA,short_wave,short_wave,True,0.98477745,44.33923425277892
sp|P79863.1|OPSD_LEUER,sp|Q9YH05.1|OPSD_DIPAN,short_wave,short_wave,True,0.99620926,44.54390064655706
sp|P79863.1|OPSD_LEUER,sp|Q9YGZ8.1|OPSD_CHELB,short_wave,short_wave,True,0.9939796,44.830433597846465
sp|P79863.1|OPSD_LEUER,sp|Q9YGZ5.1|OPSD_SOLSO,short_wave,short_wave,True,0.9957444,45.61004932727498
sp|P79863.1|OPSD_LEUER,sp|O35476.2|OPSG_RAT,short_wave,short_wave,True,0.9871171,45.42619077451805
sp|P79863.1|OPSD_LEUER,sp|Q9DGG4.1|OPSD_TETNG,short_wave,short_wave,True,0.9954088,44.82077518375806
sp|P79863.1|OPSD_LEUER,sp|Q9YGZ3.1|OPSD_SALPV,short_wave,short_wave,True,0.9957018,44.899458342414775
sp|P79863.1|OPSD_LEUER,sp|P35359.2|OPSD_DANRE,short_wave,short_wave,True,0.9962976,45.56927309611082
sp|P79863.1|OPSD_LEUER,sp|P79848.1|OPSD_POERE,short_wave,short_wave,True,0.99616736,45.98758590113057
sp|P79863.1|OPSD_LEUER,sp|O35599.1|OPSG_MOUSE,short_wave,short_wave,True,0.98618853,45.42619077451805
sp|P79863.1|OPSD_LEUER,sp|O35478.2|OPSG_SCICA,short_wave,short_wave,True,0.9845343,44.4675490517524
sp|P79863.1|OPSD_LEUER,sp|Q9YGZ6.1|OPSD_CHEAU,short_wave,short_wave,True,0.99442333,44.9612246219603
sp|P79863.1|OPSD_LEUER,sp|Q98980.1|OPSD_PETMA,short_wave,short_wave,True,0.99685097,46.4927523764463
sp|P79863.1|OPSD_LEUER,sp|P04000.2|OPSR_HUMAN,short_wave,long_wave,False,0.9820567,72.91066282420749
sp|P79863.1|OPSD_LEUER,sp|P04001.1|OPSG_HUMAN,short_wave,long_wave,False,0.9819224,71.12494853849321
sp|P79863.1|OPSD_LEUER,sp|O18913.2|OPSR_FELCA,short_wave,long_wave,False,0.9773861,68.37769579124046
sp|P79863.1|OPSD_LEUER,sp|O18912.2|OPSR_HORSE,short_wave,long_wave,False,0.9808121,67.69088260442727
sp|P79863.1|OPSD_LEUER,sp|Q9BGI7.1|OPSR_BOVIN,short_wave,long_wave,False,0.9815698,67.82824524178992
sp|P79863.1|OPSD_LEUER,sp|Q95170.1|OPSR_CAPHI,short_wave,long_wave,False,0.9817112,67.69088260442727
sp|P79863.1|OPSD_LEUER,sp|O18914.2|OPSR_CANLF,short_wave,long_wave,False,0.9798088,67.55351996706463
sp|P79863.1|OPSD_LEUER,sp|O18910.2|OPSG_RABIT,short_wave,long_wave,False,0.9829887,66.7293441428888
sp|P79863.1|OPSD_LEUER,sp|P41592.1|OPSR_ANOCA,short_wave,long_wave,False,0.98109317,64.15360067731484
sp|P79863.1|OPSD_LEUER,sp|P22329.1|OPSR_CHICK,short_wave,long_wave,False,0.9820326,66.4927523764463
sp|P79863.1|OPSD_LEUER,sp|P87367.1|OPSR_ORYLA,short_wave,long_wave,False,0.9812317,63.300634969054286
sp|P79863.1|OPSD_LEUER,sp|P32313.1|OPSR_CARAU,short_wave,long_wave,False,0.9826318,62.46498037295401
sp|P79863.1|OPSD_LEUER,sp|O12948.1|OPSR_XENLA,short_wave,long_wave,False,0.9861819,62.31744248522444
sp|P79863.1|OPSD_LEUER,sp|Q9W6A7.1|OPSR1_DANRE,short_wave,long_wave,False,0.98045856,62.04715307490387
sp|P79863.1|OPSD_LEUER,sp|P22332.2|OPSR_PSAFA,short_wave,long_wave,False,0.9824948,61.35077424482031
sp|P79863.1|OPSD_LEUER,sp|Q8AYN0.1|OPSR2_DANRE,short_wave,long_wave,False,0.97996175,62.616545177148666
sp|P79863.1|OPSD_LEUER,sp|P35358.1|OPSG_GEKGE,short_wave,long_wave,False,0.97971666,61.046256044546475
sp|P79863.1|OPSD_LEUER,sp|P22331.1|OPSG2_PSAFA,short_wave,long_wave,False,0.9839777,61.14595694185455
sp|P79863.1|OPSD_LEUER,sp|P22330.1|OPSG1_PSAFA,short_wave,long_wave,False,0.9842879,60.26360400067808
sp|P79863.1|OPSD_LEUER,sp|O18911.1|OPSG_ODOVI,short_wave,long_wave,False,0.9638825,67.96560787915254
sp|P79863.1|OPSD_LEUER,sp|Q90215.1|OPSD2_ANGAN,short_wave,long_wave,False,0.9968933,44.70553461907929
sp|P79863.1|OPSD_LEUER,sp|P79756.1|OPSD_GAMAF,short_wave,long_wave,False,0.9961044,44.318287457638576
sp|P79863.1|OPSD_LEUER,sp|O42490.1|OPSP_PETMA,short_wave,long_wave,False,0.94556797,43.02397727179956
sp|P56514.1|OPSD_BUFBU,sp|O62798.1|OPSD_TURTR,short_wave,short_wave,True,0.9968314,45.97805898383933
sp|P56514.1|OPSD_BUFBU,sp|Q90214.1|OPSD1_ANGAN,short_wave,short_wave,True,0.9965423,46.67694009799273
sp|P56514.1|OPSD_BUFBU,sp|P22671.1|OPSD_LETCA,short_wave,short_wave,True,0.996118,47.305813275962535
sp|P56514.1|OPSD_BUFBU,sp|P08100.1|OPSD_HUMAN,short_wave,short_wave,True,0.9967928,46.58508065587712
sp|P56514.1|OPSD_BUFBU,sp|O62792.1|OPSD_GLOME,short_wave,short_wave,True,0.99696326,45.8335503133191
sp|P56514.1|OPSD_BUFBU,sp|P02700.2|OPSD_SHEEP,short_wave,short_wave,True,0.99608076,45.8335503133191
sp|P56514.1|OPSD_BUFBU,sp|O18766.1|OPSD_PIG,short_wave,short_wave,True,0.9961097,46.61528998878397
sp|P56514.1|OPSD_BUFBU,sp|Q9YGZ0.1|OPSD_SARPI,short_wave,short_wave,True,0.9944234,46.339108339108336
sp|P56514.1|OPSD_BUFBU,sp|P29403.1|OPSD_XENLA,short_wave,short_wave,True,0.9983466,47.8978978978979
sp|P56514.1|OPSD_BUFBU,sp|P79807.1|OPSD_MYRVI,short_wave,short_wave,True,0.9944533,46.67969856649103
sp|P56514.1|OPSD_BUFBU,sp|P79898.1|OPSD_SARDI,short_wave,short_wave,True,0.99502784,46.0610018302326
sp|P56514.1|OPSD_BUFBU,sp|P32308.1|OPSD_CANLF,short_wave,short_wave,True,0.9971121,46.41158499540003
sp|P56514.1|OPSD_BUFBU,sp|O42604.1|OPSD_ZEUFA,short_wave,short_wave,True,0.9954257,47.59079321012856
sp|P56514.1|OPSD_BUFBU,sp|P79914.1|OPSD_SARXA,short_wave,short_wave,True,0.99391836,47.234695510557586
sp|P56514.1|OPSD_BUFBU,sp|P79911.1|OPSD_SARTI,short_wave,short_wave,True,0.9959003,46.67969856649103
sp|P56514.1|OPSD_BUFBU,sp|O62796.1|OPSD_TRIMA,short_wave,short_wave,True,0.9963341,46.267076324879795
sp|P56514.1|OPSD_BUFBU,sp|P51474.1|OPSG3_PSAFA,short_wave,short_wave,True,0.99388474,47.416031416031416
sp|P56514.1|OPSD_BUFBU,sp|P79901.1|OPSD_SARMI,short_wave,short_wave,True,0.9952314,45.61721484798409
sp|P56514.1|OPSD_BUFBU,sp|P79798.1|OPSD_MYRBE,short_wave,short_wave,True,0.99290717,46.67969856649103
sp|P56514.1|OPSD_BUFBU,sp|P79902.1|OPSD_SARPU,short_wave,short_wave,True,0.9958175,46.208930824315445
sp|P56514.1|OPSD_BUFBU,sp|P79808.1|OPSD_NEOAR,short_wave,short_wave,True,0.99478155,46.92121588673313
sp|P56514.1|OPSD_BUFBU,sp|P79809.1|OPSD_NEOAU,short_wave,short_wave,True,0.9953208,47.151396679698564
sp|P56514.1|OPSD_BUFBU,sp|P79903.1|OPSD_SARSP,short_wave,short_wave,True,0.9956422,46.36523315768599
sp|P56514.1|OPSD_BUFBU,sp|P51488.1|OPSD_CYPCA,short_wave,short_wave,True,0.99678004,47.24443378289533
sp|P56514.1|OPSD_BUFBU,sp|P79812.1|OPSD_NEOSA,short_wave,short_wave,True,0.9949788,47.077955698645354
sp|P56514.1|OPSD_BUFBU,sp|Q9YGY9.1|OPSD_ZOSOP,short_wave,short_wave,True,0.9941921,46.118089920906826
sp|P56514.1|OPSD_BUFBU,sp|Q9YGZ2.1|OPSD_GOBNI,short_wave,short_wave,True,0.9946408,46.25893499132936
sp|P56514.1|OPSD_BUFBU,sp|P41590.1|OPSD_PSAFA,short_wave,short_wave,True,0.99509084,45.59872372372372
sp|P56514.1|OPSD_BUFBU,sp|P51475.1|OPSP_CHICK,short_wave,short_wave,True,0.95747054,46.98656360287781
sp|P56514.1|OPSD_BUFBU,sp|P32309.1|OPSD_CARAU,short_wave,short_wave,True,0.9956131,46.8006468006468
sp|P56514.1|OPSD_BUFBU,sp|Q9R024.1|OPSG_CAVPO,short_wave,short_wave,True,0.981877,45.43031055007103
sp|P56514.1|OPSD_BUFBU,sp|P87369.1|OPSD_ORYLA,short_wave,short_wave,True,0.9950671,46.8006468006468
sp|P56514.1|OPSD_BUFBU,sp|P34989.1|OPSL_CALJA,short_wave,short_wave,True,0.9857477,45.15229515229515
sp|P56514.1|OPSD_BUFBU,sp|Q9YH05.1|OPSD_DIPAN,short_wave,short_wave,True,0.9950917,45.35696154607329
sp|P56514.1|OPSD_BUFBU,sp|Q9YGZ8.1|OPSD_CHELB,short_wave,short_wave,True,0.9914701,45.643494497362695
sp|P56514.1|OPSD_BUFBU,sp|Q9YGZ5.1|OPSD_SOLSO,short_wave,short_wave,True,0.99520886,46.42311022679121
sp|P56514.1|OPSD_BUFBU,sp|O35476.2|OPSG_RAT,short_wave,short_wave,True,0.98899853,46.239251674034286
sp|P56514.1|OPSD_BUFBU,sp|Q9DGG4.1|OPSD_TETNG,short_wave,short_wave,True,0.99434924,45.63383608327429
sp|P56514.1|OPSD_BUFBU,sp|Q9YGZ3.1|OPSD_SALPV,short_wave,short_wave,True,0.9941172,45.712519241931005
sp|P56514.1|OPSD_BUFBU,sp|P35359.2|OPSD_DANRE,short_wave,short_wave,True,0.99479973,46.38233399562705
sp|P56514.1|OPSD_BUFBU,sp|P79848.1|OPSD_POERE,short_wave,short_wave,True,0.99551356,46.8006468006468
sp|P56514.1|OPSD_BUFBU,sp|O35599.1|OPSG_MOUSE,short_wave,short_wave,True,0.98833084,46.239251674034286
sp|P56514.1|OPSD_BUFBU,sp|O35478.2|OPSG_SCICA,short_wave,short_wave,True,0.98654956,45.28060995126864
sp|P56514.1|OPSD_BUFBU,sp|Q9YGZ6.1|OPSD_CHEAU,short_wave,short_wave,True,0.99202573,45.774285521476536
sp|P56514.1|OPSD_BUFBU,sp|Q98980.1|OPSD_PETMA,short_wave,short_wave,True,0.99626136,47.305813275962535
sp|P56514.1|OPSD_BUFBU,sp|P04000.2|OPSR_HUMAN,short_wave,long_wave,False,0.98386884,73.72372372372372
sp|P56514.1|OPSD_BUFBU,sp|P04001.1|OPSG_HUMAN,short_wave,long_wave,False,0.98295504,71.93800943800944
sp|P56514.1|OPSD_BUFBU,sp|O18913.2|OPSR_FELCA,short_wave,long_wave,False,0.9789267,69.19075669075669
sp|P56514.1|OPSD_BUFBU,sp|O18912.2|OPSR_HORSE,short_wave,long_wave,False,0.98189145,68.5039435039435
sp|P56514.1|OPSD_BUFBU,sp|Q9BGI7.1|OPSR_BOVIN,short_wave,long_wave,False,0.9830427,68.64130614130615
sp|P56514.1|OPSD_BUFBU,sp|Q95170.1|OPSR_CAPHI,short_wave,long_wave,False,0.9828502,68.5039435039435
sp|P56514.1|OPSD_BUFBU,sp|O18914.2|OPSR_CANLF,short_wave,long_wave,False,0.9802716,68.36658086658088
sp|P56514.1|OPSD_BUFBU,sp|O18910.2|OPSG_RABIT,short_wave,long_wave,False,0.98293316,67.54240504240505
sp|P56514.1|OPSD_BUFBU,sp|P41592.1|OPSR_ANOCA,short_wave,long_wave,False,0.98320097,64.96666157683107
sp|P56514.1|OPSD_BUFBU,sp|P22329.1|OPSR_CHICK,short_wave,long_wave,False,0.9822798,67.30581327596254
sp|P56514.1|OPSD_BUFBU,sp|P87367.1|OPSR_ORYLA,short_wave,long_wave,False,0.9824318,64.11369586857052
sp|P56514.1|OPSD_BUFBU,sp|P32313.1|OPSR_CARAU,short_wave,long_wave,False,0.98483235,63.27804127247025
sp|P56514.1|OPSD_BUFBU,sp|O12948.1|OPSR_XENLA,short_wave,long_wave,False,0.98895466,63.13050338474068
sp|P56514.1|OPSD_BUFBU,sp|Q9W6A7.1|OPSR1_DANRE,short_wave,long_wave,False,0.9833853,62.860213974420105
sp|P56514.1|OPSD_BUFBU,sp|P22332.2|OPSR_PSAFA,short_wave,long_wave,False,0.98342353,62.163835144336545
sp|P56514.1|OPSD_BUFBU,sp|Q8AYN0.1|OPSR2_DANRE,short_wave,long_wave,False,0.981841,63.429606076664896
sp|P56514.1|OPSD_BUFBU,sp|P35358.1|OPSG_GEKGE,short_wave,long_wave,False,0.9827242,61.85931694406271
sp|P56514.1|OPSD_BUFBU,sp|P22331.1|OPSG2_PSAFA,short_wave,long_wave,False,0.98706615,61.95901784137078
sp|P56514.1|OPSD_BUFBU,sp|P22330.1|OPSG1_PSAFA,short_wave,long_wave,False,0.9872954,61.07666490019432
sp|P56514.1|OPSD_BUFBU,sp|O18911.1|OPSG_ODOVI,short_wave,long_wave,False,0.963977,68.77866877866879
sp|P56514.1|OPSD_BUFBU,sp|Q90215.1|OPSD2_ANGAN,short_wave,long_wave,False,0.9961813,45.51859551859552
sp|P56514.1|OPSD_BUFBU,sp|P79756.1|OPSD_GAMAF,short_wave,long_wave,False,0.99498415,45.131348357154806
sp|P56514.1|OPSD_BUFBU,sp|O42490.1|OPSP_PETMA,short_wave,long_wave,False,0.9474317,43.8370381713158
sp|O62798.1|OPSD_TURTR,sp|Q90214.1|OPSD1_ANGAN,short_wave,short_wave,True,0.9969356,45.207551634384615
sp|O62798.1|OPSD_TURTR,sp|P22671.1|OPSD_LETCA,short_wave,short_wave,True,0.9963409,45.83642481235441
sp|O62798.1|OPSD_TURTR,sp|P08100.1|OPSD_HUMAN,short_wave,short_wave,True,0.99910975,45.115692192268995
sp|O62798.1|OPSD_TURTR,sp|O62792.1|OPSD_GLOME,short_wave,short_wave,True,0.9997395,44.36416184971098
sp|O62798.1|OPSD_TURTR,sp|P02700.2|OPSD_SHEEP,short_wave,short_wave,True,0.9989678,44.36416184971098
sp|O62798.1|OPSD_TURTR,sp|O18766.1|OPSD_PIG,short_wave,short_wave,True,0.99912786,45.145901525175844
sp|O62798.1|OPSD_TURTR,sp|Q9YGZ0.1|OPSD_SARPI,short_wave,short_wave,True,0.9955518,44.86971987550022
sp|O62798.1|OPSD_TURTR,sp|P29403.1|OPSD_XENLA,short_wave,short_wave,True,0.9976097,46.42850943428978
sp|O62798.1|OPSD_TURTR,sp|P79807.1|OPSD_MYRVI,short_wave,short_wave,True,0.995304,45.2103101028829
sp|O62798.1|OPSD_TURTR,sp|P79898.1|OPSD_SARDI,short_wave,short_wave,True,0.9947311,44.591613366624486
sp|O62798.1|OPSD_TURTR,sp|P32308.1|OPSD_CANLF,short_wave,short_wave,True,0.99874955,44.94219653179191
sp|O62798.1|OPSD_TURTR,sp|O42604.1|OPSD_ZEUFA,short_wave,short_wave,True,0.99503434,46.12140474652044
sp|O62798.1|OPSD_TURTR,sp|P79914.1|OPSD_SARXA,short_wave,short_wave,True,0.9946677,45.76530704694946
sp|O62798.1|OPSD_TURTR,sp|P79911.1|OPSD_SARTI,short_wave,short_wave,True,0.996039,45.2103101028829
sp|O62798.1|OPSD_TURTR,sp|O62796.1|OPSD_TRIMA,short_wave,short_wave,True,0.9984694,44.797687861271676
sp|O62798.1|OPSD_TURTR,sp|P51474.1|OPSG3_PSAFA,short_wave,short_wave,True,0.9951133,45.9466429524233
sp|O62798.1|OPSD_TURTR,sp|P79901.1|OPSD_SARMI,short_wave,short_wave,True,0.9950267,44.14782638437596
sp|O62798.1|OPSD_TURTR,sp|P79798.1|OPSD_MYRBE,short_wave,short_wave,True,0.9940014,45.2103101028829
sp|O62798.1|OPSD_TURTR,sp|P79902.1|OPSD_SARPU,short_wave,short_wave,True,0.99517024,44.73954236070732
sp|O62798.1|OPSD_TURTR,sp|P79808.1|OPSD_NEOAR,short_wave,short_wave,True,0.994751,45.45182742312501
sp|O62798.1|OPSD_TURTR,sp|P79809.1|OPSD_NEOAU,short_wave,short_wave,True,0.99541354,45.68200821609045
sp|O62798.1|OPSD_TURTR,sp|P79903.1|OPSD_SARSP,short_wave,short_wave,True,0.9958885,44.89584469407787
sp|O62798.1|OPSD_TURTR,sp|P51488.1|OPSD_CYPCA,short_wave,short_wave,True,0.9950632,45.7750453192872
sp|O62798.1|OPSD_TURTR,sp|P79812.1|OPSD_NEOSA,short_wave,short_wave,True,0.99431235,45.608567235037235
sp|O62798.1|OPSD_TURTR,sp|Q9YGY9.1|OPSD_ZOSOP,short_wave,short_wave,True,0.99499774,44.648701457298706
sp|O62798.1|OPSD_TURTR,sp|Q9YGZ2.1|OPSD_GOBNI,short_wave,short_wave,True,0.9956738,44.78954652772124
sp|O62798.1|OPSD_TURTR,sp|P41590.1|OPSD_PSAFA,short_wave,short_wave,True,0.9952476,44.12933526011561
sp|O62798.1|OPSD_TURTR,sp|P51475.1|OPSP_CHICK,short_wave,short_wave,True,0.9647715,45.51717513926968
sp|O62798.1|OPSD_TURTR,sp|P32309.1|OPSD_CARAU,short_wave,short_wave,True,0.9946245,45.33125833703868
sp|O62798.1|OPSD_TURTR,sp|Q9R024.1|OPSG_CAVPO,short_wave,short_wave,True,0.9835559,43.960922086462915
sp|O62798.1|OPSD_TURTR,sp|P87369.1|OPSD_ORYLA,short_wave,short_wave,True,0.9950639,45.33125833703868
sp|O62798.1|OPSD_TURTR,sp|P34989.1|OPSL_CALJA,short_wave,short_wave,True,0.98706543,43.682906688687034
sp|O62798.1|OPSD_TURTR,sp|Q9YH05.1|OPSD_DIPAN,short_wave,short_wave,True,0.99593484,43.88757308246518
sp|O62798.1|OPSD_TURTR,sp|Q9YGZ8.1|OPSD_CHELB,short_wave,short_wave,True,0.992844,44.174106033754576
sp|O62798.1|OPSD_TURTR,sp|Q9YGZ5.1|OPSD_SOLSO,short_wave,short_wave,True,0.9954665,44.95372176318309
sp|O62798.1|OPSD_TURTR,sp|O35476.2|OPSG_RAT,short_wave,short_wave,True,0.98918736,44.769863210426166
sp|O62798.1|OPSD_TURTR,sp|Q9DGG4.1|OPSD_TETNG,short_wave,short_wave,True,0.99559814,44.16444761966617
sp|O62798.1|OPSD_TURTR,sp|Q9YGZ3.1|OPSD_SALPV,short_wave,short_wave,True,0.9952248,44.24313077832289
sp|O62798.1|OPSD_TURTR,sp|P35359.2|OPSD_DANRE,short_wave,short_wave,True,0.99540985,44.91294553201893
sp|O62798.1|OPSD_TURTR,sp|P79848.1|OPSD_POERE,short_wave,short_wave,True,0.99527425,45.33125833703868
sp|O62798.1|OPSD_TURTR,sp|O35599.1|OPSG_MOUSE,short_wave,short_wave,True,0.98820215,44.769863210426166
sp|O62798.1|OPSD_TURTR,sp|O35478.2|OPSG_SCICA,short_wave,short_wave,True,0.9867568,43.81122148766052
sp|O62798.1|OPSD_TURTR,sp|Q9YGZ6.1|OPSD_CHEAU,short_wave,short_wave,True,0.9933305,44.304897057868416
sp|O62798.1|OPSD_TURTR,sp|Q98980.1|OPSD_PETMA,short_wave,short_wave,True,0.99551564,45.83642481235441
sp|O62798.1|OPSD_TURTR,sp|P04000.2|OPSR_HUMAN,short_wave,long_wave,False,0.9831931,72.25433526011561
sp|O62798.1|OPSD_TURTR,sp|P04001.1|OPSG_HUMAN,short_wave,long_wave,False,0.98281884,70.46862097440132
sp|O62798.1|OPSD_TURTR,sp|O18913.2|OPSR_FELCA,short_wave,long_wave,False,0.9800297,67.72136822714857
sp|O62798.1|OPSD_TURTR,sp|O18912.2|OPSR_HORSE,short_wave,long_wave,False,0.982737,67.03455504033539
sp|O62798.1|OPSD_TURTR,sp|Q9BGI7.1|OPSR_BOVIN,short_wave,long_wave,False,0.9836417,67.17191767769802
sp|O62798.1|OPSD_TURTR,sp|Q95170.1|OPSR_CAPHI,short_wave,long_wave,False,0.98370427,67.03455504033539
sp|O62798.1|OPSD_TURTR,sp|O18914.2|OPSR_CANLF,short_wave,long_wave,False,0.98258394,66.89719240297275
sp|O62798.1|OPSD_TURTR,sp|O18910.2|OPSG_RABIT,short_wave,long_wave,False,0.9837324,66.07301657879692
sp|O62798.1|OPSD_TURTR,sp|P41592.1|OPSR_ANOCA,short_wave,long_wave,False,0.98235625,63.497273113222946
sp|O62798.1|OPSD_TURTR,sp|P22329.1|OPSR_CHICK,short_wave,long_wave,False,0.98265266,65.83642481235441
sp|O62798.1|OPSD_TURTR,sp|P87367.1|OPSR_ORYLA,short_wave,long_wave,False,0.9829797,62.644307404962404
sp|O62798.1|OPSD_TURTR,sp|P32313.1|OPSR_CARAU,short_wave,long_wave,False,0.98380995,61.80865280886212
sp|O62798.1|OPSD_TURTR,sp|O12948.1|OPSR_XENLA,short_wave,long_wave,False,0.98710835,61.66111492113255
sp|O62798.1|OPSD_TURTR,sp|Q9W6A7.1|OPSR1_DANRE,short_wave,long_wave,False,0.9823713,61.39082551081198
sp|O62798.1|OPSD_TURTR,sp|P22332.2|OPSR_PSAFA,short_wave,long_wave,False,0.9837991,60.69444668072842
sp|O62798.1|OPSD_TURTR,sp|Q8AYN0.1|OPSR2_DANRE,short_wave,long_wave,False,0.98223346,61.960217613056784
sp|O62798.1|OPSD_TURTR,sp|P35358.1|OPSG_GEKGE,short_wave,long_wave,False,0.98043776,60.389928480454586
sp|O62798.1|OPSD_TURTR,sp|P22331.1|OPSG2_PSAFA,short_wave,long_wave,False,0.98553765,60.48962937776267
sp|O62798.1|OPSD_TURTR,sp|P22330.1|OPSG1_PSAFA,short_wave,long_wave,False,0.9868032,59.60727643658619
sp|O62798.1|OPSD_TURTR,sp|O18911.1|OPSG_ODOVI,short_wave,long_wave,False,0.96972686,67.30928031506066
sp|O62798.1|OPSD_TURTR,sp|Q90215.1|OPSD2_ANGAN,short_wave,long_wave,False,0.9956555,44.049207054987406
sp|O62798.1|OPSD_TURTR,sp|P79756.1|OPSD_GAMAF,short_wave,long_wave,False,0.9949114,43.661959893546694
sp|O62798.1|OPSD_TURTR,sp|O42490.1|OPSP_PETMA,short_wave,long_wave,False,0.9488115,42.36764970770767
sp|Q90214.1|OPSD1_ANGAN,sp|P22671.1|OPSD_LETCA,short_wave,short_wave,True,0.9946358,46.53530592650781
sp|Q90214.1|OPSD1_ANGAN,sp|P08100.1|OPSD_HUMAN,short_wave,short_wave,True,0.99606586,45.814573306422396
sp|Q90214.1|OPSD1_ANGAN,sp|O62792.1|OPSD_GLOME,short_wave,short_wave,True,0.99735063,45.063042963864376
sp|Q90214.1|OPSD1_ANGAN,sp|P02700.2|OPSD_SHEEP,short_wave,short_wave,True,0.9960928,45.063042963864376
sp|Q90214.1|OPSD1_ANGAN,sp|O18766.1|OPSD_PIG,short_wave,short_wave,True,0.99647886,45.844782639329246
sp|Q90214.1|OPSD1_ANGAN,sp|Q9YGZ0.1|OPSD_SARPI,short_wave,short_wave,True,0.99740314,45.56860098965362
sp|Q90214.1|OPSD1_ANGAN,sp|P29403.1|OPSD_XENLA,short_wave,short_wave,True,0.9967016,47.127390548443174
sp|Q90214.1|OPSD1_ANGAN,sp|P79807.1|OPSD_MYRVI,short_wave,short_wave,True,0.9964392,45.9091912170363
sp|Q90214.1|OPSD1_ANGAN,sp|P79898.1|OPSD_SARDI,short_wave,short_wave,True,0.99646163,45.29049448077788
sp|Q90214.1|OPSD1_ANGAN,sp|P32308.1|OPSD_CANLF,short_wave,short_wave,True,0.995745,45.6410776459453
sp|Q90214.1|OPSD1_ANGAN,sp|O42604.1|OPSD_ZEUFA,short_wave,short_wave,True,0.9966798,46.820285860673835
sp|Q90214.1|OPSD1_ANGAN,sp|P79914.1|OPSD_SARXA,short_wave,short_wave,True,0.99611723,46.46418816110286
sp|Q90214.1|OPSD1_ANGAN,sp|P79911.1|OPSD_SARTI,short_wave,short_wave,True,0.9967679,45.9091912170363
sp|Q90214.1|OPSD1_ANGAN,sp|O62796.1|OPSD_TRIMA,short_wave,short_wave,True,0.99605656,45.49656897542508
sp|Q90214.1|OPSD1_ANGAN,sp|P51474.1|OPSG3_PSAFA,short_wave,short_wave,True,0.9916065,46.6455240665767
sp|Q90214.1|OPSD1_ANGAN,sp|P79901.1|OPSD_SARMI,short_wave,short_wave,True,0.99614084,44.84670749852936
sp|Q90214.1|OPSD1_ANGAN,sp|P79798.1|OPSD_MYRBE,short_wave,short_wave,True,0.9955768,45.9091912170363
sp|Q90214.1|OPSD1_ANGAN,sp|P79902.1|OPSD_SARPU,short_wave,short_wave,True,0.9963303,45.43842347486072
sp|Q90214.1|OPSD1_ANGAN,sp|P79808.1|OPSD_NEOAR,short_wave,short_wave,True,0.9966375,46.150708537278405
sp|Q90214.1|OPSD1_ANGAN,sp|P79809.1|OPSD_NEOAU,short_wave,short_wave,True,0.9971763,46.380889330243846
sp|Q90214.1|OPSD1_ANGAN,sp|P79903.1|OPSD_SARSP,short_wave,short_wave,True,0.9968256,45.594725808231274
sp|Q90214.1|OPSD1_ANGAN,sp|P51488.1|OPSD_CYPCA,short_wave,short_wave,True,0.99638283,46.4739264334406
sp|Q90214.1|OPSD1_ANGAN,sp|P79812.1|OPSD_NEOSA,short_wave,short_wave,True,0.99645436,46.307448349190636
sp|Q90214.1|OPSD1_ANGAN,sp|Q9YGY9.1|OPSD_ZOSOP,short_wave,short_wave,True,0.99697906,45.34758257145211
sp|Q90214.1|OPSD1_ANGAN,sp|Q9YGZ2.1|OPSD_GOBNI,short_wave,short_wave,True,0.9972046,45.48842764187464
sp|Q90214.1|OPSD1_ANGAN,sp|P41590.1|OPSD_PSAFA,short_wave,short_wave,True,0.99743736,44.828216374269005
sp|Q90214.1|OPSD1_ANGAN,sp|P51475.1|OPSP_CHICK,short_wave,short_wave,True,0.96563447,46.21605625342308
sp|Q90214.1|OPSD1_ANGAN,sp|P32309.1|OPSD_CARAU,short_wave,short_wave,True,0.99664676,46.030139451192085
sp|Q90214.1|OPSD1_ANGAN,sp|Q9R024.1|OPSG_CAVPO,short_wave,short_wave,True,0.98285216,44.65980320061631
sp|Q90214.1|OPSD1_ANGAN,sp|P87369.1|OPSD_ORYLA,short_wave,short_wave,True,0.99660516,46.030139451192085
sp|Q90214.1|OPSD1_ANGAN,sp|P34989.1|OPSL_CALJA,short_wave,short_wave,True,0.98537457,44.381787802840435
sp|Q90214.1|OPSD1_ANGAN,sp|Q9YH05.1|OPSD_DIPAN,short_wave,short_wave,True,0.9968969,44.586454196618575
sp|Q90214.1|OPSD1_ANGAN,sp|Q9YGZ8.1|OPSD_CHELB,short_wave,short_wave,True,0.9948463,44.87298714790798
sp|Q90214.1|OPSD1_ANGAN,sp|Q9YGZ5.1|OPSD_SOLSO,short_wave,short_wave,True,0.99680173,45.65260287733649
sp|Q90214.1|OPSD1_ANGAN,sp|O35476.2|OPSG_RAT,short_wave,short_wave,True,0.98847055,45.46874432457956
sp|Q90214.1|OPSD1_ANGAN,sp|Q9DGG4.1|OPSD_TETNG,short_wave,short_wave,True,0.9961687,44.86332873381957
sp|Q90214.1|OPSD1_ANGAN,sp|Q9YGZ3.1|OPSD_SALPV,short_wave,short_wave,True,0.9967909,44.94201189247629
sp|Q90214.1|OPSD1_ANGAN,sp|P35359.2|OPSD_DANRE,short_wave,short_wave,True,0.9975698,45.61182664617233
sp|Q90214.1|OPSD1_ANGAN,sp|P79848.1|OPSD_POERE,short_wave,short_wave,True,0.9973582,46.030139451192085
sp|Q90214.1|OPSD1_ANGAN,sp|O35599.1|OPSG_MOUSE,short_wave,short_wave,True,0.9875637,45.46874432457956
sp|Q90214.1|OPSD1_ANGAN,sp|O35478.2|OPSG_SCICA,short_wave,short_wave,True,0.9852329,44.51010260181391
sp|Q90214.1|OPSD1_ANGAN,sp|Q9YGZ6.1|OPSD_CHEAU,short_wave,short_wave,True,0.9950292,45.00377817202181
sp|Q90214.1|OPSD1_ANGAN,sp|Q98980.1|OPSD_PETMA,short_wave,short_wave,True,0.9952018,46.53530592650781
sp|Q90214.1|OPSD1_ANGAN,sp|P04000.2|OPSR_HUMAN,short_wave,long_wave,False,0.98258543,72.953216374269
sp|Q90214.1|OPSD1_ANGAN,sp|P04001.1|OPSG_HUMAN,short_wave,long_wave,False,0.98217463,71.16750208855473
sp|Q90214.1|OPSD1_ANGAN,sp|O18913.2|OPSR_FELCA,short_wave,long_wave,False,0.9783577,68.42024934130197
sp|Q90214.1|OPSD1_ANGAN,sp|O18912.2|OPSR_HORSE,short_wave,long_wave,False,0.9804687,67.73343615448879
sp|Q90214.1|OPSD1_ANGAN,sp|Q9BGI7.1|OPSR_BOVIN,short_wave,long_wave,False,0.9821979,67.87079879185143
sp|Q90214.1|OPSD1_ANGAN,sp|Q95170.1|OPSR_CAPHI,short_wave,long_wave,False,0.9827016,67.73343615448879
sp|Q90214.1|OPSD1_ANGAN,sp|O18914.2|OPSR_CANLF,short_wave,long_wave,False,0.98131764,67.59607351712614
sp|Q90214.1|OPSD1_ANGAN,sp|O18910.2|OPSG_RABIT,short_wave,long_wave,False,0.98462844,66.77189769295032
sp|Q90214.1|OPSD1_ANGAN,sp|P41592.1|OPSR_ANOCA,short_wave,long_wave,False,0.9809973,64.19615422737635
sp|Q90214.1|OPSD1_ANGAN,sp|P22329.1|OPSR_CHICK,short_wave,long_wave,False,0.9822801,66.53530592650782
sp|Q90214.1|OPSD1_ANGAN,sp|P87367.1|OPSR_ORYLA,short_wave,long_wave,False,0.9804529,63.3431885191158
sp|Q90214.1|OPSD1_ANGAN,sp|P32313.1|OPSR_CARAU,short_wave,long_wave,False,0.98101854,62.50753392301552
sp|Q90214.1|OPSD1_ANGAN,sp|O12948.1|OPSR_XENLA,short_wave,long_wave,False,0.98635566,62.35999603528595
sp|Q90214.1|OPSD1_ANGAN,sp|Q9W6A7.1|OPSR1_DANRE,short_wave,long_wave,False,0.9787866,62.08970662496538
sp|Q90214.1|OPSD1_ANGAN,sp|P22332.2|OPSR_PSAFA,short_wave,long_wave,False,0.9808856,61.39332779488182
sp|Q90214.1|OPSD1_ANGAN,sp|Q8AYN0.1|OPSR2_DANRE,short_wave,long_wave,False,0.97865856,62.65909872721018
sp|Q90214.1|OPSD1_ANGAN,sp|P35358.1|OPSG_GEKGE,short_wave,long_wave,False,0.9787861,61.08880959460799
sp|Q90214.1|OPSD1_ANGAN,sp|P22331.1|OPSG2_PSAFA,short_wave,long_wave,False,0.98420376,61.18851049191606
sp|Q90214.1|OPSD1_ANGAN,sp|P22330.1|OPSG1_PSAFA,short_wave,long_wave,False,0.9845484,60.30615755073959
sp|Q90214.1|OPSD1_ANGAN,sp|O18911.1|OPSG_ODOVI,short_wave,long_wave,False,0.9641709,68.00816142921406
sp|Q90214.1|OPSD1_ANGAN,sp|Q90215.1|OPSD2_ANGAN,short_wave,long_wave,False,0.99852526,44.7480881691408
sp|Q90214.1|OPSD1_ANGAN,sp|P79756.1|OPSD_GAMAF,short_wave,long_wave,False,0.99704283,44.36084100770009
sp|Q90214.1|OPSD1_ANGAN,sp|O42490.1|OPSP_PETMA,short_wave,long_wave,False,0.9486191,43.06653082186107
sp|P22671.1|OPSD_LETCA,sp|P08100.1|OPSD_HUMAN,short_wave,short_wave,True,0.9965737,46.4434464843922
sp|P22671.1|OPSD_LETCA,sp|O62792.1|OPSD_GLOME,short_wave,short_wave,True,0.996312,45.691916141834184
sp|P22671.1|OPSD_LETCA,sp|P02700.2|OPSD_SHEEP,short_wave,short_wave,True,0.99654555,45.691916141834184
sp|P22671.1|OPSD_LETCA,sp|O18766.1|OPSD_PIG,short_wave,short_wave,True,0.9963409,46.47365581729905
sp|P22671.1|OPSD_LETCA,sp|Q9YGZ0.1|OPSD_SARPI,short_wave,short_wave,True,0.9950359,46.19747416762342
sp|P22671.1|OPSD_LETCA,sp|P29403.1|OPSD_XENLA,short_wave,short_wave,True,0.9976201,47.75626372641298
sp|P22671.1|OPSD_LETCA,sp|P79807.1|OPSD_MYRVI,short_wave,short_wave,True,0.9954911,46.5380643950061
sp|P22671.1|OPSD_LETCA,sp|P79898.1|OPSD_SARDI,short_wave,short_wave,True,0.9948015,45.91936765874768
sp|P22671.1|OPSD_LETCA,sp|P32308.1|OPSD_CANLF,short_wave,short_wave,True,0.9968691,46.26995082391511
sp|P22671.1|OPSD_LETCA,sp|O42604.1|OPSD_ZEUFA,short_wave,short_wave,True,0.9956487,47.44915903864364
sp|P22671.1|OPSD_LETCA,sp|P79914.1|OPSD_SARXA,short_wave,short_wave,True,0.99541575,47.09306133907266
sp|P22671.1|OPSD_LETCA,sp|P79911.1|OPSD_SARTI,short_wave,short_wave,True,0.9954832,46.5380643950061
sp|P22671.1|OPSD_LETCA,sp|O62796.1|OPSD_TRIMA,short_wave,short_wave,True,0.996548,46.12544215339487
sp|P22671.1|OPSD_LETCA,sp|P51474.1|OPSG3_PSAFA,short_wave,short_wave,True,0.9974562,47.2743972445465
sp|P22671.1|OPSD_LETCA,sp|P79901.1|OPSD_SARMI,short_wave,short_wave,True,0.99459285,45.47558067649916
sp|P22671.1|OPSD_LETCA,sp|P79798.1|OPSD_MYRBE,short_wave,short_wave,True,0.9944294,46.5380643950061
sp|P22671.1|OPSD_LETCA,sp|P79902.1|OPSD_SARPU,short_wave,short_wave,True,0.99531174,46.06729665283052
sp|P22671.1|OPSD_LETCA,sp|P79808.1|OPSD_NEOAR,short_wave,short_wave,True,0.9951089,46.77958171524821
sp|P22671.1|OPSD_LETCA,sp|P79809.1|OPSD_NEOAU,short_wave,short_wave,True,0.99493194,47.00976250821365
sp|P22671.1|OPSD_LETCA,sp|P79903.1|OPSD_SARSP,short_wave,short_wave,True,0.99558973,46.22359898620107
sp|P22671.1|OPSD_LETCA,sp|P51488.1|OPSD_CYPCA,short_wave,short_wave,True,0.99587995,47.102799611410404
sp|P22671.1|OPSD_LETCA,sp|P79812.1|OPSD_NEOSA,short_wave,short_wave,True,0.995392,46.93632152716043
sp|P22671.1|OPSD_LETCA,sp|Q9YGY9.1|OPSD_ZOSOP,short_wave,short_wave,True,0.9954852,45.9764557494219
sp|P22671.1|OPSD_LETCA,sp|Q9YGZ2.1|OPSD_GOBNI,short_wave,short_wave,True,0.9959227,46.117300819844445
sp|P22671.1|OPSD_LETCA,sp|P41590.1|OPSD_PSAFA,short_wave,short_wave,True,0.99531156,45.457089552238806
sp|P22671.1|OPSD_LETCA,sp|P51475.1|OPSP_CHICK,short_wave,short_wave,True,0.9673112,46.844929431392885
sp|P22671.1|OPSD_LETCA,sp|P32309.1|OPSD_CARAU,short_wave,short_wave,True,0.99428654,46.65901262916188
sp|P22671.1|OPSD_LETCA,sp|Q9R024.1|OPSG_CAVPO,short_wave,short_wave,True,0.98494804,45.28867637858611
sp|P22671.1|OPSD_LETCA,sp|P87369.1|OPSD_ORYLA,short_wave,short_wave,True,0.99645597,46.65901262916188
sp|P22671.1|OPSD_LETCA,sp|P34989.1|OPSL_CALJA,short_wave,short_wave,True,0.9872156,45.01066098081023
sp|P22671.1|OPSD_LETCA,sp|Q9YH05.1|OPSD_DIPAN,short_wave,short_wave,True,0.9960592,45.21532737458838
sp|P22671.1|OPSD_LETCA,sp|Q9YGZ8.1|OPSD_CHELB,short_wave,short_wave,True,0.9943055,45.50186032587777
sp|P22671.1|OPSD_LETCA,sp|Q9YGZ5.1|OPSD_SOLSO,short_wave,short_wave,True,0.99594563,46.281476055306285
sp|P22671.1|OPSD_LETCA,sp|O35476.2|OPSG_RAT,short_wave,short_wave,True,0.98897946,46.09761750254937
sp|P22671.1|OPSD_LETCA,sp|Q9DGG4.1|OPSD_TETNG,short_wave,short_wave,True,0.9960552,45.492201911789365
sp|P22671.1|OPSD_LETCA,sp|Q9YGZ3.1|OPSD_SALPV,short_wave,short_wave,True,0.99605334,45.57088507044609
sp|P22671.1|OPSD_LETCA,sp|P35359.2|OPSD_DANRE,short_wave,short_wave,True,0.99504393,46.240699824142126
sp|P22671.1|OPSD_LETCA,sp|P79848.1|OPSD_POERE,short_wave,short_wave,True,0.9954004,46.65901262916188
sp|P22671.1|OPSD_LETCA,sp|O35599.1|OPSG_MOUSE,short_wave,short_wave,True,0.9883927,46.09761750254937
sp|P22671.1|OPSD_LETCA,sp|O35478.2|OPSG_SCICA,short_wave,short_wave,True,0.9870486,45.13897577978372
sp|P22671.1|OPSD_LETCA,sp|Q9YGZ6.1|OPSD_CHEAU,short_wave,short_wave,True,0.99487317,45.63265134999162
sp|P22671.1|OPSD_LETCA,sp|Q98980.1|OPSD_PETMA,short_wave,short_wave,True,0.9983163,47.16417910447761
sp|P22671.1|OPSD_LETCA,sp|P04000.2|OPSR_HUMAN,short_wave,long_wave,False,0.9846981,73.58208955223881
sp|P22671.1|OPSD_LETCA,sp|P04001.1|OPSG_HUMAN,short_wave,long_wave,False,0.98476624,71.79637526652452
sp|P22671.1|OPSD_LETCA,sp|O18913.2|OPSR_FELCA,short_wave,long_wave,False,0.9812078,69.04912251927178
sp|P22671.1|OPSD_LETCA,sp|O18912.2|OPSR_HORSE,short_wave,long_wave,False,0.98465544,68.36230933245858
sp|P22671.1|OPSD_LETCA,sp|Q9BGI7.1|OPSR_BOVIN,short_wave,long_wave,False,0.98473185,68.49967196982122
sp|P22671.1|OPSD_LETCA,sp|Q95170.1|OPSR_CAPHI,short_wave,long_wave,False,0.9848089,68.36230933245858
sp|P22671.1|OPSD_LETCA,sp|O18914.2|OPSR_CANLF,short_wave,long_wave,False,0.9827075,68.22494669509595
sp|P22671.1|OPSD_LETCA,sp|O18910.2|OPSG_RABIT,short_wave,long_wave,False,0.985162,67.40077087092013
sp|P22671.1|OPSD_LETCA,sp|P41592.1|OPSR_ANOCA,short_wave,long_wave,False,0.98388004,64.82502740534615
sp|P22671.1|OPSD_LETCA,sp|P22329.1|OPSR_CHICK,short_wave,long_wave,False,0.98491645,67.16417910447761
sp|P22671.1|OPSD_LETCA,sp|P87367.1|OPSR_ORYLA,short_wave,long_wave,False,0.9840917,63.9720616970856
sp|P22671.1|OPSD_LETCA,sp|P32313.1|OPSR_CARAU,short_wave,long_wave,False,0.98480964,63.13640710098532
sp|P22671.1|OPSD_LETCA,sp|O12948.1|OPSR_XENLA,short_wave,long_wave,False,0.9858123,62.988869213255754
sp|P22671.1|OPSD_LETCA,sp|Q9W6A7.1|OPSR1_DANRE,short_wave,long_wave,False,0.9846421,62.71857980293518
sp|P22671.1|OPSD_LETCA,sp|P22332.2|OPSR_PSAFA,short_wave,long_wave,False,0.98614264,62.02220097285162
sp|P22671.1|OPSD_LETCA,sp|Q8AYN0.1|OPSR2_DANRE,short_wave,long_wave,False,0.9839993,63.28797190517998
sp|P22671.1|OPSD_LETCA,sp|P35358.1|OPSG_GEKGE,short_wave,long_wave,False,0.9806637,61.71768277257779
sp|P22671.1|OPSD_LETCA,sp|P22331.1|OPSG2_PSAFA,short_wave,long_wave,False,0.9841286,61.817383669885864
sp|P22671.1|OPSD_LETCA,sp|P22330.1|OPSG1_PSAFA,short_wave,long_wave,False,0.98542047,60.93503072870939
sp|P22671.1|OPSD_LETCA,sp|O18911.1|OPSG_ODOVI,short_wave,long_wave,False,0.96912086,68.63703460718386
sp|P22671.1|OPSD_LETCA,sp|Q90215.1|OPSD2_ANGAN,short_wave,long_wave,False,0.9946182,45.3769613471106
sp|P22671.1|OPSD_LETCA,sp|P79756.1|OPSD_GAMAF,short_wave,long_wave,False,0.9957598,44.98971418566989
sp|P22671.1|OPSD_LETCA,sp|O42490.1|OPSP_PETMA,short_wave,long_wave,False,0.95079505,43.69540399983087
sp|P08100.1|OPSD_HUMAN,sp|O62792.1|OPSD_GLOME,short_wave,short_wave,True,0.9987942,44.97118352174877
sp|P08100.1|OPSD_HUMAN,sp|P02700.2|OPSD_SHEEP,short_wave,short_wave,True,0.99914336,44.97118352174877
sp|P08100.1|OPSD_HUMAN,sp|O18766.1|OPSD_PIG,short_wave,short_wave,True,0.9992461,45.75292319721363
sp|P08100.1|OPSD_HUMAN,sp|Q9YGZ0.1|OPSD_SARPI,short_wave,short_wave,True,0.9946321,45.476741547538005
sp|P08100.1|OPSD_HUMAN,sp|P29403.1|OPSD_XENLA,short_wave,short_wave,True,0.9971123,47.03553110632757
sp|P08100.1|OPSD_HUMAN,sp|P79807.1|OPSD_MYRVI,short_wave,short_wave,True,0.9944148,45.81733177492069
sp|P08100.1|OPSD_HUMAN,sp|P79898.1|OPSD_SARDI,short_wave,short_wave,True,0.9942913,45.19863503866227
sp|P08100.1|OPSD_HUMAN,sp|P32308.1|OPSD_CANLF,short_wave,short_wave,True,0.99955577,45.549218203829696
sp|P08100.1|OPSD_HUMAN,sp|O42604.1|OPSD_ZEUFA,short_wave,short_wave,True,0.9943207,46.72842641855823
sp|P08100.1|OPSD_HUMAN,sp|P79914.1|OPSD_SARXA,short_wave,short_wave,True,0.9940669,46.37232871898725
sp|P08100.1|OPSD_HUMAN,sp|P79911.1|OPSD_SARTI,short_wave,short_wave,True,0.9951809,45.81733177492069
sp|P08100.1|OPSD_HUMAN,sp|O62796.1|OPSD_TRIMA,short_wave,short_wave,True,0.99924344,45.40470953330946
sp|P08100.1|OPSD_HUMAN,sp|P51474.1|OPSG3_PSAFA,short_wave,short_wave,True,0.99551785,46.553664624461085
sp|P08100.1|OPSD_HUMAN,sp|P79901.1|OPSD_SARMI,short_wave,short_wave,True,0.99478304,44.75484805641375
sp|P08100.1|OPSD_HUMAN,sp|P79798.1|OPSD_MYRBE,short_wave,short_wave,True,0.992759,45.81733177492069
sp|P08100.1|OPSD_HUMAN,sp|P79902.1|OPSD_SARPU,short_wave,short_wave,True,0.99450135,45.34656403274511
sp|P08100.1|OPSD_HUMAN,sp|P79808.1|OPSD_NEOAR,short_wave,short_wave,True,0.9939143,46.0588490951628
sp|P08100.1|OPSD_HUMAN,sp|P79809.1|OPSD_NEOAU,short_wave,short_wave,True,0.99417543,46.28902988812823
sp|P08100.1|OPSD_HUMAN,sp|P79903.1|OPSD_SARSP,short_wave,short_wave,True,0.9950259,45.502866366115654
sp|P08100.1|OPSD_HUMAN,sp|P51488.1|OPSD_CYPCA,short_wave,short_wave,True,0.9950053,46.38206699132499
sp|P08100.1|OPSD_HUMAN,sp|P79812.1|OPSD_NEOSA,short_wave,short_wave,True,0.9938529,46.215588907075016
sp|P08100.1|OPSD_HUMAN,sp|Q9YGY9.1|OPSD_ZOSOP,short_wave,short_wave,True,0.9944284,45.25572312933649
sp|P08100.1|OPSD_HUMAN,sp|Q9YGZ2.1|OPSD_GOBNI,short_wave,short_wave,True,0.9952275,45.39656819975903
sp|P08100.1|OPSD_HUMAN,sp|P41590.1|OPSD_PSAFA,short_wave,short_wave,True,0.99496704,44.73635693215339
sp|P08100.1|OPSD_HUMAN,sp|P51475.1|OPSP_CHICK,short_wave,short_wave,True,0.9622737,46.12419681130747
sp|P08100.1|OPSD_HUMAN,sp|P32309.1|OPSD_CARAU,short_wave,short_wave,True,0.99403346,45.938280009076465
sp|P08100.1|OPSD_HUMAN,sp|Q9R024.1|OPSG_CAVPO,short_wave,short_wave,True,0.9814904,44.5679437585007
sp|P08100.1|OPSD_HUMAN,sp|P87369.1|OPSD_ORYLA,short_wave,short_wave,True,0.9953433,45.938280009076465
sp|P08100.1|OPSD_HUMAN,sp|P34989.1|OPSL_CALJA,short_wave,short_wave,True,0.9850789,44.289928360724815
sp|P08100.1|OPSD_HUMAN,sp|Q9YH05.1|OPSD_DIPAN,short_wave,short_wave,True,0.99582064,44.49459475450296
sp|P08100.1|OPSD_HUMAN,sp|Q9YGZ8.1|OPSD_CHELB,short_wave,short_wave,True,0.9922761,44.78112770579236
sp|P08100.1|OPSD_HUMAN,sp|Q9YGZ5.1|OPSD_SOLSO,short_wave,short_wave,True,0.99509436,45.56074343522087
sp|P08100.1|OPSD_HUMAN,sp|O35476.2|OPSG_RAT,short_wave,short_wave,True,0.98749304,45.376884882463955
sp|P08100.1|OPSD_HUMAN,sp|Q9DGG4.1|OPSD_TETNG,short_wave,short_wave,True,0.99516577,44.77146929170395
sp|P08100.1|OPSD_HUMAN,sp|Q9YGZ3.1|OPSD_SALPV,short_wave,short_wave,True,0.99503833,44.850152450360675
sp|P08100.1|OPSD_HUMAN,sp|P35359.2|OPSD_DANRE,short_wave,short_wave,True,0.99500614,45.51996720405671
sp|P08100.1|OPSD_HUMAN,sp|P79848.1|OPSD_POERE,short_wave,short_wave,True,0.9947164,45.938280009076465
sp|P08100.1|OPSD_HUMAN,sp|O35599.1|OPSG_MOUSE,short_wave,short_wave,True,0.9862833,45.376884882463955
sp|P08100.1|OPSD_HUMAN,sp|O35478.2|OPSG_SCICA,short_wave,short_wave,True,0.9853795,44.41824315969831
sp|P08100.1|OPSD_HUMAN,sp|Q9YGZ6.1|OPSD_CHEAU,short_wave,short_wave,True,0.99303555,44.911918729906205
sp|P08100.1|OPSD_HUMAN,sp|Q98980.1|OPSD_PETMA,short_wave,short_wave,True,0.9951079,46.4434464843922
sp|P08100.1|OPSD_HUMAN,sp|P04000.2|OPSR_HUMAN,short_wave,long_wave,False,0.9813855,72.8613569321534
sp|P08100.1|OPSD_HUMAN,sp|P04001.1|OPSG_HUMAN,short_wave,long_wave,False,0.9809671,71.0756426464391
sp|P08100.1|OPSD_HUMAN,sp|O18913.2|OPSR_FELCA,short_wave,long_wave,False,0.97823834,68.32838989918636
sp|P08100.1|OPSD_HUMAN,sp|O18912.2|OPSR_HORSE,short_wave,long_wave,False,0.9814806,67.64157671237317
sp|P08100.1|OPSD_HUMAN,sp|Q9BGI7.1|OPSR_BOVIN,short_wave,long_wave,False,0.98213184,67.77893934973581
sp|P08100.1|OPSD_HUMAN,sp|Q95170.1|OPSR_CAPHI,short_wave,long_wave,False,0.9820582,67.64157671237317
sp|P08100.1|OPSD_HUMAN,sp|O18914.2|OPSR_CANLF,short_wave,long_wave,False,0.98053706,67.50421407501054
sp|P08100.1|OPSD_HUMAN,sp|O18910.2|OPSG_RABIT,short_wave,long_wave,False,0.9817206,66.68003825083471
sp|P08100.1|OPSD_HUMAN,sp|P41592.1|OPSR_ANOCA,short_wave,long_wave,False,0.98097575,64.10429478526073
sp|P08100.1|OPSD_HUMAN,sp|P22329.1|OPSR_CHICK,short_wave,long_wave,False,0.98093796,66.4434464843922
sp|P08100.1|OPSD_HUMAN,sp|P87367.1|OPSR_ORYLA,short_wave,long_wave,False,0.9817029,63.251329077000186
sp|P08100.1|OPSD_HUMAN,sp|P32313.1|OPSR_CARAU,short_wave,long_wave,False,0.9834763,62.41567448089991
sp|P08100.1|OPSD_HUMAN,sp|O12948.1|OPSR_XENLA,short_wave,long_wave,False,0.9856516,62.26813659317034
sp|P08100.1|OPSD_HUMAN,sp|Q9W6A7.1|OPSR1_DANRE,short_wave,long_wave,False,0.98264104,61.99784718284977
sp|P08100.1|OPSD_HUMAN,sp|P22332.2|OPSR_PSAFA,short_wave,long_wave,False,0.9833912,61.30146835276621
sp|P08100.1|OPSD_HUMAN,sp|Q8AYN0.1|OPSR2_DANRE,short_wave,long_wave,False,0.98234844,62.567239285094566
sp|P08100.1|OPSD_HUMAN,sp|P35358.1|OPSG_GEKGE,short_wave,long_wave,False,0.9791136,60.996950152492374
sp|P08100.1|OPSD_HUMAN,sp|P22331.1|OPSG2_PSAFA,short_wave,long_wave,False,0.98483425,61.09665104980045
sp|P08100.1|OPSD_HUMAN,sp|P22330.1|OPSG1_PSAFA,short_wave,long_wave,False,0.9861904,60.21429810862398
sp|P08100.1|OPSD_HUMAN,sp|O18911.1|OPSG_ODOVI,short_wave,long_wave,False,0.9693951,67.91630198709845
sp|P08100.1|OPSD_HUMAN,sp|Q90215.1|OPSD2_ANGAN,short_wave,long_wave,False,0.9955989,44.65622872702519
sp|P08100.1|OPSD_HUMAN,sp|P79756.1|OPSD_GAMAF,short_wave,long_wave,False,0.9945503,44.268981565584475
sp|P08100.1|OPSD_HUMAN,sp|O42490.1|OPSP_PETMA,short_wave,long_wave,False,0.94675344,42.97467137974546
sp|O62792.1|OPSD_GLOME,sp|P02700.2|OPSD_SHEEP,short_wave,short_wave,True,0.99873686,44.21965317919075
sp|O62792.1|OPSD_GLOME,sp|O18766.1|OPSD_PIG,short_wave,short_wave,True,0.9988713,45.00139285465562
sp|O62792.1|OPSD_GLOME,sp|Q9YGZ0.1|OPSD_SARPI,short_wave,short_wave,True,0.99572873,44.725211204979985
sp|O62792.1|OPSD_GLOME,sp|P29403.1|OPSD_XENLA,short_wave,short_wave,True,0.99804455,46.28400076376955
sp|O62792.1|OPSD_GLOME,sp|P79807.1|OPSD_MYRVI,short_wave,short_wave,True,0.99570245,45.065801432362676
sp|O62792.1|OPSD_GLOME,sp|P79898.1|OPSD_SARDI,short_wave,short_wave,True,0.9951629,44.44710469610425
sp|O62792.1|OPSD_GLOME,sp|P32308.1|OPSD_CANLF,short_wave,short_wave,True,0.99836,44.797687861271676
sp|O62792.1|OPSD_GLOME,sp|O42604.1|OPSD_ZEUFA,short_wave,short_wave,True,0.9958151,45.97689607600021
sp|O62792.1|OPSD_GLOME,sp|P79914.1|OPSD_SARXA,short_wave,short_wave,True,0.99534476,45.620798376429235
sp|O62792.1|OPSD_GLOME,sp|P79911.1|OPSD_SARTI,short_wave,short_wave,True,0.99644864,45.065801432362676
sp|O62792.1|OPSD_GLOME,sp|O62796.1|OPSD_TRIMA,short_wave,short_wave,True,0.9980387,44.653179190751445
sp|O62792.1|OPSD_GLOME,sp|P51474.1|OPSG3_PSAFA,short_wave,short_wave,True,0.99491835,45.802134281903065
sp|O62792.1|OPSD_GLOME,sp|P79901.1|OPSD_SARMI,short_wave,short_wave,True,0.9952216,44.003317713855736
sp|O62792.1|OPSD_GLOME,sp|P79798.1|OPSD_MYRBE,short_wave,short_wave,True,0.9948697,45.065801432362676
sp|O62792.1|OPSD_GLOME,sp|P79902.1|OPSD_SARPU,short_wave,short_wave,True,0.9955066,44.595033690187094
sp|O62792.1|OPSD_GLOME,sp|P79808.1|OPSD_NEOAR,short_wave,short_wave,True,0.99532545,45.30731875260478
sp|O62792.1|OPSD_GLOME,sp|P79809.1|OPSD_NEOAU,short_wave,short_wave,True,0.9958097,45.53749954557021
sp|O62792.1|OPSD_GLOME,sp|P79903.1|OPSD_SARSP,short_wave,short_wave,True,0.9963309,44.75133602355764
sp|O62792.1|OPSD_GLOME,sp|P51488.1|OPSD_CYPCA,short_wave,short_wave,True,0.9955397,45.63053664876698
sp|O62792.1|OPSD_GLOME,sp|P79812.1|OPSD_NEOSA,short_wave,short_wave,True,0.99510664,45.464058564517
sp|O62792.1|OPSD_GLOME,sp|Q9YGY9.1|OPSD_ZOSOP,short_wave,short_wave,True,0.99554884,44.504192786778475
sp|O62792.1|OPSD_GLOME,sp|Q9YGZ2.1|OPSD_GOBNI,short_wave,short_wave,True,0.9959969,44.64503785720101
sp|O62792.1|OPSD_GLOME,sp|P41590.1|OPSD_PSAFA,short_wave,short_wave,True,0.9959437,43.98482658959537
sp|O62792.1|OPSD_GLOME,sp|P51475.1|OPSP_CHICK,short_wave,short_wave,True,0.9659923,45.37266646874946
sp|O62792.1|OPSD_GLOME,sp|P32309.1|OPSD_CARAU,short_wave,short_wave,True,0.9952209,45.18674966651845
sp|O62792.1|OPSD_GLOME,sp|Q9R024.1|OPSG_CAVPO,short_wave,short_wave,True,0.9851785,43.81641341594268
sp|O62792.1|OPSD_GLOME,sp|P87369.1|OPSD_ORYLA,short_wave,short_wave,True,0.9954412,45.18674966651845
sp|O62792.1|OPSD_GLOME,sp|P34989.1|OPSL_CALJA,short_wave,short_wave,True,0.98849076,43.5383980181668
sp|O62792.1|OPSD_GLOME,sp|Q9YH05.1|OPSD_DIPAN,short_wave,short_wave,True,0.99607956,43.74306441194494
sp|O62792.1|OPSD_GLOME,sp|Q9YGZ8.1|OPSD_CHELB,short_wave,short_wave,True,0.9934718,44.029597363234345
sp|O62792.1|OPSD_GLOME,sp|Q9YGZ5.1|OPSD_SOLSO,short_wave,short_wave,True,0.99588585,44.80921309266286
sp|O62792.1|OPSD_GLOME,sp|O35476.2|OPSG_RAT,short_wave,short_wave,True,0.99051726,44.625354539905935
sp|O62792.1|OPSD_GLOME,sp|Q9DGG4.1|OPSD_TETNG,short_wave,short_wave,True,0.99601704,44.01993894914594
sp|O62792.1|OPSD_GLOME,sp|Q9YGZ3.1|OPSD_SALPV,short_wave,short_wave,True,0.99560654,44.098622107802655
sp|O62792.1|OPSD_GLOME,sp|P35359.2|OPSD_DANRE,short_wave,short_wave,True,0.99587905,44.7684368614987
sp|O62792.1|OPSD_GLOME,sp|P79848.1|OPSD_POERE,short_wave,short_wave,True,0.9957526,45.18674966651845
sp|O62792.1|OPSD_GLOME,sp|O35599.1|OPSG_MOUSE,short_wave,short_wave,True,0.9896068,44.625354539905935
sp|O62792.1|OPSD_GLOME,sp|O35478.2|OPSG_SCICA,short_wave,short_wave,True,0.9881171,43.66671281714029
sp|O62792.1|OPSD_GLOME,sp|Q9YGZ6.1|OPSD_CHEAU,short_wave,short_wave,True,0.99387133,44.160388387348185
sp|O62792.1|OPSD_GLOME,sp|Q98980.1|OPSD_PETMA,short_wave,short_wave,True,0.9958516,45.691916141834184
sp|O62792.1|OPSD_GLOME,sp|P04000.2|OPSR_HUMAN,short_wave,long_wave,False,0.9849748,72.10982658959537
sp|O62792.1|OPSD_GLOME,sp|P04001.1|OPSG_HUMAN,short_wave,long_wave,False,0.9845517,70.3241123038811
sp|O62792.1|OPSD_GLOME,sp|O18913.2|OPSR_FELCA,short_wave,long_wave,False,0.9818268,67.57685955662834
sp|O62792.1|OPSD_GLOME,sp|O18912.2|OPSR_HORSE,short_wave,long_wave,False,0.98430884,66.89004636981515
sp|O62792.1|OPSD_GLOME,sp|Q9BGI7.1|OPSR_BOVIN,short_wave,long_wave,False,0.9851816,67.0274090071778
sp|O62792.1|OPSD_GLOME,sp|Q95170.1|OPSR_CAPHI,short_wave,long_wave,False,0.9852799,66.89004636981515
sp|O62792.1|OPSD_GLOME,sp|O18914.2|OPSR_CANLF,short_wave,long_wave,False,0.9841386,66.75268373245252
sp|O62792.1|OPSD_GLOME,sp|O18910.2|OPSG_RABIT,short_wave,long_wave,False,0.98544043,65.9285079082767
sp|O62792.1|OPSD_GLOME,sp|P41592.1|OPSR_ANOCA,short_wave,long_wave,False,0.9840744,63.35276444270272
sp|O62792.1|OPSD_GLOME,sp|P22329.1|OPSR_CHICK,short_wave,long_wave,False,0.9844931,65.69191614183418
sp|O62792.1|OPSD_GLOME,sp|P87367.1|OPSR_ORYLA,short_wave,long_wave,False,0.98467946,62.499798734442166
sp|O62792.1|OPSD_GLOME,sp|P32313.1|OPSR_CARAU,short_wave,long_wave,False,0.98525417,61.6641441383419
sp|O62792.1|OPSD_GLOME,sp|O12948.1|OPSR_XENLA,short_wave,long_wave,False,0.9881902,61.51660625061233
sp|O62792.1|OPSD_GLOME,sp|Q9W6A7.1|OPSR1_DANRE,short_wave,long_wave,False,0.9837314,61.246316840291755
sp|O62792.1|OPSD_GLOME,sp|P22332.2|OPSR_PSAFA,short_wave,long_wave,False,0.9852688,60.549938010208194
sp|O62792.1|OPSD_GLOME,sp|Q8AYN0.1|OPSR2_DANRE,short_wave,long_wave,False,0.98365974,61.815708942536546
sp|O62792.1|OPSD_GLOME,sp|P35358.1|OPSG_GEKGE,short_wave,long_wave,False,0.98229176,60.24541980993436
sp|O62792.1|OPSD_GLOME,sp|P22331.1|OPSG2_PSAFA,short_wave,long_wave,False,0.98689485,60.34512070724243
sp|O62792.1|OPSD_GLOME,sp|P22330.1|OPSG1_PSAFA,short_wave,long_wave,False,0.987948,59.462767766065966
sp|O62792.1|OPSD_GLOME,sp|O18911.1|OPSG_ODOVI,short_wave,long_wave,False,0.96978915,67.16477164454044
sp|O62792.1|OPSD_GLOME,sp|Q90215.1|OPSD2_ANGAN,short_wave,long_wave,False,0.9961731,43.90469838446717
sp|O62792.1|OPSD_GLOME,sp|P79756.1|OPSD_GAMAF,short_wave,long_wave,False,0.9954593,43.517451223026455
sp|O62792.1|OPSD_GLOME,sp|O42490.1|OPSP_PETMA,short_wave,long_wave,False,0.95171535,42.223141037187446
sp|P02700.2|OPSD_SHEEP,sp|O18766.1|OPSD_PIG,short_wave,short_wave,True,0.9995725,45.00139285465562
sp|P02700.2|OPSD_SHEEP,sp|Q9YGZ0.1|OPSD_SARPI,short_wave,short_wave,True,0.9948613,44.725211204979985
sp|P02700.2|OPSD_SHEEP,sp|P29403.1|OPSD_XENLA,short_wave,short_wave,True,0.9969465,46.28400076376955
sp|P02700.2|OPSD_SHEEP,sp|P79807.1|OPSD_MYRVI,short_wave,short_wave,True,0.99424624,45.065801432362676
sp|P02700.2|OPSD_SHEEP,sp|P79898.1|OPSD_SARDI,short_wave,short_wave,True,0.99387443,44.44710469610425
sp|P02700.2|OPSD_SHEEP,sp|P32308.1|OPSD_CANLF,short_wave,short_wave,True,0.99913806,44.797687861271676
sp|P02700.2|OPSD_SHEEP,sp|O42604.1|OPSD_ZEUFA,short_wave,short_wave,True,0.99379265,45.97689607600021
sp|P02700.2|OPSD_SHEEP,sp|P79914.1|OPSD_SARXA,short_wave,short_wave,True,0.9940702,45.620798376429235
sp|P02700.2|OPSD_SHEEP,sp|P79911.1|OPSD_SARTI,short_wave,short_wave,True,0.9951352,45.065801432362676
sp|P02700.2|OPSD_SHEEP,sp|O62796.1|OPSD_TRIMA,short_wave,short_wave,True,0.99915546,44.653179190751445
sp|P02700.2|OPSD_SHEEP,sp|P51474.1|OPSG3_PSAFA,short_wave,short_wave,True,0.9957384,45.802134281903065
sp|P02700.2|OPSD_SHEEP,sp|P79901.1|OPSD_SARMI,short_wave,short_wave,True,0.99395084,44.003317713855736
sp|P02700.2|OPSD_SHEEP,sp|P79798.1|OPSD_MYRBE,short_wave,short_wave,True,0.9932364,45.065801432362676
sp|P02700.2|OPSD_SHEEP,sp|P79902.1|OPSD_SARPU,short_wave,short_wave,True,0.9943234,44.595033690187094
sp|P02700.2|OPSD_SHEEP,sp|P79808.1|OPSD_NEOAR,short_wave,short_wave,True,0.9938369,45.30731875260478
sp|P02700.2|OPSD_SHEEP,sp|P79809.1|OPSD_NEOAU,short_wave,short_wave,True,0.99465466,45.53749954557021
sp|P02700.2|OPSD_SHEEP,sp|P79903.1|OPSD_SARSP,short_wave,short_wave,True,0.9950352,44.75133602355764
sp|P02700.2|OPSD_SHEEP,sp|P51488.1|OPSD_CYPCA,short_wave,short_wave,True,0.9942206,45.63053664876698
sp|P02700.2|OPSD_SHEEP,sp|P79812.1|OPSD_NEOSA,short_wave,short_wave,True,0.99345726,45.464058564517
sp|P02700.2|OPSD_SHEEP,sp|Q9YGY9.1|OPSD_ZOSOP,short_wave,short_wave,True,0.9945127,44.504192786778475
sp|P02700.2|OPSD_SHEEP,sp|Q9YGZ2.1|OPSD_GOBNI,short_wave,short_wave,True,0.9952078,44.64503785720101
sp|P02700.2|OPSD_SHEEP,sp|P41590.1|OPSD_PSAFA,short_wave,short_wave,True,0.9944925,43.98482658959537
sp|P02700.2|OPSD_SHEEP,sp|P51475.1|OPSP_CHICK,short_wave,short_wave,True,0.9667287,45.37266646874946
sp|P02700.2|OPSD_SHEEP,sp|P32309.1|OPSD_CARAU,short_wave,short_wave,True,0.9930759,45.18674966651845
sp|P02700.2|OPSD_SHEEP,sp|Q9R024.1|OPSG_CAVPO,short_wave,short_wave,True,0.9820893,43.81641341594268
sp|P02700.2|OPSD_SHEEP,sp|P87369.1|OPSD_ORYLA,short_wave,short_wave,True,0.99469334,45.18674966651845
sp|P02700.2|OPSD_SHEEP,sp|P34989.1|OPSL_CALJA,short_wave,short_wave,True,0.985745,43.5383980181668
sp|P02700.2|OPSD_SHEEP,sp|Q9YH05.1|OPSD_DIPAN,short_wave,short_wave,True,0.9954551,43.74306441194494
sp|P02700.2|OPSD_SHEEP,sp|Q9YGZ8.1|OPSD_CHELB,short_wave,short_wave,True,0.9924549,44.029597363234345
sp|P02700.2|OPSD_SHEEP,sp|Q9YGZ5.1|OPSD_SOLSO,short_wave,short_wave,True,0.99414253,44.80921309266286
sp|P02700.2|OPSD_SHEEP,sp|O35476.2|OPSG_RAT,short_wave,short_wave,True,0.98744243,44.625354539905935
sp|P02700.2|OPSD_SHEEP,sp|Q9DGG4.1|OPSD_TETNG,short_wave,short_wave,True,0.99469006,44.01993894914594
sp|P02700.2|OPSD_SHEEP,sp|Q9YGZ3.1|OPSD_SALPV,short_wave,short_wave,True,0.9947426,44.098622107802655
sp|P02700.2|OPSD_SHEEP,sp|P35359.2|OPSD_DANRE,short_wave,short_wave,True,0.9948162,44.7684368614987
sp|P02700.2|OPSD_SHEEP,sp|P79848.1|OPSD_POERE,short_wave,short_wave,True,0.99412316,45.18674966651845
sp|P02700.2|OPSD_SHEEP,sp|O35599.1|OPSG_MOUSE,short_wave,short_wave,True,0.9865291,44.625354539905935
sp|P02700.2|OPSD_SHEEP,sp|O35478.2|OPSG_SCICA,short_wave,short_wave,True,0.985072,43.66671281714029
sp|P02700.2|OPSD_SHEEP,sp|Q9YGZ6.1|OPSD_CHEAU,short_wave,short_wave,True,0.99300086,44.160388387348185
sp|P02700.2|OPSD_SHEEP,sp|Q98980.1|OPSD_PETMA,short_wave,short_wave,True,0.9957781,45.691916141834184
sp|P02700.2|OPSD_SHEEP,sp|P04000.2|OPSR_HUMAN,short_wave,long_wave,False,0.9816531,72.10982658959537
sp|P02700.2|OPSD_SHEEP,sp|P04001.1|OPSG_HUMAN,short_wave,long_wave,False,0.98161376,70.3241123038811
sp|P02700.2|OPSD_SHEEP,sp|O18913.2|OPSR_FELCA,short_wave,long_wave,False,0.9781057,67.57685955662834
sp|P02700.2|OPSD_SHEEP,sp|O18912.2|OPSR_HORSE,short_wave,long_wave,False,0.9817298,66.89004636981515
sp|P02700.2|OPSD_SHEEP,sp|Q9BGI7.1|OPSR_BOVIN,short_wave,long_wave,False,0.98233694,67.0274090071778
sp|P02700.2|OPSD_SHEEP,sp|Q95170.1|OPSR_CAPHI,short_wave,long_wave,False,0.982504,66.89004636981515
sp|P02700.2|OPSD_SHEEP,sp|O18914.2|OPSR_CANLF,short_wave,long_wave,False,0.9810447,66.75268373245252
sp|P02700.2|OPSD_SHEEP,sp|O18910.2|OPSG_RABIT,short_wave,long_wave,False,0.98271096,65.9285079082767
sp|P02700.2|OPSD_SHEEP,sp|P41592.1|OPSR_ANOCA,short_wave,long_wave,False,0.9796646,63.35276444270272
sp|P02700.2|OPSD_SHEEP,sp|P22329.1|OPSR_CHICK,short_wave,long_wave,False,0.9811054,65.69191614183418
sp|P02700.2|OPSD_SHEEP,sp|P87367.1|OPSR_ORYLA,short_wave,long_wave,False,0.98112833,62.499798734442166
sp|P02700.2|OPSD_SHEEP,sp|P32313.1|OPSR_CARAU,short_wave,long_wave,False,0.98181576,61.6641441383419
sp|P02700.2|OPSD_SHEEP,sp|O12948.1|OPSR_XENLA,short_wave,long_wave,False,0.98396796,61.51660625061233
sp|P02700.2|OPSD_SHEEP,sp|Q9W6A7.1|OPSR1_DANRE,short_wave,long_wave,False,0.980966,61.246316840291755
sp|P02700.2|OPSD_SHEEP,sp|P22332.2|OPSR_PSAFA,short_wave,long_wave,False,0.9827298,60.549938010208194
sp|P02700.2|OPSD_SHEEP,sp|Q8AYN0.1|OPSR2_DANRE,short_wave,long_wave,False,0.98053396,61.815708942536546
sp|P02700.2|OPSD_SHEEP,sp|P35358.1|OPSG_GEKGE,short_wave,long_wave,False,0.9772935,60.24541980993436
sp|P02700.2|OPSD_SHEEP,sp|P22331.1|OPSG2_PSAFA,short_wave,long_wave,False,0.9827539,60.34512070724243
sp|P02700.2|OPSD_SHEEP,sp|P22330.1|OPSG1_PSAFA,short_wave,long_wave,False,0.9839621,59.462767766065966
sp|P02700.2|OPSD_SHEEP,sp|O18911.1|OPSG_ODOVI,short_wave,long_wave,False,0.9697439,67.16477164454044
sp|P02700.2|OPSD_SHEEP,sp|Q90215.1|OPSD2_ANGAN,short_wave,long_wave,False,0.9950134,43.90469838446717
sp|P02700.2|OPSD_SHEEP,sp|P79756.1|OPSD_GAMAF,short_wave,long_wave,False,0.99407953,43.517451223026455
sp|P02700.2|OPSD_SHEEP,sp|O42490.1|OPSP_PETMA,short_wave,long_wave,False,0.9479854,42.223141037187446
sp|O18766.1|OPSD_PIG,sp|Q9YGZ0.1|OPSD_SARPI,short_wave,short_wave,True,0.99494284,45.506950880444855
sp|O18766.1|OPSD_PIG,sp|P29403.1|OPSD_XENLA,short_wave,short_wave,True,0.9969454,47.06574043923442
sp|O18766.1|OPSD_PIG,sp|P79807.1|OPSD_MYRVI,short_wave,short_wave,True,0.99465716,45.84754110782754
sp|O18766.1|OPSD_PIG,sp|P79898.1|OPSD_SARDI,short_wave,short_wave,True,0.9939855,45.22884437156912
sp|O18766.1|OPSD_PIG,sp|P32308.1|OPSD_CANLF,short_wave,short_wave,True,0.9992399,45.579427536736546
sp|O18766.1|OPSD_PIG,sp|O42604.1|OPSD_ZEUFA,short_wave,short_wave,True,0.9938815,46.75863575146508
sp|O18766.1|OPSD_PIG,sp|P79914.1|OPSD_SARXA,short_wave,short_wave,True,0.99412477,46.4025380518941
sp|O18766.1|OPSD_PIG,sp|P79911.1|OPSD_SARTI,short_wave,short_wave,True,0.9951656,45.84754110782754
sp|O18766.1|OPSD_PIG,sp|O62796.1|OPSD_TRIMA,short_wave,short_wave,True,0.99920464,45.43491886621631
sp|O18766.1|OPSD_PIG,sp|P51474.1|OPSG3_PSAFA,short_wave,short_wave,True,0.99487257,46.583873957367935
sp|O18766.1|OPSD_PIG,sp|P79901.1|OPSD_SARMI,short_wave,short_wave,True,0.9943125,44.7850573893206
sp|O18766.1|OPSD_PIG,sp|P79798.1|OPSD_MYRBE,short_wave,short_wave,True,0.9932085,45.84754110782754
sp|O18766.1|OPSD_PIG,sp|P79902.1|OPSD_SARPU,short_wave,short_wave,True,0.99428666,45.37677336565196
sp|O18766.1|OPSD_PIG,sp|P79808.1|OPSD_NEOAR,short_wave,short_wave,True,0.99392337,46.08905842806965
sp|O18766.1|OPSD_PIG,sp|P79809.1|OPSD_NEOAU,short_wave,short_wave,True,0.99459636,46.31923922103508
sp|O18766.1|OPSD_PIG,sp|P79903.1|OPSD_SARSP,short_wave,short_wave,True,0.9951155,45.533075699022504
sp|O18766.1|OPSD_PIG,sp|P51488.1|OPSD_CYPCA,short_wave,short_wave,True,0.9945023,46.41227632423184
sp|O18766.1|OPSD_PIG,sp|P79812.1|OPSD_NEOSA,short_wave,short_wave,True,0.99350464,46.245798239981866
sp|O18766.1|OPSD_PIG,sp|Q9YGY9.1|OPSD_ZOSOP,short_wave,short_wave,True,0.99453616,45.28593246224334
sp|O18766.1|OPSD_PIG,sp|Q9YGZ2.1|OPSD_GOBNI,short_wave,short_wave,True,0.9953251,45.42677753266588
sp|O18766.1|OPSD_PIG,sp|P41590.1|OPSD_PSAFA,short_wave,short_wave,True,0.9948539,44.76656626506024
sp|O18766.1|OPSD_PIG,sp|P51475.1|OPSP_CHICK,short_wave,short_wave,True,0.96469045,46.15440614421432
sp|O18766.1|OPSD_PIG,sp|P32309.1|OPSD_CARAU,short_wave,short_wave,True,0.9935981,45.968489341983314
sp|O18766.1|OPSD_PIG,sp|Q9R024.1|OPSG_CAVPO,short_wave,short_wave,True,0.9811442,44.598153091407546
sp|O18766.1|OPSD_PIG,sp|P87369.1|OPSD_ORYLA,short_wave,short_wave,True,0.99494946,45.968489341983314
sp|O18766.1|OPSD_PIG,sp|P34989.1|OPSL_CALJA,short_wave,short_wave,True,0.9848938,44.320137693631665
sp|O18766.1|OPSD_PIG,sp|Q9YH05.1|OPSD_DIPAN,short_wave,short_wave,True,0.9956322,44.52480408740981
sp|O18766.1|OPSD_PIG,sp|Q9YGZ8.1|OPSD_CHELB,short_wave,short_wave,True,0.9927125,44.81133703869921
sp|O18766.1|OPSD_PIG,sp|Q9YGZ5.1|OPSD_SOLSO,short_wave,short_wave,True,0.9945756,45.59095276812772
sp|O18766.1|OPSD_PIG,sp|O35476.2|OPSG_RAT,short_wave,short_wave,True,0.9870591,45.407094215370805
sp|O18766.1|OPSD_PIG,sp|Q9DGG4.1|OPSD_TETNG,short_wave,short_wave,True,0.9949602,44.8016786246108
sp|O18766.1|OPSD_PIG,sp|Q9YGZ3.1|OPSD_SALPV,short_wave,short_wave,True,0.99499935,44.880361783267524
sp|O18766.1|OPSD_PIG,sp|P35359.2|OPSD_DANRE,short_wave,short_wave,True,0.9951127,45.55017653696356
sp|O18766.1|OPSD_PIG,sp|P79848.1|OPSD_POERE,short_wave,short_wave,True,0.9944868,45.968489341983314
sp|O18766.1|OPSD_PIG,sp|O35599.1|OPSG_MOUSE,short_wave,short_wave,True,0.9861517,45.407094215370805
sp|O18766.1|OPSD_PIG,sp|O35478.2|OPSG_SCICA,short_wave,short_wave,True,0.9843558,44.448452492605156
sp|O18766.1|OPSD_PIG,sp|Q9YGZ6.1|OPSD_CHEAU,short_wave,short_wave,True,0.9932411,44.942128062813055
sp|O18766.1|OPSD_PIG,sp|Q98980.1|OPSD_PETMA,short_wave,short_wave,True,0.99522734,46.47365581729905
sp|O18766.1|OPSD_PIG,sp|P04000.2|OPSR_HUMAN,short_wave,long_wave,False,0.98055947,72.89156626506025
sp|O18766.1|OPSD_PIG,sp|P04001.1|OPSG_HUMAN,short_wave,long_wave,False,0.980477,71.10585197934596
sp|O18766.1|OPSD_PIG,sp|O18913.2|OPSR_FELCA,short_wave,long_wave,False,0.9768866,68.35859923209321
sp|O18766.1|OPSD_PIG,sp|O18912.2|OPSR_HORSE,short_wave,long_wave,False,0.9803356,67.67178604528002
sp|O18766.1|OPSD_PIG,sp|Q9BGI7.1|OPSR_BOVIN,short_wave,long_wave,False,0.9810785,67.80914868264266
sp|O18766.1|OPSD_PIG,sp|Q95170.1|OPSR_CAPHI,short_wave,long_wave,False,0.9812621,67.67178604528002
sp|O18766.1|OPSD_PIG,sp|O18914.2|OPSR_CANLF,short_wave,long_wave,False,0.9798907,67.53442340791739
sp|O18766.1|OPSD_PIG,sp|O18910.2|OPSG_RABIT,short_wave,long_wave,False,0.9816165,66.71024758374156
sp|O18766.1|OPSD_PIG,sp|P41592.1|OPSR_ANOCA,short_wave,long_wave,False,0.97879094,64.13450411816758
sp|O18766.1|OPSD_PIG,sp|P22329.1|OPSR_CHICK,short_wave,long_wave,False,0.97978425,66.47365581729905
sp|O18766.1|OPSD_PIG,sp|P87367.1|OPSR_ORYLA,short_wave,long_wave,False,0.9800023,63.281538409907036
sp|O18766.1|OPSD_PIG,sp|P32313.1|OPSR_CARAU,short_wave,long_wave,False,0.9807742,62.44588381380676
sp|O18766.1|OPSD_PIG,sp|O12948.1|OPSR_XENLA,short_wave,long_wave,False,0.983639,62.29834592607719
sp|O18766.1|OPSD_PIG,sp|Q9W6A7.1|OPSR1_DANRE,short_wave,long_wave,False,0.98001087,62.02805651575662
sp|O18766.1|OPSD_PIG,sp|P22332.2|OPSR_PSAFA,short_wave,long_wave,False,0.98171926,61.33167768567306
sp|O18766.1|OPSD_PIG,sp|Q8AYN0.1|OPSR2_DANRE,short_wave,long_wave,False,0.9796344,62.597448618001415
sp|O18766.1|OPSD_PIG,sp|P35358.1|OPSG_GEKGE,short_wave,long_wave,False,0.9763486,61.027159485399224
sp|O18766.1|OPSD_PIG,sp|P22331.1|OPSG2_PSAFA,short_wave,long_wave,False,0.9823178,61.1268603827073
sp|O18766.1|OPSD_PIG,sp|P22330.1|OPSG1_PSAFA,short_wave,long_wave,False,0.98351234,60.24450744153083
sp|O18766.1|OPSD_PIG,sp|O18911.1|OPSG_ODOVI,short_wave,long_wave,False,0.9689219,67.9465113200053
sp|O18766.1|OPSD_PIG,sp|Q90215.1|OPSD2_ANGAN,short_wave,long_wave,False,0.9953945,44.68643805993204
sp|O18766.1|OPSD_PIG,sp|P79756.1|OPSD_GAMAF,short_wave,long_wave,False,0.99438107,44.299190898491325
sp|O18766.1|OPSD_PIG,sp|O42490.1|OPSP_PETMA,short_wave,long_wave,False,0.9451287,43.00488071265231
sp|Q9YGZ0.1|OPSD_SARPI,sp|P29403.1|OPSD_XENLA,short_wave,short_wave,True,0.9955102,46.78955878955878
sp|Q9YGZ0.1|OPSD_SARPI,sp|P79807.1|OPSD_MYRVI,short_wave,short_wave,True,0.9974631,45.57135945815191
sp|Q9YGZ0.1|OPSD_SARPI,sp|P79898.1|OPSD_SARDI,short_wave,short_wave,True,0.99655986,44.95266272189349
sp|Q9YGZ0.1|OPSD_SARPI,sp|P32308.1|OPSD_CANLF,short_wave,short_wave,True,0.99455774,45.30324588706091
sp|Q9YGZ0.1|OPSD_SARPI,sp|O42604.1|OPSD_ZEUFA,short_wave,short_wave,True,0.9978768,46.48245410178944
sp|Q9YGZ0.1|OPSD_SARPI,sp|P79914.1|OPSD_SARXA,short_wave,short_wave,True,0.99709976,46.12635640221847
sp|Q9YGZ0.1|OPSD_SARPI,sp|P79911.1|OPSD_SARTI,short_wave,short_wave,True,0.99686843,45.57135945815191
sp|Q9YGZ0.1|OPSD_SARPI,sp|O62796.1|OPSD_TRIMA,short_wave,short_wave,True,0.9945442,45.158737216540686
sp|Q9YGZ0.1|OPSD_SARPI,sp|P51474.1|OPSG3_PSAFA,short_wave,short_wave,True,0.9932779,46.30769230769231
sp|Q9YGZ0.1|OPSD_SARPI,sp|P79901.1|OPSD_SARMI,short_wave,short_wave,True,0.99631435,44.50887573964497
sp|Q9YGZ0.1|OPSD_SARPI,sp|P79798.1|OPSD_MYRBE,short_wave,short_wave,True,0.9964938,45.57135945815191
sp|Q9YGZ0.1|OPSD_SARPI,sp|P79902.1|OPSD_SARPU,short_wave,short_wave,True,0.9969375,45.10059171597633
sp|Q9YGZ0.1|OPSD_SARPI,sp|P79808.1|OPSD_NEOAR,short_wave,short_wave,True,0.9970057,45.81287677839401
sp|Q9YGZ0.1|OPSD_SARPI,sp|P79809.1|OPSD_NEOAU,short_wave,short_wave,True,0.99743205,46.043057571359455
sp|Q9YGZ0.1|OPSD_SARPI,sp|P79903.1|OPSD_SARSP,short_wave,short_wave,True,0.9971405,45.25689404934688
sp|Q9YGZ0.1|OPSD_SARPI,sp|P51488.1|OPSD_CYPCA,short_wave,short_wave,True,0.99724394,46.13609467455621
sp|Q9YGZ0.1|OPSD_SARPI,sp|P79812.1|OPSD_NEOSA,short_wave,short_wave,True,0.99653447,45.969616590306245
sp|Q9YGZ0.1|OPSD_SARPI,sp|Q9YGY9.1|OPSD_ZOSOP,short_wave,short_wave,True,0.99862325,45.00975081256772
sp|Q9YGZ0.1|OPSD_SARPI,sp|Q9YGZ2.1|OPSD_GOBNI,short_wave,short_wave,True,0.9987555,45.150595882990245
sp|Q9YGZ0.1|OPSD_SARPI,sp|P41590.1|OPSD_PSAFA,short_wave,short_wave,True,0.99745506,44.49038461538461
sp|Q9YGZ0.1|OPSD_SARPI,sp|P51475.1|OPSP_CHICK,short_wave,short_wave,True,0.97147596,45.87822449453869
sp|Q9YGZ0.1|OPSD_SARPI,sp|P32309.1|OPSD_CARAU,short_wave,short_wave,True,0.99739486,45.69230769230769
sp|Q9YGZ0.1|OPSD_SARPI,sp|Q9R024.1|OPSG_CAVPO,short_wave,short_wave,True,0.98616487,44.32197144173192
sp|Q9YGZ0.1|OPSD_SARPI,sp|P87369.1|OPSD_ORYLA,short_wave,short_wave,True,0.9973742,45.69230769230769
sp|Q9YGZ0.1|OPSD_SARPI,sp|P34989.1|OPSL_CALJA,short_wave,short_wave,True,0.98829687,44.043956043956044
sp|Q9YGZ0.1|OPSD_SARPI,sp|Q9YH05.1|OPSD_DIPAN,short_wave,short_wave,True,0.9979501,44.248622437734184
sp|Q9YGZ0.1|OPSD_SARPI,sp|Q9YGZ8.1|OPSD_CHELB,short_wave,short_wave,True,0.9972562,44.535155389023586
sp|Q9YGZ0.1|OPSD_SARPI,sp|Q9YGZ5.1|OPSD_SOLSO,short_wave,short_wave,True,0.99705553,45.3147711184521
sp|Q9YGZ0.1|OPSD_SARPI,sp|O35476.2|OPSG_RAT,short_wave,short_wave,True,0.98904353,45.13091256569517
sp|Q9YGZ0.1|OPSD_SARPI,sp|Q9DGG4.1|OPSD_TETNG,short_wave,short_wave,True,0.99775714,44.52549697493518
sp|Q9YGZ0.1|OPSD_SARPI,sp|Q9YGZ3.1|OPSD_SALPV,short_wave,short_wave,True,0.99815065,44.604180133591896
sp|Q9YGZ0.1|OPSD_SARPI,sp|P35359.2|OPSD_DANRE,short_wave,short_wave,True,0.99842364,45.27399488728794
sp|Q9YGZ0.1|OPSD_SARPI,sp|P79848.1|OPSD_POERE,short_wave,short_wave,True,0.99796,45.69230769230769
sp|Q9YGZ0.1|OPSD_SARPI,sp|O35599.1|OPSG_MOUSE,short_wave,short_wave,True,0.9883633,45.13091256569517
sp|Q9YGZ0.1|OPSD_SARPI,sp|O35478.2|OPSG_SCICA,short_wave,short_wave,True,0.98660725,44.17227084292952
sp|Q9YGZ0.1|OPSD_SARPI,sp|Q9YGZ6.1|OPSD_CHEAU,short_wave,short_wave,True,0.99737245,44.66594641313742
sp|Q9YGZ0.1|OPSD_SARPI,sp|Q98980.1|OPSD_PETMA,short_wave,short_wave,True,0.9939431,46.19747416762342
sp|Q9YGZ0.1|OPSD_SARPI,sp|P04000.2|OPSR_HUMAN,short_wave,long_wave,False,0.9848056,72.61538461538461
sp|Q9YGZ0.1|OPSD_SARPI,sp|P04001.1|OPSG_HUMAN,short_wave,long_wave,False,0.9850832,70.82967032967034
sp|Q9YGZ0.1|OPSD_SARPI,sp|O18913.2|OPSR_FELCA,short_wave,long_wave,False,0.98199373,68.08241758241758
sp|Q9YGZ0.1|OPSD_SARPI,sp|O18912.2|OPSR_HORSE,short_wave,long_wave,False,0.98358953,67.3956043956044
sp|Q9YGZ0.1|OPSD_SARPI,sp|Q9BGI7.1|OPSR_BOVIN,short_wave,long_wave,False,0.9847159,67.53296703296704
sp|Q9YGZ0.1|OPSD_SARPI,sp|Q95170.1|OPSR_CAPHI,short_wave,long_wave,False,0.9851365,67.3956043956044
sp|Q9YGZ0.1|OPSD_SARPI,sp|O18914.2|OPSR_CANLF,short_wave,long_wave,False,0.9841064,67.25824175824175
sp|Q9YGZ0.1|OPSD_SARPI,sp|O18910.2|OPSG_RABIT,short_wave,long_wave,False,0.9871905,66.43406593406593
sp|Q9YGZ0.1|OPSD_SARPI,sp|P41592.1|OPSR_ANOCA,short_wave,long_wave,False,0.9835161,63.858322468491956
sp|Q9YGZ0.1|OPSD_SARPI,sp|P22329.1|OPSR_CHICK,short_wave,long_wave,False,0.985666,66.19747416762343
sp|Q9YGZ0.1|OPSD_SARPI,sp|P87367.1|OPSR_ORYLA,short_wave,long_wave,False,0.9844896,63.00535676023141
sp|Q9YGZ0.1|OPSD_SARPI,sp|P32313.1|OPSR_CARAU,short_wave,long_wave,False,0.983673,62.16970216413113
sp|Q9YGZ0.1|OPSD_SARPI,sp|O12948.1|OPSR_XENLA,short_wave,long_wave,False,0.98693025,62.02216427640156
sp|Q9YGZ0.1|OPSD_SARPI,sp|Q9W6A7.1|OPSR1_DANRE,short_wave,long_wave,False,0.9814646,61.75187486608099
sp|Q9YGZ0.1|OPSD_SARPI,sp|P22332.2|OPSR_PSAFA,short_wave,long_wave,False,0.9851335,61.05549603599743
sp|Q9YGZ0.1|OPSD_SARPI,sp|Q8AYN0.1|OPSR2_DANRE,short_wave,long_wave,False,0.98195016,62.32126696832579
sp|Q9YGZ0.1|OPSD_SARPI,sp|P35358.1|OPSG_GEKGE,short_wave,long_wave,False,0.9801391,60.750977835723596
sp|Q9YGZ0.1|OPSD_SARPI,sp|P22331.1|OPSG2_PSAFA,short_wave,long_wave,False,0.9847736,60.85067873303167
sp|Q9YGZ0.1|OPSD_SARPI,sp|P22330.1|OPSG1_PSAFA,short_wave,long_wave,False,0.9853126,59.9683257918552
sp|Q9YGZ0.1|OPSD_SARPI,sp|O18911.1|OPSG_ODOVI,short_wave,long_wave,False,0.97157043,67.67032967032966
sp|Q9YGZ0.1|OPSD_SARPI,sp|Q90215.1|OPSD2_ANGAN,short_wave,long_wave,False,0.997378,44.41025641025641
sp|Q9YGZ0.1|OPSD_SARPI,sp|P79756.1|OPSD_GAMAF,short_wave,long_wave,False,0.997756,44.0230092488157
sp|Q9YGZ0.1|OPSD_SARPI,sp|O42490.1|OPSP_PETMA,short_wave,long_wave,False,0.9498139,42.72869906297668
sp|P29403.1|OPSD_XENLA,sp|P79807.1|OPSD_MYRVI,short_wave,short_wave,True,0.9961785,47.13014901694147
sp|P29403.1|OPSD_XENLA,sp|P79898.1|OPSD_SARDI,short_wave,short_wave,True,0.996331,46.511452280683045
sp|P29403.1|OPSD_XENLA,sp|P32308.1|OPSD_CANLF,short_wave,short_wave,True,0.99701107,46.86203544585047
sp|P29403.1|OPSD_XENLA,sp|O42604.1|OPSD_ZEUFA,short_wave,short_wave,True,0.9970207,48.041243660579006
sp|P29403.1|OPSD_XENLA,sp|P79914.1|OPSD_SARXA,short_wave,short_wave,True,0.9960286,47.68514596100803
sp|P29403.1|OPSD_XENLA,sp|P79911.1|OPSD_SARTI,short_wave,short_wave,True,0.9974646,47.13014901694147
sp|P29403.1|OPSD_XENLA,sp|O62796.1|OPSD_TRIMA,short_wave,short_wave,True,0.99665904,46.71752677533024
sp|P29403.1|OPSD_XENLA,sp|P51474.1|OPSG3_PSAFA,short_wave,short_wave,True,0.99460286,47.86648186648186
sp|P29403.1|OPSD_XENLA,sp|P79901.1|OPSD_SARMI,short_wave,short_wave,True,0.9961719,46.067665298434534
sp|P29403.1|OPSD_XENLA,sp|P79798.1|OPSD_MYRBE,short_wave,short_wave,True,0.9951939,47.13014901694147
sp|P29403.1|OPSD_XENLA,sp|P79902.1|OPSD_SARPU,short_wave,short_wave,True,0.9965027,46.65938127476589
sp|P29403.1|OPSD_XENLA,sp|P79808.1|OPSD_NEOAR,short_wave,short_wave,True,0.99634945,47.371666337183576
sp|P29403.1|OPSD_XENLA,sp|P79809.1|OPSD_NEOAU,short_wave,short_wave,True,0.9963835,47.60184713014901
sp|P29403.1|OPSD_XENLA,sp|P79903.1|OPSD_SARSP,short_wave,short_wave,True,0.9973562,46.81568360813644
sp|P29403.1|OPSD_XENLA,sp|P51488.1|OPSD_CYPCA,short_wave,short_wave,True,0.9971437,47.694884233345775
sp|P29403.1|OPSD_XENLA,sp|P79812.1|OPSD_NEOSA,short_wave,short_wave,True,0.9964733,47.5284061490958
sp|P29403.1|OPSD_XENLA,sp|Q9YGY9.1|OPSD_ZOSOP,short_wave,short_wave,True,0.9956036,46.56854037135727
sp|P29403.1|OPSD_XENLA,sp|Q9YGZ2.1|OPSD_GOBNI,short_wave,short_wave,True,0.9958365,46.70938544177981
sp|P29403.1|OPSD_XENLA,sp|P41590.1|OPSD_PSAFA,short_wave,short_wave,True,0.9960222,46.04917417417417
sp|P29403.1|OPSD_XENLA,sp|P51475.1|OPSP_CHICK,short_wave,short_wave,True,0.9637567,47.437014053328255
sp|P29403.1|OPSD_XENLA,sp|P32309.1|OPSD_CARAU,short_wave,short_wave,True,0.9962544,47.25109725109725
sp|P29403.1|OPSD_XENLA,sp|Q9R024.1|OPSG_CAVPO,short_wave,short_wave,True,0.985757,45.880761000521474
sp|P29403.1|OPSD_XENLA,sp|P87369.1|OPSD_ORYLA,short_wave,short_wave,True,0.9956495,47.25109725109725
sp|P29403.1|OPSD_XENLA,sp|P34989.1|OPSL_CALJA,short_wave,short_wave,True,0.9888281,45.6027456027456
sp|P29403.1|OPSD_XENLA,sp|Q9YH05.1|OPSD_DIPAN,short_wave,short_wave,True,0.9963901,45.80741199652374
sp|P29403.1|OPSD_XENLA,sp|Q9YGZ8.1|OPSD_CHELB,short_wave,short_wave,True,0.993402,46.09394494781314
sp|P29403.1|OPSD_XENLA,sp|Q9YGZ5.1|OPSD_SOLSO,short_wave,short_wave,True,0.9965291,46.873560677241656
sp|P29403.1|OPSD_XENLA,sp|O35476.2|OPSG_RAT,short_wave,short_wave,True,0.9912263,46.68970212448473
sp|P29403.1|OPSD_XENLA,sp|Q9DGG4.1|OPSD_TETNG,short_wave,short_wave,True,0.9963581,46.084286533724736
sp|P29403.1|OPSD_XENLA,sp|Q9YGZ3.1|OPSD_SALPV,short_wave,short_wave,True,0.99577975,46.16296969238145
sp|P29403.1|OPSD_XENLA,sp|P35359.2|OPSD_DANRE,short_wave,short_wave,True,0.9960693,46.8327844460775
sp|P29403.1|OPSD_XENLA,sp|P79848.1|OPSD_POERE,short_wave,short_wave,True,0.9966718,47.25109725109725
sp|P29403.1|OPSD_XENLA,sp|O35599.1|OPSG_MOUSE,short_wave,short_wave,True,0.9907973,46.68970212448473
sp|P29403.1|OPSD_XENLA,sp|O35478.2|OPSG_SCICA,short_wave,short_wave,True,0.9894266,45.731060401719084
sp|P29403.1|OPSD_XENLA,sp|Q9YGZ6.1|OPSD_CHEAU,short_wave,short_wave,True,0.9940431,46.22473597192698
sp|P29403.1|OPSD_XENLA,sp|Q98980.1|OPSD_PETMA,short_wave,short_wave,True,0.99772155,47.75626372641298
sp|P29403.1|OPSD_XENLA,sp|P04000.2|OPSR_HUMAN,short_wave,long_wave,False,0.9869288,74.17417417417417
sp|P29403.1|OPSD_XENLA,sp|P04001.1|OPSG_HUMAN,short_wave,long_wave,False,0.98632985,72.38845988845989
sp|P29403.1|OPSD_XENLA,sp|O18913.2|OPSR_FELCA,short_wave,long_wave,False,0.9833324,69.64120714120713
sp|P29403.1|OPSD_XENLA,sp|O18912.2|OPSR_HORSE,short_wave,long_wave,False,0.98581743,68.95439395439395
sp|P29403.1|OPSD_XENLA,sp|Q9BGI7.1|OPSR_BOVIN,short_wave,long_wave,False,0.9867613,69.09175659175659
sp|P29403.1|OPSD_XENLA,sp|Q95170.1|OPSR_CAPHI,short_wave,long_wave,False,0.986801,68.95439395439395
sp|P29403.1|OPSD_XENLA,sp|O18914.2|OPSR_CANLF,short_wave,long_wave,False,0.9845446,68.81703131703132
sp|P29403.1|OPSD_XENLA,sp|O18910.2|OPSG_RABIT,short_wave,long_wave,False,0.9867788,67.9928554928555
sp|P29403.1|OPSD_XENLA,sp|P41592.1|OPSR_ANOCA,short_wave,long_wave,False,0.9852131,65.41711202728152
sp|P29403.1|OPSD_XENLA,sp|P22329.1|OPSR_CHICK,short_wave,long_wave,False,0.9858893,67.75626372641298
sp|P29403.1|OPSD_XENLA,sp|P87367.1|OPSR_ORYLA,short_wave,long_wave,False,0.9852802,64.56414631902096
sp|P29403.1|OPSD_XENLA,sp|P32313.1|OPSR_CARAU,short_wave,long_wave,False,0.9863728,63.728491722920694
sp|P29403.1|OPSD_XENLA,sp|O12948.1|OPSR_XENLA,short_wave,long_wave,False,0.9890383,63.580953835191124
sp|P29403.1|OPSD_XENLA,sp|Q9W6A7.1|OPSR1_DANRE,short_wave,long_wave,False,0.9856904,63.31066442487055
sp|P29403.1|OPSD_XENLA,sp|P22332.2|OPSR_PSAFA,short_wave,long_wave,False,0.9860553,62.61428559478699
sp|P29403.1|OPSD_XENLA,sp|Q8AYN0.1|OPSR2_DANRE,short_wave,long_wave,False,0.98425233,63.88005652711534
sp|P29403.1|OPSD_XENLA,sp|P35358.1|OPSG_GEKGE,short_wave,long_wave,False,0.9834852,62.30976739451316
sp|P29403.1|OPSD_XENLA,sp|P22331.1|OPSG2_PSAFA,short_wave,long_wave,False,0.98802894,62.40946829182123
sp|P29403.1|OPSD_XENLA,sp|P22330.1|OPSG1_PSAFA,short_wave,long_wave,False,0.9887068,61.52711535064476
sp|P29403.1|OPSD_XENLA,sp|O18911.1|OPSG_ODOVI,short_wave,long_wave,False,0.9677081,69.22911922911923
sp|P29403.1|OPSD_XENLA,sp|Q90215.1|OPSD2_ANGAN,short_wave,long_wave,False,0.99618226,45.969045969045965
sp|P29403.1|OPSD_XENLA,sp|P79756.1|OPSD_GAMAF,short_wave,long_wave,False,0.9961828,45.58179880760525
sp|P29403.1|OPSD_XENLA,sp|O42490.1|OPSP_PETMA,short_wave,long_wave,False,0.9536179,44.287488621766244
sp|P79807.1|OPSD_MYRVI,sp|P79898.1|OPSD_SARDI,short_wave,short_wave,True,0.9983283,45.29325294927617
sp|P79807.1|OPSD_MYRVI,sp|P32308.1|OPSD_CANLF,short_wave,short_wave,True,0.9939932,45.6438361144436
sp|P79807.1|OPSD_MYRVI,sp|O42604.1|OPSD_ZEUFA,short_wave,short_wave,True,0.99801946,46.823044329172134
sp|P79807.1|OPSD_MYRVI,sp|P79914.1|OPSD_SARXA,short_wave,short_wave,True,0.9990236,46.46694662960115
sp|P79807.1|OPSD_MYRVI,sp|P79911.1|OPSD_SARTI,short_wave,short_wave,True,0.9987459,45.911949685534594
sp|P79807.1|OPSD_MYRVI,sp|O62796.1|OPSD_TRIMA,short_wave,short_wave,True,0.99358857,45.49932744392336
sp|P79807.1|OPSD_MYRVI,sp|P51474.1|OPSG3_PSAFA,short_wave,short_wave,True,0.99276125,46.64828253507499
sp|P79807.1|OPSD_MYRVI,sp|P79901.1|OPSD_SARMI,short_wave,short_wave,True,0.9984471,44.849465967027655
sp|P79807.1|OPSD_MYRVI,sp|P79798.1|OPSD_MYRBE,short_wave,short_wave,True,0.9992206,45.911949685534594
sp|P79807.1|OPSD_MYRVI,sp|P79902.1|OPSD_SARPU,short_wave,short_wave,True,0.9987182,45.44118194335901
sp|P79807.1|OPSD_MYRVI,sp|P79808.1|OPSD_NEOAR,short_wave,short_wave,True,0.99928904,46.153467005776704
sp|P79807.1|OPSD_MYRVI,sp|P79809.1|OPSD_NEOAU,short_wave,short_wave,True,0.99866694,46.38364779874214
sp|P79807.1|OPSD_MYRVI,sp|P79903.1|OPSD_SARSP,short_wave,short_wave,True,0.99900854,45.59748427672956
sp|P79807.1|OPSD_MYRVI,sp|P51488.1|OPSD_CYPCA,short_wave,short_wave,True,0.9969654,46.476684901938896
sp|P79807.1|OPSD_MYRVI,sp|P79812.1|OPSD_NEOSA,short_wave,short_wave,True,0.99878293,46.31020681768892
sp|P79807.1|OPSD_MYRVI,sp|Q9YGY9.1|OPSD_ZOSOP,short_wave,short_wave,True,0.99856555,45.35034103995039
sp|P79807.1|OPSD_MYRVI,sp|Q9YGZ2.1|OPSD_GOBNI,short_wave,short_wave,True,0.9986707,45.49118611037294
sp|P79807.1|OPSD_MYRVI,sp|P41590.1|OPSD_PSAFA,short_wave,short_wave,True,0.9980412,44.8309748427673
sp|P79807.1|OPSD_MYRVI,sp|P51475.1|OPSP_CHICK,short_wave,short_wave,True,0.9712475,46.218814721921376
sp|P79807.1|OPSD_MYRVI,sp|P32309.1|OPSD_CARAU,short_wave,short_wave,True,0.99719864,46.03289791969037
sp|P79807.1|OPSD_MYRVI,sp|Q9R024.1|OPSG_CAVPO,short_wave,short_wave,True,0.98853344,44.6625616691146
sp|P79807.1|OPSD_MYRVI,sp|P87369.1|OPSD_ORYLA,short_wave,short_wave,True,0.9982579,46.03289791969037
sp|P79807.1|OPSD_MYRVI,sp|P34989.1|OPSL_CALJA,short_wave,short_wave,True,0.989829,44.38454627133872
sp|P79807.1|OPSD_MYRVI,sp|Q9YH05.1|OPSD_DIPAN,short_wave,short_wave,True,0.9987395,44.58921266511687
sp|P79807.1|OPSD_MYRVI,sp|Q9YGZ8.1|OPSD_CHELB,short_wave,short_wave,True,0.998242,44.87574561640626
sp|P79807.1|OPSD_MYRVI,sp|Q9YGZ5.1|OPSD_SOLSO,short_wave,short_wave,True,0.9987947,45.65536134583478
sp|P79807.1|OPSD_MYRVI,sp|O35476.2|OPSG_RAT,short_wave,short_wave,True,0.99124885,45.47150279307786
sp|P79807.1|OPSD_MYRVI,sp|Q9DGG4.1|OPSD_TETNG,short_wave,short_wave,True,0.9989551,44.86608720231786
sp|P79807.1|OPSD_MYRVI,sp|Q9YGZ3.1|OPSD_SALPV,short_wave,short_wave,True,0.99890065,44.94477036097458
sp|P79807.1|OPSD_MYRVI,sp|P35359.2|OPSD_DANRE,short_wave,short_wave,True,0.99854046,45.61458511467062
sp|P79807.1|OPSD_MYRVI,sp|P79848.1|OPSD_POERE,short_wave,short_wave,True,0.999153,46.03289791969037
sp|P79807.1|OPSD_MYRVI,sp|O35599.1|OPSG_MOUSE,short_wave,short_wave,True,0.99058247,45.47150279307786
sp|P79807.1|OPSD_MYRVI,sp|O35478.2|OPSG_SCICA,short_wave,short_wave,True,0.98932874,44.51286107031221
sp|P79807.1|OPSD_MYRVI,sp|Q9YGZ6.1|OPSD_CHEAU,short_wave,short_wave,True,0.9984187,45.00653664052011
sp|P79807.1|OPSD_MYRVI,sp|Q98980.1|OPSD_PETMA,short_wave,short_wave,True,0.99502325,46.5380643950061
sp|P79807.1|OPSD_MYRVI,sp|P04000.2|OPSR_HUMAN,short_wave,long_wave,False,0.9878782,72.95597484276729
sp|P79807.1|OPSD_MYRVI,sp|P04001.1|OPSG_HUMAN,short_wave,long_wave,False,0.9879564,71.17026055705301
sp|P79807.1|OPSD_MYRVI,sp|O18913.2|OPSR_FELCA,short_wave,long_wave,False,0.9853983,68.42300780980025
sp|P79807.1|OPSD_MYRVI,sp|O18912.2|OPSR_HORSE,short_wave,long_wave,False,0.98681325,67.73619462298709
sp|P79807.1|OPSD_MYRVI,sp|Q9BGI7.1|OPSR_BOVIN,short_wave,long_wave,False,0.98762554,67.87355726034971
sp|P79807.1|OPSD_MYRVI,sp|Q95170.1|OPSR_CAPHI,short_wave,long_wave,False,0.98792696,67.73619462298709
sp|P79807.1|OPSD_MYRVI,sp|O18914.2|OPSR_CANLF,short_wave,long_wave,False,0.98721325,67.59883198562444
sp|P79807.1|OPSD_MYRVI,sp|O18910.2|OPSG_RABIT,short_wave,long_wave,False,0.98921263,66.77465616144862
sp|P79807.1|OPSD_MYRVI,sp|P41592.1|OPSR_ANOCA,short_wave,long_wave,False,0.9860187,64.19891269587464
sp|P79807.1|OPSD_MYRVI,sp|P22329.1|OPSR_CHICK,short_wave,long_wave,False,0.98779774,66.5380643950061
sp|P79807.1|OPSD_MYRVI,sp|P87367.1|OPSR_ORYLA,short_wave,long_wave,False,0.98557746,63.34594698761409
sp|P79807.1|OPSD_MYRVI,sp|P32313.1|OPSR_CARAU,short_wave,long_wave,False,0.98527557,62.510292391513815
sp|P79807.1|OPSD_MYRVI,sp|O12948.1|OPSR_XENLA,short_wave,long_wave,False,0.9879307,62.362754503784245
sp|P79807.1|OPSD_MYRVI,sp|Q9W6A7.1|OPSR1_DANRE,short_wave,long_wave,False,0.98341215,62.09246509346367
sp|P79807.1|OPSD_MYRVI,sp|P22332.2|OPSR_PSAFA,short_wave,long_wave,False,0.98597217,61.39608626338011
sp|P79807.1|OPSD_MYRVI,sp|Q8AYN0.1|OPSR2_DANRE,short_wave,long_wave,False,0.9842498,62.66185719570847
sp|P79807.1|OPSD_MYRVI,sp|P35358.1|OPSG_GEKGE,short_wave,long_wave,False,0.98316514,61.09156806310628
sp|P79807.1|OPSD_MYRVI,sp|P22331.1|OPSG2_PSAFA,short_wave,long_wave,False,0.98594767,61.191268960414355
sp|P79807.1|OPSD_MYRVI,sp|P22330.1|OPSG1_PSAFA,short_wave,long_wave,False,0.9870419,60.308916019237884
sp|P79807.1|OPSD_MYRVI,sp|O18911.1|OPSG_ODOVI,short_wave,long_wave,False,0.97227985,68.01091989771236
sp|P79807.1|OPSD_MYRVI,sp|Q90215.1|OPSD2_ANGAN,short_wave,long_wave,False,0.996133,44.75084663763909
sp|P79807.1|OPSD_MYRVI,sp|P79756.1|OPSD_GAMAF,short_wave,long_wave,False,0.9989791,44.36359947619838
sp|P79807.1|OPSD_MYRVI,sp|O42490.1|OPSP_PETMA,short_wave,long_wave,False,0.954586,43.069289290359364
sp|P79898.1|OPSD_SARDI,sp|P32308.1|OPSD_CANLF,short_wave,short_wave,True,0.9941317,45.02513937818517
sp|P79898.1|OPSD_SARDI,sp|O42604.1|OPSD_ZEUFA,short_wave,short_wave,True,0.99789804,46.204347592913706
sp|P79898.1|OPSD_SARDI,sp|P79914.1|OPSD_SARXA,short_wave,short_wave,True,0.99906695,45.84824989334273
sp|P79898.1|OPSD_SARDI,sp|P79911.1|OPSD_SARTI,short_wave,short_wave,True,0.99927837,45.29325294927617
sp|P79898.1|OPSD_SARDI,sp|O62796.1|OPSD_TRIMA,short_wave,short_wave,True,0.9938024,44.88063070766495
sp|P79898.1|OPSD_SARDI,sp|P51474.1|OPSG3_PSAFA,short_wave,short_wave,True,0.99138516,46.02958579881657
sp|P79898.1|OPSD_SARDI,sp|P79901.1|OPSD_SARMI,short_wave,short_wave,True,0.9995326,44.23076923076923
sp|P79898.1|OPSD_SARDI,sp|P79798.1|OPSD_MYRBE,short_wave,short_wave,True,0.99743086,45.29325294927617
sp|P79898.1|OPSD_SARDI,sp|P79902.1|OPSD_SARPU,short_wave,short_wave,True,0.99938357,44.82248520710059
sp|P79898.1|OPSD_SARDI,sp|P79808.1|OPSD_NEOAR,short_wave,short_wave,True,0.9993423,45.534770269518276
sp|P79898.1|OPSD_SARDI,sp|P79809.1|OPSD_NEOAU,short_wave,short_wave,True,0.9988504,45.76495106248372
sp|P79898.1|OPSD_SARDI,sp|P79903.1|OPSD_SARSP,short_wave,short_wave,True,0.9991828,44.978787540471146
sp|P79898.1|OPSD_SARDI,sp|P51488.1|OPSD_CYPCA,short_wave,short_wave,True,0.9969943,45.857988165680474
sp|P79898.1|OPSD_SARDI,sp|P79812.1|OPSD_NEOSA,short_wave,short_wave,True,0.9993074,45.69151008143051
sp|P79898.1|OPSD_SARDI,sp|Q9YGY9.1|OPSD_ZOSOP,short_wave,short_wave,True,0.9976416,44.73164430369198
sp|P79898.1|OPSD_SARDI,sp|Q9YGZ2.1|OPSD_GOBNI,short_wave,short_wave,True,0.99763584,44.87248937411451
sp|P79898.1|OPSD_SARDI,sp|P41590.1|OPSD_PSAFA,short_wave,short_wave,True,0.9968555,44.212278106508876
sp|P79898.1|OPSD_SARDI,sp|P51475.1|OPSP_CHICK,short_wave,short_wave,True,0.96444905,45.600117985662955
sp|P79898.1|OPSD_SARDI,sp|P32309.1|OPSD_CARAU,short_wave,short_wave,True,0.99714607,45.414201183431956
sp|P79898.1|OPSD_SARDI,sp|Q9R024.1|OPSG_CAVPO,short_wave,short_wave,True,0.9847652,44.04386493285618
sp|P79898.1|OPSD_SARDI,sp|P87369.1|OPSD_ORYLA,short_wave,short_wave,True,0.99717563,45.414201183431956
sp|P79898.1|OPSD_SARDI,sp|P34989.1|OPSL_CALJA,short_wave,short_wave,True,0.98741746,43.76584953508031
sp|P79898.1|OPSD_SARDI,sp|Q9YH05.1|OPSD_DIPAN,short_wave,short_wave,True,0.99850047,43.97051592885845
sp|P79898.1|OPSD_SARDI,sp|Q9YGZ8.1|OPSD_CHELB,short_wave,short_wave,True,0.99586344,44.25704888014785
sp|P79898.1|OPSD_SARDI,sp|Q9YGZ5.1|OPSD_SOLSO,short_wave,short_wave,True,0.99830055,45.03666460957636
sp|P79898.1|OPSD_SARDI,sp|O35476.2|OPSG_RAT,short_wave,short_wave,True,0.98925245,44.85280605681943
sp|P79898.1|OPSD_SARDI,sp|Q9DGG4.1|OPSD_TETNG,short_wave,short_wave,True,0.9982391,44.24739046605944
sp|P79898.1|OPSD_SARDI,sp|Q9YGZ3.1|OPSD_SALPV,short_wave,short_wave,True,0.99771786,44.32607362471616
sp|P79898.1|OPSD_SARDI,sp|P35359.2|OPSD_DANRE,short_wave,short_wave,True,0.9976025,44.995888378412204
sp|P79898.1|OPSD_SARDI,sp|P79848.1|OPSD_POERE,short_wave,short_wave,True,0.99844754,45.414201183431956
sp|P79898.1|OPSD_SARDI,sp|O35599.1|OPSG_MOUSE,short_wave,short_wave,True,0.98882335,44.85280605681943
sp|P79898.1|OPSD_SARDI,sp|O35478.2|OPSG_SCICA,short_wave,short_wave,True,0.98796546,43.894164334053784
sp|P79898.1|OPSD_SARDI,sp|Q9YGZ6.1|OPSD_CHEAU,short_wave,short_wave,True,0.99650097,44.38783990426168
sp|P79898.1|OPSD_SARDI,sp|Q98980.1|OPSD_PETMA,short_wave,short_wave,True,0.99576056,45.91936765874768
sp|P79898.1|OPSD_SARDI,sp|P04000.2|OPSR_HUMAN,short_wave,long_wave,False,0.9863744,72.33727810650888
sp|P79898.1|OPSD_SARDI,sp|P04001.1|OPSG_HUMAN,short_wave,long_wave,False,0.98572814,70.5515638207946
sp|P79898.1|OPSD_SARDI,sp|O18913.2|OPSR_FELCA,short_wave,long_wave,False,0.9838674,67.80431107354184
sp|P79898.1|OPSD_SARDI,sp|O18912.2|OPSR_HORSE,short_wave,long_wave,False,0.9850677,67.11749788672866
sp|P79898.1|OPSD_SARDI,sp|Q9BGI7.1|OPSR_BOVIN,short_wave,long_wave,False,0.98633695,67.2548605240913
sp|P79898.1|OPSD_SARDI,sp|Q95170.1|OPSR_CAPHI,short_wave,long_wave,False,0.9866173,67.11749788672866
sp|P79898.1|OPSD_SARDI,sp|O18914.2|OPSR_CANLF,short_wave,long_wave,False,0.98474836,66.98013524936601
sp|P79898.1|OPSD_SARDI,sp|O18910.2|OPSG_RABIT,short_wave,long_wave,False,0.9871839,66.15595942519019
sp|P79898.1|OPSD_SARDI,sp|P41592.1|OPSR_ANOCA,short_wave,long_wave,False,0.9848504,63.58021595961622
sp|P79898.1|OPSD_SARDI,sp|P22329.1|OPSR_CHICK,short_wave,long_wave,False,0.9865097,65.91936765874769
sp|P79898.1|OPSD_SARDI,sp|P87367.1|OPSR_ORYLA,short_wave,long_wave,False,0.9839648,62.72725025135567
sp|P79898.1|OPSD_SARDI,sp|P32313.1|OPSR_CARAU,short_wave,long_wave,False,0.9858136,61.891595655255394
sp|P79898.1|OPSD_SARDI,sp|O12948.1|OPSR_XENLA,short_wave,long_wave,False,0.98856837,61.744057767525824
sp|P79898.1|OPSD_SARDI,sp|Q9W6A7.1|OPSR1_DANRE,short_wave,long_wave,False,0.98379827,61.47376835720525
sp|P79898.1|OPSD_SARDI,sp|P22332.2|OPSR_PSAFA,short_wave,long_wave,False,0.98488426,60.77738952712169
sp|P79898.1|OPSD_SARDI,sp|Q8AYN0.1|OPSR2_DANRE,short_wave,long_wave,False,0.98400235,62.04316045945005
sp|P79898.1|OPSD_SARDI,sp|P35358.1|OPSG_GEKGE,short_wave,long_wave,False,0.983002,60.47287132684786
sp|P79898.1|OPSD_SARDI,sp|P22331.1|OPSG2_PSAFA,short_wave,long_wave,False,0.9872298,60.572572224155934
sp|P79898.1|OPSD_SARDI,sp|P22330.1|OPSG1_PSAFA,short_wave,long_wave,False,0.9876543,59.69021928297946
sp|P79898.1|OPSD_SARDI,sp|O18911.1|OPSG_ODOVI,short_wave,long_wave,False,0.9677873,67.39222316145393
sp|P79898.1|OPSD_SARDI,sp|Q90215.1|OPSD2_ANGAN,short_wave,long_wave,False,0.9969384,44.13214990138067
sp|P79898.1|OPSD_SARDI,sp|P79756.1|OPSD_GAMAF,short_wave,long_wave,False,0.9978649,43.74490273993996
sp|P79898.1|OPSD_SARDI,sp|O42490.1|OPSP_PETMA,short_wave,long_wave,False,0.9521201,42.45059255410094
sp|P32308.1|OPSD_CANLF,sp|O42604.1|OPSD_ZEUFA,short_wave,short_wave,True,0.994165,46.554930758081134
sp|P32308.1|OPSD_CANLF,sp|P79914.1|OPSD_SARXA,short_wave,short_wave,True,0.9938425,46.19883305851016
sp|P32308.1|OPSD_CANLF,sp|P79911.1|OPSD_SARTI,short_wave,short_wave,True,0.9949529,45.6438361144436
sp|P32308.1|OPSD_CANLF,sp|O62796.1|OPSD_TRIMA,short_wave,short_wave,True,0.9995006,45.23121387283237
sp|P32308.1|OPSD_CANLF,sp|P51474.1|OPSG3_PSAFA,short_wave,short_wave,True,0.99583006,46.38016896398399
sp|P32308.1|OPSD_CANLF,sp|P79901.1|OPSD_SARMI,short_wave,short_wave,True,0.9946272,44.58135239593666
sp|P32308.1|OPSD_CANLF,sp|P79798.1|OPSD_MYRBE,short_wave,short_wave,True,0.9922489,45.6438361144436
sp|P32308.1|OPSD_CANLF,sp|P79902.1|OPSD_SARPU,short_wave,short_wave,True,0.99452513,45.17306837226802
sp|P32308.1|OPSD_CANLF,sp|P79808.1|OPSD_NEOAR,short_wave,short_wave,True,0.99350786,45.885353434685705
sp|P32308.1|OPSD_CANLF,sp|P79809.1|OPSD_NEOAU,short_wave,short_wave,True,0.9940617,46.11553422765114
sp|P32308.1|OPSD_CANLF,sp|P79903.1|OPSD_SARSP,short_wave,short_wave,True,0.99479425,45.32937070563857
sp|P32308.1|OPSD_CANLF,sp|P51488.1|OPSD_CYPCA,short_wave,short_wave,True,0.9954356,46.2085713308479
sp|P32308.1|OPSD_CANLF,sp|P79812.1|OPSD_NEOSA,short_wave,short_wave,True,0.9935211,46.04209324659793
sp|P32308.1|OPSD_CANLF,sp|Q9YGY9.1|OPSD_ZOSOP,short_wave,short_wave,True,0.9944286,45.0822274688594
sp|P32308.1|OPSD_CANLF,sp|Q9YGZ2.1|OPSD_GOBNI,short_wave,short_wave,True,0.9952111,45.22307253928194
sp|P32308.1|OPSD_CANLF,sp|P41590.1|OPSD_PSAFA,short_wave,short_wave,True,0.9945544,44.5628612716763
sp|P32308.1|OPSD_CANLF,sp|P51475.1|OPSP_CHICK,short_wave,short_wave,True,0.9603287,45.95070115083038
sp|P32308.1|OPSD_CANLF,sp|P32309.1|OPSD_CARAU,short_wave,short_wave,True,0.9942039,45.76478434859938
sp|P32308.1|OPSD_CANLF,sp|Q9R024.1|OPSG_CAVPO,short_wave,short_wave,True,0.9803134,44.3944480980236
sp|P32308.1|OPSD_CANLF,sp|P87369.1|OPSD_ORYLA,short_wave,short_wave,True,0.9952203,45.76478434859938
sp|P32308.1|OPSD_CANLF,sp|P34989.1|OPSL_CALJA,short_wave,short_wave,True,0.9844768,44.11643270024773
sp|P32308.1|OPSD_CANLF,sp|Q9YH05.1|OPSD_DIPAN,short_wave,short_wave,True,0.9957318,44.32109909402587
sp|P32308.1|OPSD_CANLF,sp|Q9YGZ8.1|OPSD_CHELB,short_wave,short_wave,True,0.9921458,44.60763204531527
sp|P32308.1|OPSD_CANLF,sp|Q9YGZ5.1|OPSD_SOLSO,short_wave,short_wave,True,0.9945259,45.387247774743784
sp|P32308.1|OPSD_CANLF,sp|O35476.2|OPSG_RAT,short_wave,short_wave,True,0.9864599,45.20338922198686
sp|P32308.1|OPSD_CANLF,sp|Q9DGG4.1|OPSD_TETNG,short_wave,short_wave,True,0.994841,44.597973631226864
sp|P32308.1|OPSD_CANLF,sp|Q9YGZ3.1|OPSD_SALPV,short_wave,short_wave,True,0.99466735,44.67665678988358
sp|P32308.1|OPSD_CANLF,sp|P35359.2|OPSD_DANRE,short_wave,short_wave,True,0.99482137,45.346471543579625
sp|P32308.1|OPSD_CANLF,sp|P79848.1|OPSD_POERE,short_wave,short_wave,True,0.9943008,45.76478434859938
sp|P32308.1|OPSD_CANLF,sp|O35599.1|OPSG_MOUSE,short_wave,short_wave,True,0.98560625,45.20338922198686
sp|P32308.1|OPSD_CANLF,sp|O35478.2|OPSG_SCICA,short_wave,short_wave,True,0.9844545,44.24474749922121
sp|P32308.1|OPSD_CANLF,sp|Q9YGZ6.1|OPSD_CHEAU,short_wave,short_wave,True,0.99290395,44.73842306942911
sp|P32308.1|OPSD_CANLF,sp|Q98980.1|OPSD_PETMA,short_wave,short_wave,True,0.9952081,46.26995082391511
sp|P32308.1|OPSD_CANLF,sp|P04000.2|OPSR_HUMAN,short_wave,long_wave,False,0.980589,72.6878612716763
sp|P32308.1|OPSD_CANLF,sp|P04001.1|OPSG_HUMAN,short_wave,long_wave,False,0.9801802,70.90214698596202
sp|P32308.1|OPSD_CANLF,sp|O18913.2|OPSR_FELCA,short_wave,long_wave,False,0.9772113,68.15489423870926
sp|P32308.1|OPSD_CANLF,sp|O18912.2|OPSR_HORSE,short_wave,long_wave,False,0.98070353,67.46808105189608
sp|P32308.1|OPSD_CANLF,sp|Q9BGI7.1|OPSR_BOVIN,short_wave,long_wave,False,0.9811214,67.60544368925872
sp|P32308.1|OPSD_CANLF,sp|Q95170.1|OPSR_CAPHI,short_wave,long_wave,False,0.9810172,67.46808105189608
sp|P32308.1|OPSD_CANLF,sp|O18914.2|OPSR_CANLF,short_wave,long_wave,False,0.97909075,67.33071841453345
sp|P32308.1|OPSD_CANLF,sp|O18910.2|OPSG_RABIT,short_wave,long_wave,False,0.98065126,66.50654259035763
sp|P32308.1|OPSD_CANLF,sp|P41592.1|OPSR_ANOCA,short_wave,long_wave,False,0.98029935,63.93079912478365
sp|P32308.1|OPSD_CANLF,sp|P22329.1|OPSR_CHICK,short_wave,long_wave,False,0.98035383,66.26995082391511
sp|P32308.1|OPSD_CANLF,sp|P87367.1|OPSR_ORYLA,short_wave,long_wave,False,0.98146373,63.07783341652309
sp|P32308.1|OPSD_CANLF,sp|P32313.1|OPSR_CARAU,short_wave,long_wave,False,0.9835236,62.24217882042282
sp|P32308.1|OPSD_CANLF,sp|O12948.1|OPSR_XENLA,short_wave,long_wave,False,0.9849458,62.09464093269325
sp|P32308.1|OPSD_CANLF,sp|Q9W6A7.1|OPSR1_DANRE,short_wave,long_wave,False,0.9830751,61.82435152237268
sp|P32308.1|OPSD_CANLF,sp|P22332.2|OPSR_PSAFA,short_wave,long_wave,False,0.98373395,61.12797269228912
sp|P32308.1|OPSD_CANLF,sp|Q8AYN0.1|OPSR2_DANRE,short_wave,long_wave,False,0.98215365,62.39374362461747
sp|P32308.1|OPSD_CANLF,sp|P35358.1|OPSG_GEKGE,short_wave,long_wave,False,0.978367,60.82345449201529
sp|P32308.1|OPSD_CANLF,sp|P22331.1|OPSG2_PSAFA,short_wave,long_wave,False,0.9844597,60.923155389323355
sp|P32308.1|OPSD_CANLF,sp|P22330.1|OPSG1_PSAFA,short_wave,long_wave,False,0.9854355,60.04080244814689
sp|P32308.1|OPSD_CANLF,sp|O18911.1|OPSG_ODOVI,short_wave,long_wave,False,0.96900463,67.74280632662136
sp|P32308.1|OPSD_CANLF,sp|Q90215.1|OPSD2_ANGAN,short_wave,long_wave,False,0.9957664,44.48273306654809
sp|P32308.1|OPSD_CANLF,sp|P79756.1|OPSD_GAMAF,short_wave,long_wave,False,0.9942282,44.09548590510738
sp|P32308.1|OPSD_CANLF,sp|O42490.1|OPSP_PETMA,short_wave,long_wave,False,0.94347566,42.80117571926837
sp|O42604.1|OPSD_ZEUFA,sp|P79914.1|OPSD_SARXA,short_wave,short_wave,True,0.9984374,47.37804127323869
sp|O42604.1|OPSD_ZEUFA,sp|P79911.1|OPSD_SARTI,short_wave,short_wave,True,0.9979801,46.823044329172134
sp|O42604.1|OPSD_ZEUFA,sp|O62796.1|OPSD_TRIMA,short_wave,short_wave,True,0.9933733,46.4104220875609
sp|O42604.1|OPSD_ZEUFA,sp|P51474.1|OPSG3_PSAFA,short_wave,short_wave,True,0.9932895,47.55937717871252
sp|O42604.1|OPSD_ZEUFA,sp|P79901.1|OPSD_SARMI,short_wave,short_wave,True,0.9976899,45.760560610665195
sp|O42604.1|OPSD_ZEUFA,sp|P79798.1|OPSD_MYRBE,short_wave,short_wave,True,0.997367,46.823044329172134
sp|O42604.1|OPSD_ZEUFA,sp|P79902.1|OPSD_SARPU,short_wave,short_wave,True,0.9979037,46.35227658699655
sp|O42604.1|OPSD_ZEUFA,sp|P79808.1|OPSD_NEOAR,short_wave,short_wave,True,0.9980584,47.06456164941424
sp|O42604.1|OPSD_ZEUFA,sp|P79809.1|OPSD_NEOAU,short_wave,short_wave,True,0.99759793,47.29474244237967
sp|O42604.1|OPSD_ZEUFA,sp|P79903.1|OPSD_SARSP,short_wave,short_wave,True,0.9981446,46.5085789203671
sp|O42604.1|OPSD_ZEUFA,sp|P51488.1|OPSD_CYPCA,short_wave,short_wave,True,0.99868315,47.387779545576436
sp|O42604.1|OPSD_ZEUFA,sp|P79812.1|OPSD_NEOSA,short_wave,short_wave,True,0.99831736,47.22130146132646
sp|O42604.1|OPSD_ZEUFA,sp|Q9YGY9.1|OPSD_ZOSOP,short_wave,short_wave,True,0.9985813,46.26143568358793
sp|O42604.1|OPSD_ZEUFA,sp|Q9YGZ2.1|OPSD_GOBNI,short_wave,short_wave,True,0.9984087,46.40228075401047
sp|O42604.1|OPSD_ZEUFA,sp|P41590.1|OPSD_PSAFA,short_wave,short_wave,True,0.997596,45.74206948640483
sp|O42604.1|OPSD_ZEUFA,sp|P51475.1|OPSP_CHICK,short_wave,short_wave,True,0.9686285,47.129909365558916
sp|O42604.1|OPSD_ZEUFA,sp|P32309.1|OPSD_CARAU,short_wave,short_wave,True,0.99879193,46.94399256332791
sp|O42604.1|OPSD_ZEUFA,sp|Q9R024.1|OPSG_CAVPO,short_wave,short_wave,True,0.9886937,45.573656312752135
sp|O42604.1|OPSD_ZEUFA,sp|P87369.1|OPSD_ORYLA,short_wave,short_wave,True,0.99784493,46.94399256332791
sp|O42604.1|OPSD_ZEUFA,sp|P34989.1|OPSL_CALJA,short_wave,short_wave,True,0.99065334,45.29564091497626
sp|O42604.1|OPSD_ZEUFA,sp|Q9YH05.1|OPSD_DIPAN,short_wave,short_wave,True,0.9983346,45.5003073087544
sp|O42604.1|OPSD_ZEUFA,sp|Q9YGZ8.1|OPSD_CHELB,short_wave,short_wave,True,0.9974122,45.7868402600438
sp|O42604.1|OPSD_ZEUFA,sp|Q9YGZ5.1|OPSD_SOLSO,short_wave,short_wave,True,0.99816585,46.56645598947232
sp|O42604.1|OPSD_ZEUFA,sp|O35476.2|OPSG_RAT,short_wave,short_wave,True,0.99180335,46.38259743671539
sp|O42604.1|OPSD_ZEUFA,sp|Q9DGG4.1|OPSD_TETNG,short_wave,short_wave,True,0.99876297,45.7771818459554
sp|O42604.1|OPSD_ZEUFA,sp|Q9YGZ3.1|OPSD_SALPV,short_wave,short_wave,True,0.9983284,45.85586500461211
sp|O42604.1|OPSD_ZEUFA,sp|P35359.2|OPSD_DANRE,short_wave,short_wave,True,0.9985084,46.52567975830816
sp|O42604.1|OPSD_ZEUFA,sp|P79848.1|OPSD_POERE,short_wave,short_wave,True,0.9987949,46.94399256332791
sp|O42604.1|OPSD_ZEUFA,sp|O35599.1|OPSG_MOUSE,short_wave,short_wave,True,0.9914456,46.38259743671539
sp|O42604.1|OPSD_ZEUFA,sp|O35478.2|OPSG_SCICA,short_wave,short_wave,True,0.9901953,45.423955713949745
sp|O42604.1|OPSD_ZEUFA,sp|Q9YGZ6.1|OPSD_CHEAU,short_wave,short_wave,True,0.9976375,45.91763128415764
sp|O42604.1|OPSD_ZEUFA,sp|Q98980.1|OPSD_PETMA,short_wave,short_wave,True,0.9948665,47.44915903864364
sp|O42604.1|OPSD_ZEUFA,sp|P04000.2|OPSR_HUMAN,short_wave,long_wave,False,0.9889115,73.86706948640483
sp|O42604.1|OPSD_ZEUFA,sp|P04001.1|OPSG_HUMAN,short_wave,long_wave,False,0.988419,72.08135520069055
sp|O42604.1|OPSD_ZEUFA,sp|O18913.2|OPSR_FELCA,short_wave,long_wave,False,0.98671055,69.3341024534378
sp|O42604.1|OPSD_ZEUFA,sp|O18912.2|OPSR_HORSE,short_wave,long_wave,False,0.9875247,68.64728926662461
sp|O42604.1|OPSD_ZEUFA,sp|Q9BGI7.1|OPSR_BOVIN,short_wave,long_wave,False,0.98850375,68.78465190398725
sp|O42604.1|OPSD_ZEUFA,sp|Q95170.1|OPSR_CAPHI,short_wave,long_wave,False,0.98866403,68.64728926662461
sp|O42604.1|OPSD_ZEUFA,sp|O18914.2|OPSR_CANLF,short_wave,long_wave,False,0.98698676,68.50992662926198
sp|O42604.1|OPSD_ZEUFA,sp|O18910.2|OPSG_RABIT,short_wave,long_wave,False,0.98968315,67.68575080508616
sp|O42604.1|OPSD_ZEUFA,sp|P41592.1|OPSR_ANOCA,short_wave,long_wave,False,0.9888922,65.11000733951218
sp|O42604.1|OPSD_ZEUFA,sp|P22329.1|OPSR_CHICK,short_wave,long_wave,False,0.9897418,67.44915903864364
sp|O42604.1|OPSD_ZEUFA,sp|P87367.1|OPSR_ORYLA,short_wave,long_wave,False,0.98864603,64.25704163125162
sp|O42604.1|OPSD_ZEUFA,sp|P32313.1|OPSR_CARAU,short_wave,long_wave,False,0.98880756,63.421387035151355
sp|O42604.1|OPSD_ZEUFA,sp|O12948.1|OPSR_XENLA,short_wave,long_wave,False,0.9907264,63.273849147421785
sp|O42604.1|OPSD_ZEUFA,sp|Q9W6A7.1|OPSR1_DANRE,short_wave,long_wave,False,0.98713756,63.00355973710121
sp|O42604.1|OPSD_ZEUFA,sp|P22332.2|OPSR_PSAFA,short_wave,long_wave,False,0.98925626,62.30718090701765
sp|O42604.1|OPSD_ZEUFA,sp|Q8AYN0.1|OPSR2_DANRE,short_wave,long_wave,False,0.98721105,63.572951839346004
sp|O42604.1|OPSD_ZEUFA,sp|P35358.1|OPSG_GEKGE,short_wave,long_wave,False,0.9863716,62.00266270674382
sp|O42604.1|OPSD_ZEUFA,sp|P22331.1|OPSG2_PSAFA,short_wave,long_wave,False,0.9897002,62.10236360405189
sp|O42604.1|OPSD_ZEUFA,sp|P22330.1|OPSG1_PSAFA,short_wave,long_wave,False,0.989917,61.220010662875424
sp|O42604.1|OPSD_ZEUFA,sp|O18911.1|OPSG_ODOVI,short_wave,long_wave,False,0.97010106,68.9220145413499
sp|O42604.1|OPSD_ZEUFA,sp|Q90215.1|OPSD2_ANGAN,short_wave,long_wave,False,0.9978856,45.661941281276626
sp|O42604.1|OPSD_ZEUFA,sp|P79756.1|OPSD_GAMAF,short_wave,long_wave,False,0.9985139,45.274694119835914
sp|O42604.1|OPSD_ZEUFA,sp|O42490.1|OPSP_PETMA,short_wave,long_wave,False,0.95750135,43.980383933996904
sp|P79914.1|OPSD_SARXA,sp|P79911.1|OPSD_SARTI,short_wave,short_wave,True,0.9987969,46.46694662960115
sp|P79914.1|OPSD_SARXA,sp|O62796.1|OPSD_TRIMA,short_wave,short_wave,True,0.9936947,46.05432438798992
sp|P79914.1|OPSD_SARXA,sp|P51474.1|OPSG3_PSAFA,short_wave,short_wave,True,0.992721,47.20327947914155
sp|P79914.1|OPSD_SARXA,sp|P79901.1|OPSD_SARMI,short_wave,short_wave,True,0.9988128,45.404462911094214
sp|P79914.1|OPSD_SARXA,sp|P79798.1|OPSD_MYRBE,short_wave,short_wave,True,0.9987763,46.46694662960115
sp|P79914.1|OPSD_SARXA,sp|P79902.1|OPSD_SARPU,short_wave,short_wave,True,0.99895144,45.99617888742557
sp|P79914.1|OPSD_SARXA,sp|P79808.1|OPSD_NEOAR,short_wave,short_wave,True,0.99937695,46.708463949843264
sp|P79914.1|OPSD_SARXA,sp|P79809.1|OPSD_NEOAU,short_wave,short_wave,True,0.9984812,46.9386447428087
sp|P79914.1|OPSD_SARXA,sp|P79903.1|OPSD_SARSP,short_wave,short_wave,True,0.998993,46.15248122079612
sp|P79914.1|OPSD_SARXA,sp|P51488.1|OPSD_CYPCA,short_wave,short_wave,True,0.99727535,47.031681846005455
sp|P79914.1|OPSD_SARXA,sp|P79812.1|OPSD_NEOSA,short_wave,short_wave,True,0.99925935,46.86520376175548
sp|P79914.1|OPSD_SARXA,sp|Q9YGY9.1|OPSD_ZOSOP,short_wave,short_wave,True,0.9986732,45.90533798401695
sp|P79914.1|OPSD_SARXA,sp|Q9YGZ2.1|OPSD_GOBNI,short_wave,short_wave,True,0.9985342,46.046183054439496
sp|P79914.1|OPSD_SARXA,sp|P41590.1|OPSD_PSAFA,short_wave,short_wave,True,0.99791896,45.385971786833856
sp|P79914.1|OPSD_SARXA,sp|P51475.1|OPSP_CHICK,short_wave,short_wave,True,0.969625,46.773811665987935
sp|P79914.1|OPSD_SARXA,sp|P32309.1|OPSD_CARAU,short_wave,short_wave,True,0.9974851,46.58789486375693
sp|P79914.1|OPSD_SARXA,sp|Q9R024.1|OPSG_CAVPO,short_wave,short_wave,True,0.98744994,45.21755861318116
sp|P79914.1|OPSD_SARXA,sp|P87369.1|OPSD_ORYLA,short_wave,short_wave,True,0.99809885,46.58789486375693
sp|P79914.1|OPSD_SARXA,sp|P34989.1|OPSL_CALJA,short_wave,short_wave,True,0.98917454,44.93954321540528
sp|P79914.1|OPSD_SARXA,sp|Q9YH05.1|OPSD_DIPAN,short_wave,short_wave,True,0.9987819,45.14420960918343
sp|P79914.1|OPSD_SARXA,sp|Q9YGZ8.1|OPSD_CHELB,short_wave,short_wave,True,0.9979741,45.43074256047282
sp|P79914.1|OPSD_SARXA,sp|Q9YGZ5.1|OPSD_SOLSO,short_wave,short_wave,True,0.9984702,46.210358289901336
sp|P79914.1|OPSD_SARXA,sp|O35476.2|OPSG_RAT,short_wave,short_wave,True,0.9902454,46.02649973714442
sp|P79914.1|OPSD_SARXA,sp|Q9DGG4.1|OPSD_TETNG,short_wave,short_wave,True,0.99900585,45.421084146384416
sp|P79914.1|OPSD_SARXA,sp|Q9YGZ3.1|OPSD_SALPV,short_wave,short_wave,True,0.9986201,45.49976730504114
sp|P79914.1|OPSD_SARXA,sp|P35359.2|OPSD_DANRE,short_wave,short_wave,True,0.9984374,46.16958205873718
sp|P79914.1|OPSD_SARXA,sp|P79848.1|OPSD_POERE,short_wave,short_wave,True,0.99869263,46.58789486375693
sp|P79914.1|OPSD_SARXA,sp|O35599.1|OPSG_MOUSE,short_wave,short_wave,True,0.9898146,46.02649973714442
sp|P79914.1|OPSD_SARXA,sp|O35478.2|OPSG_SCICA,short_wave,short_wave,True,0.98863107,45.06785801437877
sp|P79914.1|OPSD_SARXA,sp|Q9YGZ6.1|OPSD_CHEAU,short_wave,short_wave,True,0.998311,45.56153358458667
sp|P79914.1|OPSD_SARXA,sp|Q98980.1|OPSD_PETMA,short_wave,short_wave,True,0.9953104,47.09306133907266
sp|P79914.1|OPSD_SARXA,sp|P04000.2|OPSR_HUMAN,short_wave,long_wave,False,0.98749393,73.51097178683386
sp|P79914.1|OPSD_SARXA,sp|P04001.1|OPSG_HUMAN,short_wave,long_wave,False,0.9872917,71.72525750111957
sp|P79914.1|OPSD_SARXA,sp|O18913.2|OPSR_FELCA,short_wave,long_wave,False,0.98548293,68.97800475386683
sp|P79914.1|OPSD_SARXA,sp|O18912.2|OPSR_HORSE,short_wave,long_wave,False,0.9868046,68.29119156705363
sp|P79914.1|OPSD_SARXA,sp|Q9BGI7.1|OPSR_BOVIN,short_wave,long_wave,False,0.9874131,68.42855420441627
sp|P79914.1|OPSD_SARXA,sp|Q95170.1|OPSR_CAPHI,short_wave,long_wave,False,0.9877887,68.29119156705363
sp|P79914.1|OPSD_SARXA,sp|O18914.2|OPSR_CANLF,short_wave,long_wave,False,0.98641956,68.153828929691
sp|P79914.1|OPSD_SARXA,sp|O18910.2|OPSG_RABIT,short_wave,long_wave,False,0.98884845,67.32965310551518
sp|P79914.1|OPSD_SARXA,sp|P41592.1|OPSR_ANOCA,short_wave,long_wave,False,0.9862048,64.7539096399412
sp|P79914.1|OPSD_SARXA,sp|P22329.1|OPSR_CHICK,short_wave,long_wave,False,0.9883752,67.09306133907266
sp|P79914.1|OPSD_SARXA,sp|P87367.1|OPSR_ORYLA,short_wave,long_wave,False,0.9863171,63.90094393168065
sp|P79914.1|OPSD_SARXA,sp|P32313.1|OPSR_CARAU,short_wave,long_wave,False,0.98649716,63.065289335580374
sp|P79914.1|OPSD_SARXA,sp|O12948.1|OPSR_XENLA,short_wave,long_wave,False,0.9876106,62.917751447850804
sp|P79914.1|OPSD_SARXA,sp|Q9W6A7.1|OPSR1_DANRE,short_wave,long_wave,False,0.98493475,62.64746203753023
sp|P79914.1|OPSD_SARXA,sp|P22332.2|OPSR_PSAFA,short_wave,long_wave,False,0.9873091,61.95108320744667
sp|P79914.1|OPSD_SARXA,sp|Q8AYN0.1|OPSR2_DANRE,short_wave,long_wave,False,0.9854799,63.21685413977503
sp|P79914.1|OPSD_SARXA,sp|P35358.1|OPSG_GEKGE,short_wave,long_wave,False,0.983629,61.64656500717284
sp|P79914.1|OPSD_SARXA,sp|P22331.1|OPSG2_PSAFA,short_wave,long_wave,False,0.98645926,61.746265904480914
sp|P79914.1|OPSD_SARXA,sp|P22330.1|OPSG1_PSAFA,short_wave,long_wave,False,0.98720634,60.86391296330444
sp|P79914.1|OPSD_SARXA,sp|O18911.1|OPSG_ODOVI,short_wave,long_wave,False,0.97154677,68.56591684177891
sp|P79914.1|OPSD_SARXA,sp|Q90215.1|OPSD2_ANGAN,short_wave,long_wave,False,0.99669987,45.30584358170565
sp|P79914.1|OPSD_SARXA,sp|P79756.1|OPSD_GAMAF,short_wave,long_wave,False,0.99866,44.91859642026494
sp|P79914.1|OPSD_SARXA,sp|O42490.1|OPSP_PETMA,short_wave,long_wave,False,0.9552009,43.624286234425924
sp|P79911.1|OPSD_SARTI,sp|O62796.1|OPSD_TRIMA,short_wave,short_wave,True,0.99457526,45.49932744392336
sp|P79911.1|OPSD_SARTI,sp|P51474.1|OPSG3_PSAFA,short_wave,short_wave,True,0.9924191,46.64828253507499
sp|P79911.1|OPSD_SARTI,sp|P79901.1|OPSD_SARMI,short_wave,short_wave,True,0.99908507,44.849465967027655
sp|P79911.1|OPSD_SARTI,sp|P79798.1|OPSD_MYRBE,short_wave,short_wave,True,0.9979547,45.911949685534594
sp|P79911.1|OPSD_SARTI,sp|P79902.1|OPSD_SARPU,short_wave,short_wave,True,0.99940187,45.44118194335901
sp|P79911.1|OPSD_SARTI,sp|P79808.1|OPSD_NEOAR,short_wave,short_wave,True,0.9994701,46.153467005776704
sp|P79911.1|OPSD_SARTI,sp|P79809.1|OPSD_NEOAU,short_wave,short_wave,True,0.99940795,46.38364779874214
sp|P79911.1|OPSD_SARTI,sp|P79903.1|OPSD_SARSP,short_wave,short_wave,True,0.99993694,45.59748427672956
sp|P79911.1|OPSD_SARTI,sp|P51488.1|OPSD_CYPCA,short_wave,short_wave,True,0.9968298,46.476684901938896
sp|P79911.1|OPSD_SARTI,sp|P79812.1|OPSD_NEOSA,short_wave,short_wave,True,0.99897575,46.31020681768892
sp|P79911.1|OPSD_SARTI,sp|Q9YGY9.1|OPSD_ZOSOP,short_wave,short_wave,True,0.99764204,45.35034103995039
sp|P79911.1|OPSD_SARTI,sp|Q9YGZ2.1|OPSD_GOBNI,short_wave,short_wave,True,0.99769783,45.49118611037294
sp|P79911.1|OPSD_SARTI,sp|P41590.1|OPSD_PSAFA,short_wave,short_wave,True,0.9969243,44.8309748427673
sp|P79911.1|OPSD_SARTI,sp|P51475.1|OPSP_CHICK,short_wave,short_wave,True,0.9669113,46.218814721921376
sp|P79911.1|OPSD_SARTI,sp|P32309.1|OPSD_CARAU,short_wave,short_wave,True,0.9969047,46.03289791969037
sp|P79911.1|OPSD_SARTI,sp|Q9R024.1|OPSG_CAVPO,short_wave,short_wave,True,0.98681724,44.6625616691146
sp|P79911.1|OPSD_SARTI,sp|P87369.1|OPSD_ORYLA,short_wave,short_wave,True,0.99688256,46.03289791969037
sp|P79911.1|OPSD_SARTI,sp|P34989.1|OPSL_CALJA,short_wave,short_wave,True,0.9894672,44.38454627133872
sp|P79911.1|OPSD_SARTI,sp|Q9YH05.1|OPSD_DIPAN,short_wave,short_wave,True,0.99834985,44.58921266511687
sp|P79911.1|OPSD_SARTI,sp|Q9YGZ8.1|OPSD_CHELB,short_wave,short_wave,True,0.9958749,44.87574561640626
sp|P79911.1|OPSD_SARTI,sp|Q9YGZ5.1|OPSD_SOLSO,short_wave,short_wave,True,0.99799293,45.65536134583478
sp|P79911.1|OPSD_SARTI,sp|O35476.2|OPSG_RAT,short_wave,short_wave,True,0.9909116,45.47150279307786
sp|P79911.1|OPSD_SARTI,sp|Q9DGG4.1|OPSD_TETNG,short_wave,short_wave,True,0.9981121,44.86608720231786
sp|P79911.1|OPSD_SARTI,sp|Q9YGZ3.1|OPSD_SALPV,short_wave,short_wave,True,0.9977137,44.94477036097458
sp|P79911.1|OPSD_SARTI,sp|P35359.2|OPSD_DANRE,short_wave,short_wave,True,0.99744457,45.61458511467062
sp|P79911.1|OPSD_SARTI,sp|P79848.1|OPSD_POERE,short_wave,short_wave,True,0.9983803,46.03289791969037
sp|P79911.1|OPSD_SARTI,sp|O35599.1|OPSG_MOUSE,short_wave,short_wave,True,0.99042803,45.47150279307786
sp|P79911.1|OPSD_SARTI,sp|O35478.2|OPSG_SCICA,short_wave,short_wave,True,0.98959184,44.51286107031221
sp|P79911.1|OPSD_SARTI,sp|Q9YGZ6.1|OPSD_CHEAU,short_wave,short_wave,True,0.9964198,45.00653664052011
sp|P79911.1|OPSD_SARTI,sp|Q98980.1|OPSD_PETMA,short_wave,short_wave,True,0.99645096,46.5380643950061
sp|P79911.1|OPSD_SARTI,sp|P04000.2|OPSR_HUMAN,short_wave,long_wave,False,0.9879365,72.95597484276729
sp|P79911.1|OPSD_SARTI,sp|P04001.1|OPSG_HUMAN,short_wave,long_wave,False,0.9875107,71.17026055705301
sp|P79911.1|OPSD_SARTI,sp|O18913.2|OPSR_FELCA,short_wave,long_wave,False,0.98519653,68.42300780980025
sp|P79911.1|OPSD_SARTI,sp|O18912.2|OPSR_HORSE,short_wave,long_wave,False,0.9867258,67.73619462298709
sp|P79911.1|OPSD_SARTI,sp|Q9BGI7.1|OPSR_BOVIN,short_wave,long_wave,False,0.9879138,67.87355726034971
sp|P79911.1|OPSD_SARTI,sp|Q95170.1|OPSR_CAPHI,short_wave,long_wave,False,0.98814464,67.73619462298709
sp|P79911.1|OPSD_SARTI,sp|O18914.2|OPSR_CANLF,short_wave,long_wave,False,0.9866202,67.59883198562444
sp|P79911.1|OPSD_SARTI,sp|O18910.2|OPSG_RABIT,short_wave,long_wave,False,0.9885953,66.77465616144862
sp|P79911.1|OPSD_SARTI,sp|P41592.1|OPSR_ANOCA,short_wave,long_wave,False,0.9857204,64.19891269587464
sp|P79911.1|OPSD_SARTI,sp|P22329.1|OPSR_CHICK,short_wave,long_wave,False,0.9877184,66.5380643950061
sp|P79911.1|OPSD_SARTI,sp|P87367.1|OPSR_ORYLA,short_wave,long_wave,False,0.98524,63.34594698761409
sp|P79911.1|OPSD_SARTI,sp|P32313.1|OPSR_CARAU,short_wave,long_wave,False,0.98625225,62.510292391513815
sp|P79911.1|OPSD_SARTI,sp|O12948.1|OPSR_XENLA,short_wave,long_wave,False,0.98901546,62.362754503784245
sp|P79911.1|OPSD_SARTI,sp|Q9W6A7.1|OPSR1_DANRE,short_wave,long_wave,False,0.9844115,62.09246509346367
sp|P79911.1|OPSD_SARTI,sp|P22332.2|OPSR_PSAFA,short_wave,long_wave,False,0.9855745,61.39608626338011
sp|P79911.1|OPSD_SARTI,sp|Q8AYN0.1|OPSR2_DANRE,short_wave,long_wave,False,0.9842576,62.66185719570847
sp|P79911.1|OPSD_SARTI,sp|P35358.1|OPSG_GEKGE,short_wave,long_wave,False,0.9835311,61.09156806310628
sp|P79911.1|OPSD_SARTI,sp|P22331.1|OPSG2_PSAFA,short_wave,long_wave,False,0.98786,61.191268960414355
sp|P79911.1|OPSD_SARTI,sp|P22330.1|OPSG1_PSAFA,short_wave,long_wave,False,0.988531,60.308916019237884
sp|P79911.1|OPSD_SARTI,sp|O18911.1|OPSG_ODOVI,short_wave,long_wave,False,0.9702885,68.01091989771236
sp|P79911.1|OPSD_SARTI,sp|Q90215.1|OPSD2_ANGAN,short_wave,long_wave,False,0.9966466,44.75084663763909
sp|P79911.1|OPSD_SARTI,sp|P79756.1|OPSD_GAMAF,short_wave,long_wave,False,0.997754,44.36359947619838
sp|P79911.1|OPSD_SARTI,sp|O42490.1|OPSP_PETMA,short_wave,long_wave,False,0.95304614,43.069289290359364
sp|O62796.1|OPSD_TRIMA,sp|P51474.1|OPSG3_PSAFA,short_wave,short_wave,True,0.9949299,46.235660293463766
sp|O62796.1|OPSD_TRIMA,sp|P79901.1|OPSD_SARMI,short_wave,short_wave,True,0.99402225,44.43684372541642
sp|O62796.1|OPSD_TRIMA,sp|P79798.1|OPSD_MYRBE,short_wave,short_wave,True,0.99189454,45.49932744392336
sp|O62796.1|OPSD_TRIMA,sp|P79902.1|OPSD_SARPU,short_wave,short_wave,True,0.9940192,45.02855970174778
sp|O62796.1|OPSD_TRIMA,sp|P79808.1|OPSD_NEOAR,short_wave,short_wave,True,0.9932309,45.74084476416547
sp|O62796.1|OPSD_TRIMA,sp|P79809.1|OPSD_NEOAU,short_wave,short_wave,True,0.99376935,45.971025557130915
sp|O62796.1|OPSD_TRIMA,sp|P79903.1|OPSD_SARSP,short_wave,short_wave,True,0.99452436,45.184862035118336
sp|O62796.1|OPSD_TRIMA,sp|P51488.1|OPSD_CYPCA,short_wave,short_wave,True,0.99485755,46.064062660327664
sp|O62796.1|OPSD_TRIMA,sp|P79812.1|OPSD_NEOSA,short_wave,short_wave,True,0.993251,45.8975845760777
sp|O62796.1|OPSD_TRIMA,sp|Q9YGY9.1|OPSD_ZOSOP,short_wave,short_wave,True,0.9941842,44.93771879833917
sp|O62796.1|OPSD_TRIMA,sp|Q9YGZ2.1|OPSD_GOBNI,short_wave,short_wave,True,0.99501485,45.078563868761705
sp|O62796.1|OPSD_TRIMA,sp|P41590.1|OPSD_PSAFA,short_wave,short_wave,True,0.99467206,44.41835260115607
sp|O62796.1|OPSD_TRIMA,sp|P51475.1|OPSP_CHICK,short_wave,short_wave,True,0.96030396,45.806192480310145
sp|O62796.1|OPSD_TRIMA,sp|P32309.1|OPSD_CARAU,short_wave,short_wave,True,0.9936634,45.620275678079146
sp|O62796.1|OPSD_TRIMA,sp|Q9R024.1|OPSG_CAVPO,short_wave,short_wave,True,0.97860444,44.24993942750338
sp|O62796.1|OPSD_TRIMA,sp|P87369.1|OPSD_ORYLA,short_wave,short_wave,True,0.994965,45.620275678079146
sp|O62796.1|OPSD_TRIMA,sp|P34989.1|OPSL_CALJA,short_wave,short_wave,True,0.98236084,43.9719240297275
sp|O62796.1|OPSD_TRIMA,sp|Q9YH05.1|OPSD_DIPAN,short_wave,short_wave,True,0.9952569,44.176590423505644
sp|O62796.1|OPSD_TRIMA,sp|Q9YGZ8.1|OPSD_CHELB,short_wave,short_wave,True,0.9919025,44.46312337479504
sp|O62796.1|OPSD_TRIMA,sp|Q9YGZ5.1|OPSD_SOLSO,short_wave,short_wave,True,0.994015,45.24273910422355
sp|O62796.1|OPSD_TRIMA,sp|O35476.2|OPSG_RAT,short_wave,short_wave,True,0.9846929,45.05888055146663
sp|O62796.1|OPSD_TRIMA,sp|Q9DGG4.1|OPSD_TETNG,short_wave,short_wave,True,0.9942347,44.45346496070663
sp|O62796.1|OPSD_TRIMA,sp|Q9YGZ3.1|OPSD_SALPV,short_wave,short_wave,True,0.9943905,44.532148119363356
sp|O62796.1|OPSD_TRIMA,sp|P35359.2|OPSD_DANRE,short_wave,short_wave,True,0.9947662,45.201962873059394
sp|O62796.1|OPSD_TRIMA,sp|P79848.1|OPSD_POERE,short_wave,short_wave,True,0.9938742,45.620275678079146
sp|O62796.1|OPSD_TRIMA,sp|O35599.1|OPSG_MOUSE,short_wave,short_wave,True,0.9836927,45.05888055146663
sp|O62796.1|OPSD_TRIMA,sp|O35478.2|OPSG_SCICA,short_wave,short_wave,True,0.9822836,44.10023882870098
sp|O62796.1|OPSD_TRIMA,sp|Q9YGZ6.1|OPSD_CHEAU,short_wave,short_wave,True,0.99268883,44.59391439890888
sp|O62796.1|OPSD_TRIMA,sp|Q98980.1|OPSD_PETMA,short_wave,short_wave,True,0.9951433,46.12544215339487
sp|O62796.1|OPSD_TRIMA,sp|P04000.2|OPSR_HUMAN,short_wave,long_wave,False,0.97817713,72.54335260115607
sp|O62796.1|OPSD_TRIMA,sp|P04001.1|OPSG_HUMAN,short_wave,long_wave,False,0.9779753,70.75763831544178
sp|O62796.1|OPSD_TRIMA,sp|O18913.2|OPSR_FELCA,short_wave,long_wave,False,0.97446173,68.01038556818904
sp|O62796.1|OPSD_TRIMA,sp|O18912.2|OPSR_HORSE,short_wave,long_wave,False,0.9783658,67.32357238137585
sp|O62796.1|OPSD_TRIMA,sp|Q9BGI7.1|OPSR_BOVIN,short_wave,long_wave,False,0.97877693,67.46093501873848
sp|O62796.1|OPSD_TRIMA,sp|Q95170.1|OPSR_CAPHI,short_wave,long_wave,False,0.97890663,67.32357238137585
sp|O62796.1|OPSD_TRIMA,sp|O18914.2|OPSR_CANLF,short_wave,long_wave,False,0.9769081,67.18620974401321
sp|O62796.1|OPSD_TRIMA,sp|O18910.2|OPSG_RABIT,short_wave,long_wave,False,0.97920525,66.36203391983739
sp|O62796.1|OPSD_TRIMA,sp|P41592.1|OPSR_ANOCA,short_wave,long_wave,False,0.9772585,63.78629045426341
sp|O62796.1|OPSD_TRIMA,sp|P22329.1|OPSR_CHICK,short_wave,long_wave,False,0.97817135,66.12544215339487
sp|O62796.1|OPSD_TRIMA,sp|P87367.1|OPSR_ORYLA,short_wave,long_wave,False,0.97888076,62.93332474600287
sp|O62796.1|OPSD_TRIMA,sp|P32313.1|OPSR_CARAU,short_wave,long_wave,False,0.98051035,62.097670149902584
sp|O62796.1|OPSD_TRIMA,sp|O12948.1|OPSR_XENLA,short_wave,long_wave,False,0.9822362,61.950132262173014
sp|O62796.1|OPSD_TRIMA,sp|Q9W6A7.1|OPSR1_DANRE,short_wave,long_wave,False,0.9801876,61.67984285185244
sp|O62796.1|OPSD_TRIMA,sp|P22332.2|OPSR_PSAFA,short_wave,long_wave,False,0.9811798,60.98346402176888
sp|O62796.1|OPSD_TRIMA,sp|Q8AYN0.1|OPSR2_DANRE,short_wave,long_wave,False,0.9790227,62.24923495409725
sp|O62796.1|OPSD_TRIMA,sp|P35358.1|OPSG_GEKGE,short_wave,long_wave,False,0.97493935,60.67894582149505
sp|O62796.1|OPSD_TRIMA,sp|P22331.1|OPSG2_PSAFA,short_wave,long_wave,False,0.9816209,60.77864671880313
sp|O62796.1|OPSD_TRIMA,sp|P22330.1|OPSG1_PSAFA,short_wave,long_wave,False,0.98265874,59.89629377762665
sp|O62796.1|OPSD_TRIMA,sp|O18911.1|OPSG_ODOVI,short_wave,long_wave,False,0.96671724,67.59829765610112
sp|O62796.1|OPSD_TRIMA,sp|Q90215.1|OPSD2_ANGAN,short_wave,long_wave,False,0.99538964,44.33822439602787
sp|O62796.1|OPSD_TRIMA,sp|P79756.1|OPSD_GAMAF,short_wave,long_wave,False,0.99391955,43.95097723458716
sp|O62796.1|OPSD_TRIMA,sp|O42490.1|OPSP_PETMA,short_wave,long_wave,False,0.9411245,42.65666704874813
sp|P51474.1|OPSG3_PSAFA,sp|P79901.1|OPSD_SARMI,short_wave,short_wave,True,0.9915453,45.58579881656805
sp|P51474.1|OPSG3_PSAFA,sp|P79798.1|OPSD_MYRBE,short_wave,short_wave,True,0.99217236,46.64828253507499
sp|P51474.1|OPSG3_PSAFA,sp|P79902.1|OPSD_SARPU,short_wave,short_wave,True,0.9925657,46.17751479289941
sp|P51474.1|OPSG3_PSAFA,sp|P79808.1|OPSD_NEOAR,short_wave,short_wave,True,0.99202,46.889799855317094
sp|P51474.1|OPSG3_PSAFA,sp|P79809.1|OPSD_NEOAU,short_wave,short_wave,True,0.9921126,47.119980648282535
sp|P51474.1|OPSG3_PSAFA,sp|P79903.1|OPSD_SARSP,short_wave,short_wave,True,0.99245393,46.33381712626996
sp|P51474.1|OPSG3_PSAFA,sp|P51488.1|OPSD_CYPCA,short_wave,short_wave,True,0.99329877,47.21301775147929
sp|P51474.1|OPSG3_PSAFA,sp|P79812.1|OPSD_NEOSA,short_wave,short_wave,True,0.99206936,47.046539667229325
sp|P51474.1|OPSG3_PSAFA,sp|Q9YGY9.1|OPSD_ZOSOP,short_wave,short_wave,True,0.9936359,46.0866738894908
sp|P51474.1|OPSG3_PSAFA,sp|Q9YGZ2.1|OPSD_GOBNI,short_wave,short_wave,True,0.9941748,46.227518959913326
sp|P51474.1|OPSG3_PSAFA,sp|P41590.1|OPSD_PSAFA,short_wave,short_wave,True,0.9926286,45.56730769230769
sp|P51474.1|OPSG3_PSAFA,sp|P51475.1|OPSP_CHICK,short_wave,short_wave,True,0.9691144,46.95514757146177
sp|P51474.1|OPSG3_PSAFA,sp|P32309.1|OPSD_CARAU,short_wave,short_wave,True,0.99126846,46.769230769230774
sp|P51474.1|OPSG3_PSAFA,sp|Q9R024.1|OPSG_CAVPO,short_wave,short_wave,True,0.985235,45.398894518655
sp|P51474.1|OPSG3_PSAFA,sp|P87369.1|OPSD_ORYLA,short_wave,short_wave,True,0.9943154,46.769230769230774
sp|P51474.1|OPSG3_PSAFA,sp|P34989.1|OPSL_CALJA,short_wave,short_wave,True,0.98777324,45.120879120879124
sp|P51474.1|OPSG3_PSAFA,sp|Q9YH05.1|OPSD_DIPAN,short_wave,short_wave,True,0.9940052,45.325545514657264
sp|P51474.1|OPSG3_PSAFA,sp|Q9YGZ8.1|OPSD_CHELB,short_wave,short_wave,True,0.9925015,45.61207846594667
sp|P51474.1|OPSG3_PSAFA,sp|Q9YGZ5.1|OPSD_SOLSO,short_wave,short_wave,True,0.993149,46.39169419537518
sp|P51474.1|OPSG3_PSAFA,sp|O35476.2|OPSG_RAT,short_wave,short_wave,True,0.9883661,46.20783564261825
sp|P51474.1|OPSG3_PSAFA,sp|Q9DGG4.1|OPSD_TETNG,short_wave,short_wave,True,0.9939081,45.60242005185826
sp|P51474.1|OPSG3_PSAFA,sp|Q9YGZ3.1|OPSD_SALPV,short_wave,short_wave,True,0.9940201,45.681103210514976
sp|P51474.1|OPSG3_PSAFA,sp|P35359.2|OPSD_DANRE,short_wave,short_wave,True,0.9925232,46.35091796421102
sp|P51474.1|OPSG3_PSAFA,sp|P79848.1|OPSD_POERE,short_wave,short_wave,True,0.99269116,46.769230769230774
sp|P51474.1|OPSG3_PSAFA,sp|O35599.1|OPSG_MOUSE,short_wave,short_wave,True,0.9875104,46.20783564261825
sp|P51474.1|OPSG3_PSAFA,sp|O35478.2|OPSG_SCICA,short_wave,short_wave,True,0.9865621,45.2491939198526
sp|P51474.1|OPSG3_PSAFA,sp|Q9YGZ6.1|OPSD_CHEAU,short_wave,short_wave,True,0.9929312,45.7428694900605
sp|P51474.1|OPSG3_PSAFA,sp|Q98980.1|OPSD_PETMA,short_wave,short_wave,True,0.99495745,47.2743972445465
sp|P51474.1|OPSG3_PSAFA,sp|P04000.2|OPSR_HUMAN,short_wave,long_wave,False,0.98466754,73.6923076923077
sp|P51474.1|OPSG3_PSAFA,sp|P04001.1|OPSG_HUMAN,short_wave,long_wave,False,0.9848999,71.9065934065934
sp|P51474.1|OPSG3_PSAFA,sp|O18913.2|OPSR_FELCA,short_wave,long_wave,False,0.9819616,69.15934065934066
sp|P51474.1|OPSG3_PSAFA,sp|O18912.2|OPSR_HORSE,short_wave,long_wave,False,0.9856627,68.47252747252747
sp|P51474.1|OPSG3_PSAFA,sp|Q9BGI7.1|OPSR_BOVIN,short_wave,long_wave,False,0.9851719,68.6098901098901
sp|P51474.1|OPSG3_PSAFA,sp|Q95170.1|OPSR_CAPHI,short_wave,long_wave,False,0.9849953,68.47252747252747
sp|P51474.1|OPSG3_PSAFA,sp|O18914.2|OPSR_CANLF,short_wave,long_wave,False,0.98339397,68.33516483516485
sp|P51474.1|OPSG3_PSAFA,sp|O18910.2|OPSG_RABIT,short_wave,long_wave,False,0.98450255,67.51098901098902
sp|P51474.1|OPSG3_PSAFA,sp|P41592.1|OPSR_ANOCA,short_wave,long_wave,False,0.98463035,64.93524554541503
sp|P51474.1|OPSG3_PSAFA,sp|P22329.1|OPSR_CHICK,short_wave,long_wave,False,0.98528194,67.27439724454649
sp|P51474.1|OPSG3_PSAFA,sp|P87367.1|OPSR_ORYLA,short_wave,long_wave,False,0.98559177,64.08227983715449
sp|P51474.1|OPSG3_PSAFA,sp|P32313.1|OPSR_CARAU,short_wave,long_wave,False,0.98602515,63.24662524105421
sp|P51474.1|OPSG3_PSAFA,sp|O12948.1|OPSR_XENLA,short_wave,long_wave,False,0.9852866,63.09908735332464
sp|P51474.1|OPSG3_PSAFA,sp|Q9W6A7.1|OPSR1_DANRE,short_wave,long_wave,False,0.9855988,62.82879794300407
sp|P51474.1|OPSG3_PSAFA,sp|P22332.2|OPSR_PSAFA,short_wave,long_wave,False,0.9878584,62.13241911292051
sp|P51474.1|OPSG3_PSAFA,sp|Q8AYN0.1|OPSR2_DANRE,short_wave,long_wave,False,0.9855081,63.39819004524887
sp|P51474.1|OPSG3_PSAFA,sp|P35358.1|OPSG_GEKGE,short_wave,long_wave,False,0.9817462,61.827900912646676
sp|P51474.1|OPSG3_PSAFA,sp|P22331.1|OPSG2_PSAFA,short_wave,long_wave,False,0.98372304,61.92760180995475
sp|P51474.1|OPSG3_PSAFA,sp|P22330.1|OPSG1_PSAFA,short_wave,long_wave,False,0.98536396,61.04524886877828
sp|P51474.1|OPSG3_PSAFA,sp|O18911.1|OPSG_ODOVI,short_wave,long_wave,False,0.97314525,68.74725274725276
sp|P51474.1|OPSG3_PSAFA,sp|Q90215.1|OPSD2_ANGAN,short_wave,long_wave,False,0.9920069,45.48717948717949
sp|P51474.1|OPSG3_PSAFA,sp|P79756.1|OPSD_GAMAF,short_wave,long_wave,False,0.9933182,45.09993232573878
sp|P51474.1|OPSG3_PSAFA,sp|O42490.1|OPSP_PETMA,short_wave,long_wave,False,0.9528577,43.80562213989976
sp|P79901.1|OPSD_SARMI,sp|P79798.1|OPSD_MYRBE,short_wave,short_wave,True,0.99693495,44.849465967027655
sp|P79901.1|OPSD_SARMI,sp|P79902.1|OPSD_SARPU,short_wave,short_wave,True,0.99928176,44.37869822485207
sp|P79901.1|OPSD_SARMI,sp|P79808.1|OPSD_NEOAR,short_wave,short_wave,True,0.9990733,45.090983287269765
sp|P79901.1|OPSD_SARMI,sp|P79809.1|OPSD_NEOAU,short_wave,short_wave,True,0.99837077,45.3211640802352
sp|P79901.1|OPSD_SARMI,sp|P79903.1|OPSD_SARSP,short_wave,short_wave,True,0.99898833,44.53500055822262
sp|P79901.1|OPSD_SARMI,sp|P51488.1|OPSD_CYPCA,short_wave,short_wave,True,0.99711776,45.414201183431956
sp|P79901.1|OPSD_SARMI,sp|P79812.1|OPSD_NEOSA,short_wave,short_wave,True,0.9985863,45.24772309918198
sp|P79901.1|OPSD_SARMI,sp|Q9YGY9.1|OPSD_ZOSOP,short_wave,short_wave,True,0.9972254,44.287857321443454
sp|P79901.1|OPSD_SARMI,sp|Q9YGZ2.1|OPSD_GOBNI,short_wave,short_wave,True,0.997434,44.428702391866
sp|P79901.1|OPSD_SARMI,sp|P41590.1|OPSD_PSAFA,short_wave,short_wave,True,0.99660987,43.76849112426036
sp|P79901.1|OPSD_SARMI,sp|P51475.1|OPSP_CHICK,short_wave,short_wave,True,0.96283996,45.15633100341444
sp|P79901.1|OPSD_SARMI,sp|P32309.1|OPSD_CARAU,short_wave,short_wave,True,0.997278,44.97041420118343
sp|P79901.1|OPSD_SARMI,sp|Q9R024.1|OPSG_CAVPO,short_wave,short_wave,True,0.9844809,43.60007795060766
sp|P79901.1|OPSD_SARMI,sp|P87369.1|OPSD_ORYLA,short_wave,short_wave,True,0.99701124,44.97041420118343
sp|P79901.1|OPSD_SARMI,sp|P34989.1|OPSL_CALJA,short_wave,short_wave,True,0.987193,43.32206255283178
sp|P79901.1|OPSD_SARMI,sp|Q9YH05.1|OPSD_DIPAN,short_wave,short_wave,True,0.99866176,43.52672894660993
sp|P79901.1|OPSD_SARMI,sp|Q9YGZ8.1|OPSD_CHELB,short_wave,short_wave,True,0.99553907,43.813261897899324
sp|P79901.1|OPSD_SARMI,sp|Q9YGZ5.1|OPSD_SOLSO,short_wave,short_wave,True,0.9982722,44.59287762732784
sp|P79901.1|OPSD_SARMI,sp|O35476.2|OPSG_RAT,short_wave,short_wave,True,0.98922366,44.40901907457092
sp|P79901.1|OPSD_SARMI,sp|Q9DGG4.1|OPSD_TETNG,short_wave,short_wave,True,0.9982748,43.80360348381092
sp|P79901.1|OPSD_SARMI,sp|Q9YGZ3.1|OPSD_SALPV,short_wave,short_wave,True,0.9976462,43.88228664246764
sp|P79901.1|OPSD_SARMI,sp|P35359.2|OPSD_DANRE,short_wave,short_wave,True,0.9975575,44.55210139616368
sp|P79901.1|OPSD_SARMI,sp|P79848.1|OPSD_POERE,short_wave,short_wave,True,0.9983754,44.97041420118343
sp|P79901.1|OPSD_SARMI,sp|O35599.1|OPSG_MOUSE,short_wave,short_wave,True,0.9888072,44.40901907457092
sp|P79901.1|OPSD_SARMI,sp|O35478.2|OPSG_SCICA,short_wave,short_wave,True,0.9878984,43.45037735180527
sp|P79901.1|OPSD_SARMI,sp|Q9YGZ6.1|OPSD_CHEAU,short_wave,short_wave,True,0.9961979,43.94405292201317
sp|P79901.1|OPSD_SARMI,sp|Q98980.1|OPSD_PETMA,short_wave,short_wave,True,0.99466246,45.47558067649916
sp|P79901.1|OPSD_SARMI,sp|P04000.2|OPSR_HUMAN,short_wave,long_wave,False,0.9858238,71.89349112426035
sp|P79901.1|OPSD_SARMI,sp|P04001.1|OPSG_HUMAN,short_wave,long_wave,False,0.98507714,70.10777683854607
sp|P79901.1|OPSD_SARMI,sp|O18913.2|OPSR_FELCA,short_wave,long_wave,False,0.9835617,67.36052409129331
sp|P79901.1|OPSD_SARMI,sp|O18912.2|OPSR_HORSE,short_wave,long_wave,False,0.984571,66.67371090448015
sp|P79901.1|OPSD_SARMI,sp|Q9BGI7.1|OPSR_BOVIN,short_wave,long_wave,False,0.9859269,66.81107354184277
sp|P79901.1|OPSD_SARMI,sp|Q95170.1|OPSR_CAPHI,short_wave,long_wave,False,0.9860442,66.67371090448015
sp|P79901.1|OPSD_SARMI,sp|O18914.2|OPSR_CANLF,short_wave,long_wave,False,0.98435104,66.5363482671175
sp|P79901.1|OPSD_SARMI,sp|O18910.2|OPSG_RABIT,short_wave,long_wave,False,0.9862356,65.71217244294168
sp|P79901.1|OPSD_SARMI,sp|P41592.1|OPSR_ANOCA,short_wave,long_wave,False,0.98451376,63.1364289773677
sp|P79901.1|OPSD_SARMI,sp|P22329.1|OPSR_CHICK,short_wave,long_wave,False,0.9855997,65.47558067649916
sp|P79901.1|OPSD_SARMI,sp|P87367.1|OPSR_ORYLA,short_wave,long_wave,False,0.98365253,62.28346326910715
sp|P79901.1|OPSD_SARMI,sp|P32313.1|OPSR_CARAU,short_wave,long_wave,False,0.9857377,61.447808673006875
sp|P79901.1|OPSD_SARMI,sp|O12948.1|OPSR_XENLA,short_wave,long_wave,False,0.98862916,61.300270785277306
sp|P79901.1|OPSD_SARMI,sp|Q9W6A7.1|OPSR1_DANRE,short_wave,long_wave,False,0.9840682,61.02998137495673
sp|P79901.1|OPSD_SARMI,sp|P22332.2|OPSR_PSAFA,short_wave,long_wave,False,0.9846957,60.33360254487317
sp|P79901.1|OPSD_SARMI,sp|Q8AYN0.1|OPSR2_DANRE,short_wave,long_wave,False,0.98405516,61.59937347720153
sp|P79901.1|OPSD_SARMI,sp|P35358.1|OPSG_GEKGE,short_wave,long_wave,False,0.98277414,60.02908434459934
sp|P79901.1|OPSD_SARMI,sp|P22331.1|OPSG2_PSAFA,short_wave,long_wave,False,0.98740953,60.128785241907416
sp|P79901.1|OPSD_SARMI,sp|P22330.1|OPSG1_PSAFA,short_wave,long_wave,False,0.9880813,59.246432300730945
sp|P79901.1|OPSD_SARMI,sp|O18911.1|OPSG_ODOVI,short_wave,long_wave,False,0.97003734,66.94843617920542
sp|P79901.1|OPSD_SARMI,sp|Q90215.1|OPSD2_ANGAN,short_wave,long_wave,False,0.996971,43.68836291913215
sp|P79901.1|OPSD_SARMI,sp|P79756.1|OPSD_GAMAF,short_wave,long_wave,False,0.99767375,43.30111575769144
sp|P79901.1|OPSD_SARMI,sp|O42490.1|OPSP_PETMA,short_wave,long_wave,False,0.9503269,42.006805571852425
sp|P79798.1|OPSD_MYRBE,sp|P79902.1|OPSD_SARPU,short_wave,short_wave,True,0.9978807,45.44118194335901
sp|P79798.1|OPSD_MYRBE,sp|P79808.1|OPSD_NEOAR,short_wave,short_wave,True,0.99881625,46.153467005776704
sp|P79798.1|OPSD_MYRBE,sp|P79809.1|OPSD_NEOAU,short_wave,short_wave,True,0.9982678,46.38364779874214
sp|P79798.1|OPSD_MYRBE,sp|P79903.1|OPSD_SARSP,short_wave,short_wave,True,0.9982343,45.59748427672956
sp|P79798.1|OPSD_MYRBE,sp|P51488.1|OPSD_CYPCA,short_wave,short_wave,True,0.9954928,46.476684901938896
sp|P79798.1|OPSD_MYRBE,sp|P79812.1|OPSD_NEOSA,short_wave,short_wave,True,0.99858636,46.31020681768892
sp|P79798.1|OPSD_MYRBE,sp|Q9YGY9.1|OPSD_ZOSOP,short_wave,short_wave,True,0.9983702,45.35034103995039
sp|P79798.1|OPSD_MYRBE,sp|Q9YGZ2.1|OPSD_GOBNI,short_wave,short_wave,True,0.9981477,45.49118611037294
sp|P79798.1|OPSD_MYRBE,sp|P41590.1|OPSD_PSAFA,short_wave,short_wave,True,0.997756,44.8309748427673
sp|P79798.1|OPSD_MYRBE,sp|P51475.1|OPSP_CHICK,short_wave,short_wave,True,0.9742467,46.218814721921376
sp|P79798.1|OPSD_MYRBE,sp|P32309.1|OPSD_CARAU,short_wave,short_wave,True,0.9959269,46.03289791969037
sp|P79798.1|OPSD_MYRBE,sp|Q9R024.1|OPSG_CAVPO,short_wave,short_wave,True,0.9900472,44.6625616691146
sp|P79798.1|OPSD_MYRBE,sp|P87369.1|OPSD_ORYLA,short_wave,short_wave,True,0.9975221,46.03289791969037
sp|P79798.1|OPSD_MYRBE,sp|P34989.1|OPSL_CALJA,short_wave,short_wave,True,0.99092734,44.38454627133872
sp|P79798.1|OPSD_MYRBE,sp|Q9YH05.1|OPSD_DIPAN,short_wave,short_wave,True,0.9977859,44.58921266511687
sp|P79798.1|OPSD_MYRBE,sp|Q9YGZ8.1|OPSD_CHELB,short_wave,short_wave,True,0.99829525,44.87574561640626
sp|P79798.1|OPSD_MYRBE,sp|Q9YGZ5.1|OPSD_SOLSO,short_wave,short_wave,True,0.99804467,45.65536134583478
sp|P79798.1|OPSD_MYRBE,sp|O35476.2|OPSG_RAT,short_wave,short_wave,True,0.99170256,45.47150279307786
sp|P79798.1|OPSD_MYRBE,sp|Q9DGG4.1|OPSD_TETNG,short_wave,short_wave,True,0.99823797,44.86608720231786
sp|P79798.1|OPSD_MYRBE,sp|Q9YGZ3.1|OPSD_SALPV,short_wave,short_wave,True,0.99819183,44.94477036097458
sp|P79798.1|OPSD_MYRBE,sp|P35359.2|OPSD_DANRE,short_wave,short_wave,True,0.9977263,45.61458511467062
sp|P79798.1|OPSD_MYRBE,sp|P79848.1|OPSD_POERE,short_wave,short_wave,True,0.9983776,46.03289791969037
sp|P79798.1|OPSD_MYRBE,sp|O35599.1|OPSG_MOUSE,short_wave,short_wave,True,0.9911464,45.47150279307786
sp|P79798.1|OPSD_MYRBE,sp|O35478.2|OPSG_SCICA,short_wave,short_wave,True,0.98980516,44.51286107031221
sp|P79798.1|OPSD_MYRBE,sp|Q9YGZ6.1|OPSD_CHEAU,short_wave,short_wave,True,0.9982548,45.00653664052011
sp|P79798.1|OPSD_MYRBE,sp|Q98980.1|OPSD_PETMA,short_wave,short_wave,True,0.9948661,46.5380643950061
sp|P79798.1|OPSD_MYRBE,sp|P04000.2|OPSR_HUMAN,short_wave,long_wave,False,0.9893573,72.95597484276729
sp|P79798.1|OPSD_MYRBE,sp|P04001.1|OPSG_HUMAN,short_wave,long_wave,False,0.98962563,71.17026055705301
sp|P79798.1|OPSD_MYRBE,sp|O18913.2|OPSR_FELCA,short_wave,long_wave,False,0.98711175,68.42300780980025
sp|P79798.1|OPSD_MYRBE,sp|O18912.2|OPSR_HORSE,short_wave,long_wave,False,0.988634,67.73619462298709
sp|P79798.1|OPSD_MYRBE,sp|Q9BGI7.1|OPSR_BOVIN,short_wave,long_wave,False,0.98918015,67.87355726034971
sp|P79798.1|OPSD_MYRBE,sp|Q95170.1|OPSR_CAPHI,short_wave,long_wave,False,0.98960364,67.73619462298709
sp|P79798.1|OPSD_MYRBE,sp|O18914.2|OPSR_CANLF,short_wave,long_wave,False,0.989016,67.59883198562444
sp|P79798.1|OPSD_MYRBE,sp|O18910.2|OPSG_RABIT,short_wave,long_wave,False,0.99087393,66.77465616144862
sp|P79798.1|OPSD_MYRBE,sp|P41592.1|OPSR_ANOCA,short_wave,long_wave,False,0.98741883,64.19891269587464
sp|P79798.1|OPSD_MYRBE,sp|P22329.1|OPSR_CHICK,short_wave,long_wave,False,0.99012697,66.5380643950061
sp|P79798.1|OPSD_MYRBE,sp|P87367.1|OPSR_ORYLA,short_wave,long_wave,False,0.98722833,63.34594698761409
sp|P79798.1|OPSD_MYRBE,sp|P32313.1|OPSR_CARAU,short_wave,long_wave,False,0.9861529,62.510292391513815
sp|P79798.1|OPSD_MYRBE,sp|O12948.1|OPSR_XENLA,short_wave,long_wave,False,0.98755234,62.362754503784245
sp|P79798.1|OPSD_MYRBE,sp|Q9W6A7.1|OPSR1_DANRE,short_wave,long_wave,False,0.9841144,62.09246509346367
sp|P79798.1|OPSD_MYRBE,sp|P22332.2|OPSR_PSAFA,short_wave,long_wave,False,0.9871483,61.39608626338011
sp|P79798.1|OPSD_MYRBE,sp|Q8AYN0.1|OPSR2_DANRE,short_wave,long_wave,False,0.98536485,62.66185719570847
sp|P79798.1|OPSD_MYRBE,sp|P35358.1|OPSG_GEKGE,short_wave,long_wave,False,0.98470217,61.09156806310628
sp|P79798.1|OPSD_MYRBE,sp|P22331.1|OPSG2_PSAFA,short_wave,long_wave,False,0.9857582,61.191268960414355
sp|P79798.1|OPSD_MYRBE,sp|P22330.1|OPSG1_PSAFA,short_wave,long_wave,False,0.98694855,60.308916019237884
sp|P79798.1|OPSD_MYRBE,sp|O18911.1|OPSG_ODOVI,short_wave,long_wave,False,0.97223055,68.01091989771236
sp|P79798.1|OPSD_MYRBE,sp|Q90215.1|OPSD2_ANGAN,short_wave,long_wave,False,0.99495745,44.75084663763909
sp|P79798.1|OPSD_MYRBE,sp|P79756.1|OPSD_GAMAF,short_wave,long_wave,False,0.9984736,44.36359947619838
sp|P79798.1|OPSD_MYRBE,sp|O42490.1|OPSP_PETMA,short_wave,long_wave,False,0.9593897,43.069289290359364
sp|P79902.1|OPSD_SARPU,sp|P79808.1|OPSD_NEOAR,short_wave,short_wave,True,0.9994712,45.68269926360112
sp|P79902.1|OPSD_SARPU,sp|P79809.1|OPSD_NEOAU,short_wave,short_wave,True,0.9993455,45.91288005656656
sp|P79902.1|OPSD_SARPU,sp|P79903.1|OPSD_SARSP,short_wave,short_wave,True,0.9993378,45.12671653455398
sp|P79902.1|OPSD_SARPU,sp|P51488.1|OPSD_CYPCA,short_wave,short_wave,True,0.9971346,46.005917159763314
sp|P79902.1|OPSD_SARPU,sp|P79812.1|OPSD_NEOSA,short_wave,short_wave,True,0.99902713,45.83943907551334
sp|P79902.1|OPSD_SARPU,sp|Q9YGY9.1|OPSD_ZOSOP,short_wave,short_wave,True,0.9979665,44.87957329777481
sp|P79902.1|OPSD_SARPU,sp|Q9YGZ2.1|OPSD_GOBNI,short_wave,short_wave,True,0.9979948,45.020418368197355
sp|P79902.1|OPSD_SARPU,sp|P41590.1|OPSD_PSAFA,short_wave,short_wave,True,0.99695385,44.360207100591715
sp|P79902.1|OPSD_SARPU,sp|P51475.1|OPSP_CHICK,short_wave,short_wave,True,0.9655661,45.748046979745794
sp|P79902.1|OPSD_SARPU,sp|P32309.1|OPSD_CARAU,short_wave,short_wave,True,0.99722004,45.56213017751479
sp|P79902.1|OPSD_SARPU,sp|Q9R024.1|OPSG_CAVPO,short_wave,short_wave,True,0.98576516,44.19179392693902
sp|P79902.1|OPSD_SARPU,sp|P87369.1|OPSD_ORYLA,short_wave,short_wave,True,0.99751735,45.56213017751479
sp|P79902.1|OPSD_SARPU,sp|P34989.1|OPSL_CALJA,short_wave,short_wave,True,0.9884651,43.91377852916314
sp|P79902.1|OPSD_SARPU,sp|Q9YH05.1|OPSD_DIPAN,short_wave,short_wave,True,0.9983897,44.118444922941286
sp|P79902.1|OPSD_SARPU,sp|Q9YGZ8.1|OPSD_CHELB,short_wave,short_wave,True,0.99633485,44.40497787423068
sp|P79902.1|OPSD_SARPU,sp|Q9YGZ5.1|OPSD_SOLSO,short_wave,short_wave,True,0.9980022,45.184593603659195
sp|P79902.1|OPSD_SARPU,sp|O35476.2|OPSG_RAT,short_wave,short_wave,True,0.9896335,45.00073505090228
sp|P79902.1|OPSD_SARPU,sp|Q9DGG4.1|OPSD_TETNG,short_wave,short_wave,True,0.9982617,44.395319460142275
sp|P79902.1|OPSD_SARPU,sp|Q9YGZ3.1|OPSD_SALPV,short_wave,short_wave,True,0.99769866,44.474002618799
sp|P79902.1|OPSD_SARPU,sp|P35359.2|OPSD_DANRE,short_wave,short_wave,True,0.99762815,45.143817372495036
sp|P79902.1|OPSD_SARPU,sp|P79848.1|OPSD_POERE,short_wave,short_wave,True,0.9983727,45.56213017751479
sp|P79902.1|OPSD_SARPU,sp|O35599.1|OPSG_MOUSE,short_wave,short_wave,True,0.98922825,45.00073505090228
sp|P79902.1|OPSD_SARPU,sp|O35478.2|OPSG_SCICA,short_wave,short_wave,True,0.9880533,44.04209332813663
sp|P79902.1|OPSD_SARPU,sp|Q9YGZ6.1|OPSD_CHEAU,short_wave,short_wave,True,0.9967657,44.53576889834453
sp|P79902.1|OPSD_SARPU,sp|Q98980.1|OPSD_PETMA,short_wave,short_wave,True,0.9959532,46.06729665283052
sp|P79902.1|OPSD_SARPU,sp|P04000.2|OPSR_HUMAN,short_wave,long_wave,False,0.9868245,72.48520710059171
sp|P79902.1|OPSD_SARPU,sp|P04001.1|OPSG_HUMAN,short_wave,long_wave,False,0.9864899,70.69949281487743
sp|P79902.1|OPSD_SARPU,sp|O18913.2|OPSR_FELCA,short_wave,long_wave,False,0.98400176,67.95224006762467
sp|P79902.1|OPSD_SARPU,sp|O18912.2|OPSR_HORSE,short_wave,long_wave,False,0.985422,67.2654268808115
sp|P79902.1|OPSD_SARPU,sp|Q9BGI7.1|OPSR_BOVIN,short_wave,long_wave,False,0.98657954,67.40278951817413
sp|P79902.1|OPSD_SARPU,sp|Q95170.1|OPSR_CAPHI,short_wave,long_wave,False,0.98669034,67.2654268808115
sp|P79902.1|OPSD_SARPU,sp|O18914.2|OPSR_CANLF,short_wave,long_wave,False,0.98505306,67.12806424344886
sp|P79902.1|OPSD_SARPU,sp|O18910.2|OPSG_RABIT,short_wave,long_wave,False,0.9874366,66.30388841927304
sp|P79902.1|OPSD_SARPU,sp|P41592.1|OPSR_ANOCA,short_wave,long_wave,False,0.98540115,63.72814495369906
sp|P79902.1|OPSD_SARPU,sp|P22329.1|OPSR_CHICK,short_wave,long_wave,False,0.986971,66.06729665283052
sp|P79902.1|OPSD_SARPU,sp|P87367.1|OPSR_ORYLA,short_wave,long_wave,False,0.9846833,62.87517924543851
sp|P79902.1|OPSD_SARPU,sp|P32313.1|OPSR_CARAU,short_wave,long_wave,False,0.9860362,62.03952464933823
sp|P79902.1|OPSD_SARPU,sp|O12948.1|OPSR_XENLA,short_wave,long_wave,False,0.9888421,61.89198676160866
sp|P79902.1|OPSD_SARPU,sp|Q9W6A7.1|OPSR1_DANRE,short_wave,long_wave,False,0.9837257,61.62169735128809
sp|P79902.1|OPSD_SARPU,sp|P22332.2|OPSR_PSAFA,short_wave,long_wave,False,0.9853169,60.92531852120453
sp|P79902.1|OPSD_SARPU,sp|Q8AYN0.1|OPSR2_DANRE,short_wave,long_wave,False,0.9840727,62.19108945353289
sp|P79902.1|OPSD_SARPU,sp|P35358.1|OPSG_GEKGE,short_wave,long_wave,False,0.98373663,60.6208003209307
sp|P79902.1|OPSD_SARPU,sp|P22331.1|OPSG2_PSAFA,short_wave,long_wave,False,0.9870856,60.72050121823877
sp|P79902.1|OPSD_SARPU,sp|P22330.1|OPSG1_PSAFA,short_wave,long_wave,False,0.9875579,59.8381482770623
sp|P79902.1|OPSD_SARPU,sp|O18911.1|OPSG_ODOVI,short_wave,long_wave,False,0.97044,67.54015215553677
sp|P79902.1|OPSD_SARPU,sp|Q90215.1|OPSD2_ANGAN,short_wave,long_wave,False,0.99666125,44.28007889546351
sp|P79902.1|OPSD_SARPU,sp|P79756.1|OPSD_GAMAF,short_wave,long_wave,False,0.997882,43.8928317340228
sp|P79902.1|OPSD_SARPU,sp|O42490.1|OPSP_PETMA,short_wave,long_wave,False,0.9506668,42.59852154818378
sp|P79808.1|OPSD_NEOAR,sp|P79809.1|OPSD_NEOAU,short_wave,short_wave,True,0.9993469,46.62516511898424
sp|P79808.1|OPSD_NEOAR,sp|P79903.1|OPSD_SARSP,short_wave,short_wave,True,0.99957186,45.83900159697167
sp|P79808.1|OPSD_NEOAR,sp|P51488.1|OPSD_CYPCA,short_wave,short_wave,True,0.9966495,46.718202222181006
sp|P79808.1|OPSD_NEOAR,sp|P79812.1|OPSD_NEOSA,short_wave,short_wave,True,0.9995514,46.55172413793103
sp|P79808.1|OPSD_NEOAR,sp|Q9YGY9.1|OPSD_ZOSOP,short_wave,short_wave,True,0.99822843,45.591858360192504
sp|P79808.1|OPSD_NEOAR,sp|Q9YGZ2.1|OPSD_GOBNI,short_wave,short_wave,True,0.9981632,45.73270343061504
sp|P79808.1|OPSD_NEOAR,sp|P41590.1|OPSD_PSAFA,short_wave,short_wave,True,0.99760854,45.0724921630094
sp|P79808.1|OPSD_NEOAR,sp|P51475.1|OPSP_CHICK,short_wave,short_wave,True,0.96919197,46.460332042163486
sp|P79808.1|OPSD_NEOAR,sp|P32309.1|OPSD_CARAU,short_wave,short_wave,True,0.9968704,46.27441523993248
sp|P79808.1|OPSD_NEOAR,sp|Q9R024.1|OPSG_CAVPO,short_wave,short_wave,True,0.98721546,44.904078989356705
sp|P79808.1|OPSD_NEOAR,sp|P87369.1|OPSD_ORYLA,short_wave,short_wave,True,0.9976903,46.27441523993248
sp|P79808.1|OPSD_NEOAR,sp|P34989.1|OPSL_CALJA,short_wave,short_wave,True,0.98916173,44.62606359158083
sp|P79808.1|OPSD_NEOAR,sp|Q9YH05.1|OPSD_DIPAN,short_wave,short_wave,True,0.9986102,44.83072998535897
sp|P79808.1|OPSD_NEOAR,sp|Q9YGZ8.1|OPSD_CHELB,short_wave,short_wave,True,0.99717563,45.11726293664837
sp|P79808.1|OPSD_NEOAR,sp|Q9YGZ5.1|OPSD_SOLSO,short_wave,short_wave,True,0.9985743,45.89687866607689
sp|P79808.1|OPSD_NEOAR,sp|O35476.2|OPSG_RAT,short_wave,short_wave,True,0.9906182,45.71302011331996
sp|P79808.1|OPSD_NEOAR,sp|Q9DGG4.1|OPSD_TETNG,short_wave,short_wave,True,0.9985229,45.10760452255997
sp|P79808.1|OPSD_NEOAR,sp|Q9YGZ3.1|OPSD_SALPV,short_wave,short_wave,True,0.9983902,45.18628768121668
sp|P79808.1|OPSD_NEOAR,sp|P35359.2|OPSD_DANRE,short_wave,short_wave,True,0.99791384,45.85610243491273
sp|P79808.1|OPSD_NEOAR,sp|P79848.1|OPSD_POERE,short_wave,short_wave,True,0.9989275,46.27441523993248
sp|P79808.1|OPSD_NEOAR,sp|O35599.1|OPSG_MOUSE,short_wave,short_wave,True,0.99009144,45.71302011331996
sp|P79808.1|OPSD_NEOAR,sp|O35478.2|OPSG_SCICA,short_wave,short_wave,True,0.9888516,44.754378390554315
sp|P79808.1|OPSD_NEOAR,sp|Q9YGZ6.1|OPSD_CHEAU,short_wave,short_wave,True,0.99752223,45.24805396076221
sp|P79808.1|OPSD_NEOAR,sp|Q98980.1|OPSD_PETMA,short_wave,short_wave,True,0.9959195,46.77958171524821
sp|P79808.1|OPSD_NEOAR,sp|P04000.2|OPSR_HUMAN,short_wave,long_wave,False,0.9878074,73.1974921630094
sp|P79808.1|OPSD_NEOAR,sp|P04001.1|OPSG_HUMAN,short_wave,long_wave,False,0.9875481,71.41177787729512
sp|P79808.1|OPSD_NEOAR,sp|O18913.2|OPSR_FELCA,short_wave,long_wave,False,0.98508286,68.66452513004236
sp|P79808.1|OPSD_NEOAR,sp|O18912.2|OPSR_HORSE,short_wave,long_wave,False,0.9864302,67.97771194322918
sp|P79808.1|OPSD_NEOAR,sp|Q9BGI7.1|OPSR_BOVIN,short_wave,long_wave,False,0.9875547,68.11507458059182
sp|P79808.1|OPSD_NEOAR,sp|Q95170.1|OPSR_CAPHI,short_wave,long_wave,False,0.9879078,67.97771194322918
sp|P79808.1|OPSD_NEOAR,sp|O18914.2|OPSR_CANLF,short_wave,long_wave,False,0.9866178,67.84034930586655
sp|P79808.1|OPSD_NEOAR,sp|O18910.2|OPSG_RABIT,short_wave,long_wave,False,0.9889147,67.01617348169073
sp|P79808.1|OPSD_NEOAR,sp|P41592.1|OPSR_ANOCA,short_wave,long_wave,False,0.9857614,64.44043001611675
sp|P79808.1|OPSD_NEOAR,sp|P22329.1|OPSR_CHICK,short_wave,long_wave,False,0.9878939,66.77958171524821
sp|P79808.1|OPSD_NEOAR,sp|P87367.1|OPSR_ORYLA,short_wave,long_wave,False,0.9848629,63.587464307856195
sp|P79808.1|OPSD_NEOAR,sp|P32313.1|OPSR_CARAU,short_wave,long_wave,False,0.98539793,62.751809711755925
sp|P79808.1|OPSD_NEOAR,sp|O12948.1|OPSR_XENLA,short_wave,long_wave,False,0.98815465,62.604271824026355
sp|P79808.1|OPSD_NEOAR,sp|Q9W6A7.1|OPSR1_DANRE,short_wave,long_wave,False,0.98335105,62.33398241370578
sp|P79808.1|OPSD_NEOAR,sp|P22332.2|OPSR_PSAFA,short_wave,long_wave,False,0.9852598,61.63760358362222
sp|P79808.1|OPSD_NEOAR,sp|Q8AYN0.1|OPSR2_DANRE,short_wave,long_wave,False,0.9838751,62.903374515950574
sp|P79808.1|OPSD_NEOAR,sp|P35358.1|OPSG_GEKGE,short_wave,long_wave,False,0.98335445,61.33308538334839
sp|P79808.1|OPSD_NEOAR,sp|P22331.1|OPSG2_PSAFA,short_wave,long_wave,False,0.9864245,61.43278628065646
sp|P79808.1|OPSD_NEOAR,sp|P22330.1|OPSG1_PSAFA,short_wave,long_wave,False,0.9872284,60.550433339479994
sp|P79808.1|OPSD_NEOAR,sp|O18911.1|OPSG_ODOVI,short_wave,long_wave,False,0.97022194,68.25243721795447
sp|P79808.1|OPSD_NEOAR,sp|Q90215.1|OPSD2_ANGAN,short_wave,long_wave,False,0.9965195,44.992363957881196
sp|P79808.1|OPSD_NEOAR,sp|P79756.1|OPSD_GAMAF,short_wave,long_wave,False,0.9985556,44.605116796440484
sp|P79808.1|OPSD_NEOAR,sp|O42490.1|OPSP_PETMA,short_wave,long_wave,False,0.9544164,43.310806610601475
sp|P79809.1|OPSD_NEOAU,sp|P79903.1|OPSD_SARSP,short_wave,short_wave,True,0.99939394,46.06918238993711
sp|P79809.1|OPSD_NEOAU,sp|P51488.1|OPSD_CYPCA,short_wave,short_wave,True,0.99616385,46.94838301514644
sp|P79809.1|OPSD_NEOAU,sp|P79812.1|OPSD_NEOSA,short_wave,short_wave,True,0.99870336,46.781904930896474
sp|P79809.1|OPSD_NEOAU,sp|Q9YGY9.1|OPSD_ZOSOP,short_wave,short_wave,True,0.99800307,45.822039153157945
sp|P79809.1|OPSD_NEOAU,sp|Q9YGZ2.1|OPSD_GOBNI,short_wave,short_wave,True,0.998028,45.962884223580474
sp|P79809.1|OPSD_NEOAU,sp|P41590.1|OPSD_PSAFA,short_wave,short_wave,True,0.99694675,45.30267295597484
sp|P79809.1|OPSD_NEOAU,sp|P51475.1|OPSP_CHICK,short_wave,short_wave,True,0.96910495,46.69051283512892
sp|P79809.1|OPSD_NEOAU,sp|P32309.1|OPSD_CARAU,short_wave,short_wave,True,0.996427,46.50459603289792
sp|P79809.1|OPSD_NEOAU,sp|Q9R024.1|OPSG_CAVPO,short_wave,short_wave,True,0.9863783,45.13425978232215
sp|P79809.1|OPSD_NEOAU,sp|P87369.1|OPSD_ORYLA,short_wave,short_wave,True,0.9969853,46.50459603289792
sp|P79809.1|OPSD_NEOAU,sp|P34989.1|OPSL_CALJA,short_wave,short_wave,True,0.98900867,44.85624438454627
sp|P79809.1|OPSD_NEOAU,sp|Q9YH05.1|OPSD_DIPAN,short_wave,short_wave,True,0.99788487,45.06091077832441
sp|P79809.1|OPSD_NEOAU,sp|Q9YGZ8.1|OPSD_CHELB,short_wave,short_wave,True,0.99636656,45.347443729613815
sp|P79809.1|OPSD_NEOAU,sp|Q9YGZ5.1|OPSD_SOLSO,short_wave,short_wave,True,0.99760103,46.12705945904233
sp|P79809.1|OPSD_NEOAU,sp|O35476.2|OPSG_RAT,short_wave,short_wave,True,0.99012625,45.9432009062854
sp|P79809.1|OPSD_NEOAU,sp|Q9DGG4.1|OPSD_TETNG,short_wave,short_wave,True,0.9976088,45.33778531552541
sp|P79809.1|OPSD_NEOAU,sp|Q9YGZ3.1|OPSD_SALPV,short_wave,short_wave,True,0.9976018,45.416468474182125
sp|P79809.1|OPSD_NEOAU,sp|P35359.2|OPSD_DANRE,short_wave,short_wave,True,0.997419,46.08628322787817
sp|P79809.1|OPSD_NEOAU,sp|P79848.1|OPSD_POERE,short_wave,short_wave,True,0.9982301,46.50459603289792
sp|P79809.1|OPSD_NEOAU,sp|O35599.1|OPSG_MOUSE,short_wave,short_wave,True,0.9896472,45.9432009062854
sp|P79809.1|OPSD_NEOAU,sp|O35478.2|OPSG_SCICA,short_wave,short_wave,True,0.98803246,44.98455918351975
sp|P79809.1|OPSD_NEOAU,sp|Q9YGZ6.1|OPSD_CHEAU,short_wave,short_wave,True,0.9965393,45.47823475372765
sp|P79809.1|OPSD_NEOAU,sp|Q98980.1|OPSD_PETMA,short_wave,short_wave,True,0.9962704,47.00976250821365
sp|P79809.1|OPSD_NEOAU,sp|P04000.2|OPSR_HUMAN,short_wave,long_wave,False,0.9868666,73.42767295597484
sp|P79809.1|OPSD_NEOAU,sp|P04001.1|OPSG_HUMAN,short_wave,long_wave,False,0.98687255,71.64195867026055
sp|P79809.1|OPSD_NEOAU,sp|O18913.2|OPSR_FELCA,short_wave,long_wave,False,0.983523,68.8947059230078
sp|P79809.1|OPSD_NEOAU,sp|O18912.2|OPSR_HORSE,short_wave,long_wave,False,0.98514247,68.20789273619462
sp|P79809.1|OPSD_NEOAU,sp|Q9BGI7.1|OPSR_BOVIN,short_wave,long_wave,False,0.9865877,68.34525537355725
sp|P79809.1|OPSD_NEOAU,sp|Q95170.1|OPSR_CAPHI,short_wave,long_wave,False,0.98693174,68.20789273619462
sp|P79809.1|OPSD_NEOAU,sp|O18914.2|OPSR_CANLF,short_wave,long_wave,False,0.98564833,68.070530098832
sp|P79809.1|OPSD_NEOAU,sp|O18910.2|OPSG_RABIT,short_wave,long_wave,False,0.98828536,67.24635427465617
sp|P79809.1|OPSD_NEOAU,sp|P41592.1|OPSR_ANOCA,short_wave,long_wave,False,0.98441476,64.67061080908218
sp|P79809.1|OPSD_NEOAU,sp|P22329.1|OPSR_CHICK,short_wave,long_wave,False,0.9869613,67.00976250821364
sp|P79809.1|OPSD_NEOAU,sp|P87367.1|OPSR_ORYLA,short_wave,long_wave,False,0.983701,63.817645100821636
sp|P79809.1|OPSD_NEOAU,sp|P32313.1|OPSR_CARAU,short_wave,long_wave,False,0.98420715,62.98199050472136
sp|P79809.1|OPSD_NEOAU,sp|O12948.1|OPSR_XENLA,short_wave,long_wave,False,0.9881955,62.83445261699179
sp|P79809.1|OPSD_NEOAU,sp|Q9W6A7.1|OPSR1_DANRE,short_wave,long_wave,False,0.9815585,62.56416320667122
sp|P79809.1|OPSD_NEOAU,sp|P22332.2|OPSR_PSAFA,short_wave,long_wave,False,0.98371905,61.86778437658766
sp|P79809.1|OPSD_NEOAU,sp|Q8AYN0.1|OPSR2_DANRE,short_wave,long_wave,False,0.98210657,63.133555308916016
sp|P79809.1|OPSD_NEOAU,sp|P35358.1|OPSG_GEKGE,short_wave,long_wave,False,0.9822896,61.563266176313824
sp|P79809.1|OPSD_NEOAU,sp|P22331.1|OPSG2_PSAFA,short_wave,long_wave,False,0.98596585,61.6629670736219
sp|P79809.1|OPSD_NEOAU,sp|P22330.1|OPSG1_PSAFA,short_wave,long_wave,False,0.9864089,60.78061413244543
sp|P79809.1|OPSD_NEOAU,sp|O18911.1|OPSG_ODOVI,short_wave,long_wave,False,0.96983373,68.48261801091991
sp|P79809.1|OPSD_NEOAU,sp|Q90215.1|OPSD2_ANGAN,short_wave,long_wave,False,0.99648714,45.22254475084664
sp|P79809.1|OPSD_NEOAU,sp|P79756.1|OPSD_GAMAF,short_wave,long_wave,False,0.99770224,44.835297589405926
sp|P79809.1|OPSD_NEOAU,sp|O42490.1|OPSP_PETMA,short_wave,long_wave,False,0.9511059,43.54098740356691
sp|P79903.1|OPSD_SARSP,sp|P51488.1|OPSD_CYPCA,short_wave,short_wave,True,0.99696624,46.16221949313386
sp|P79903.1|OPSD_SARSP,sp|P79812.1|OPSD_NEOSA,short_wave,short_wave,True,0.99905986,45.995741408883895
sp|P79903.1|OPSD_SARSP,sp|Q9YGY9.1|OPSD_ZOSOP,short_wave,short_wave,True,0.99798155,45.035875631145366
sp|P79903.1|OPSD_SARSP,sp|Q9YGZ2.1|OPSD_GOBNI,short_wave,short_wave,True,0.99801385,45.1767207015679
sp|P79903.1|OPSD_SARSP,sp|P41590.1|OPSD_PSAFA,short_wave,short_wave,True,0.9972973,44.51650943396227
sp|P79903.1|OPSD_SARSP,sp|P51475.1|OPSP_CHICK,short_wave,short_wave,True,0.9680918,45.90434931311634
sp|P79903.1|OPSD_SARSP,sp|P32309.1|OPSD_CARAU,short_wave,short_wave,True,0.9970566,45.71843251088534
sp|P79903.1|OPSD_SARSP,sp|Q9R024.1|OPSG_CAVPO,short_wave,short_wave,True,0.987211,44.348096260309575
sp|P79903.1|OPSD_SARSP,sp|P87369.1|OPSD_ORYLA,short_wave,short_wave,True,0.9971982,45.71843251088534
sp|P79903.1|OPSD_SARSP,sp|P34989.1|OPSL_CALJA,short_wave,short_wave,True,0.98957765,44.07008086253369
sp|P79903.1|OPSD_SARSP,sp|Q9YH05.1|OPSD_DIPAN,short_wave,short_wave,True,0.99852234,44.27474725631184
sp|P79903.1|OPSD_SARSP,sp|Q9YGZ8.1|OPSD_CHELB,short_wave,short_wave,True,0.9965094,44.561280207601236
sp|P79903.1|OPSD_SARSP,sp|Q9YGZ5.1|OPSD_SOLSO,short_wave,short_wave,True,0.99808687,45.34089593702975
sp|P79903.1|OPSD_SARSP,sp|O35476.2|OPSG_RAT,short_wave,short_wave,True,0.9909477,45.157037384272826
sp|P79903.1|OPSD_SARSP,sp|Q9DGG4.1|OPSD_TETNG,short_wave,short_wave,True,0.9982993,44.55162179351283
sp|P79903.1|OPSD_SARSP,sp|Q9YGZ3.1|OPSD_SALPV,short_wave,short_wave,True,0.9980272,44.63030495216955
sp|P79903.1|OPSD_SARSP,sp|P35359.2|OPSD_DANRE,short_wave,short_wave,True,0.9977784,45.30011970586559
sp|P79903.1|OPSD_SARSP,sp|P79848.1|OPSD_POERE,short_wave,short_wave,True,0.99857324,45.71843251088534
sp|P79903.1|OPSD_SARSP,sp|O35599.1|OPSG_MOUSE,short_wave,short_wave,True,0.9904488,45.157037384272826
sp|P79903.1|OPSD_SARSP,sp|O35478.2|OPSG_SCICA,short_wave,short_wave,True,0.98948586,44.19839566150718
sp|P79903.1|OPSD_SARSP,sp|Q9YGZ6.1|OPSD_CHEAU,short_wave,short_wave,True,0.996982,44.692071231715076
sp|P79903.1|OPSD_SARSP,sp|Q98980.1|OPSD_PETMA,short_wave,short_wave,True,0.9963008,46.22359898620107
sp|P79903.1|OPSD_SARSP,sp|P04000.2|OPSR_HUMAN,short_wave,long_wave,False,0.98789585,72.64150943396227
sp|P79903.1|OPSD_SARSP,sp|P04001.1|OPSG_HUMAN,short_wave,long_wave,False,0.9875829,70.85579514824798
sp|P79903.1|OPSD_SARSP,sp|O18913.2|OPSR_FELCA,short_wave,long_wave,False,0.98515505,68.10854240099523
sp|P79903.1|OPSD_SARSP,sp|O18912.2|OPSR_HORSE,short_wave,long_wave,False,0.9867325,67.42172921418205
sp|P79903.1|OPSD_SARSP,sp|Q9BGI7.1|OPSR_BOVIN,short_wave,long_wave,False,0.98779434,67.55909185154468
sp|P79903.1|OPSD_SARSP,sp|Q95170.1|OPSR_CAPHI,short_wave,long_wave,False,0.98809165,67.42172921418205
sp|P79903.1|OPSD_SARSP,sp|O18914.2|OPSR_CANLF,short_wave,long_wave,False,0.9866551,67.28436657681941
sp|P79903.1|OPSD_SARSP,sp|O18910.2|OPSG_RABIT,short_wave,long_wave,False,0.9888246,66.46019075264358
sp|P79903.1|OPSD_SARSP,sp|P41592.1|OPSR_ANOCA,short_wave,long_wave,False,0.98566353,63.884447287069605
sp|P79903.1|OPSD_SARSP,sp|P22329.1|OPSR_CHICK,short_wave,long_wave,False,0.98776925,66.22359898620107
sp|P79903.1|OPSD_SARSP,sp|P87367.1|OPSR_ORYLA,short_wave,long_wave,False,0.98529625,63.031481578809064
sp|P79903.1|OPSD_SARSP,sp|P32313.1|OPSR_CARAU,short_wave,long_wave,False,0.9858854,62.19582698270878
sp|P79903.1|OPSD_SARSP,sp|O12948.1|OPSR_XENLA,short_wave,long_wave,False,0.9885061,62.04828909497921
sp|P79903.1|OPSD_SARSP,sp|Q9W6A7.1|OPSR1_DANRE,short_wave,long_wave,False,0.9841798,61.77799968465864
sp|P79903.1|OPSD_SARSP,sp|P22332.2|OPSR_PSAFA,short_wave,long_wave,False,0.9856807,61.08162085457508
sp|P79903.1|OPSD_SARSP,sp|Q8AYN0.1|OPSR2_DANRE,short_wave,long_wave,False,0.98407745,62.347391786903444
sp|P79903.1|OPSD_SARSP,sp|P35358.1|OPSG_GEKGE,short_wave,long_wave,False,0.9831118,60.777102654301245
sp|P79903.1|OPSD_SARSP,sp|P22331.1|OPSG2_PSAFA,short_wave,long_wave,False,0.9873092,60.87680355160933
sp|P79903.1|OPSD_SARSP,sp|P22330.1|OPSG1_PSAFA,short_wave,long_wave,False,0.988003,59.99445061043285
sp|P79903.1|OPSD_SARSP,sp|O18911.1|OPSG_ODOVI,short_wave,long_wave,False,0.9705416,67.69645448890732
sp|P79903.1|OPSD_SARSP,sp|Q90215.1|OPSD2_ANGAN,short_wave,long_wave,False,0.99666935,44.436381228834065
sp|P79903.1|OPSD_SARSP,sp|P79756.1|OPSD_GAMAF,short_wave,long_wave,False,0.99807364,44.049134067393354
sp|P79903.1|OPSD_SARSP,sp|O42490.1|OPSP_PETMA,short_wave,long_wave,False,0.9531726,42.75482388155433
sp|P51488.1|OPSD_CYPCA,sp|P79812.1|OPSD_NEOSA,short_wave,short_wave,True,0.99720156,46.87494203409322
sp|P51488.1|OPSD_CYPCA,sp|Q9YGY9.1|OPSD_ZOSOP,short_wave,short_wave,True,0.9976498,45.915076256354695
sp|P51488.1|OPSD_CYPCA,sp|Q9YGZ2.1|OPSD_GOBNI,short_wave,short_wave,True,0.9976994,46.05592132677724
sp|P51488.1|OPSD_CYPCA,sp|P41590.1|OPSD_PSAFA,short_wave,short_wave,True,0.99749225,45.3957100591716
sp|P51488.1|OPSD_CYPCA,sp|P51475.1|OPSP_CHICK,short_wave,short_wave,True,0.96207845,46.78354993832568
sp|P51488.1|OPSD_CYPCA,sp|P32309.1|OPSD_CARAU,short_wave,short_wave,True,0.9994518,46.59763313609467
sp|P51488.1|OPSD_CYPCA,sp|Q9R024.1|OPSG_CAVPO,short_wave,short_wave,True,0.9854281,45.2272968855189
sp|P51488.1|OPSD_CYPCA,sp|P87369.1|OPSD_ORYLA,short_wave,short_wave,True,0.99776053,46.59763313609467
sp|P51488.1|OPSD_CYPCA,sp|P34989.1|OPSL_CALJA,short_wave,short_wave,True,0.98818624,44.94928148774302
sp|P51488.1|OPSD_CYPCA,sp|Q9YH05.1|OPSD_DIPAN,short_wave,short_wave,True,0.9975491,45.15394788152117
sp|P51488.1|OPSD_CYPCA,sp|Q9YGZ8.1|OPSD_CHELB,short_wave,short_wave,True,0.9960803,45.440480832810564
sp|P51488.1|OPSD_CYPCA,sp|Q9YGZ5.1|OPSD_SOLSO,short_wave,short_wave,True,0.997369,46.22009656223908
sp|P51488.1|OPSD_CYPCA,sp|O35476.2|OPSG_RAT,short_wave,short_wave,True,0.9900894,46.03623800948216
sp|P51488.1|OPSD_CYPCA,sp|Q9DGG4.1|OPSD_TETNG,short_wave,short_wave,True,0.99772966,45.43082241872216
sp|P51488.1|OPSD_CYPCA,sp|Q9YGZ3.1|OPSD_SALPV,short_wave,short_wave,True,0.99730796,45.50950557737888
sp|P51488.1|OPSD_CYPCA,sp|P35359.2|OPSD_DANRE,short_wave,short_wave,True,0.9984945,46.17932033107492
sp|P51488.1|OPSD_CYPCA,sp|P79848.1|OPSD_POERE,short_wave,short_wave,True,0.99814546,46.59763313609467
sp|P51488.1|OPSD_CYPCA,sp|O35599.1|OPSG_MOUSE,short_wave,short_wave,True,0.9898105,46.03623800948216
sp|P51488.1|OPSD_CYPCA,sp|O35478.2|OPSG_SCICA,short_wave,short_wave,True,0.98809695,45.07759628671651
sp|P51488.1|OPSD_CYPCA,sp|Q9YGZ6.1|OPSD_CHEAU,short_wave,short_wave,True,0.99649704,45.57127185692441
sp|P51488.1|OPSD_CYPCA,sp|Q98980.1|OPSD_PETMA,short_wave,short_wave,True,0.99448264,47.102799611410404
sp|P51488.1|OPSD_CYPCA,sp|P04000.2|OPSR_HUMAN,short_wave,long_wave,False,0.9861,73.52071005917159
sp|P51488.1|OPSD_CYPCA,sp|P04001.1|OPSG_HUMAN,short_wave,long_wave,False,0.98544985,71.73499577345731
sp|P51488.1|OPSD_CYPCA,sp|O18913.2|OPSR_FELCA,short_wave,long_wave,False,0.98302454,68.98774302620456
sp|P51488.1|OPSD_CYPCA,sp|O18912.2|OPSR_HORSE,short_wave,long_wave,False,0.98455226,68.30092983939139
sp|P51488.1|OPSD_CYPCA,sp|Q9BGI7.1|OPSR_BOVIN,short_wave,long_wave,False,0.9853339,68.43829247675401
sp|P51488.1|OPSD_CYPCA,sp|Q95170.1|OPSR_CAPHI,short_wave,long_wave,False,0.98535186,68.30092983939139
sp|P51488.1|OPSD_CYPCA,sp|O18914.2|OPSR_CANLF,short_wave,long_wave,False,0.9829271,68.16356720202874
sp|P51488.1|OPSD_CYPCA,sp|O18910.2|OPSG_RABIT,short_wave,long_wave,False,0.98631024,67.33939137785292
sp|P51488.1|OPSD_CYPCA,sp|P41592.1|OPSR_ANOCA,short_wave,long_wave,False,0.98627955,64.76364791227894
sp|P51488.1|OPSD_CYPCA,sp|P22329.1|OPSR_CHICK,short_wave,long_wave,False,0.9862128,67.1027996114104
sp|P51488.1|OPSD_CYPCA,sp|P87367.1|OPSR_ORYLA,short_wave,long_wave,False,0.9869083,63.91068220401839
sp|P51488.1|OPSD_CYPCA,sp|P32313.1|OPSR_CARAU,short_wave,long_wave,False,0.9879073,63.075027607918116
sp|P51488.1|OPSD_CYPCA,sp|O12948.1|OPSR_XENLA,short_wave,long_wave,False,0.98952705,62.92748972018855
sp|P51488.1|OPSD_CYPCA,sp|Q9W6A7.1|OPSR1_DANRE,short_wave,long_wave,False,0.98691124,62.657200309867974
sp|P51488.1|OPSD_CYPCA,sp|P22332.2|OPSR_PSAFA,short_wave,long_wave,False,0.9884983,61.960821479784414
sp|P51488.1|OPSD_CYPCA,sp|Q8AYN0.1|OPSR2_DANRE,short_wave,long_wave,False,0.9858715,63.22659241211277
sp|P51488.1|OPSD_CYPCA,sp|P35358.1|OPSG_GEKGE,short_wave,long_wave,False,0.98457754,61.65630327951058
sp|P51488.1|OPSD_CYPCA,sp|P22331.1|OPSG2_PSAFA,short_wave,long_wave,False,0.9888149,61.75600417681866
sp|P51488.1|OPSD_CYPCA,sp|P22330.1|OPSG1_PSAFA,short_wave,long_wave,False,0.9887179,60.873651235642185
sp|P51488.1|OPSD_CYPCA,sp|O18911.1|OPSG_ODOVI,short_wave,long_wave,False,0.96831894,68.57565511411666
sp|P51488.1|OPSD_CYPCA,sp|Q90215.1|OPSD2_ANGAN,short_wave,long_wave,False,0.99786586,45.315581854043394
sp|P51488.1|OPSD_CYPCA,sp|P79756.1|OPSD_GAMAF,short_wave,long_wave,False,0.99789715,44.92833469260268
sp|P51488.1|OPSD_CYPCA,sp|O42490.1|OPSP_PETMA,short_wave,long_wave,False,0.95074034,43.634024506763666
sp|P79812.1|OPSD_NEOSA,sp|Q9YGY9.1|OPSD_ZOSOP,short_wave,short_wave,True,0.9983062,45.74859817210473
sp|P79812.1|OPSD_NEOSA,sp|Q9YGZ2.1|OPSD_GOBNI,short_wave,short_wave,True,0.99814355,45.889443242527264
sp|P79812.1|OPSD_NEOSA,sp|P41590.1|OPSD_PSAFA,short_wave,short_wave,True,0.9981472,45.22923197492163
sp|P79812.1|OPSD_NEOSA,sp|P51475.1|OPSP_CHICK,short_wave,short_wave,True,0.9671714,46.617071854075704
sp|P79812.1|OPSD_NEOSA,sp|P32309.1|OPSD_CARAU,short_wave,short_wave,True,0.99727935,46.431155051844705
sp|P79812.1|OPSD_NEOSA,sp|Q9R024.1|OPSG_CAVPO,short_wave,short_wave,True,0.9868952,45.06081880126894
sp|P79812.1|OPSD_NEOSA,sp|P87369.1|OPSD_ORYLA,short_wave,short_wave,True,0.9981952,46.431155051844705
sp|P79812.1|OPSD_NEOSA,sp|P34989.1|OPSL_CALJA,short_wave,short_wave,True,0.9887681,44.782803403493055
sp|P79812.1|OPSD_NEOSA,sp|Q9YH05.1|OPSD_DIPAN,short_wave,short_wave,True,0.9982685,44.9874697972712
sp|P79812.1|OPSD_NEOSA,sp|Q9YGZ8.1|OPSD_CHELB,short_wave,short_wave,True,0.9972249,45.2740027485606
sp|P79812.1|OPSD_NEOSA,sp|Q9YGZ5.1|OPSD_SOLSO,short_wave,short_wave,True,0.9987823,46.05361847798911
sp|P79812.1|OPSD_NEOSA,sp|O35476.2|OPSG_RAT,short_wave,short_wave,True,0.99047494,45.86975992523219
sp|P79812.1|OPSD_NEOSA,sp|Q9DGG4.1|OPSD_TETNG,short_wave,short_wave,True,0.9984768,45.26434433447219
sp|P79812.1|OPSD_NEOSA,sp|Q9YGZ3.1|OPSD_SALPV,short_wave,short_wave,True,0.9983733,45.343027493128915
sp|P79812.1|OPSD_NEOSA,sp|P35359.2|OPSD_DANRE,short_wave,short_wave,True,0.99797505,46.01284224682495
sp|P79812.1|OPSD_NEOSA,sp|P79848.1|OPSD_POERE,short_wave,short_wave,True,0.9989415,46.431155051844705
sp|P79812.1|OPSD_NEOSA,sp|O35599.1|OPSG_MOUSE,short_wave,short_wave,True,0.98985964,45.86975992523219
sp|P79812.1|OPSD_NEOSA,sp|O35478.2|OPSG_SCICA,short_wave,short_wave,True,0.98888123,44.91111820246654
sp|P79812.1|OPSD_NEOSA,sp|Q9YGZ6.1|OPSD_CHEAU,short_wave,short_wave,True,0.9976679,45.40479377267444
sp|P79812.1|OPSD_NEOSA,sp|Q98980.1|OPSD_PETMA,short_wave,short_wave,True,0.9961985,46.93632152716043
sp|P79812.1|OPSD_NEOSA,sp|P04000.2|OPSR_HUMAN,short_wave,long_wave,False,0.98787755,73.35423197492163
sp|P79812.1|OPSD_NEOSA,sp|P04001.1|OPSG_HUMAN,short_wave,long_wave,False,0.98749053,71.56851768920734
sp|P79812.1|OPSD_NEOSA,sp|O18913.2|OPSR_FELCA,short_wave,long_wave,False,0.9851622,68.8212649419546
sp|P79812.1|OPSD_NEOSA,sp|O18912.2|OPSR_HORSE,short_wave,long_wave,False,0.9866215,68.13445175514141
sp|P79812.1|OPSD_NEOSA,sp|Q9BGI7.1|OPSR_BOVIN,short_wave,long_wave,False,0.98748934,68.27181439250404
sp|P79812.1|OPSD_NEOSA,sp|Q95170.1|OPSR_CAPHI,short_wave,long_wave,False,0.9878078,68.13445175514141
sp|P79812.1|OPSD_NEOSA,sp|O18914.2|OPSR_CANLF,short_wave,long_wave,False,0.9861293,67.99708911777877
sp|P79812.1|OPSD_NEOSA,sp|O18910.2|OPSG_RABIT,short_wave,long_wave,False,0.98872685,67.17291329360295
sp|P79812.1|OPSD_NEOSA,sp|P41592.1|OPSR_ANOCA,short_wave,long_wave,False,0.98674333,64.59716982802897
sp|P79812.1|OPSD_NEOSA,sp|P22329.1|OPSR_CHICK,short_wave,long_wave,False,0.9884714,66.93632152716043
sp|P79812.1|OPSD_NEOSA,sp|P87367.1|OPSR_ORYLA,short_wave,long_wave,False,0.98594004,63.744204119768426
sp|P79812.1|OPSD_NEOSA,sp|P32313.1|OPSR_CARAU,short_wave,long_wave,False,0.98688185,62.90854952366814
sp|P79812.1|OPSD_NEOSA,sp|O12948.1|OPSR_XENLA,short_wave,long_wave,False,0.9887948,62.76101163593857
sp|P79812.1|OPSD_NEOSA,sp|Q9W6A7.1|OPSR1_DANRE,short_wave,long_wave,False,0.984902,62.490722225618
sp|P79812.1|OPSD_NEOSA,sp|P22332.2|OPSR_PSAFA,short_wave,long_wave,False,0.98659194,61.79434339553444
sp|P79812.1|OPSD_NEOSA,sp|Q8AYN0.1|OPSR2_DANRE,short_wave,long_wave,False,0.9854081,63.060114327862806
sp|P79812.1|OPSD_NEOSA,sp|P35358.1|OPSG_GEKGE,short_wave,long_wave,False,0.9847503,61.48982519526061
sp|P79812.1|OPSD_NEOSA,sp|P22331.1|OPSG2_PSAFA,short_wave,long_wave,False,0.9873854,61.58952609256869
sp|P79812.1|OPSD_NEOSA,sp|P22330.1|OPSG1_PSAFA,short_wave,long_wave,False,0.98798186,60.70717315139221
sp|P79812.1|OPSD_NEOSA,sp|O18911.1|OPSG_ODOVI,short_wave,long_wave,False,0.9678438,68.40917702986668
sp|P79812.1|OPSD_NEOSA,sp|Q90215.1|OPSD2_ANGAN,short_wave,long_wave,False,0.9967364,45.14910376979343
sp|P79812.1|OPSD_NEOSA,sp|P79756.1|OPSD_GAMAF,short_wave,long_wave,False,0.9987784,44.761856608352716
sp|P79812.1|OPSD_NEOSA,sp|O42490.1|OPSP_PETMA,short_wave,long_wave,False,0.95526737,43.46754642251369
sp|Q9YGY9.1|OPSD_ZOSOP,sp|Q9YGZ2.1|OPSD_GOBNI,short_wave,short_wave,True,0.9998354,44.929577464788736
sp|Q9YGY9.1|OPSD_ZOSOP,sp|P41590.1|OPSD_PSAFA,short_wave,short_wave,True,0.99850684,44.2693661971831
sp|Q9YGY9.1|OPSD_ZOSOP,sp|P51475.1|OPSP_CHICK,short_wave,short_wave,True,0.97081745,45.657206076337175
sp|Q9YGY9.1|OPSD_ZOSOP,sp|P32309.1|OPSD_CARAU,short_wave,short_wave,True,0.9978609,45.47128927410618
sp|Q9YGY9.1|OPSD_ZOSOP,sp|Q9R024.1|OPSG_CAVPO,short_wave,short_wave,True,0.9875177,44.10095302353041
sp|Q9YGY9.1|OPSD_ZOSOP,sp|P87369.1|OPSD_ORYLA,short_wave,short_wave,True,0.99904525,45.47128927410618
sp|Q9YGY9.1|OPSD_ZOSOP,sp|P34989.1|OPSL_CALJA,short_wave,short_wave,True,0.98914886,43.82293762575453
sp|Q9YGY9.1|OPSD_ZOSOP,sp|Q9YH05.1|OPSD_DIPAN,short_wave,short_wave,True,0.9988094,44.027604019532674
sp|Q9YGY9.1|OPSD_ZOSOP,sp|Q9YGZ8.1|OPSD_CHELB,short_wave,short_wave,True,0.99913144,44.31413697082207
sp|Q9YGY9.1|OPSD_ZOSOP,sp|Q9YGZ5.1|OPSD_SOLSO,short_wave,short_wave,True,0.998438,45.09375270025058
sp|Q9YGY9.1|OPSD_ZOSOP,sp|O35476.2|OPSG_RAT,short_wave,short_wave,True,0.9898095,44.90989414749366
sp|Q9YGY9.1|OPSD_ZOSOP,sp|Q9DGG4.1|OPSD_TETNG,short_wave,short_wave,True,0.99903107,44.30447855673366
sp|Q9YGY9.1|OPSD_ZOSOP,sp|Q9YGZ3.1|OPSD_SALPV,short_wave,short_wave,True,0.999281,44.383161715390386
sp|Q9YGY9.1|OPSD_ZOSOP,sp|P35359.2|OPSD_DANRE,short_wave,short_wave,True,0.99911886,45.052976469086424
sp|Q9YGY9.1|OPSD_ZOSOP,sp|P79848.1|OPSD_POERE,short_wave,short_wave,True,0.9990157,45.47128927410618
sp|Q9YGY9.1|OPSD_ZOSOP,sp|O35599.1|OPSG_MOUSE,short_wave,short_wave,True,0.9891864,44.90989414749366
sp|Q9YGY9.1|OPSD_ZOSOP,sp|O35478.2|OPSG_SCICA,short_wave,short_wave,True,0.98761725,43.95125242472801
sp|Q9YGY9.1|OPSD_ZOSOP,sp|Q9YGZ6.1|OPSD_CHEAU,short_wave,short_wave,True,0.99923307,44.44492799493591
sp|Q9YGY9.1|OPSD_ZOSOP,sp|Q98980.1|OPSD_PETMA,short_wave,short_wave,True,0.99461234,45.9764557494219
sp|Q9YGY9.1|OPSD_ZOSOP,sp|P04000.2|OPSR_HUMAN,short_wave,long_wave,False,0.98650604,72.3943661971831
sp|Q9YGY9.1|OPSD_ZOSOP,sp|P04001.1|OPSG_HUMAN,short_wave,long_wave,False,0.9866639,70.60865191146881
sp|Q9YGY9.1|OPSD_ZOSOP,sp|O18913.2|OPSR_FELCA,short_wave,long_wave,False,0.9842792,67.86139916421607
sp|Q9YGY9.1|OPSD_ZOSOP,sp|O18912.2|OPSR_HORSE,short_wave,long_wave,False,0.985814,67.17458597740288
sp|Q9YGY9.1|OPSD_ZOSOP,sp|Q9BGI7.1|OPSR_BOVIN,short_wave,long_wave,False,0.98640853,67.31194861476551
sp|Q9YGY9.1|OPSD_ZOSOP,sp|Q95170.1|OPSR_CAPHI,short_wave,long_wave,False,0.98676443,67.17458597740288
sp|Q9YGY9.1|OPSD_ZOSOP,sp|O18914.2|OPSR_CANLF,short_wave,long_wave,False,0.9856625,67.03722334004024
sp|Q9YGY9.1|OPSD_ZOSOP,sp|O18910.2|OPSG_RABIT,short_wave,long_wave,False,0.98832124,66.21304751586442
sp|Q9YGY9.1|OPSD_ZOSOP,sp|P41592.1|OPSR_ANOCA,short_wave,long_wave,False,0.98629296,63.63730405029044
sp|Q9YGY9.1|OPSD_ZOSOP,sp|P22329.1|OPSR_CHICK,short_wave,long_wave,False,0.9882304,65.9764557494219
sp|Q9YGY9.1|OPSD_ZOSOP,sp|P87367.1|OPSR_ORYLA,short_wave,long_wave,False,0.98667216,62.7843383420299
sp|Q9YGY9.1|OPSD_ZOSOP,sp|P32313.1|OPSR_CARAU,short_wave,long_wave,False,0.98625904,61.948683745929614
sp|Q9YGY9.1|OPSD_ZOSOP,sp|O12948.1|OPSR_XENLA,short_wave,long_wave,False,0.98741543,61.801145858200044
sp|Q9YGY9.1|OPSD_ZOSOP,sp|Q9W6A7.1|OPSR1_DANRE,short_wave,long_wave,False,0.9843527,61.53085644787947
sp|Q9YGY9.1|OPSD_ZOSOP,sp|P22332.2|OPSR_PSAFA,short_wave,long_wave,False,0.98757994,60.83447761779591
sp|Q9YGY9.1|OPSD_ZOSOP,sp|Q8AYN0.1|OPSR2_DANRE,short_wave,long_wave,False,0.9852927,62.10024855012428
sp|Q9YGY9.1|OPSD_ZOSOP,sp|P35358.1|OPSG_GEKGE,short_wave,long_wave,False,0.98335683,60.52995941752208
sp|Q9YGY9.1|OPSD_ZOSOP,sp|P22331.1|OPSG2_PSAFA,short_wave,long_wave,False,0.9859595,60.62966031483016
sp|Q9YGY9.1|OPSD_ZOSOP,sp|P22330.1|OPSG1_PSAFA,short_wave,long_wave,False,0.9865843,59.74730737365368
sp|Q9YGY9.1|OPSD_ZOSOP,sp|O18911.1|OPSG_ODOVI,short_wave,long_wave,False,0.9716908,67.44931125212815
sp|Q9YGY9.1|OPSD_ZOSOP,sp|Q90215.1|OPSD2_ANGAN,short_wave,long_wave,False,0.99740183,44.1892379920549
sp|Q9YGY9.1|OPSD_ZOSOP,sp|P79756.1|OPSD_GAMAF,short_wave,long_wave,False,0.9992232,43.80199083061419
sp|Q9YGY9.1|OPSD_ZOSOP,sp|O42490.1|OPSP_PETMA,short_wave,long_wave,False,0.9536271,42.507680644775164
sp|Q9YGZ2.1|OPSD_GOBNI,sp|P41590.1|OPSD_PSAFA,short_wave,short_wave,True,0.99851924,44.41021126760563
sp|Q9YGZ2.1|OPSD_GOBNI,sp|P51475.1|OPSP_CHICK,short_wave,short_wave,True,0.9700152,45.79805114675972
sp|Q9YGZ2.1|OPSD_GOBNI,sp|P32309.1|OPSD_CARAU,short_wave,short_wave,True,0.9977747,45.61213434452871
sp|Q9YGZ2.1|OPSD_GOBNI,sp|Q9R024.1|OPSG_CAVPO,short_wave,short_wave,True,0.98690283,44.24179809395294
sp|Q9YGZ2.1|OPSD_GOBNI,sp|P87369.1|OPSD_ORYLA,short_wave,short_wave,True,0.99923414,45.61213434452871
sp|Q9YGZ2.1|OPSD_GOBNI,sp|P34989.1|OPSL_CALJA,short_wave,short_wave,True,0.98859787,43.96378269617706
sp|Q9YGZ2.1|OPSD_GOBNI,sp|Q9YH05.1|OPSD_DIPAN,short_wave,short_wave,True,0.99897814,44.1684490899552
sp|Q9YGZ2.1|OPSD_GOBNI,sp|Q9YGZ8.1|OPSD_CHELB,short_wave,short_wave,True,0.9989922,44.454982041244605
sp|Q9YGZ2.1|OPSD_GOBNI,sp|Q9YGZ5.1|OPSD_SOLSO,short_wave,short_wave,True,0.99855906,45.23459777067312
sp|Q9YGZ2.1|OPSD_GOBNI,sp|O35476.2|OPSG_RAT,short_wave,short_wave,True,0.98954946,45.050739217916195
sp|Q9YGZ2.1|OPSD_GOBNI,sp|Q9DGG4.1|OPSD_TETNG,short_wave,short_wave,True,0.9990984,44.4453236271562
sp|Q9YGZ2.1|OPSD_GOBNI,sp|Q9YGZ3.1|OPSD_SALPV,short_wave,short_wave,True,0.9994244,44.524006785812915
sp|Q9YGZ2.1|OPSD_GOBNI,sp|P35359.2|OPSD_DANRE,short_wave,short_wave,True,0.99909294,45.19382153950896
sp|Q9YGZ2.1|OPSD_GOBNI,sp|P79848.1|OPSD_POERE,short_wave,short_wave,True,0.99907774,45.61213434452871
sp|Q9YGZ2.1|OPSD_GOBNI,sp|O35599.1|OPSG_MOUSE,short_wave,short_wave,True,0.98885596,45.050739217916195
sp|Q9YGZ2.1|OPSD_GOBNI,sp|O35478.2|OPSG_SCICA,short_wave,short_wave,True,0.9871633,44.09209749515055
sp|Q9YGZ2.1|OPSD_GOBNI,sp|Q9YGZ6.1|OPSD_CHEAU,short_wave,short_wave,True,0.9991178,44.585773065358445
sp|Q9YGZ2.1|OPSD_GOBNI,sp|Q98980.1|OPSD_PETMA,short_wave,short_wave,True,0.9947314,46.117300819844445
sp|Q9YGZ2.1|OPSD_GOBNI,sp|P04000.2|OPSR_HUMAN,short_wave,long_wave,False,0.98562926,72.53521126760563
sp|Q9YGZ2.1|OPSD_GOBNI,sp|P04001.1|OPSG_HUMAN,short_wave,long_wave,False,0.9858606,70.74949698189135
sp|Q9YGZ2.1|OPSD_GOBNI,sp|O18913.2|OPSR_FELCA,short_wave,long_wave,False,0.9832941,68.0022442346386
sp|Q9YGZ2.1|OPSD_GOBNI,sp|O18912.2|OPSR_HORSE,short_wave,long_wave,False,0.9849829,67.31543104782541
sp|Q9YGZ2.1|OPSD_GOBNI,sp|Q9BGI7.1|OPSR_BOVIN,short_wave,long_wave,False,0.9856421,67.45279368518806
sp|Q9YGZ2.1|OPSD_GOBNI,sp|Q95170.1|OPSR_CAPHI,short_wave,long_wave,False,0.9859526,67.31543104782541
sp|Q9YGZ2.1|OPSD_GOBNI,sp|O18914.2|OPSR_CANLF,short_wave,long_wave,False,0.98491675,67.17806841046279
sp|Q9YGZ2.1|OPSD_GOBNI,sp|O18910.2|OPSG_RABIT,short_wave,long_wave,False,0.9874294,66.35389258628696
sp|Q9YGZ2.1|OPSD_GOBNI,sp|P41592.1|OPSR_ANOCA,short_wave,long_wave,False,0.985464,63.77814912071298
sp|Q9YGZ2.1|OPSD_GOBNI,sp|P22329.1|OPSR_CHICK,short_wave,long_wave,False,0.98723906,66.11730081984444
sp|Q9YGZ2.1|OPSD_GOBNI,sp|P87367.1|OPSR_ORYLA,short_wave,long_wave,False,0.98579895,62.92518341245243
sp|Q9YGZ2.1|OPSD_GOBNI,sp|P32313.1|OPSR_CARAU,short_wave,long_wave,False,0.9855519,62.08952881635216
sp|Q9YGZ2.1|OPSD_GOBNI,sp|O12948.1|OPSR_XENLA,short_wave,long_wave,False,0.98721105,61.94199092862259
sp|Q9YGZ2.1|OPSD_GOBNI,sp|Q9W6A7.1|OPSR1_DANRE,short_wave,long_wave,False,0.9836981,61.671701518302015
sp|Q9YGZ2.1|OPSD_GOBNI,sp|P22332.2|OPSR_PSAFA,short_wave,long_wave,False,0.9868092,60.975322688218455
sp|Q9YGZ2.1|OPSD_GOBNI,sp|Q8AYN0.1|OPSR2_DANRE,short_wave,long_wave,False,0.984637,62.241093620546806
sp|Q9YGZ2.1|OPSD_GOBNI,sp|P35358.1|OPSG_GEKGE,short_wave,long_wave,False,0.98259026,60.67080448794462
sp|Q9YGZ2.1|OPSD_GOBNI,sp|P22331.1|OPSG2_PSAFA,short_wave,long_wave,False,0.9854703,60.77050538525269
sp|Q9YGZ2.1|OPSD_GOBNI,sp|P22330.1|OPSG1_PSAFA,short_wave,long_wave,False,0.9862367,59.888152444076226
sp|Q9YGZ2.1|OPSD_GOBNI,sp|O18911.1|OPSG_ODOVI,short_wave,long_wave,False,0.9718523,67.5901563225507
sp|Q9YGZ2.1|OPSD_GOBNI,sp|Q90215.1|OPSD2_ANGAN,short_wave,long_wave,False,0.99738187,44.33008306247743
sp|Q9YGZ2.1|OPSD_GOBNI,sp|P79756.1|OPSD_GAMAF,short_wave,long_wave,False,0.9992393,43.942835901036716
sp|Q9YGZ2.1|OPSD_GOBNI,sp|O42490.1|OPSP_PETMA,short_wave,long_wave,False,0.9519032,42.64852571519771
sp|P41590.1|OPSD_PSAFA,sp|P51475.1|OPSP_CHICK,short_wave,short_wave,True,0.967763,45.13783987915408
sp|P41590.1|OPSD_PSAFA,sp|P32309.1|OPSD_CARAU,short_wave,short_wave,True,0.9976929,44.95192307692308
sp|P41590.1|OPSD_PSAFA,sp|Q9R024.1|OPSG_CAVPO,short_wave,short_wave,True,0.9862037,43.581586826347305
sp|P41590.1|OPSD_PSAFA,sp|P87369.1|OPSD_ORYLA,short_wave,short_wave,True,0.9986353,44.95192307692308
sp|P41590.1|OPSD_PSAFA,sp|P34989.1|OPSL_CALJA,short_wave,short_wave,True,0.9875368,43.30357142857143
sp|P41590.1|OPSD_PSAFA,sp|Q9YH05.1|OPSD_DIPAN,short_wave,short_wave,True,0.99758756,43.50823782234957
sp|P41590.1|OPSD_PSAFA,sp|Q9YGZ8.1|OPSD_CHELB,short_wave,short_wave,True,0.9977652,43.79477077363897
sp|P41590.1|OPSD_PSAFA,sp|Q9YGZ5.1|OPSD_SOLSO,short_wave,short_wave,True,0.99827147,44.57438650306749
sp|P41590.1|OPSD_PSAFA,sp|O35476.2|OPSG_RAT,short_wave,short_wave,True,0.98978776,44.390527950310556
sp|P41590.1|OPSD_PSAFA,sp|Q9DGG4.1|OPSD_TETNG,short_wave,short_wave,True,0.99787974,43.78511235955057
sp|P41590.1|OPSD_PSAFA,sp|Q9YGZ3.1|OPSD_SALPV,short_wave,short_wave,True,0.99839276,43.86379551820728
sp|P41590.1|OPSD_PSAFA,sp|P35359.2|OPSD_DANRE,short_wave,short_wave,True,0.9988238,44.53361027190333
sp|P41590.1|OPSD_PSAFA,sp|P79848.1|OPSD_POERE,short_wave,short_wave,True,0.9985383,44.95192307692308
sp|P41590.1|OPSD_PSAFA,sp|O35599.1|OPSG_MOUSE,short_wave,short_wave,True,0.9887528,44.390527950310556
sp|P41590.1|OPSD_PSAFA,sp|O35478.2|OPSG_SCICA,short_wave,short_wave,True,0.98704946,43.43188622754491
sp|P41590.1|OPSD_PSAFA,sp|Q9YGZ6.1|OPSD_CHEAU,short_wave,short_wave,True,0.9979533,43.925561797752806
sp|P41590.1|OPSD_PSAFA,sp|Q98980.1|OPSD_PETMA,short_wave,short_wave,True,0.9947286,45.457089552238806
sp|P41590.1|OPSD_PSAFA,sp|P04000.2|OPSR_HUMAN,short_wave,long_wave,False,0.98519367,71.875
sp|P41590.1|OPSD_PSAFA,sp|P04001.1|OPSG_HUMAN,short_wave,long_wave,False,0.9851234,70.08928571428572
sp|P41590.1|OPSD_PSAFA,sp|O18913.2|OPSR_FELCA,short_wave,long_wave,False,0.9821161,67.34203296703296
sp|P41590.1|OPSD_PSAFA,sp|O18912.2|OPSR_HORSE,short_wave,long_wave,False,0.98419034,66.65521978021978
sp|P41590.1|OPSD_PSAFA,sp|Q9BGI7.1|OPSR_BOVIN,short_wave,long_wave,False,0.9848284,66.79258241758242
sp|P41590.1|OPSD_PSAFA,sp|Q95170.1|OPSR_CAPHI,short_wave,long_wave,False,0.9852191,66.65521978021978
sp|P41590.1|OPSD_PSAFA,sp|O18914.2|OPSR_CANLF,short_wave,long_wave,False,0.983874,66.51785714285714
sp|P41590.1|OPSD_PSAFA,sp|O18910.2|OPSG_RABIT,short_wave,long_wave,False,0.98676574,65.69368131868131
sp|P41590.1|OPSD_PSAFA,sp|P41592.1|OPSR_ANOCA,short_wave,long_wave,False,0.9849253,63.11793785310734
sp|P41590.1|OPSD_PSAFA,sp|P22329.1|OPSR_CHICK,short_wave,long_wave,False,0.98624575,65.45708955223881
sp|P41590.1|OPSD_PSAFA,sp|P87367.1|OPSR_ORYLA,short_wave,long_wave,False,0.98540807,62.264972144846794
sp|P41590.1|OPSD_PSAFA,sp|P32313.1|OPSR_CARAU,short_wave,long_wave,False,0.98513037,61.42931754874652
sp|P41590.1|OPSD_PSAFA,sp|O12948.1|OPSR_XENLA,short_wave,long_wave,False,0.98731875,61.28177966101695
sp|P41590.1|OPSD_PSAFA,sp|Q9W6A7.1|OPSR1_DANRE,short_wave,long_wave,False,0.9834104,61.011490250696376
sp|P41590.1|OPSD_PSAFA,sp|P22332.2|OPSR_PSAFA,short_wave,long_wave,False,0.9861662,60.315111420612816
sp|P41590.1|OPSD_PSAFA,sp|Q8AYN0.1|OPSR2_DANRE,short_wave,long_wave,False,0.98402244,61.580882352941174
sp|P41590.1|OPSD_PSAFA,sp|P35358.1|OPSG_GEKGE,short_wave,long_wave,False,0.98279136,60.01059322033898
sp|P41590.1|OPSD_PSAFA,sp|P22331.1|OPSG2_PSAFA,short_wave,long_wave,False,0.9853054,60.11029411764706
sp|P41590.1|OPSD_PSAFA,sp|P22330.1|OPSG1_PSAFA,short_wave,long_wave,False,0.98622173,59.22794117647059
sp|P41590.1|OPSD_PSAFA,sp|O18911.1|OPSG_ODOVI,short_wave,long_wave,False,0.9681487,66.92994505494505
sp|P41590.1|OPSD_PSAFA,sp|Q90215.1|OPSD2_ANGAN,short_wave,long_wave,False,0.9973058,43.669871794871796
sp|P41590.1|OPSD_PSAFA,sp|P79756.1|OPSD_GAMAF,short_wave,long_wave,False,0.99890834,43.282624633431084
sp|P41590.1|OPSD_PSAFA,sp|O42490.1|OPSP_PETMA,short_wave,long_wave,False,0.9525548,41.98831444759207
sp|P51475.1|OPSP_CHICK,sp|P32309.1|OPSD_CARAU,short_wave,short_wave,True,0.96164304,46.33976295607715
sp|P51475.1|OPSP_CHICK,sp|Q9R024.1|OPSG_CAVPO,short_wave,short_wave,True,0.9803171,44.969426705501384
sp|P51475.1|OPSP_CHICK,sp|P87369.1|OPSD_ORYLA,short_wave,short_wave,True,0.96743464,46.33976295607715
sp|P51475.1|OPSP_CHICK,sp|P34989.1|OPSL_CALJA,short_wave,short_wave,True,0.97666705,44.6914113077255
sp|P51475.1|OPSP_CHICK,sp|Q9YH05.1|OPSD_DIPAN,short_wave,short_wave,True,0.9689952,44.89607770150365
sp|P51475.1|OPSP_CHICK,sp|Q9YGZ8.1|OPSD_CHELB,short_wave,short_wave,True,0.97419375,45.182610652793045
sp|P51475.1|OPSP_CHICK,sp|Q9YGZ5.1|OPSD_SOLSO,short_wave,short_wave,True,0.96636856,45.96222638222156
sp|P51475.1|OPSP_CHICK,sp|O35476.2|OPSG_RAT,short_wave,short_wave,True,0.9725582,45.77836782946464
sp|P51475.1|OPSP_CHICK,sp|Q9DGG4.1|OPSD_TETNG,short_wave,short_wave,True,0.9696834,45.17295223870464
sp|P51475.1|OPSP_CHICK,sp|Q9YGZ3.1|OPSD_SALPV,short_wave,short_wave,True,0.971412,45.25163539736136
sp|P51475.1|OPSP_CHICK,sp|P35359.2|OPSD_DANRE,short_wave,short_wave,True,0.96955407,45.9214501510574
sp|P51475.1|OPSP_CHICK,sp|P79848.1|OPSD_POERE,short_wave,short_wave,True,0.9678602,46.33976295607715
sp|P51475.1|OPSP_CHICK,sp|O35599.1|OPSG_MOUSE,short_wave,short_wave,True,0.9713407,45.77836782946464
sp|P51475.1|OPSP_CHICK,sp|O35478.2|OPSG_SCICA,short_wave,short_wave,True,0.97207,44.819726106698994
sp|P51475.1|OPSP_CHICK,sp|Q9YGZ6.1|OPSD_CHEAU,short_wave,short_wave,True,0.972686,45.31340167690689
sp|P51475.1|OPSP_CHICK,sp|Q98980.1|OPSD_PETMA,short_wave,short_wave,True,0.96647733,46.844929431392885
sp|P51475.1|OPSP_CHICK,sp|P04000.2|OPSR_HUMAN,short_wave,long_wave,False,0.9737887,73.26283987915409
sp|P51475.1|OPSP_CHICK,sp|P04001.1|OPSG_HUMAN,short_wave,long_wave,False,0.97680306,71.4771255934398
sp|P51475.1|OPSP_CHICK,sp|O18913.2|OPSR_FELCA,short_wave,long_wave,False,0.9734926,68.72987284618705
sp|P51475.1|OPSP_CHICK,sp|O18912.2|OPSR_HORSE,short_wave,long_wave,False,0.9755564,68.04305965937385
sp|P51475.1|OPSP_CHICK,sp|Q9BGI7.1|OPSR_BOVIN,short_wave,long_wave,False,0.9748254,68.1804222967365
sp|P51475.1|OPSP_CHICK,sp|Q95170.1|OPSR_CAPHI,short_wave,long_wave,False,0.97633886,68.04305965937385
sp|P51475.1|OPSP_CHICK,sp|O18914.2|OPSR_CANLF,short_wave,long_wave,False,0.9795543,67.90569702201122
sp|P51475.1|OPSP_CHICK,sp|O18910.2|OPSG_RABIT,short_wave,long_wave,False,0.9810925,67.0815211978354
sp|P51475.1|OPSP_CHICK,sp|P41592.1|OPSR_ANOCA,short_wave,long_wave,False,0.9643958,64.50577773226142
sp|P51475.1|OPSP_CHICK,sp|P22329.1|OPSR_CHICK,short_wave,long_wave,False,0.9730726,66.84492943139288
sp|P51475.1|OPSP_CHICK,sp|P87367.1|OPSR_ORYLA,short_wave,long_wave,False,0.96729314,63.65281202400087
sp|P51475.1|OPSP_CHICK,sp|P32313.1|OPSR_CARAU,short_wave,long_wave,False,0.9565095,62.8171574279006
sp|P51475.1|OPSP_CHICK,sp|O12948.1|OPSR_XENLA,short_wave,long_wave,False,0.9582851,62.66961954017103
sp|P51475.1|OPSP_CHICK,sp|Q9W6A7.1|OPSR1_DANRE,short_wave,long_wave,False,0.95386016,62.399330129850455
sp|P51475.1|OPSP_CHICK,sp|P22332.2|OPSR_PSAFA,short_wave,long_wave,False,0.9652093,61.702951299766895
sp|P51475.1|OPSP_CHICK,sp|Q8AYN0.1|OPSR2_DANRE,short_wave,long_wave,False,0.959286,62.96872223209525
sp|P51475.1|OPSP_CHICK,sp|P35358.1|OPSG_GEKGE,short_wave,long_wave,False,0.95536065,61.39843309949306
sp|P51475.1|OPSP_CHICK,sp|P22331.1|OPSG2_PSAFA,short_wave,long_wave,False,0.9540683,61.49813399680114
sp|P51475.1|OPSP_CHICK,sp|P22330.1|OPSG1_PSAFA,short_wave,long_wave,False,0.95629585,60.615781055624666
sp|P51475.1|OPSP_CHICK,sp|O18911.1|OPSG_ODOVI,short_wave,long_wave,False,0.9634788,68.31778493409914
sp|P51475.1|OPSP_CHICK,sp|Q90215.1|OPSD2_ANGAN,short_wave,long_wave,False,0.96373856,45.057711674025875
sp|P51475.1|OPSP_CHICK,sp|P79756.1|OPSD_GAMAF,short_wave,long_wave,False,0.9688836,44.67046451258516
sp|P51475.1|OPSP_CHICK,sp|O42490.1|OPSP_PETMA,short_wave,long_wave,False,0.96369684,43.376154326746146
sp|P32309.1|OPSD_CARAU,sp|Q9R024.1|OPSG_CAVPO,short_wave,short_wave,True,0.98561275,44.783509903270385
sp|P32309.1|OPSD_CARAU,sp|P87369.1|OPSD_ORYLA,short_wave,short_wave,True,0.99748427,46.15384615384615
sp|P32309.1|OPSD_CARAU,sp|P34989.1|OPSL_CALJA,short_wave,short_wave,True,0.98805755,44.505494505494504
sp|P32309.1|OPSD_CARAU,sp|Q9YH05.1|OPSD_DIPAN,short_wave,short_wave,True,0.9975313,44.71016089927265
sp|P32309.1|OPSD_CARAU,sp|Q9YGZ8.1|OPSD_CHELB,short_wave,short_wave,True,0.99636924,44.996693850562046
sp|P32309.1|OPSD_CARAU,sp|Q9YGZ5.1|OPSD_SOLSO,short_wave,short_wave,True,0.9974793,45.77630957999056
sp|P32309.1|OPSD_CARAU,sp|O35476.2|OPSG_RAT,short_wave,short_wave,True,0.98986673,45.592451027233636
sp|P32309.1|OPSD_CARAU,sp|Q9DGG4.1|OPSD_TETNG,short_wave,short_wave,True,0.9978583,44.98703543647364
sp|P32309.1|OPSD_CARAU,sp|Q9YGZ3.1|OPSD_SALPV,short_wave,short_wave,True,0.9971815,45.06571859513036
sp|P32309.1|OPSD_CARAU,sp|P35359.2|OPSD_DANRE,short_wave,short_wave,True,0.99881554,45.7355333488264
sp|P32309.1|OPSD_CARAU,sp|P79848.1|OPSD_POERE,short_wave,short_wave,True,0.9983213,46.15384615384615
sp|P32309.1|OPSD_CARAU,sp|O35599.1|OPSG_MOUSE,short_wave,short_wave,True,0.9895971,45.592451027233636
sp|P32309.1|OPSD_CARAU,sp|O35478.2|OPSG_SCICA,short_wave,short_wave,True,0.98780257,44.63380930446799
sp|P32309.1|OPSD_CARAU,sp|Q9YGZ6.1|OPSD_CHEAU,short_wave,short_wave,True,0.9966402,45.127484874675886
sp|P32309.1|OPSD_CARAU,sp|Q98980.1|OPSD_PETMA,short_wave,short_wave,True,0.99312913,46.65901262916188
sp|P32309.1|OPSD_CARAU,sp|P04000.2|OPSR_HUMAN,short_wave,long_wave,False,0.9858561,73.07692307692308
sp|P32309.1|OPSD_CARAU,sp|P04001.1|OPSG_HUMAN,short_wave,long_wave,False,0.98516333,71.29120879120879
sp|P32309.1|OPSD_CARAU,sp|O18913.2|OPSR_FELCA,short_wave,long_wave,False,0.9833063,68.54395604395604
sp|P32309.1|OPSD_CARAU,sp|O18912.2|OPSR_HORSE,short_wave,long_wave,False,0.98411465,67.85714285714286
sp|P32309.1|OPSD_CARAU,sp|Q9BGI7.1|OPSR_BOVIN,short_wave,long_wave,False,0.9851571,67.99450549450549
sp|P32309.1|OPSD_CARAU,sp|Q95170.1|OPSR_CAPHI,short_wave,long_wave,False,0.9852472,67.85714285714286
sp|P32309.1|OPSD_CARAU,sp|O18914.2|OPSR_CANLF,short_wave,long_wave,False,0.98327893,67.71978021978022
sp|P32309.1|OPSD_CARAU,sp|O18910.2|OPSG_RABIT,short_wave,long_wave,False,0.98636574,66.8956043956044
sp|P32309.1|OPSD_CARAU,sp|P41592.1|OPSR_ANOCA,short_wave,long_wave,False,0.9867685,64.31986093003042
sp|P32309.1|OPSD_CARAU,sp|P22329.1|OPSR_CHICK,short_wave,long_wave,False,0.9866595,66.65901262916188
sp|P32309.1|OPSD_CARAU,sp|P87367.1|OPSR_ORYLA,short_wave,long_wave,False,0.98690134,63.466895221769875
sp|P32309.1|OPSD_CARAU,sp|P32313.1|OPSR_CARAU,short_wave,long_wave,False,0.9877052,62.63124062566959
sp|P32309.1|OPSD_CARAU,sp|O12948.1|OPSR_XENLA,short_wave,long_wave,False,0.9899158,62.48370273794002
sp|P32309.1|OPSD_CARAU,sp|Q9W6A7.1|OPSR1_DANRE,short_wave,long_wave,False,0.9860888,62.21341332761945
sp|P32309.1|OPSD_CARAU,sp|P22332.2|OPSR_PSAFA,short_wave,long_wave,False,0.98798394,61.51703449753589
sp|P32309.1|OPSD_CARAU,sp|Q8AYN0.1|OPSR2_DANRE,short_wave,long_wave,False,0.9856813,62.782805429864254
sp|P32309.1|OPSD_CARAU,sp|P35358.1|OPSG_GEKGE,short_wave,long_wave,False,0.9850192,61.212516297262056
sp|P32309.1|OPSD_CARAU,sp|P22331.1|OPSG2_PSAFA,short_wave,long_wave,False,0.98912317,61.31221719457014
sp|P32309.1|OPSD_CARAU,sp|P22330.1|OPSG1_PSAFA,short_wave,long_wave,False,0.98903406,60.42986425339366
sp|P32309.1|OPSD_CARAU,sp|O18911.1|OPSG_ODOVI,short_wave,long_wave,False,0.96802723,68.13186813186813
sp|P32309.1|OPSD_CARAU,sp|Q90215.1|OPSD2_ANGAN,short_wave,long_wave,False,0.9980282,44.871794871794876
sp|P32309.1|OPSD_CARAU,sp|P79756.1|OPSD_GAMAF,short_wave,long_wave,False,0.9979274,44.484547710354164
sp|P32309.1|OPSD_CARAU,sp|O42490.1|OPSP_PETMA,short_wave,long_wave,False,0.95069766,43.19023752451514
sp|Q9R024.1|OPSG_CAVPO,sp|P87369.1|OPSD_ORYLA,short_wave,short_wave,True,0.98546606,44.783509903270385
sp|Q9R024.1|OPSG_CAVPO,sp|P34989.1|OPSL_CALJA,short_wave,short_wave,True,0.99815506,43.135158254918736
sp|Q9R024.1|OPSG_CAVPO,sp|Q9YH05.1|OPSD_DIPAN,short_wave,short_wave,True,0.9861369,43.339824648696876
sp|Q9R024.1|OPSG_CAVPO,sp|Q9YGZ8.1|OPSD_CHELB,short_wave,short_wave,True,0.9879371,43.62635759998628
sp|Q9R024.1|OPSG_CAVPO,sp|Q9YGZ5.1|OPSD_SOLSO,short_wave,short_wave,True,0.9864571,44.40597332941479
sp|Q9R024.1|OPSG_CAVPO,sp|O35476.2|OPSG_RAT,short_wave,short_wave,True,0.9974827,44.22211477665786
sp|Q9R024.1|OPSG_CAVPO,sp|Q9DGG4.1|OPSD_TETNG,short_wave,short_wave,True,0.98816615,43.61669918589787
sp|Q9R024.1|OPSG_CAVPO,sp|Q9YGZ3.1|OPSD_SALPV,short_wave,short_wave,True,0.9873246,43.69538234455459
sp|Q9R024.1|OPSG_CAVPO,sp|P35359.2|OPSD_DANRE,short_wave,short_wave,True,0.98698896,44.36519709825063
sp|Q9R024.1|OPSG_CAVPO,sp|P79848.1|OPSD_POERE,short_wave,short_wave,True,0.9872135,44.783509903270385
sp|Q9R024.1|OPSG_CAVPO,sp|O35599.1|OPSG_MOUSE,short_wave,short_wave,True,0.99720275,44.22211477665786
sp|Q9R024.1|OPSG_CAVPO,sp|O35478.2|OPSG_SCICA,short_wave,short_wave,True,0.9976303,43.26347305389221
sp|Q9R024.1|OPSG_CAVPO,sp|Q9YGZ6.1|OPSD_CHEAU,short_wave,short_wave,True,0.987096,43.75714862410011
sp|Q9R024.1|OPSG_CAVPO,sp|Q98980.1|OPSD_PETMA,short_wave,short_wave,True,0.9841145,45.28867637858611
sp|Q9R024.1|OPSG_CAVPO,sp|P04000.2|OPSR_HUMAN,short_wave,long_wave,False,0.99788654,71.7065868263473
sp|Q9R024.1|OPSG_CAVPO,sp|P04001.1|OPSG_HUMAN,short_wave,long_wave,False,0.9986112,69.92087254063301
sp|Q9R024.1|OPSG_CAVPO,sp|O18913.2|OPSR_FELCA,short_wave,long_wave,False,0.9969437,67.17361979338027
sp|Q9R024.1|OPSG_CAVPO,sp|O18912.2|OPSR_HORSE,short_wave,long_wave,False,0.99738556,66.48680660656709
sp|Q9R024.1|OPSG_CAVPO,sp|Q9BGI7.1|OPSR_BOVIN,short_wave,long_wave,False,0.9977113,66.62416924392971
sp|Q9R024.1|OPSG_CAVPO,sp|Q95170.1|OPSR_CAPHI,short_wave,long_wave,False,0.99786615,66.48680660656709
sp|Q9R024.1|OPSG_CAVPO,sp|O18914.2|OPSR_CANLF,short_wave,long_wave,False,0.9981667,66.34944396920446
sp|Q9R024.1|OPSG_CAVPO,sp|O18910.2|OPSG_RABIT,short_wave,long_wave,False,0.9984785,65.52526814502863
sp|Q9R024.1|OPSG_CAVPO,sp|P41592.1|OPSR_ANOCA,short_wave,long_wave,False,0.99447525,62.94952467945465
sp|Q9R024.1|OPSG_CAVPO,sp|P22329.1|OPSR_CHICK,short_wave,long_wave,False,0.9967591,65.2886763785861
sp|Q9R024.1|OPSG_CAVPO,sp|P87367.1|OPSR_ORYLA,short_wave,long_wave,False,0.99480426,62.0965589711941
sp|Q9R024.1|OPSG_CAVPO,sp|P32313.1|OPSR_CARAU,short_wave,long_wave,False,0.99074733,61.26090437509382
sp|Q9R024.1|OPSG_CAVPO,sp|O12948.1|OPSR_XENLA,short_wave,long_wave,False,0.9907687,61.11336648736425
sp|Q9R024.1|OPSG_CAVPO,sp|Q9W6A7.1|OPSR1_DANRE,short_wave,long_wave,False,0.98888016,60.84307707704368
sp|Q9R024.1|OPSG_CAVPO,sp|P22332.2|OPSR_PSAFA,short_wave,long_wave,False,0.99252766,60.14669824696012
sp|Q9R024.1|OPSG_CAVPO,sp|Q8AYN0.1|OPSR2_DANRE,short_wave,long_wave,False,0.99096996,61.41246917928848
sp|Q9R024.1|OPSG_CAVPO,sp|P35358.1|OPSG_GEKGE,short_wave,long_wave,False,0.99063414,59.84218004668629
sp|Q9R024.1|OPSG_CAVPO,sp|P22331.1|OPSG2_PSAFA,short_wave,long_wave,False,0.99033827,59.94188094399436
sp|Q9R024.1|OPSG_CAVPO,sp|P22330.1|OPSG1_PSAFA,short_wave,long_wave,False,0.99136865,59.05952800281789
sp|Q9R024.1|OPSG_CAVPO,sp|O18911.1|OPSG_ODOVI,short_wave,long_wave,False,0.97707385,66.76153188129237
sp|Q9R024.1|OPSG_CAVPO,sp|Q90215.1|OPSD2_ANGAN,short_wave,long_wave,False,0.98337376,43.5014586212191
sp|Q9R024.1|OPSG_CAVPO,sp|P79756.1|OPSD_GAMAF,short_wave,long_wave,False,0.9870844,43.11421145977839
sp|Q9R024.1|OPSG_CAVPO,sp|O42490.1|OPSP_PETMA,short_wave,long_wave,False,0.97152483,41.81990127393937
sp|P87369.1|OPSD_ORYLA,sp|P34989.1|OPSL_CALJA,short_wave,short_wave,True,0.98703676,44.505494505494504
sp|P87369.1|OPSD_ORYLA,sp|Q9YH05.1|OPSD_DIPAN,short_wave,short_wave,True,0.9984962,44.71016089927265
sp|P87369.1|OPSD_ORYLA,sp|Q9YGZ8.1|OPSD_CHELB,short_wave,short_wave,True,0.99866396,44.996693850562046
sp|P87369.1|OPSD_ORYLA,sp|Q9YGZ5.1|OPSD_SOLSO,short_wave,short_wave,True,0.9987503,45.77630957999056
sp|P87369.1|OPSD_ORYLA,sp|O35476.2|OPSG_RAT,short_wave,short_wave,True,0.9886627,45.592451027233636
sp|P87369.1|OPSD_ORYLA,sp|Q9DGG4.1|OPSD_TETNG,short_wave,short_wave,True,0.99878013,44.98703543647364
sp|P87369.1|OPSD_ORYLA,sp|Q9YGZ3.1|OPSD_SALPV,short_wave,short_wave,True,0.9991625,45.06571859513036
sp|P87369.1|OPSD_ORYLA,sp|P35359.2|OPSD_DANRE,short_wave,short_wave,True,0.9987274,45.7355333488264
sp|P87369.1|OPSD_ORYLA,sp|P79848.1|OPSD_POERE,short_wave,short_wave,True,0.9988541,46.15384615384615
sp|P87369.1|OPSD_ORYLA,sp|O35599.1|OPSG_MOUSE,short_wave,short_wave,True,0.9877167,45.592451027233636
sp|P87369.1|OPSD_ORYLA,sp|O35478.2|OPSG_SCICA,short_wave,short_wave,True,0.9861556,44.63380930446799
sp|P87369.1|OPSD_ORYLA,sp|Q9YGZ6.1|OPSD_CHEAU,short_wave,short_wave,True,0.9989388,45.127484874675886
sp|P87369.1|OPSD_ORYLA,sp|Q98980.1|OPSD_PETMA,short_wave,short_wave,True,0.9949202,46.65901262916188
sp|P87369.1|OPSD_ORYLA,sp|P04000.2|OPSR_HUMAN,short_wave,long_wave,False,0.9845628,73.07692307692308
sp|P87369.1|OPSD_ORYLA,sp|P04001.1|OPSG_HUMAN,short_wave,long_wave,False,0.98467326,71.29120879120879
sp|P87369.1|OPSD_ORYLA,sp|O18913.2|OPSR_FELCA,short_wave,long_wave,False,0.9818088,68.54395604395604
sp|P87369.1|OPSD_ORYLA,sp|O18912.2|OPSR_HORSE,short_wave,long_wave,False,0.9838579,67.85714285714286
sp|P87369.1|OPSD_ORYLA,sp|Q9BGI7.1|OPSR_BOVIN,short_wave,long_wave,False,0.98416215,67.99450549450549
sp|P87369.1|OPSD_ORYLA,sp|Q95170.1|OPSR_CAPHI,short_wave,long_wave,False,0.98437554,67.85714285714286
sp|P87369.1|OPSD_ORYLA,sp|O18914.2|OPSR_CANLF,short_wave,long_wave,False,0.9831885,67.71978021978022
sp|P87369.1|OPSD_ORYLA,sp|O18910.2|OPSG_RABIT,short_wave,long_wave,False,0.98576605,66.8956043956044
sp|P87369.1|OPSD_ORYLA,sp|P41592.1|OPSR_ANOCA,short_wave,long_wave,False,0.98525053,64.31986093003042
sp|P87369.1|OPSD_ORYLA,sp|P22329.1|OPSR_CHICK,short_wave,long_wave,False,0.9860059,66.65901262916188
sp|P87369.1|OPSD_ORYLA,sp|P87367.1|OPSR_ORYLA,short_wave,long_wave,False,0.98485833,63.466895221769875
sp|P87369.1|OPSD_ORYLA,sp|P32313.1|OPSR_CARAU,short_wave,long_wave,False,0.98530555,62.63124062566959
sp|P87369.1|OPSD_ORYLA,sp|O12948.1|OPSR_XENLA,short_wave,long_wave,False,0.9868895,62.48370273794002
sp|P87369.1|OPSD_ORYLA,sp|Q9W6A7.1|OPSR1_DANRE,short_wave,long_wave,False,0.9834951,62.21341332761945
sp|P87369.1|OPSD_ORYLA,sp|P22332.2|OPSR_PSAFA,short_wave,long_wave,False,0.986379,61.51703449753589
sp|P87369.1|OPSD_ORYLA,sp|Q8AYN0.1|OPSR2_DANRE,short_wave,long_wave,False,0.9846985,62.782805429864254
sp|P87369.1|OPSD_ORYLA,sp|P35358.1|OPSG_GEKGE,short_wave,long_wave,False,0.9827868,61.212516297262056
sp|P87369.1|OPSD_ORYLA,sp|P22331.1|OPSG2_PSAFA,short_wave,long_wave,False,0.9848995,61.31221719457014
sp|P87369.1|OPSD_ORYLA,sp|P22330.1|OPSG1_PSAFA,short_wave,long_wave,False,0.9858222,60.42986425339366
sp|P87369.1|OPSD_ORYLA,sp|O18911.1|OPSG_ODOVI,short_wave,long_wave,False,0.96945137,68.13186813186813
sp|P87369.1|OPSD_ORYLA,sp|Q90215.1|OPSD2_ANGAN,short_wave,long_wave,False,0.9970976,44.871794871794876
sp|P87369.1|OPSD_ORYLA,sp|P79756.1|OPSD_GAMAF,short_wave,long_wave,False,0.99928975,44.484547710354164
sp|P87369.1|OPSD_ORYLA,sp|O42490.1|OPSP_PETMA,short_wave,long_wave,False,0.95131224,43.19023752451514
sp|P34989.1|OPSL_CALJA,sp|Q9YH05.1|OPSD_DIPAN,short_wave,short_wave,True,0.9880928,43.061809250921
sp|P34989.1|OPSL_CALJA,sp|Q9YGZ8.1|OPSD_CHELB,short_wave,short_wave,True,0.9884641,43.3483422022104
sp|P34989.1|OPSL_CALJA,sp|Q9YGZ5.1|OPSD_SOLSO,short_wave,short_wave,True,0.9882586,44.12795793163891
sp|P34989.1|OPSL_CALJA,sp|O35476.2|OPSG_RAT,short_wave,short_wave,True,0.9981179,43.94409937888199
sp|P34989.1|OPSL_CALJA,sp|Q9DGG4.1|OPSD_TETNG,short_wave,short_wave,True,0.9898398,43.33868378812199
sp|P34989.1|OPSL_CALJA,sp|Q9YGZ3.1|OPSD_SALPV,short_wave,short_wave,True,0.9886467,43.417366946778714
sp|P34989.1|OPSL_CALJA,sp|P35359.2|OPSD_DANRE,short_wave,short_wave,True,0.9884808,44.08718170047475
sp|P34989.1|OPSL_CALJA,sp|P79848.1|OPSD_POERE,short_wave,short_wave,True,0.9890132,44.505494505494504
sp|P34989.1|OPSL_CALJA,sp|O35599.1|OPSG_MOUSE,short_wave,short_wave,True,0.99831134,43.94409937888199
sp|P34989.1|OPSL_CALJA,sp|O35478.2|OPSG_SCICA,short_wave,short_wave,True,0.99798,42.98545765611634
sp|P34989.1|OPSL_CALJA,sp|Q9YGZ6.1|OPSD_CHEAU,short_wave,short_wave,True,0.9878548,43.47913322632424
sp|P34989.1|OPSL_CALJA,sp|Q98980.1|OPSD_PETMA,short_wave,short_wave,True,0.9868867,45.01066098081023
sp|P34989.1|OPSL_CALJA,sp|P04000.2|OPSR_HUMAN,short_wave,long_wave,False,0.9981747,71.42857142857143
sp|P34989.1|OPSL_CALJA,sp|P04001.1|OPSG_HUMAN,short_wave,long_wave,False,0.99840266,69.64285714285714
sp|P34989.1|OPSL_CALJA,sp|O18913.2|OPSR_FELCA,short_wave,long_wave,False,0.99671316,66.8956043956044
sp|P34989.1|OPSL_CALJA,sp|O18912.2|OPSR_HORSE,short_wave,long_wave,False,0.99700147,66.20879120879121
sp|P34989.1|OPSL_CALJA,sp|Q9BGI7.1|OPSR_BOVIN,short_wave,long_wave,False,0.9977308,66.34615384615384
sp|P34989.1|OPSL_CALJA,sp|Q95170.1|OPSR_CAPHI,short_wave,long_wave,False,0.99773014,66.20879120879121
sp|P34989.1|OPSL_CALJA,sp|O18914.2|OPSR_CANLF,short_wave,long_wave,False,0.9972241,66.07142857142857
sp|P34989.1|OPSL_CALJA,sp|O18910.2|OPSG_RABIT,short_wave,long_wave,False,0.9975164,65.24725274725274
sp|P34989.1|OPSL_CALJA,sp|P41592.1|OPSR_ANOCA,short_wave,long_wave,False,0.99478155,62.671509281678766
sp|P34989.1|OPSL_CALJA,sp|P22329.1|OPSR_CHICK,short_wave,long_wave,False,0.9966708,65.01066098081023
sp|P34989.1|OPSL_CALJA,sp|P87367.1|OPSR_ORYLA,short_wave,long_wave,False,0.9958941,61.818543573418225
sp|P34989.1|OPSL_CALJA,sp|P32313.1|OPSR_CARAU,short_wave,long_wave,False,0.9932084,60.98288897731794
sp|P34989.1|OPSL_CALJA,sp|O12948.1|OPSR_XENLA,short_wave,long_wave,False,0.9935104,60.83535108958837
sp|P34989.1|OPSL_CALJA,sp|Q9W6A7.1|OPSR1_DANRE,short_wave,long_wave,False,0.9912759,60.5650616792678
sp|P34989.1|OPSL_CALJA,sp|P22332.2|OPSR_PSAFA,short_wave,long_wave,False,0.99413043,59.86868284918424
sp|P34989.1|OPSL_CALJA,sp|Q8AYN0.1|OPSR2_DANRE,short_wave,long_wave,False,0.9928313,61.134453781512605
sp|P34989.1|OPSL_CALJA,sp|P35358.1|OPSG_GEKGE,short_wave,long_wave,False,0.9923476,59.564164648910406
sp|P34989.1|OPSL_CALJA,sp|P22331.1|OPSG2_PSAFA,short_wave,long_wave,False,0.9935561,59.66386554621849
sp|P34989.1|OPSL_CALJA,sp|P22330.1|OPSG1_PSAFA,short_wave,long_wave,False,0.9938971,58.78151260504201
sp|P34989.1|OPSL_CALJA,sp|O18911.1|OPSG_ODOVI,short_wave,long_wave,False,0.979988,66.48351648351648
sp|P34989.1|OPSL_CALJA,sp|Q90215.1|OPSD2_ANGAN,short_wave,long_wave,False,0.9862244,43.223443223443226
sp|P34989.1|OPSL_CALJA,sp|P79756.1|OPSD_GAMAF,short_wave,long_wave,False,0.988443,42.836196062002514
sp|P34989.1|OPSL_CALJA,sp|O42490.1|OPSP_PETMA,short_wave,long_wave,False,0.9669897,41.54188587616349
sp|Q9YH05.1|OPSD_DIPAN,sp|Q9YGZ8.1|OPSD_CHELB,short_wave,short_wave,True,0.9979578,43.553008595988544
sp|Q9YH05.1|OPSD_DIPAN,sp|Q9YGZ5.1|OPSD_SOLSO,short_wave,short_wave,True,0.99872327,44.33262432541706
sp|Q9YH05.1|OPSD_DIPAN,sp|O35476.2|OPSG_RAT,short_wave,short_wave,True,0.98942345,44.14876577266013
sp|Q9YH05.1|OPSD_DIPAN,sp|Q9DGG4.1|OPSD_TETNG,short_wave,short_wave,True,0.9992586,43.54335018190014
sp|Q9YH05.1|OPSD_DIPAN,sp|Q9YGZ3.1|OPSD_SALPV,short_wave,short_wave,True,0.9991444,43.622033340556854
sp|Q9YH05.1|OPSD_DIPAN,sp|P35359.2|OPSD_DANRE,short_wave,short_wave,True,0.9986976,44.2918480942529
sp|Q9YH05.1|OPSD_DIPAN,sp|P79848.1|OPSD_POERE,short_wave,short_wave,True,0.9990607,44.71016089927265
sp|Q9YH05.1|OPSD_DIPAN,sp|O35599.1|OPSG_MOUSE,short_wave,short_wave,True,0.988898,44.14876577266013
sp|Q9YH05.1|OPSD_DIPAN,sp|O35478.2|OPSG_SCICA,short_wave,short_wave,True,0.98789644,43.19012404989448
sp|Q9YH05.1|OPSD_DIPAN,sp|Q9YGZ6.1|OPSD_CHEAU,short_wave,short_wave,True,0.99843794,43.68379962010238
sp|Q9YH05.1|OPSD_DIPAN,sp|Q98980.1|OPSD_PETMA,short_wave,short_wave,True,0.9949685,45.21532737458838
sp|Q9YH05.1|OPSD_DIPAN,sp|P04000.2|OPSR_HUMAN,short_wave,long_wave,False,0.9861133,71.63323782234957
sp|Q9YH05.1|OPSD_DIPAN,sp|P04001.1|OPSG_HUMAN,short_wave,long_wave,False,0.9857862,69.8475235366353
sp|Q9YH05.1|OPSD_DIPAN,sp|O18913.2|OPSR_FELCA,short_wave,long_wave,False,0.98418355,67.10027078938253
sp|Q9YH05.1|OPSD_DIPAN,sp|O18912.2|OPSR_HORSE,short_wave,long_wave,False,0.9858264,66.41345760256935
sp|Q9YH05.1|OPSD_DIPAN,sp|Q9BGI7.1|OPSR_BOVIN,short_wave,long_wave,False,0.98646975,66.550820239932
sp|Q9YH05.1|OPSD_DIPAN,sp|Q95170.1|OPSR_CAPHI,short_wave,long_wave,False,0.98673564,66.41345760256935
sp|Q9YH05.1|OPSD_DIPAN,sp|O18914.2|OPSR_CANLF,short_wave,long_wave,False,0.9854661,66.27609496520671
sp|Q9YH05.1|OPSD_DIPAN,sp|O18910.2|OPSG_RABIT,short_wave,long_wave,False,0.98723614,65.45191914103088
sp|Q9YH05.1|OPSD_DIPAN,sp|P41592.1|OPSR_ANOCA,short_wave,long_wave,False,0.9855063,62.87617567545691
sp|Q9YH05.1|OPSD_DIPAN,sp|P22329.1|OPSR_CHICK,short_wave,long_wave,False,0.98688346,65.21532737458838
sp|Q9YH05.1|OPSD_DIPAN,sp|P87367.1|OPSR_ORYLA,short_wave,long_wave,False,0.98515916,62.023209967196365
sp|Q9YH05.1|OPSD_DIPAN,sp|P32313.1|OPSR_CARAU,short_wave,long_wave,False,0.9857279,61.18755537109609
sp|Q9YH05.1|OPSD_DIPAN,sp|O12948.1|OPSR_XENLA,short_wave,long_wave,False,0.98713785,61.04001748336652
sp|Q9YH05.1|OPSD_DIPAN,sp|Q9W6A7.1|OPSR1_DANRE,short_wave,long_wave,False,0.9845658,60.76972807304595
sp|Q9YH05.1|OPSD_DIPAN,sp|P22332.2|OPSR_PSAFA,short_wave,long_wave,False,0.9865992,60.07334924296239
sp|Q9YH05.1|OPSD_DIPAN,sp|Q8AYN0.1|OPSR2_DANRE,short_wave,long_wave,False,0.98486054,61.339120175290745
sp|Q9YH05.1|OPSD_DIPAN,sp|P35358.1|OPSG_GEKGE,short_wave,long_wave,False,0.98224473,59.768831042688554
sp|Q9YH05.1|OPSD_DIPAN,sp|P22331.1|OPSG2_PSAFA,short_wave,long_wave,False,0.9861269,59.86853193999663
sp|Q9YH05.1|OPSD_DIPAN,sp|P22330.1|OPSG1_PSAFA,short_wave,long_wave,False,0.987275,58.98617899882016
sp|Q9YH05.1|OPSD_DIPAN,sp|O18911.1|OPSG_ODOVI,short_wave,long_wave,False,0.97151434,66.68818287729462
sp|Q9YH05.1|OPSD_DIPAN,sp|Q90215.1|OPSD2_ANGAN,short_wave,long_wave,False,0.9976956,43.42810961722137
sp|Q9YH05.1|OPSD_DIPAN,sp|P79756.1|OPSD_GAMAF,short_wave,long_wave,False,0.9989199,43.040862455780655
sp|Q9YH05.1|OPSD_DIPAN,sp|O42490.1|OPSP_PETMA,short_wave,long_wave,False,0.9544201,41.74655226994164
sp|Q9YGZ8.1|OPSD_CHELB,sp|Q9YGZ5.1|OPSD_SOLSO,short_wave,short_wave,True,0.99759495,44.61915727670645
sp|Q9YGZ8.1|OPSD_CHELB,sp|O35476.2|OPSG_RAT,short_wave,short_wave,True,0.9888418,44.43529872394953
sp|Q9YGZ8.1|OPSD_CHELB,sp|Q9DGG4.1|OPSD_TETNG,short_wave,short_wave,True,0.9984697,43.82988313318953
sp|Q9YGZ8.1|OPSD_CHELB,sp|Q9YGZ3.1|OPSD_SALPV,short_wave,short_wave,True,0.99879503,43.908566291846256
sp|Q9YGZ8.1|OPSD_CHELB,sp|P35359.2|OPSD_DANRE,short_wave,short_wave,True,0.9983012,44.578381045542294
sp|Q9YGZ8.1|OPSD_CHELB,sp|P79848.1|OPSD_POERE,short_wave,short_wave,True,0.9981432,44.996693850562046
sp|Q9YGZ8.1|OPSD_CHELB,sp|O35599.1|OPSG_MOUSE,short_wave,short_wave,True,0.98815864,44.43529872394953
sp|Q9YGZ8.1|OPSD_CHELB,sp|O35478.2|OPSG_SCICA,short_wave,short_wave,True,0.98637044,43.47665700118388
sp|Q9YGZ8.1|OPSD_CHELB,sp|Q9YGZ6.1|OPSD_CHEAU,short_wave,short_wave,True,0.99982643,43.97033257139178
sp|Q9YGZ8.1|OPSD_CHELB,sp|Q98980.1|OPSD_PETMA,short_wave,short_wave,True,0.992563,45.50186032587777
sp|Q9YGZ8.1|OPSD_CHELB,sp|P04000.2|OPSR_HUMAN,short_wave,long_wave,False,0.9857243,71.91977077363897
sp|Q9YGZ8.1|OPSD_CHELB,sp|P04001.1|OPSG_HUMAN,short_wave,long_wave,False,0.98631495,70.13405648792468
sp|Q9YGZ8.1|OPSD_CHELB,sp|O18913.2|OPSR_FELCA,short_wave,long_wave,False,0.9837411,67.38680374067194
sp|Q9YGZ8.1|OPSD_CHELB,sp|O18912.2|OPSR_HORSE,short_wave,long_wave,False,0.985362,66.69999055385875
sp|Q9YGZ8.1|OPSD_CHELB,sp|Q9BGI7.1|OPSR_BOVIN,short_wave,long_wave,False,0.9854168,66.83735319122138
sp|Q9YGZ8.1|OPSD_CHELB,sp|Q95170.1|OPSR_CAPHI,short_wave,long_wave,False,0.98589385,66.69999055385875
sp|Q9YGZ8.1|OPSD_CHELB,sp|O18914.2|OPSR_CANLF,short_wave,long_wave,False,0.9853716,66.56262791649611
sp|Q9YGZ8.1|OPSD_CHELB,sp|O18910.2|OPSG_RABIT,short_wave,long_wave,False,0.98811024,65.73845209232029
sp|Q9YGZ8.1|OPSD_CHELB,sp|P41592.1|OPSR_ANOCA,short_wave,long_wave,False,0.98539966,63.16270862674631
sp|Q9YGZ8.1|OPSD_CHELB,sp|P22329.1|OPSR_CHICK,short_wave,long_wave,False,0.98760366,65.50186032587777
sp|Q9YGZ8.1|OPSD_CHELB,sp|P87367.1|OPSR_ORYLA,short_wave,long_wave,False,0.9857896,62.30974291848577
sp|Q9YGZ8.1|OPSD_CHELB,sp|P32313.1|OPSR_CARAU,short_wave,long_wave,False,0.9840963,61.474088322385484
sp|Q9YGZ8.1|OPSD_CHELB,sp|O12948.1|OPSR_XENLA,short_wave,long_wave,False,0.9846171,61.326550434655914
sp|Q9YGZ8.1|OPSD_CHELB,sp|Q9W6A7.1|OPSR1_DANRE,short_wave,long_wave,False,0.98243666,61.05626102433534
sp|Q9YGZ8.1|OPSD_CHELB,sp|P22332.2|OPSR_PSAFA,short_wave,long_wave,False,0.98677945,60.35988219425178
sp|Q9YGZ8.1|OPSD_CHELB,sp|Q8AYN0.1|OPSR2_DANRE,short_wave,long_wave,False,0.9840356,61.62565312658015
sp|Q9YGZ8.1|OPSD_CHELB,sp|P35358.1|OPSG_GEKGE,short_wave,long_wave,False,0.98159415,60.05536399397795
sp|Q9YGZ8.1|OPSD_CHELB,sp|P22331.1|OPSG2_PSAFA,short_wave,long_wave,False,0.9828258,60.15506489128603
sp|Q9YGZ8.1|OPSD_CHELB,sp|P22330.1|OPSG1_PSAFA,short_wave,long_wave,False,0.98380506,59.27271195010955
sp|Q9YGZ8.1|OPSD_CHELB,sp|O18911.1|OPSG_ODOVI,short_wave,long_wave,False,0.9720154,66.97471582858402
sp|Q9YGZ8.1|OPSD_CHELB,sp|Q90215.1|OPSD2_ANGAN,short_wave,long_wave,False,0.9953082,43.71464256851077
sp|Q9YGZ8.1|OPSD_CHELB,sp|P79756.1|OPSD_GAMAF,short_wave,long_wave,False,0.9987688,43.32739540707006
sp|Q9YGZ8.1|OPSD_CHELB,sp|O42490.1|OPSP_PETMA,short_wave,long_wave,False,0.95498097,42.03308522123103
sp|Q9YGZ5.1|OPSD_SOLSO,sp|O35476.2|OPSG_RAT,short_wave,short_wave,True,0.99037623,45.21491445337804
sp|Q9YGZ5.1|OPSD_SOLSO,sp|Q9DGG4.1|OPSD_TETNG,short_wave,short_wave,True,0.9992253,44.60949886261805
sp|Q9YGZ5.1|OPSD_SOLSO,sp|Q9YGZ3.1|OPSD_SALPV,short_wave,short_wave,True,0.999072,44.68818202127477
sp|Q9YGZ5.1|OPSD_SOLSO,sp|P35359.2|OPSD_DANRE,short_wave,short_wave,True,0.99828523,45.35799677497081
sp|Q9YGZ5.1|OPSD_SOLSO,sp|P79848.1|OPSD_POERE,short_wave,short_wave,True,0.9994486,45.77630957999056
sp|Q9YGZ5.1|OPSD_SOLSO,sp|O35599.1|OPSG_MOUSE,short_wave,short_wave,True,0.98957473,45.21491445337804
sp|Q9YGZ5.1|OPSD_SOLSO,sp|O35478.2|OPSG_SCICA,short_wave,short_wave,True,0.98845494,44.256272730612395
sp|Q9YGZ5.1|OPSD_SOLSO,sp|Q9YGZ6.1|OPSD_CHEAU,short_wave,short_wave,True,0.99807477,44.74994830082029
sp|Q9YGZ5.1|OPSD_SOLSO,sp|Q98980.1|OPSD_PETMA,short_wave,short_wave,True,0.99545217,46.281476055306285
sp|Q9YGZ5.1|OPSD_SOLSO,sp|P04000.2|OPSR_HUMAN,short_wave,long_wave,False,0.98669714,72.69938650306749
sp|Q9YGZ5.1|OPSD_SOLSO,sp|P04001.1|OPSG_HUMAN,short_wave,long_wave,False,0.9862777,70.9136722173532
sp|Q9YGZ5.1|OPSD_SOLSO,sp|O18913.2|OPSR_FELCA,short_wave,long_wave,False,0.98446286,68.16641947010045
sp|Q9YGZ5.1|OPSD_SOLSO,sp|O18912.2|OPSR_HORSE,short_wave,long_wave,False,0.98577255,67.47960628328727
sp|Q9YGZ5.1|OPSD_SOLSO,sp|Q9BGI7.1|OPSR_BOVIN,short_wave,long_wave,False,0.9867375,67.6169689206499
sp|Q9YGZ5.1|OPSD_SOLSO,sp|Q95170.1|OPSR_CAPHI,short_wave,long_wave,False,0.98694766,67.47960628328727
sp|Q9YGZ5.1|OPSD_SOLSO,sp|O18914.2|OPSR_CANLF,short_wave,long_wave,False,0.9856787,67.34224364592463
sp|Q9YGZ5.1|OPSD_SOLSO,sp|O18910.2|OPSG_RABIT,short_wave,long_wave,False,0.9873131,66.5180678217488
sp|Q9YGZ5.1|OPSD_SOLSO,sp|P41592.1|OPSR_ANOCA,short_wave,long_wave,False,0.9864261,63.94232435617482
sp|Q9YGZ5.1|OPSD_SOLSO,sp|P22329.1|OPSR_CHICK,short_wave,long_wave,False,0.9874168,66.28147605530629
sp|Q9YGZ5.1|OPSD_SOLSO,sp|P87367.1|OPSR_ORYLA,short_wave,long_wave,False,0.9857927,63.08935864791428
sp|Q9YGZ5.1|OPSD_SOLSO,sp|P32313.1|OPSR_CARAU,short_wave,long_wave,False,0.9868567,62.253704051814
sp|Q9YGZ5.1|OPSD_SOLSO,sp|O12948.1|OPSR_XENLA,short_wave,long_wave,False,0.9887122,62.10616616408443
sp|Q9YGZ5.1|OPSD_SOLSO,sp|Q9W6A7.1|OPSR1_DANRE,short_wave,long_wave,False,0.98509604,61.835876753763856
sp|Q9YGZ5.1|OPSD_SOLSO,sp|P22332.2|OPSR_PSAFA,short_wave,long_wave,False,0.98660755,61.139497923680295
sp|Q9YGZ5.1|OPSD_SOLSO,sp|Q8AYN0.1|OPSR2_DANRE,short_wave,long_wave,False,0.9858182,62.40526885600866
sp|Q9YGZ5.1|OPSD_SOLSO,sp|P35358.1|OPSG_GEKGE,short_wave,long_wave,False,0.9844361,60.83497972340646
sp|Q9YGZ5.1|OPSD_SOLSO,sp|P22331.1|OPSG2_PSAFA,short_wave,long_wave,False,0.9870455,60.934680620714545
sp|Q9YGZ5.1|OPSD_SOLSO,sp|P22330.1|OPSG1_PSAFA,short_wave,long_wave,False,0.9883509,60.05232767953807
sp|Q9YGZ5.1|OPSD_SOLSO,sp|O18911.1|OPSG_ODOVI,short_wave,long_wave,False,0.9693495,67.75433155801254
sp|Q9YGZ5.1|OPSD_SOLSO,sp|Q90215.1|OPSD2_ANGAN,short_wave,long_wave,False,0.9970253,44.49425829793928
sp|Q9YGZ5.1|OPSD_SOLSO,sp|P79756.1|OPSD_GAMAF,short_wave,long_wave,False,0.9993312,44.10701113649857
sp|Q9YGZ5.1|OPSD_SOLSO,sp|O42490.1|OPSP_PETMA,short_wave,long_wave,False,0.9550906,42.81270095065955
sp|O35476.2|OPSG_RAT,sp|Q9DGG4.1|OPSD_TETNG,short_wave,short_wave,True,0.99082875,44.42564030986112
sp|O35476.2|OPSG_RAT,sp|Q9YGZ3.1|OPSD_SALPV,short_wave,short_wave,True,0.98991066,44.50432346851784
sp|O35476.2|OPSG_RAT,sp|P35359.2|OPSD_DANRE,short_wave,short_wave,True,0.9901329,45.174138222213884
sp|O35476.2|OPSG_RAT,sp|P79848.1|OPSD_POERE,short_wave,short_wave,True,0.9909344,45.592451027233636
sp|O35476.2|OPSG_RAT,sp|O35599.1|OPSG_MOUSE,short_wave,short_wave,True,0.99970704,45.03105590062112
sp|O35476.2|OPSG_RAT,sp|O35478.2|OPSG_SCICA,short_wave,short_wave,True,0.99868166,44.07241417785547
sp|O35476.2|OPSG_RAT,sp|Q9YGZ6.1|OPSD_CHEAU,short_wave,short_wave,True,0.9883453,44.56608974806337
sp|O35476.2|OPSG_RAT,sp|Q98980.1|OPSD_PETMA,short_wave,short_wave,True,0.98903704,46.09761750254937
sp|O35476.2|OPSG_RAT,sp|P04000.2|OPSR_HUMAN,short_wave,long_wave,False,0.99775666,72.51552795031056
sp|O35476.2|OPSG_RAT,sp|P04001.1|OPSG_HUMAN,short_wave,long_wave,False,0.9975671,70.72981366459628
sp|O35476.2|OPSG_RAT,sp|O18913.2|OPSR_FELCA,short_wave,long_wave,False,0.99487305,67.98256091734352
sp|O35476.2|OPSG_RAT,sp|O18912.2|OPSR_HORSE,short_wave,long_wave,False,0.9957535,67.29574773053034
sp|O35476.2|OPSG_RAT,sp|Q9BGI7.1|OPSR_BOVIN,short_wave,long_wave,False,0.9970859,67.43311036789298
sp|O35476.2|OPSG_RAT,sp|Q95170.1|OPSR_CAPHI,short_wave,long_wave,False,0.99717236,67.29574773053034
sp|O35476.2|OPSG_RAT,sp|O18914.2|OPSR_CANLF,short_wave,long_wave,False,0.99621385,67.15838509316771
sp|O35476.2|OPSG_RAT,sp|O18910.2|OPSG_RABIT,short_wave,long_wave,False,0.99721116,66.33420926899188
sp|O35476.2|OPSG_RAT,sp|P41592.1|OPSR_ANOCA,short_wave,long_wave,False,0.9943434,63.758465803417906
sp|O35476.2|OPSG_RAT,sp|P22329.1|OPSR_CHICK,short_wave,long_wave,False,0.9949297,66.09761750254937
sp|O35476.2|OPSG_RAT,sp|P87367.1|OPSR_ORYLA,short_wave,long_wave,False,0.9937277,62.90550009515735
sp|O35476.2|OPSG_RAT,sp|P32313.1|OPSR_CARAU,short_wave,long_wave,False,0.9922377,62.06984549905708
sp|O35476.2|OPSG_RAT,sp|O12948.1|OPSR_XENLA,short_wave,long_wave,False,0.9949848,61.92230761132751
sp|O35476.2|OPSG_RAT,sp|Q9W6A7.1|OPSR1_DANRE,short_wave,long_wave,False,0.9905032,61.65201820100694
sp|O35476.2|OPSG_RAT,sp|P22332.2|OPSR_PSAFA,short_wave,long_wave,False,0.99199134,60.95563937092338
sp|O35476.2|OPSG_RAT,sp|Q8AYN0.1|OPSR2_DANRE,short_wave,long_wave,False,0.9911847,62.22141030325173
sp|O35476.2|OPSG_RAT,sp|P35358.1|OPSG_GEKGE,short_wave,long_wave,False,0.99246615,60.651121170649546
sp|O35476.2|OPSG_RAT,sp|P22331.1|OPSG2_PSAFA,short_wave,long_wave,False,0.99404776,60.750822067957614
sp|O35476.2|OPSG_RAT,sp|P22330.1|OPSG1_PSAFA,short_wave,long_wave,False,0.9946115,59.86846912678115
sp|O35476.2|OPSG_RAT,sp|O18911.1|OPSG_ODOVI,short_wave,long_wave,False,0.97470766,67.57047300525562
sp|O35476.2|OPSG_RAT,sp|Q90215.1|OPSD2_ANGAN,short_wave,long_wave,False,0.9885387,44.31039974518235
sp|O35476.2|OPSG_RAT,sp|P79756.1|OPSD_GAMAF,short_wave,long_wave,False,0.99024034,43.92315258374164
sp|O35476.2|OPSG_RAT,sp|O42490.1|OPSP_PETMA,short_wave,long_wave,False,0.96743226,42.62884239790263
sp|Q9DGG4.1|OPSD_TETNG,sp|Q9YGZ3.1|OPSD_SALPV,short_wave,short_wave,True,0.9993568,43.89890787775785
sp|Q9DGG4.1|OPSD_TETNG,sp|P35359.2|OPSD_DANRE,short_wave,short_wave,True,0.99877185,44.56872263145389
sp|Q9DGG4.1|OPSD_TETNG,sp|P79848.1|OPSD_POERE,short_wave,short_wave,True,0.9991481,44.98703543647364
sp|Q9DGG4.1|OPSD_TETNG,sp|O35599.1|OPSG_MOUSE,short_wave,short_wave,True,0.9902713,44.42564030986112
sp|Q9DGG4.1|OPSD_TETNG,sp|O35478.2|OPSG_SCICA,short_wave,short_wave,True,0.9893314,43.466998587095475
sp|Q9DGG4.1|OPSD_TETNG,sp|Q9YGZ6.1|OPSD_CHEAU,short_wave,short_wave,True,0.99889135,43.96067415730337
sp|Q9DGG4.1|OPSD_TETNG,sp|Q98980.1|OPSD_PETMA,short_wave,short_wave,True,0.9947808,45.492201911789365
sp|Q9DGG4.1|OPSD_TETNG,sp|P04000.2|OPSR_HUMAN,short_wave,long_wave,False,0.9878113,71.91011235955057
sp|Q9DGG4.1|OPSD_TETNG,sp|P04001.1|OPSG_HUMAN,short_wave,long_wave,False,0.98765314,70.12439807383628
sp|Q9DGG4.1|OPSD_TETNG,sp|O18913.2|OPSR_FELCA,short_wave,long_wave,False,0.9863111,67.37714532658353
sp|Q9DGG4.1|OPSD_TETNG,sp|O18912.2|OPSR_HORSE,short_wave,long_wave,False,0.9874422,66.69033213977035
sp|Q9DGG4.1|OPSD_TETNG,sp|Q9BGI7.1|OPSR_BOVIN,short_wave,long_wave,False,0.9880809,66.82769477713298
sp|Q9DGG4.1|OPSD_TETNG,sp|Q95170.1|OPSR_CAPHI,short_wave,long_wave,False,0.98825026,66.69033213977035
sp|Q9DGG4.1|OPSD_TETNG,sp|O18914.2|OPSR_CANLF,short_wave,long_wave,False,0.98719496,66.5529695024077
sp|Q9DGG4.1|OPSD_TETNG,sp|O18910.2|OPSG_RABIT,short_wave,long_wave,False,0.98882186,65.72879367823188
sp|Q9DGG4.1|OPSD_TETNG,sp|P41592.1|OPSR_ANOCA,short_wave,long_wave,False,0.98736644,63.1530502126579
sp|Q9DGG4.1|OPSD_TETNG,sp|P22329.1|OPSR_CHICK,short_wave,long_wave,False,0.98870105,65.49220191178937
sp|Q9DGG4.1|OPSD_TETNG,sp|P87367.1|OPSR_ORYLA,short_wave,long_wave,False,0.9875856,62.30008450439736
sp|Q9DGG4.1|OPSD_TETNG,sp|P32313.1|OPSR_CARAU,short_wave,long_wave,False,0.98771477,61.46442990829708
sp|Q9DGG4.1|OPSD_TETNG,sp|O12948.1|OPSR_XENLA,short_wave,long_wave,False,0.9886105,61.31689202056751
sp|Q9DGG4.1|OPSD_TETNG,sp|Q9W6A7.1|OPSR1_DANRE,short_wave,long_wave,False,0.9861905,61.046602610246936
sp|Q9DGG4.1|OPSD_TETNG,sp|P22332.2|OPSR_PSAFA,short_wave,long_wave,False,0.9885698,60.350223780163375
sp|Q9DGG4.1|OPSD_TETNG,sp|Q8AYN0.1|OPSR2_DANRE,short_wave,long_wave,False,0.987089,61.61599471249174
sp|Q9DGG4.1|OPSD_TETNG,sp|P35358.1|OPSG_GEKGE,short_wave,long_wave,False,0.9845525,60.04570557988954
sp|Q9DGG4.1|OPSD_TETNG,sp|P22331.1|OPSG2_PSAFA,short_wave,long_wave,False,0.9875137,60.145406477197625
sp|Q9DGG4.1|OPSD_TETNG,sp|P22330.1|OPSG1_PSAFA,short_wave,long_wave,False,0.9886317,59.26305353602115
sp|Q9DGG4.1|OPSD_TETNG,sp|O18911.1|OPSG_ODOVI,short_wave,long_wave,False,0.97330713,66.96505741449562
sp|Q9DGG4.1|OPSD_TETNG,sp|Q90215.1|OPSD2_ANGAN,short_wave,long_wave,False,0.9970412,43.70498415442236
sp|Q9DGG4.1|OPSD_TETNG,sp|P79756.1|OPSD_GAMAF,short_wave,long_wave,False,0.9990594,43.31773699298165
sp|Q9DGG4.1|OPSD_TETNG,sp|O42490.1|OPSP_PETMA,short_wave,long_wave,False,0.9560772,42.02342680714263
sp|Q9YGZ3.1|OPSD_SALPV,sp|P35359.2|OPSD_DANRE,short_wave,short_wave,True,0.9987773,44.64740579011061
sp|Q9YGZ3.1|OPSD_SALPV,sp|P79848.1|OPSD_POERE,short_wave,short_wave,True,0.9992139,45.06571859513036
sp|Q9YGZ3.1|OPSD_SALPV,sp|O35599.1|OPSG_MOUSE,short_wave,short_wave,True,0.9890092,44.50432346851784
sp|Q9YGZ3.1|OPSD_SALPV,sp|O35478.2|OPSG_SCICA,short_wave,short_wave,True,0.9880612,43.54568174575219
sp|Q9YGZ3.1|OPSD_SALPV,sp|Q9YGZ6.1|OPSD_CHEAU,short_wave,short_wave,True,0.9991703,44.03935731596009
sp|Q9YGZ3.1|OPSD_SALPV,sp|Q98980.1|OPSD_PETMA,short_wave,short_wave,True,0.9948624,45.57088507044609
sp|Q9YGZ3.1|OPSD_SALPV,sp|P04000.2|OPSR_HUMAN,short_wave,long_wave,False,0.9865116,71.98879551820728
sp|Q9YGZ3.1|OPSD_SALPV,sp|P04001.1|OPSG_HUMAN,short_wave,long_wave,False,0.98655236,70.20308123249299
sp|Q9YGZ3.1|OPSD_SALPV,sp|O18913.2|OPSR_FELCA,short_wave,long_wave,False,0.984343,67.45582848524025
sp|Q9YGZ3.1|OPSD_SALPV,sp|O18912.2|OPSR_HORSE,short_wave,long_wave,False,0.9859738,66.76901529842706
sp|Q9YGZ3.1|OPSD_SALPV,sp|Q9BGI7.1|OPSR_BOVIN,short_wave,long_wave,False,0.9866469,66.90637793578969
sp|Q9YGZ3.1|OPSD_SALPV,sp|Q95170.1|OPSR_CAPHI,short_wave,long_wave,False,0.9869788,66.76901529842706
sp|Q9YGZ3.1|OPSD_SALPV,sp|O18914.2|OPSR_CANLF,short_wave,long_wave,False,0.98599297,66.63165266106444
sp|Q9YGZ3.1|OPSD_SALPV,sp|O18910.2|OPSG_RABIT,short_wave,long_wave,False,0.98812497,65.80747683688861
sp|Q9YGZ3.1|OPSD_SALPV,sp|P41592.1|OPSR_ANOCA,short_wave,long_wave,False,0.98533475,63.231733371314625
sp|Q9YGZ3.1|OPSD_SALPV,sp|P22329.1|OPSR_CHICK,short_wave,long_wave,False,0.9873986,65.57088507044608
sp|Q9YGZ3.1|OPSD_SALPV,sp|P87367.1|OPSR_ORYLA,short_wave,long_wave,False,0.98567945,62.37876766305408
sp|Q9YGZ3.1|OPSD_SALPV,sp|P32313.1|OPSR_CARAU,short_wave,long_wave,False,0.98543024,61.5431130669538
sp|Q9YGZ3.1|OPSD_SALPV,sp|O12948.1|OPSR_XENLA,short_wave,long_wave,False,0.9868765,61.39557517922423
sp|Q9YGZ3.1|OPSD_SALPV,sp|Q9W6A7.1|OPSR1_DANRE,short_wave,long_wave,False,0.98390245,61.12528576890366
sp|Q9YGZ3.1|OPSD_SALPV,sp|P22332.2|OPSR_PSAFA,short_wave,long_wave,False,0.98667175,60.4289069388201
sp|Q9YGZ3.1|OPSD_SALPV,sp|Q8AYN0.1|OPSR2_DANRE,short_wave,long_wave,False,0.9847916,61.69467787114846
sp|Q9YGZ3.1|OPSD_SALPV,sp|P35358.1|OPSG_GEKGE,short_wave,long_wave,False,0.9820576,60.124388738546266
sp|Q9YGZ3.1|OPSD_SALPV,sp|P22331.1|OPSG2_PSAFA,short_wave,long_wave,False,0.98528767,60.22408963585434
sp|Q9YGZ3.1|OPSD_SALPV,sp|P22330.1|OPSG1_PSAFA,short_wave,long_wave,False,0.9864836,59.34173669467787
sp|Q9YGZ3.1|OPSD_SALPV,sp|O18911.1|OPSG_ODOVI,short_wave,long_wave,False,0.9711726,67.04374057315235
sp|Q9YGZ3.1|OPSD_SALPV,sp|Q90215.1|OPSD2_ANGAN,short_wave,long_wave,False,0.9972656,43.78366731307908
sp|Q9YGZ3.1|OPSD_SALPV,sp|P79756.1|OPSD_GAMAF,short_wave,long_wave,False,0.9994379,43.39642015163837
sp|Q9YGZ3.1|OPSD_SALPV,sp|O42490.1|OPSP_PETMA,short_wave,long_wave,False,0.95520836,42.10210996579935
sp|P35359.2|OPSD_DANRE,sp|P79848.1|OPSD_POERE,short_wave,short_wave,True,0.9990386,45.7355333488264
sp|P35359.2|OPSD_DANRE,sp|O35599.1|OPSG_MOUSE,short_wave,short_wave,True,0.9894715,45.174138222213884
sp|P35359.2|OPSD_DANRE,sp|O35478.2|OPSG_SCICA,short_wave,short_wave,True,0.9878766,44.215496499448236
sp|P35359.2|OPSD_DANRE,sp|Q9YGZ6.1|OPSD_CHEAU,short_wave,short_wave,True,0.9984492,44.709172069656134
sp|P35359.2|OPSD_DANRE,sp|Q98980.1|OPSD_PETMA,short_wave,short_wave,True,0.9940089,46.240699824142126
sp|P35359.2|OPSD_DANRE,sp|P04000.2|OPSR_HUMAN,short_wave,long_wave,False,0.98600477,72.65861027190333
sp|P35359.2|OPSD_DANRE,sp|P04001.1|OPSG_HUMAN,short_wave,long_wave,False,0.9859476,70.87289598618904
sp|P35359.2|OPSD_DANRE,sp|O18913.2|OPSR_FELCA,short_wave,long_wave,False,0.98355645,68.12564323893629
sp|P35359.2|OPSD_DANRE,sp|O18912.2|OPSR_HORSE,short_wave,long_wave,False,0.98498183,67.43883005212311
sp|P35359.2|OPSD_DANRE,sp|Q9BGI7.1|OPSR_BOVIN,short_wave,long_wave,False,0.98580325,67.57619268948574
sp|P35359.2|OPSD_DANRE,sp|Q95170.1|OPSR_CAPHI,short_wave,long_wave,False,0.9861996,67.43883005212311
sp|P35359.2|OPSD_DANRE,sp|O18914.2|OPSR_CANLF,short_wave,long_wave,False,0.9850622,67.30146741476047
sp|P35359.2|OPSD_DANRE,sp|O18910.2|OPSG_RABIT,short_wave,long_wave,False,0.98793834,66.47729159058464
sp|P35359.2|OPSD_DANRE,sp|P41592.1|OPSR_ANOCA,short_wave,long_wave,False,0.9853394,63.90154812501066
sp|P35359.2|OPSD_DANRE,sp|P22329.1|OPSR_CHICK,short_wave,long_wave,False,0.98672396,66.24069982414213
sp|P35359.2|OPSD_DANRE,sp|P87367.1|OPSR_ORYLA,short_wave,long_wave,False,0.9856867,63.04858241675012
sp|P35359.2|OPSD_DANRE,sp|P32313.1|OPSR_CARAU,short_wave,long_wave,False,0.9853678,62.21292782064984
sp|P35359.2|OPSD_DANRE,sp|O12948.1|OPSR_XENLA,short_wave,long_wave,False,0.987937,62.06538993292027
sp|P35359.2|OPSD_DANRE,sp|Q9W6A7.1|OPSR1_DANRE,short_wave,long_wave,False,0.9836229,61.7951005225997
sp|P35359.2|OPSD_DANRE,sp|P22332.2|OPSR_PSAFA,short_wave,long_wave,False,0.9867372,61.098721692516136
sp|P35359.2|OPSD_DANRE,sp|Q8AYN0.1|OPSR2_DANRE,short_wave,long_wave,False,0.98424184,62.3644926248445
sp|P35359.2|OPSD_DANRE,sp|P35358.1|OPSG_GEKGE,short_wave,long_wave,False,0.98269546,60.7942034922423
sp|P35359.2|OPSD_DANRE,sp|P22331.1|OPSG2_PSAFA,short_wave,long_wave,False,0.98623526,60.893904389550386
sp|P35359.2|OPSD_DANRE,sp|P22330.1|OPSG1_PSAFA,short_wave,long_wave,False,0.9868146,60.01155144837391
sp|P35359.2|OPSD_DANRE,sp|O18911.1|OPSG_ODOVI,short_wave,long_wave,False,0.970685,67.71355532684838
sp|P35359.2|OPSD_DANRE,sp|Q90215.1|OPSD2_ANGAN,short_wave,long_wave,False,0.9980256,44.45348206677512
sp|P35359.2|OPSD_DANRE,sp|P79756.1|OPSD_GAMAF,short_wave,long_wave,False,0.9989922,44.06623490533441
sp|P35359.2|OPSD_DANRE,sp|O42490.1|OPSP_PETMA,short_wave,long_wave,False,0.9531666,42.77192471949539
sp|P79848.1|OPSD_POERE,sp|O35599.1|OPSG_MOUSE,short_wave,short_wave,True,0.9903133,45.592451027233636
sp|P79848.1|OPSD_POERE,sp|O35478.2|OPSG_SCICA,short_wave,short_wave,True,0.9887141,44.63380930446799
sp|P79848.1|OPSD_POERE,sp|Q9YGZ6.1|OPSD_CHEAU,short_wave,short_wave,True,0.9983982,45.127484874675886
sp|P79848.1|OPSD_POERE,sp|Q98980.1|OPSD_PETMA,short_wave,short_wave,True,0.9950141,46.65901262916188
sp|P79848.1|OPSD_POERE,sp|P04000.2|OPSR_HUMAN,short_wave,long_wave,False,0.9872587,73.07692307692308
sp|P79848.1|OPSD_POERE,sp|P04001.1|OPSG_HUMAN,short_wave,long_wave,False,0.9869337,71.29120879120879
sp|P79848.1|OPSD_POERE,sp|O18913.2|OPSR_FELCA,short_wave,long_wave,False,0.98465264,68.54395604395604
sp|P79848.1|OPSD_POERE,sp|O18912.2|OPSR_HORSE,short_wave,long_wave,False,0.9858867,67.85714285714286
sp|P79848.1|OPSD_POERE,sp|Q9BGI7.1|OPSR_BOVIN,short_wave,long_wave,False,0.98696077,67.99450549450549
sp|P79848.1|OPSD_POERE,sp|Q95170.1|OPSR_CAPHI,short_wave,long_wave,False,0.9872288,67.85714285714286
sp|P79848.1|OPSD_POERE,sp|O18914.2|OPSR_CANLF,short_wave,long_wave,False,0.9859178,67.71978021978022
sp|P79848.1|OPSD_POERE,sp|O18910.2|OPSG_RABIT,short_wave,long_wave,False,0.98813224,66.8956043956044
sp|P79848.1|OPSD_POERE,sp|P41592.1|OPSR_ANOCA,short_wave,long_wave,False,0.98666537,64.31986093003042
sp|P79848.1|OPSD_POERE,sp|P22329.1|OPSR_CHICK,short_wave,long_wave,False,0.987749,66.65901262916188
sp|P79848.1|OPSD_POERE,sp|P87367.1|OPSR_ORYLA,short_wave,long_wave,False,0.9859406,63.466895221769875
sp|P79848.1|OPSD_POERE,sp|P32313.1|OPSR_CARAU,short_wave,long_wave,False,0.98634964,62.63124062566959
sp|P79848.1|OPSD_POERE,sp|O12948.1|OPSR_XENLA,short_wave,long_wave,False,0.98898405,62.48370273794002
sp|P79848.1|OPSD_POERE,sp|Q9W6A7.1|OPSR1_DANRE,short_wave,long_wave,False,0.9845142,62.21341332761945
sp|P79848.1|OPSD_POERE,sp|P22332.2|OPSR_PSAFA,short_wave,long_wave,False,0.9865359,61.51703449753589
sp|P79848.1|OPSD_POERE,sp|Q8AYN0.1|OPSR2_DANRE,short_wave,long_wave,False,0.9850004,62.782805429864254
sp|P79848.1|OPSD_POERE,sp|P35358.1|OPSG_GEKGE,short_wave,long_wave,False,0.9844564,61.212516297262056
sp|P79848.1|OPSD_POERE,sp|P22331.1|OPSG2_PSAFA,short_wave,long_wave,False,0.9872657,61.31221719457014
sp|P79848.1|OPSD_POERE,sp|P22330.1|OPSG1_PSAFA,short_wave,long_wave,False,0.9881229,60.42986425339366
sp|P79848.1|OPSD_POERE,sp|O18911.1|OPSG_ODOVI,short_wave,long_wave,False,0.9695806,68.13186813186813
sp|P79848.1|OPSD_POERE,sp|Q90215.1|OPSD2_ANGAN,short_wave,long_wave,False,0.997545,44.871794871794876
sp|P79848.1|OPSD_POERE,sp|P79756.1|OPSD_GAMAF,short_wave,long_wave,False,0.9997402,44.484547710354164
sp|P79848.1|OPSD_POERE,sp|O42490.1|OPSP_PETMA,short_wave,long_wave,False,0.95526624,43.19023752451514
sp|O35599.1|OPSG_MOUSE,sp|O35478.2|OPSG_SCICA,short_wave,short_wave,True,0.99838966,44.07241417785547
sp|O35599.1|OPSG_MOUSE,sp|Q9YGZ6.1|OPSD_CHEAU,short_wave,short_wave,True,0.9875668,44.56608974806337
sp|O35599.1|OPSG_MOUSE,sp|Q98980.1|OPSD_PETMA,short_wave,short_wave,True,0.98846984,46.09761750254937
sp|O35599.1|OPSG_MOUSE,sp|P04000.2|OPSR_HUMAN,short_wave,long_wave,False,0.997784,72.51552795031056
sp|O35599.1|OPSG_MOUSE,sp|P04001.1|OPSG_HUMAN,short_wave,long_wave,False,0.9975372,70.72981366459628
sp|O35599.1|OPSG_MOUSE,sp|O18913.2|OPSR_FELCA,short_wave,long_wave,False,0.99500686,67.98256091734352
sp|O35599.1|OPSG_MOUSE,sp|O18912.2|OPSR_HORSE,short_wave,long_wave,False,0.99559915,67.29574773053034
sp|O35599.1|OPSG_MOUSE,sp|Q9BGI7.1|OPSR_BOVIN,short_wave,long_wave,False,0.99702173,67.43311036789298
sp|O35599.1|OPSG_MOUSE,sp|Q95170.1|OPSR_CAPHI,short_wave,long_wave,False,0.99709827,67.29574773053034
sp|O35599.1|OPSG_MOUSE,sp|O18914.2|OPSR_CANLF,short_wave,long_wave,False,0.99582684,67.15838509316771
sp|O35599.1|OPSG_MOUSE,sp|O18910.2|OPSG_RABIT,short_wave,long_wave,False,0.9969322,66.33420926899188
sp|O35599.1|OPSG_MOUSE,sp|P41592.1|OPSR_ANOCA,short_wave,long_wave,False,0.9944216,63.758465803417906
sp|O35599.1|OPSG_MOUSE,sp|P22329.1|OPSR_CHICK,short_wave,long_wave,False,0.9951055,66.09761750254937
sp|O35599.1|OPSG_MOUSE,sp|P87367.1|OPSR_ORYLA,short_wave,long_wave,False,0.99378574,62.90550009515735
sp|O35599.1|OPSG_MOUSE,sp|P32313.1|OPSR_CARAU,short_wave,long_wave,False,0.99232745,62.06984549905708
sp|O35599.1|OPSG_MOUSE,sp|O12948.1|OPSR_XENLA,short_wave,long_wave,False,0.99475724,61.92230761132751
sp|O35599.1|OPSG_MOUSE,sp|Q9W6A7.1|OPSR1_DANRE,short_wave,long_wave,False,0.99097466,61.65201820100694
sp|O35599.1|OPSG_MOUSE,sp|P22332.2|OPSR_PSAFA,short_wave,long_wave,False,0.99222004,60.95563937092338
sp|O35599.1|OPSG_MOUSE,sp|Q8AYN0.1|OPSR2_DANRE,short_wave,long_wave,False,0.99129117,62.22141030325173
sp|O35599.1|OPSG_MOUSE,sp|P35358.1|OPSG_GEKGE,short_wave,long_wave,False,0.99249893,60.651121170649546
sp|O35599.1|OPSG_MOUSE,sp|P22331.1|OPSG2_PSAFA,short_wave,long_wave,False,0.9942061,60.750822067957614
sp|O35599.1|OPSG_MOUSE,sp|P22330.1|OPSG1_PSAFA,short_wave,long_wave,False,0.99450684,59.86846912678115
sp|O35599.1|OPSG_MOUSE,sp|O18911.1|OPSG_ODOVI,short_wave,long_wave,False,0.97476315,67.57047300525562
sp|O35599.1|OPSG_MOUSE,sp|Q90215.1|OPSD2_ANGAN,short_wave,long_wave,False,0.98791605,44.31039974518235
sp|O35599.1|OPSG_MOUSE,sp|P79756.1|OPSD_GAMAF,short_wave,long_wave,False,0.9894665,43.92315258374164
sp|O35599.1|OPSG_MOUSE,sp|O42490.1|OPSP_PETMA,short_wave,long_wave,False,0.9668014,42.62884239790263
sp|O35478.2|OPSG_SCICA,sp|Q9YGZ6.1|OPSD_CHEAU,short_wave,short_wave,True,0.98631936,43.60744802529772
sp|O35478.2|OPSG_SCICA,sp|Q98980.1|OPSD_PETMA,short_wave,short_wave,True,0.98719907,45.13897577978372
sp|O35478.2|OPSG_SCICA,sp|P04000.2|OPSR_HUMAN,short_wave,long_wave,False,0.99903226,71.55688622754491
sp|O35478.2|OPSG_SCICA,sp|P04001.1|OPSG_HUMAN,short_wave,long_wave,False,0.9985976,69.77117194183063
sp|O35478.2|OPSG_SCICA,sp|O18913.2|OPSR_FELCA,short_wave,long_wave,False,0.9976226,67.02391919457787
sp|O35478.2|OPSG_SCICA,sp|O18912.2|OPSR_HORSE,short_wave,long_wave,False,0.9982402,66.33710600776469
sp|O35478.2|OPSG_SCICA,sp|Q9BGI7.1|OPSR_BOVIN,short_wave,long_wave,False,0.9989526,66.47446864512733
sp|O35478.2|OPSG_SCICA,sp|Q95170.1|OPSR_CAPHI,short_wave,long_wave,False,0.99886185,66.33710600776469
sp|O35478.2|OPSG_SCICA,sp|O18914.2|OPSR_CANLF,short_wave,long_wave,False,0.9979908,66.19974337040206
sp|O35478.2|OPSG_SCICA,sp|O18910.2|OPSG_RABIT,short_wave,long_wave,False,0.99782586,65.37556754622624
sp|O35478.2|OPSG_SCICA,sp|P41592.1|OPSR_ANOCA,short_wave,long_wave,False,0.9953179,62.79982408065226
sp|O35478.2|OPSG_SCICA,sp|P22329.1|OPSR_CHICK,short_wave,long_wave,False,0.9963765,65.13897577978372
sp|O35478.2|OPSG_SCICA,sp|P87367.1|OPSR_ORYLA,short_wave,long_wave,False,0.9954232,61.9468583723917
sp|O35478.2|OPSG_SCICA,sp|P32313.1|OPSR_CARAU,short_wave,long_wave,False,0.9942261,61.11120377629143
sp|O35478.2|OPSG_SCICA,sp|O12948.1|OPSR_XENLA,short_wave,long_wave,False,0.9949249,60.96366588856186
sp|O35478.2|OPSG_SCICA,sp|Q9W6A7.1|OPSR1_DANRE,short_wave,long_wave,False,0.9927231,60.69337647824129
sp|O35478.2|OPSG_SCICA,sp|P22332.2|OPSR_PSAFA,short_wave,long_wave,False,0.99363136,59.99699764815773
sp|O35478.2|OPSG_SCICA,sp|Q8AYN0.1|OPSR2_DANRE,short_wave,long_wave,False,0.9933083,61.26276858048608
sp|O35478.2|OPSG_SCICA,sp|P35358.1|OPSG_GEKGE,short_wave,long_wave,False,0.9929898,59.6924794478839
sp|O35478.2|OPSG_SCICA,sp|P22331.1|OPSG2_PSAFA,short_wave,long_wave,False,0.9952268,59.792180345191966
sp|O35478.2|OPSG_SCICA,sp|P22330.1|OPSG1_PSAFA,short_wave,long_wave,False,0.99590594,58.9098274040155
sp|O35478.2|OPSG_SCICA,sp|O18911.1|OPSG_ODOVI,short_wave,long_wave,False,0.97424334,66.61183128248997
sp|O35478.2|OPSG_SCICA,sp|Q90215.1|OPSD2_ANGAN,short_wave,long_wave,False,0.98637444,43.3517580224167
sp|O35478.2|OPSG_SCICA,sp|P79756.1|OPSD_GAMAF,short_wave,long_wave,False,0.9879494,42.96451086097599
sp|O35478.2|OPSG_SCICA,sp|O42490.1|OPSP_PETMA,short_wave,long_wave,False,0.9703289,41.67020067513698
sp|Q9YGZ6.1|OPSD_CHEAU,sp|Q98980.1|OPSD_PETMA,short_wave,short_wave,True,0.9931828,45.63265134999162
sp|Q9YGZ6.1|OPSD_CHEAU,sp|P04000.2|OPSR_HUMAN,short_wave,long_wave,False,0.985466,72.0505617977528
sp|Q9YGZ6.1|OPSD_CHEAU,sp|P04001.1|OPSG_HUMAN,short_wave,long_wave,False,0.98585796,70.26484751203853
sp|Q9YGZ6.1|OPSD_CHEAU,sp|O18913.2|OPSR_FELCA,short_wave,long_wave,False,0.98367846,67.51759476478577
sp|Q9YGZ6.1|OPSD_CHEAU,sp|O18912.2|OPSR_HORSE,short_wave,long_wave,False,0.9853953,66.83078157797259
sp|Q9YGZ6.1|OPSD_CHEAU,sp|Q9BGI7.1|OPSR_BOVIN,short_wave,long_wave,False,0.98535645,66.96814421533523
sp|Q9YGZ6.1|OPSD_CHEAU,sp|Q95170.1|OPSR_CAPHI,short_wave,long_wave,False,0.9857805,66.83078157797259
sp|Q9YGZ6.1|OPSD_CHEAU,sp|O18914.2|OPSR_CANLF,short_wave,long_wave,False,0.9850756,66.69341894060996
sp|Q9YGZ6.1|OPSD_CHEAU,sp|O18910.2|OPSG_RABIT,short_wave,long_wave,False,0.98757344,65.86924311643413
sp|Q9YGZ6.1|OPSD_CHEAU,sp|P41592.1|OPSR_ANOCA,short_wave,long_wave,False,0.9851558,63.293499650860156
sp|Q9YGZ6.1|OPSD_CHEAU,sp|P22329.1|OPSR_CHICK,short_wave,long_wave,False,0.9873151,65.63265134999162
sp|Q9YGZ6.1|OPSD_CHEAU,sp|P87367.1|OPSR_ORYLA,short_wave,long_wave,False,0.98575336,62.4405339425996
sp|Q9YGZ6.1|OPSD_CHEAU,sp|P32313.1|OPSR_CARAU,short_wave,long_wave,False,0.9845816,61.60487934649933
sp|Q9YGZ6.1|OPSD_CHEAU,sp|O12948.1|OPSR_XENLA,short_wave,long_wave,False,0.9845855,61.45734145876976
sp|Q9YGZ6.1|OPSD_CHEAU,sp|Q9W6A7.1|OPSR1_DANRE,short_wave,long_wave,False,0.98315054,61.18705204844919
sp|Q9YGZ6.1|OPSD_CHEAU,sp|P22332.2|OPSR_PSAFA,short_wave,long_wave,False,0.9869889,60.49067321836563
sp|Q9YGZ6.1|OPSD_CHEAU,sp|Q8AYN0.1|OPSR2_DANRE,short_wave,long_wave,False,0.9844148,61.75644415069398
sp|Q9YGZ6.1|OPSD_CHEAU,sp|P35358.1|OPSG_GEKGE,short_wave,long_wave,False,0.98135436,60.186155018091796
sp|Q9YGZ6.1|OPSD_CHEAU,sp|P22331.1|OPSG2_PSAFA,short_wave,long_wave,False,0.9831463,60.285855915399864
sp|Q9YGZ6.1|OPSD_CHEAU,sp|P22330.1|OPSG1_PSAFA,short_wave,long_wave,False,0.98425114,59.4035029742234
sp|Q9YGZ6.1|OPSD_CHEAU,sp|O18911.1|OPSG_ODOVI,short_wave,long_wave,False,0.97140443,67.10550685269787
sp|Q9YGZ6.1|OPSD_CHEAU,sp|Q90215.1|OPSD2_ANGAN,short_wave,long_wave,False,0.99572796,43.8454335926246
sp|Q9YGZ6.1|OPSD_CHEAU,sp|P79756.1|OPSD_GAMAF,short_wave,long_wave,False,0.99899626,43.45818643118389
sp|Q9YGZ6.1|OPSD_CHEAU,sp|O42490.1|OPSP_PETMA,short_wave,long_wave,False,0.9547968,42.16387624534488
sp|Q98980.1|OPSD_PETMA,sp|P04000.2|OPSR_HUMAN,short_wave,long_wave,False,0.98570067,73.58208955223881
sp|Q98980.1|OPSD_PETMA,sp|P04001.1|OPSG_HUMAN,short_wave,long_wave,False,0.985489,71.79637526652452
sp|Q98980.1|OPSD_PETMA,sp|O18913.2|OPSR_FELCA,short_wave,long_wave,False,0.98115027,69.04912251927178
sp|Q98980.1|OPSD_PETMA,sp|O18912.2|OPSR_HORSE,short_wave,long_wave,False,0.9847302,68.36230933245858
sp|Q98980.1|OPSD_PETMA,sp|Q9BGI7.1|OPSR_BOVIN,short_wave,long_wave,False,0.9854922,68.49967196982122
sp|Q98980.1|OPSD_PETMA,sp|Q95170.1|OPSR_CAPHI,short_wave,long_wave,False,0.98575497,68.36230933245858
sp|Q98980.1|OPSD_PETMA,sp|O18914.2|OPSR_CANLF,short_wave,long_wave,False,0.98318774,68.22494669509595
sp|Q98980.1|OPSD_PETMA,sp|O18910.2|OPSG_RABIT,short_wave,long_wave,False,0.98600185,67.40077087092013
sp|Q98980.1|OPSD_PETMA,sp|P41592.1|OPSR_ANOCA,short_wave,long_wave,False,0.9828508,64.82502740534615
sp|Q98980.1|OPSD_PETMA,sp|P22329.1|OPSR_CHICK,short_wave,long_wave,False,0.98521733,67.16417910447761
sp|Q98980.1|OPSD_PETMA,sp|P87367.1|OPSR_ORYLA,short_wave,long_wave,False,0.98254925,63.9720616970856
sp|Q98980.1|OPSD_PETMA,sp|P32313.1|OPSR_CARAU,short_wave,long_wave,False,0.9838318,63.13640710098532
sp|Q98980.1|OPSD_PETMA,sp|O12948.1|OPSR_XENLA,short_wave,long_wave,False,0.9861922,62.988869213255754
sp|Q98980.1|OPSD_PETMA,sp|Q9W6A7.1|OPSR1_DANRE,short_wave,long_wave,False,0.9827026,62.71857980293518
sp|Q98980.1|OPSD_PETMA,sp|P22332.2|OPSR_PSAFA,short_wave,long_wave,False,0.9837004,62.02220097285162
sp|Q98980.1|OPSD_PETMA,sp|Q8AYN0.1|OPSR2_DANRE,short_wave,long_wave,False,0.9819024,63.28797190517998
sp|Q98980.1|OPSD_PETMA,sp|P35358.1|OPSG_GEKGE,short_wave,long_wave,False,0.9807857,61.71768277257779
sp|Q98980.1|OPSD_PETMA,sp|P22331.1|OPSG2_PSAFA,short_wave,long_wave,False,0.9840595,61.817383669885864
sp|Q98980.1|OPSD_PETMA,sp|P22330.1|OPSG1_PSAFA,short_wave,long_wave,False,0.9849251,60.93503072870939
sp|Q98980.1|OPSD_PETMA,sp|O18911.1|OPSG_ODOVI,short_wave,long_wave,False,0.9644073,68.63703460718386
sp|Q98980.1|OPSD_PETMA,sp|Q90215.1|OPSD2_ANGAN,short_wave,long_wave,False,0.9941081,45.3769613471106
sp|Q98980.1|OPSD_PETMA,sp|P79756.1|OPSD_GAMAF,short_wave,long_wave,False,0.99505544,44.98971418566989
sp|Q98980.1|OPSD_PETMA,sp|O42490.1|OPSP_PETMA,short_wave,long_wave,False,0.95240986,43.69540399983087
sp|P04000.2|OPSR_HUMAN,sp|P04001.1|OPSG_HUMAN,long_wave,long_wave,True,0.99965,98.21428571428572
sp|P04000.2|OPSR_HUMAN,sp|O18913.2|OPSR_FELCA,long_wave,long_wave,True,0.9983973,95.46703296703296
sp|P04000.2|OPSR_HUMAN,sp|O18912.2|OPSR_HORSE,long_wave,long_wave,True,0.9987859,94.78021978021978
sp|P04000.2|OPSR_HUMAN,sp|Q9BGI7.1|OPSR_BOVIN,long_wave,long_wave,True,0.9993472,94.91758241758242
sp|P04000.2|OPSR_HUMAN,sp|Q95170.1|OPSR_CAPHI,long_wave,long_wave,True,0.99929136,94.78021978021978
sp|P04000.2|OPSR_HUMAN,sp|O18914.2|OPSR_CANLF,long_wave,long_wave,True,0.99832773,94.64285714285714
sp|P04000.2|OPSR_HUMAN,sp|O18910.2|OPSG_RABIT,long_wave,long_wave,True,0.99837464,93.81868131868131
sp|P04000.2|OPSR_HUMAN,sp|P41592.1|OPSR_ANOCA,long_wave,long_wave,True,0.9957286,91.24293785310735
sp|P04000.2|OPSR_HUMAN,sp|P22329.1|OPSR_CHICK,long_wave,long_wave,True,0.99753326,93.58208955223881
sp|P04000.2|OPSR_HUMAN,sp|P87367.1|OPSR_ORYLA,long_wave,long_wave,True,0.9956209,90.3899721448468
sp|P04000.2|OPSR_HUMAN,sp|P32313.1|OPSR_CARAU,long_wave,long_wave,True,0.99371904,89.55431754874652
sp|P04000.2|OPSR_HUMAN,sp|O12948.1|OPSR_XENLA,long_wave,long_wave,True,0.9937058,89.40677966101694
sp|P04000.2|OPSR_HUMAN,sp|Q9W6A7.1|OPSR1_DANRE,long_wave,long_wave,True,0.9918404,89.13649025069637
sp|P04000.2|OPSR_HUMAN,sp|P22332.2|OPSR_PSAFA,long_wave,long_wave,True,0.99345213,88.44011142061282
sp|P04000.2|OPSR_HUMAN,sp|Q8AYN0.1|OPSR2_DANRE,long_wave,long_wave,True,0.9928099,89.70588235294117
sp|P04000.2|OPSR_HUMAN,sp|P35358.1|OPSG_GEKGE,long_wave,long_wave,True,0.99341714,88.13559322033899
sp|P04000.2|OPSR_HUMAN,sp|P22331.1|OPSG2_PSAFA,long_wave,long_wave,True,0.9936774,88.23529411764706
sp|P04000.2|OPSR_HUMAN,sp|P22330.1|OPSG1_PSAFA,long_wave,long_wave,True,0.99414027,87.35294117647058
sp|P04000.2|OPSR_HUMAN,sp|O18911.1|OPSG_ODOVI,long_wave,long_wave,True,0.9730556,95.05494505494505
sp|P04000.2|OPSR_HUMAN,sp|Q90215.1|OPSD2_ANGAN,long_wave,long_wave,True,0.98396736,71.7948717948718
sp|P04000.2|OPSR_HUMAN,sp|P79756.1|OPSD_GAMAF,long_wave,long_wave,True,0.98664695,71.40762463343108
sp|P04000.2|OPSR_HUMAN,sp|O42490.1|OPSP_PETMA,long_wave,long_wave,True,0.97323865,70.11331444759207
sp|P04001.1|OPSG_HUMAN,sp|O18913.2|OPSR_FELCA,long_wave,long_wave,True,0.9980133,93.68131868131869
sp|P04001.1|OPSG_HUMAN,sp|O18912.2|OPSR_HORSE,long_wave,long_wave,True,0.9986991,92.99450549450549
sp|P04001.1|OPSG_HUMAN,sp|Q9BGI7.1|OPSR_BOVIN,long_wave,long_wave,True,0.99909854,93.13186813186813
sp|P04001.1|OPSG_HUMAN,sp|Q95170.1|OPSR_CAPHI,long_wave,long_wave,True,0.9991097,92.99450549450549
sp|P04001.1|OPSG_HUMAN,sp|O18914.2|OPSR_CANLF,long_wave,long_wave,True,0.99853176,92.85714285714286
sp|P04001.1|OPSG_HUMAN,sp|O18910.2|OPSG_RABIT,long_wave,long_wave,True,0.99879706,92.03296703296704
sp|P04001.1|OPSG_HUMAN,sp|P41592.1|OPSR_ANOCA,long_wave,long_wave,True,0.99491805,89.45722356739306
sp|P04001.1|OPSG_HUMAN,sp|P22329.1|OPSR_CHICK,long_wave,long_wave,True,0.997384,91.79637526652452
sp|P04001.1|OPSG_HUMAN,sp|P87367.1|OPSR_ORYLA,long_wave,long_wave,True,0.99509495,88.6042578591325
sp|P04001.1|OPSG_HUMAN,sp|P32313.1|OPSR_CARAU,long_wave,long_wave,True,0.99243104,87.76860326303223
sp|P04001.1|OPSG_HUMAN,sp|O12948.1|OPSR_XENLA,long_wave,long_wave,True,0.9925886,87.62106537530266
sp|P04001.1|OPSG_HUMAN,sp|Q9W6A7.1|OPSR1_DANRE,long_wave,long_wave,True,0.99038625,87.35077596498209
sp|P04001.1|OPSG_HUMAN,sp|P22332.2|OPSR_PSAFA,long_wave,long_wave,True,0.9928916,86.65439713489853
sp|P04001.1|OPSG_HUMAN,sp|Q8AYN0.1|OPSR2_DANRE,long_wave,long_wave,True,0.9918888,87.92016806722688
sp|P04001.1|OPSG_HUMAN,sp|P35358.1|OPSG_GEKGE,long_wave,long_wave,True,0.9922414,86.3498789346247
sp|P04001.1|OPSG_HUMAN,sp|P22331.1|OPSG2_PSAFA,long_wave,long_wave,True,0.99211204,86.44957983193277
sp|P04001.1|OPSG_HUMAN,sp|P22330.1|OPSG1_PSAFA,long_wave,long_wave,True,0.9926883,85.5672268907563
sp|P04001.1|OPSG_HUMAN,sp|O18911.1|OPSG_ODOVI,long_wave,long_wave,True,0.974653,93.26923076923077
sp|P04001.1|OPSG_HUMAN,sp|Q90215.1|OPSD2_ANGAN,long_wave,long_wave,True,0.98314714,70.00915750915752
sp|P04001.1|OPSG_HUMAN,sp|P79756.1|OPSD_GAMAF,long_wave,long_wave,True,0.9864675,69.6219103477168
sp|P04001.1|OPSG_HUMAN,sp|O42490.1|OPSP_PETMA,long_wave,long_wave,True,0.9722879,68.32760016187778
sp|O18913.2|OPSR_FELCA,sp|O18912.2|OPSR_HORSE,long_wave,long_wave,True,0.9990033,90.24725274725274
sp|O18913.2|OPSR_FELCA,sp|Q9BGI7.1|OPSR_BOVIN,long_wave,long_wave,True,0.99900866,90.38461538461539
sp|O18913.2|OPSR_FELCA,sp|Q95170.1|OPSR_CAPHI,long_wave,long_wave,True,0.9988311,90.24725274725274
sp|O18913.2|OPSR_FELCA,sp|O18914.2|OPSR_CANLF,long_wave,long_wave,True,0.9987957,90.1098901098901
sp|O18913.2|OPSR_FELCA,sp|O18910.2|OPSG_RABIT,long_wave,long_wave,True,0.9969566,89.28571428571428
sp|O18913.2|OPSR_FELCA,sp|P41592.1|OPSR_ANOCA,long_wave,long_wave,True,0.995743,86.70997082014031
sp|O18913.2|OPSR_FELCA,sp|P22329.1|OPSR_CHICK,long_wave,long_wave,True,0.9975379,89.04912251927178
sp|O18913.2|OPSR_FELCA,sp|P87367.1|OPSR_ORYLA,long_wave,long_wave,True,0.996395,85.85700511187976
sp|O18913.2|OPSR_FELCA,sp|P32313.1|OPSR_CARAU,long_wave,long_wave,True,0.99411505,85.02135051577949
sp|O18913.2|OPSR_FELCA,sp|O12948.1|OPSR_XENLA,long_wave,long_wave,True,0.99164283,84.8738126280499
sp|O18913.2|OPSR_FELCA,sp|Q9W6A7.1|OPSR1_DANRE,long_wave,long_wave,True,0.9924345,84.60352321772933
sp|O18913.2|OPSR_FELCA,sp|P22332.2|OPSR_PSAFA,long_wave,long_wave,True,0.99422467,83.90714438764579
sp|O18913.2|OPSR_FELCA,sp|Q8AYN0.1|OPSR2_DANRE,long_wave,long_wave,True,0.9942577,85.17291531997414
sp|O18913.2|OPSR_FELCA,sp|P35358.1|OPSG_GEKGE,long_wave,long_wave,True,0.9930365,83.60262618737195
sp|O18913.2|OPSR_FELCA,sp|P22331.1|OPSG2_PSAFA,long_wave,long_wave,True,0.9929241,83.70232708468002
sp|O18913.2|OPSR_FELCA,sp|P22330.1|OPSG1_PSAFA,long_wave,long_wave,True,0.9938852,82.81997414350354
sp|O18913.2|OPSR_FELCA,sp|O18911.1|OPSG_ODOVI,long_wave,long_wave,True,0.9752769,90.52197802197801
sp|O18913.2|OPSR_FELCA,sp|Q90215.1|OPSD2_ANGAN,long_wave,long_wave,True,0.9808728,67.26190476190476
sp|O18913.2|OPSR_FELCA,sp|P79756.1|OPSD_GAMAF,long_wave,long_wave,True,0.98399645,66.87465760046405
sp|O18913.2|OPSR_FELCA,sp|O42490.1|OPSP_PETMA,long_wave,long_wave,True,0.9756948,65.58034741462504
sp|O18912.2|OPSR_HORSE,sp|Q9BGI7.1|OPSR_BOVIN,long_wave,long_wave,True,0.9994155,89.69780219780219
sp|O18912.2|OPSR_HORSE,sp|Q95170.1|OPSR_CAPHI,long_wave,long_wave,True,0.99930906,89.56043956043956
sp|O18912.2|OPSR_HORSE,sp|O18914.2|OPSR_CANLF,long_wave,long_wave,True,0.99872553,89.42307692307693
sp|O18912.2|OPSR_HORSE,sp|O18910.2|OPSG_RABIT,long_wave,long_wave,True,0.9974551,88.59890109890111
sp|O18912.2|OPSR_HORSE,sp|P41592.1|OPSR_ANOCA,long_wave,long_wave,True,0.99535835,86.02315763332712
sp|O18912.2|OPSR_HORSE,sp|P22329.1|OPSR_CHICK,long_wave,long_wave,True,0.99762297,88.36230933245858
sp|O18912.2|OPSR_HORSE,sp|P87367.1|OPSR_ORYLA,long_wave,long_wave,True,0.9965025,85.17019192506658
sp|O18912.2|OPSR_HORSE,sp|P32313.1|OPSR_CARAU,long_wave,long_wave,True,0.99421436,84.33453732896629
sp|O18912.2|OPSR_HORSE,sp|O12948.1|OPSR_XENLA,long_wave,long_wave,True,0.99113643,84.18699944123674
sp|O18912.2|OPSR_HORSE,sp|Q9W6A7.1|OPSR1_DANRE,long_wave,long_wave,True,0.99316764,83.91671003091616
sp|O18912.2|OPSR_HORSE,sp|P22332.2|OPSR_PSAFA,long_wave,long_wave,True,0.9948991,83.22033120083259
sp|O18912.2|OPSR_HORSE,sp|Q8AYN0.1|OPSR2_DANRE,long_wave,long_wave,True,0.99433935,84.48610213316095
sp|O18912.2|OPSR_HORSE,sp|P35358.1|OPSG_GEKGE,long_wave,long_wave,True,0.99221927,82.91581300055876
sp|O18912.2|OPSR_HORSE,sp|P22331.1|OPSG2_PSAFA,long_wave,long_wave,True,0.9922682,83.01551389786684
sp|O18912.2|OPSR_HORSE,sp|P22330.1|OPSG1_PSAFA,long_wave,long_wave,True,0.9935315,82.13316095669038
sp|O18912.2|OPSR_HORSE,sp|O18911.1|OPSG_ODOVI,long_wave,long_wave,True,0.97536874,89.83516483516485
sp|O18912.2|OPSR_HORSE,sp|Q90215.1|OPSD2_ANGAN,long_wave,long_wave,True,0.98238266,66.57509157509158
sp|O18912.2|OPSR_HORSE,sp|P79756.1|OPSD_GAMAF,long_wave,long_wave,True,0.9856488,66.18784441365086
sp|O18912.2|OPSR_HORSE,sp|O42490.1|OPSP_PETMA,long_wave,long_wave,True,0.9749553,64.89353422781184
sp|Q9BGI7.1|OPSR_BOVIN,sp|Q95170.1|OPSR_CAPHI,long_wave,long_wave,True,0.9999058,89.69780219780219
sp|Q9BGI7.1|OPSR_BOVIN,sp|O18914.2|OPSR_CANLF,long_wave,long_wave,True,0.9990889,89.56043956043956
sp|Q9BGI7.1|OPSR_BOVIN,sp|O18910.2|OPSG_RABIT,long_wave,long_wave,True,0.9982517,88.73626373626374
sp|Q9BGI7.1|OPSR_BOVIN,sp|P41592.1|OPSR_ANOCA,long_wave,long_wave,True,0.9950936,86.16052027068976
sp|Q9BGI7.1|OPSR_BOVIN,sp|P22329.1|OPSR_CHICK,long_wave,long_wave,True,0.9975136,88.49967196982122
sp|Q9BGI7.1|OPSR_BOVIN,sp|P87367.1|OPSR_ORYLA,long_wave,long_wave,True,0.9957519,85.3075545624292
sp|Q9BGI7.1|OPSR_BOVIN,sp|P32313.1|OPSR_CARAU,long_wave,long_wave,True,0.9938826,84.47189996632893
sp|Q9BGI7.1|OPSR_BOVIN,sp|O12948.1|OPSR_XENLA,long_wave,long_wave,True,0.9926667,84.32436207859936
sp|Q9BGI7.1|OPSR_BOVIN,sp|Q9W6A7.1|OPSR1_DANRE,long_wave,long_wave,True,0.99239093,84.05407266827879
sp|Q9BGI7.1|OPSR_BOVIN,sp|P22332.2|OPSR_PSAFA,long_wave,long_wave,True,0.993627,83.35769383819523
sp|Q9BGI7.1|OPSR_BOVIN,sp|Q8AYN0.1|OPSR2_DANRE,long_wave,long_wave,True,0.9934747,84.62346477052358
sp|Q9BGI7.1|OPSR_BOVIN,sp|P35358.1|OPSG_GEKGE,long_wave,long_wave,True,0.99250734,83.0531756379214
sp|Q9BGI7.1|OPSR_BOVIN,sp|P22331.1|OPSG2_PSAFA,long_wave,long_wave,True,0.99347484,83.15287653522947
sp|Q9BGI7.1|OPSR_BOVIN,sp|P22330.1|OPSG1_PSAFA,long_wave,long_wave,True,0.99449795,82.270523594053
sp|Q9BGI7.1|OPSR_BOVIN,sp|O18911.1|OPSG_ODOVI,long_wave,long_wave,True,0.975231,89.97252747252747
sp|Q9BGI7.1|OPSR_BOVIN,sp|Q90215.1|OPSD2_ANGAN,long_wave,long_wave,True,0.9837973,66.71245421245422
sp|Q9BGI7.1|OPSR_BOVIN,sp|P79756.1|OPSD_GAMAF,long_wave,long_wave,True,0.9862887,66.3252070510135
sp|Q9BGI7.1|OPSR_BOVIN,sp|O42490.1|OPSP_PETMA,long_wave,long_wave,True,0.97441953,65.03089686517448
sp|Q95170.1|OPSR_CAPHI,sp|O18914.2|OPSR_CANLF,long_wave,long_wave,True,0.9991997,89.42307692307693
sp|Q95170.1|OPSR_CAPHI,sp|O18910.2|OPSG_RABIT,long_wave,long_wave,True,0.99867046,88.59890109890111
sp|Q95170.1|OPSR_CAPHI,sp|P41592.1|OPSR_ANOCA,long_wave,long_wave,True,0.994703,86.02315763332712
sp|Q95170.1|OPSR_CAPHI,sp|P22329.1|OPSR_CHICK,long_wave,long_wave,True,0.99750775,88.36230933245858
sp|Q95170.1|OPSR_CAPHI,sp|P87367.1|OPSR_ORYLA,long_wave,long_wave,True,0.9953972,85.17019192506658
sp|Q95170.1|OPSR_CAPHI,sp|P32313.1|OPSR_CARAU,long_wave,long_wave,True,0.993184,84.33453732896629
sp|Q95170.1|OPSR_CAPHI,sp|O12948.1|OPSR_XENLA,long_wave,long_wave,True,0.99223036,84.18699944123674
sp|Q95170.1|OPSR_CAPHI,sp|Q9W6A7.1|OPSR1_DANRE,long_wave,long_wave,True,0.99171466,83.91671003091616
sp|Q95170.1|OPSR_CAPHI,sp|P22332.2|OPSR_PSAFA,long_wave,long_wave,True,0.9932807,83.22033120083259
sp|Q95170.1|OPSR_CAPHI,sp|Q8AYN0.1|OPSR2_DANRE,long_wave,long_wave,True,0.9928353,84.48610213316095
sp|Q95170.1|OPSR_CAPHI,sp|P35358.1|OPSG_GEKGE,long_wave,long_wave,True,0.99178183,82.91581300055876
sp|Q95170.1|OPSR_CAPHI,sp|P22331.1|OPSG2_PSAFA,long_wave,long_wave,True,0.9928527,83.01551389786684
sp|Q95170.1|OPSR_CAPHI,sp|P22330.1|OPSG1_PSAFA,long_wave,long_wave,True,0.99386847,82.13316095669038
sp|Q95170.1|OPSR_CAPHI,sp|O18911.1|OPSG_ODOVI,long_wave,long_wave,True,0.9749137,89.83516483516485
sp|Q95170.1|OPSR_CAPHI,sp|Q90215.1|OPSD2_ANGAN,long_wave,long_wave,True,0.98408985,66.57509157509158
sp|Q95170.1|OPSR_CAPHI,sp|P79756.1|OPSD_GAMAF,long_wave,long_wave,True,0.9866127,66.18784441365086
sp|Q95170.1|OPSR_CAPHI,sp|O42490.1|OPSP_PETMA,long_wave,long_wave,True,0.9747078,64.89353422781184
sp|O18914.2|OPSR_CANLF,sp|O18910.2|OPSG_RABIT,long_wave,long_wave,True,0.9984119,88.46153846153847
sp|O18914.2|OPSR_CANLF,sp|P41592.1|OPSR_ANOCA,long_wave,long_wave,True,0.99378014,85.88579499596449
sp|O18914.2|OPSR_CANLF,sp|P22329.1|OPSR_CHICK,long_wave,long_wave,True,0.99662054,88.22494669509595
sp|O18914.2|OPSR_CANLF,sp|P87367.1|OPSR_ORYLA,long_wave,long_wave,True,0.9941649,85.03282928770395
sp|O18914.2|OPSR_CANLF,sp|P32313.1|OPSR_CARAU,long_wave,long_wave,True,0.99099684,84.19717469160366
sp|O18914.2|OPSR_CANLF,sp|O12948.1|OPSR_XENLA,long_wave,long_wave,True,0.99072623,84.0496368038741
sp|O18914.2|OPSR_CANLF,sp|Q9W6A7.1|OPSR1_DANRE,long_wave,long_wave,True,0.9887866,83.77934739355352
sp|O18914.2|OPSR_CANLF,sp|P22332.2|OPSR_PSAFA,long_wave,long_wave,True,0.9915147,83.08296856346996
sp|O18914.2|OPSR_CANLF,sp|Q8AYN0.1|OPSR2_DANRE,long_wave,long_wave,True,0.9911252,84.34873949579833
sp|O18914.2|OPSR_CANLF,sp|P35358.1|OPSG_GEKGE,long_wave,long_wave,True,0.9904294,82.77845036319613
sp|O18914.2|OPSR_CANLF,sp|P22331.1|OPSG2_PSAFA,long_wave,long_wave,True,0.9906875,82.87815126050421
sp|O18914.2|OPSR_CANLF,sp|P22330.1|OPSG1_PSAFA,long_wave,long_wave,True,0.99212426,81.99579831932773
sp|O18914.2|OPSR_CANLF,sp|O18911.1|OPSG_ODOVI,long_wave,long_wave,True,0.97632,89.6978021978022
sp|O18914.2|OPSR_CANLF,sp|Q90215.1|OPSD2_ANGAN,long_wave,long_wave,True,0.9821789,66.43772893772893
sp|O18914.2|OPSR_CANLF,sp|P79756.1|OPSD_GAMAF,long_wave,long_wave,True,0.9853392,66.05048177628822
sp|O18914.2|OPSR_CANLF,sp|O42490.1|OPSP_PETMA,long_wave,long_wave,True,0.9755554,64.75617159044921
sp|O18910.2|OPSG_RABIT,sp|P41592.1|OPSR_ANOCA,long_wave,long_wave,True,0.99275845,85.06161917178866
sp|O18910.2|OPSG_RABIT,sp|P22329.1|OPSR_CHICK,long_wave,long_wave,True,0.99620014,87.40077087092013
sp|O18910.2|OPSG_RABIT,sp|P87367.1|OPSR_ORYLA,long_wave,long_wave,True,0.993361,84.20865346352812
sp|O18910.2|OPSG_RABIT,sp|P32313.1|OPSR_CARAU,long_wave,long_wave,True,0.98976666,83.37299886742784
sp|O18910.2|OPSG_RABIT,sp|O12948.1|OPSR_XENLA,long_wave,long_wave,True,0.9909555,83.22546097969827
sp|O18910.2|OPSG_RABIT,sp|Q9W6A7.1|OPSR1_DANRE,long_wave,long_wave,True,0.98758006,82.9551715693777
sp|O18910.2|OPSG_RABIT,sp|P22332.2|OPSR_PSAFA,long_wave,long_wave,True,0.9909807,82.25879273929414
sp|O18910.2|OPSG_RABIT,sp|Q8AYN0.1|OPSR2_DANRE,long_wave,long_wave,True,0.9891663,83.5245636716225
sp|O18910.2|OPSG_RABIT,sp|P35358.1|OPSG_GEKGE,long_wave,long_wave,True,0.9891959,81.9542745390203
sp|O18910.2|OPSG_RABIT,sp|P22331.1|OPSG2_PSAFA,long_wave,long_wave,True,0.99027663,82.05397543632839
sp|O18910.2|OPSG_RABIT,sp|P22330.1|OPSG1_PSAFA,long_wave,long_wave,True,0.990732,81.17162249515191
sp|O18910.2|OPSG_RABIT,sp|O18911.1|OPSG_ODOVI,long_wave,long_wave,True,0.974053,88.87362637362638
sp|O18910.2|OPSG_RABIT,sp|Q90215.1|OPSD2_ANGAN,long_wave,long_wave,True,0.98530316,65.61355311355311
sp|O18910.2|OPSG_RABIT,sp|P79756.1|OPSD_GAMAF,long_wave,long_wave,True,0.9877093,65.2263059521124
sp|O18910.2|OPSG_RABIT,sp|O42490.1|OPSP_PETMA,long_wave,long_wave,True,0.97303563,63.93199576627339
sp|P41592.1|OPSR_ANOCA,sp|P22329.1|OPSR_CHICK,long_wave,long_wave,True,0.9977732,84.82502740534615
sp|P41592.1|OPSR_ANOCA,sp|P87367.1|OPSR_ORYLA,long_wave,long_wave,True,0.99720967,81.63290999795413
sp|P41592.1|OPSR_ANOCA,sp|P32313.1|OPSR_CARAU,long_wave,long_wave,True,0.9969074,80.79725540185386
sp|P41592.1|OPSR_ANOCA,sp|O12948.1|OPSR_XENLA,long_wave,long_wave,True,0.9952087,80.64971751412429
sp|P41592.1|OPSR_ANOCA,sp|Q9W6A7.1|OPSR1_DANRE,long_wave,long_wave,True,0.9946941,80.37942810380372
sp|P41592.1|OPSR_ANOCA,sp|P22332.2|OPSR_PSAFA,long_wave,long_wave,True,0.9962738,79.68304927372016
sp|P41592.1|OPSR_ANOCA,sp|Q8AYN0.1|OPSR2_DANRE,long_wave,long_wave,True,0.9967197,80.94882020604851
sp|P41592.1|OPSR_ANOCA,sp|P35358.1|OPSG_GEKGE,long_wave,long_wave,True,0.998039,79.37853107344633
sp|P41592.1|OPSR_ANOCA,sp|P22331.1|OPSG2_PSAFA,long_wave,long_wave,True,0.99550086,79.4782319707544
sp|P41592.1|OPSR_ANOCA,sp|P22330.1|OPSG1_PSAFA,long_wave,long_wave,True,0.9960942,78.59587902957793
sp|P41592.1|OPSR_ANOCA,sp|O18911.1|OPSG_ODOVI,long_wave,long_wave,True,0.9684938,86.2978829080524
sp|P41592.1|OPSR_ANOCA,sp|Q90215.1|OPSD2_ANGAN,long_wave,long_wave,True,0.98350024,63.03780964797914
sp|P41592.1|OPSR_ANOCA,sp|P79756.1|OPSD_GAMAF,long_wave,long_wave,True,0.9864261,62.650562486538426
sp|P41592.1|OPSR_ANOCA,sp|O42490.1|OPSP_PETMA,long_wave,long_wave,True,0.97062236,61.35625230069941
sp|P22329.1|OPSR_CHICK,sp|P87367.1|OPSR_ORYLA,long_wave,long_wave,True,0.99739873,83.97206169708559
sp|P22329.1|OPSR_CHICK,sp|P32313.1|OPSR_CARAU,long_wave,long_wave,True,0.9957013,83.13640710098532
sp|P22329.1|OPSR_CHICK,sp|O12948.1|OPSR_XENLA,long_wave,long_wave,True,0.99294466,82.98886921325575
sp|P22329.1|OPSR_CHICK,sp|Q9W6A7.1|OPSR1_DANRE,long_wave,long_wave,True,0.9938555,82.71857980293518
sp|P22329.1|OPSR_CHICK,sp|P22332.2|OPSR_PSAFA,long_wave,long_wave,True,0.99596214,82.02220097285162
sp|P22329.1|OPSR_CHICK,sp|Q8AYN0.1|OPSR2_DANRE,long_wave,long_wave,True,0.9955424,83.28797190517997
sp|P22329.1|OPSR_CHICK,sp|P35358.1|OPSG_GEKGE,long_wave,long_wave,True,0.99488676,81.71768277257779
sp|P22329.1|OPSR_CHICK,sp|P22331.1|OPSG2_PSAFA,long_wave,long_wave,True,0.99370503,81.81738366988586
sp|P22329.1|OPSR_CHICK,sp|P22330.1|OPSG1_PSAFA,long_wave,long_wave,True,0.9943932,80.93503072870939
sp|P22329.1|OPSR_CHICK,sp|O18911.1|OPSG_ODOVI,long_wave,long_wave,True,0.97239506,88.63703460718386
sp|P22329.1|OPSR_CHICK,sp|Q90215.1|OPSD2_ANGAN,long_wave,long_wave,True,0.98433924,65.37696134711061
sp|P22329.1|OPSR_CHICK,sp|P79756.1|OPSD_GAMAF,long_wave,long_wave,True,0.98768795,64.9897141856699
sp|P22329.1|OPSR_CHICK,sp|O42490.1|OPSP_PETMA,long_wave,long_wave,True,0.9722366,63.69540399983087
sp|P87367.1|OPSR_ORYLA,sp|P32313.1|OPSR_CARAU,long_wave,long_wave,True,0.9980109,79.9442896935933
sp|P87367.1|OPSR_ORYLA,sp|O12948.1|OPSR_XENLA,long_wave,long_wave,True,0.99264306,79.79675180586375
sp|P87367.1|OPSR_ORYLA,sp|Q9W6A7.1|OPSR1_DANRE,long_wave,long_wave,True,0.99680376,79.52646239554318
sp|P87367.1|OPSR_ORYLA,sp|P22332.2|OPSR_PSAFA,long_wave,long_wave,True,0.9988043,78.8300835654596
sp|P87367.1|OPSR_ORYLA,sp|Q8AYN0.1|OPSR2_DANRE,long_wave,long_wave,True,0.9978171,80.09585449778797
sp|P87367.1|OPSR_ORYLA,sp|P35358.1|OPSG_GEKGE,long_wave,long_wave,True,0.99534434,78.52556536518577
sp|P87367.1|OPSR_ORYLA,sp|P22331.1|OPSG2_PSAFA,long_wave,long_wave,True,0.9949432,78.62526626249385
sp|P87367.1|OPSR_ORYLA,sp|P22330.1|OPSG1_PSAFA,long_wave,long_wave,True,0.99545336,77.74291332131739
sp|P87367.1|OPSR_ORYLA,sp|O18911.1|OPSG_ODOVI,long_wave,long_wave,True,0.9746874,85.44491719979186
sp|P87367.1|OPSR_ORYLA,sp|Q90215.1|OPSD2_ANGAN,long_wave,long_wave,True,0.98357594,62.18484393971859
sp|P87367.1|OPSR_ORYLA,sp|P79756.1|OPSD_GAMAF,long_wave,long_wave,True,0.9859763,61.79759677827788
sp|P87367.1|OPSR_ORYLA,sp|O42490.1|OPSP_PETMA,long_wave,long_wave,True,0.9678627,60.50328659243886
sp|P32313.1|OPSR_CARAU,sp|O12948.1|OPSR_XENLA,long_wave,long_wave,True,0.9943342,78.96109720976347
sp|P32313.1|OPSR_CARAU,sp|Q9W6A7.1|OPSR1_DANRE,long_wave,long_wave,True,0.9987473,78.6908077994429
sp|P32313.1|OPSR_CARAU,sp|P22332.2|OPSR_PSAFA,long_wave,long_wave,True,0.9981066,77.99442896935933
sp|P32313.1|OPSR_CARAU,sp|Q8AYN0.1|OPSR2_DANRE,long_wave,long_wave,True,0.99896383,79.26019990168768
sp|P32313.1|OPSR_CARAU,sp|P35358.1|OPSG_GEKGE,long_wave,long_wave,True,0.99659765,77.6899107690855
sp|P32313.1|OPSR_CARAU,sp|P22331.1|OPSG2_PSAFA,long_wave,long_wave,True,0.997327,77.78961166639357
sp|P32313.1|OPSR_CARAU,sp|P22330.1|OPSG1_PSAFA,long_wave,long_wave,True,0.99767125,76.9072587252171
sp|P32313.1|OPSR_CARAU,sp|O18911.1|OPSG_ODOVI,long_wave,long_wave,True,0.97160494,84.60926260369158
sp|P32313.1|OPSR_CARAU,sp|Q90215.1|OPSD2_ANGAN,long_wave,long_wave,True,0.9848534,61.34918934361831
sp|P32313.1|OPSR_CARAU,sp|P79756.1|OPSD_GAMAF,long_wave,long_wave,True,0.98603296,60.9619421821776
sp|P32313.1|OPSR_CARAU,sp|O42490.1|OPSP_PETMA,long_wave,long_wave,True,0.9621846,59.667631996338585
sp|O12948.1|OPSR_XENLA,sp|Q9W6A7.1|OPSR1_DANRE,long_wave,long_wave,True,0.9905308,78.54326991171332
sp|O12948.1|OPSR_XENLA,sp|P22332.2|OPSR_PSAFA,long_wave,long_wave,True,0.9911323,77.84689108162976
sp|O12948.1|OPSR_XENLA,sp|Q8AYN0.1|OPSR2_DANRE,long_wave,long_wave,True,0.9924054,79.11266201395813
sp|O12948.1|OPSR_XENLA,sp|P35358.1|OPSG_GEKGE,long_wave,long_wave,True,0.99612045,77.54237288135593
sp|O12948.1|OPSR_XENLA,sp|P22331.1|OPSG2_PSAFA,long_wave,long_wave,True,0.9968641,77.64207377866401
sp|O12948.1|OPSR_XENLA,sp|P22330.1|OPSG1_PSAFA,long_wave,long_wave,True,0.99653566,76.75972083748754
sp|O12948.1|OPSR_XENLA,sp|O18911.1|OPSG_ODOVI,long_wave,long_wave,True,0.96716505,84.461724715962
sp|O12948.1|OPSR_XENLA,sp|Q90215.1|OPSD2_ANGAN,long_wave,long_wave,True,0.98790747,61.201651455888744
sp|O12948.1|OPSR_XENLA,sp|P79756.1|OPSD_GAMAF,long_wave,long_wave,True,0.98771244,60.81440429444803
sp|O12948.1|OPSR_XENLA,sp|O42490.1|OPSP_PETMA,long_wave,long_wave,True,0.9603169,59.520094108609015
sp|Q9W6A7.1|OPSR1_DANRE,sp|P22332.2|OPSR_PSAFA,long_wave,long_wave,True,0.9978626,77.57660167130919
sp|Q9W6A7.1|OPSR1_DANRE,sp|Q8AYN0.1|OPSR2_DANRE,long_wave,long_wave,True,0.9983304,78.84237260363756
sp|Q9W6A7.1|OPSR1_DANRE,sp|P35358.1|OPSG_GEKGE,long_wave,long_wave,True,0.9932587,77.27208347103536
sp|Q9W6A7.1|OPSR1_DANRE,sp|P22331.1|OPSG2_PSAFA,long_wave,long_wave,True,0.9955536,77.37178436834344
sp|Q9W6A7.1|OPSR1_DANRE,sp|P22330.1|OPSG1_PSAFA,long_wave,long_wave,True,0.99616516,76.48943142716696
sp|Q9W6A7.1|OPSR1_DANRE,sp|O18911.1|OPSG_ODOVI,long_wave,long_wave,True,0.97104114,84.19143530564143
sp|Q9W6A7.1|OPSR1_DANRE,sp|Q90215.1|OPSD2_ANGAN,long_wave,long_wave,True,0.98326623,60.93136204556817
sp|Q9W6A7.1|OPSR1_DANRE,sp|P79756.1|OPSD_GAMAF,long_wave,long_wave,True,0.9843536,60.54411488412746
sp|Q9W6A7.1|OPSR1_DANRE,sp|O42490.1|OPSP_PETMA,long_wave,long_wave,True,0.96076274,59.24980469828844
sp|P22332.2|OPSR_PSAFA,sp|Q8AYN0.1|OPSR2_DANRE,long_wave,long_wave,True,0.9984216,78.14599377355398
sp|P22332.2|OPSR_PSAFA,sp|P35358.1|OPSG_GEKGE,long_wave,long_wave,True,0.99395525,76.5757046409518
sp|P22332.2|OPSR_PSAFA,sp|P22331.1|OPSG2_PSAFA,long_wave,long_wave,True,0.99394226,76.67540553825987
sp|P22332.2|OPSR_PSAFA,sp|P22330.1|OPSG1_PSAFA,long_wave,long_wave,True,0.9944899,75.7930525970834
sp|P22332.2|OPSR_PSAFA,sp|O18911.1|OPSG_ODOVI,long_wave,long_wave,True,0.97471076,83.49505647555787
sp|P22332.2|OPSR_PSAFA,sp|Q90215.1|OPSD2_ANGAN,long_wave,long_wave,True,0.9847771,60.23498321548461
sp|P22332.2|OPSR_PSAFA,sp|P79756.1|OPSD_GAMAF,long_wave,long_wave,True,0.98687875,59.8477360540439
sp|P22332.2|OPSR_PSAFA,sp|O42490.1|OPSP_PETMA,long_wave,long_wave,True,0.9644773,58.55342586820488
sp|Q8AYN0.1|OPSR2_DANRE,sp|P35358.1|OPSG_GEKGE,long_wave,long_wave,True,0.99561363,77.84147557328015
sp|Q8AYN0.1|OPSR2_DANRE,sp|P22331.1|OPSG2_PSAFA,long_wave,long_wave,True,0.9955579,77.94117647058823
sp|Q8AYN0.1|OPSR2_DANRE,sp|P22330.1|OPSG1_PSAFA,long_wave,long_wave,True,0.9964125,77.05882352941177
sp|Q8AYN0.1|OPSR2_DANRE,sp|O18911.1|OPSG_ODOVI,long_wave,long_wave,True,0.9740412,84.76082740788624
sp|Q8AYN0.1|OPSR2_DANRE,sp|Q90215.1|OPSD2_ANGAN,long_wave,long_wave,True,0.9827796,61.50075414781297
sp|Q8AYN0.1|OPSR2_DANRE,sp|P79756.1|OPSD_GAMAF,long_wave,long_wave,True,0.98500615,61.11350698637226
sp|Q8AYN0.1|OPSR2_DANRE,sp|O42490.1|OPSP_PETMA,long_wave,long_wave,True,0.9634836,59.81919680053324
sp|P35358.1|OPSG_GEKGE,sp|P22331.1|OPSG2_PSAFA,long_wave,long_wave,True,0.99568516,76.37088733798603
sp|P35358.1|OPSG_GEKGE,sp|P22330.1|OPSG1_PSAFA,long_wave,long_wave,True,0.9958072,75.48853439680957
sp|P35358.1|OPSG_GEKGE,sp|O18911.1|OPSG_ODOVI,long_wave,long_wave,True,0.9657651,83.19053827528404
sp|P35358.1|OPSG_GEKGE,sp|Q90215.1|OPSD2_ANGAN,long_wave,long_wave,True,0.98116636,59.93046501521078
sp|P35358.1|OPSG_GEKGE,sp|P79756.1|OPSD_GAMAF,long_wave,long_wave,True,0.9838823,59.54321785377007
sp|P35358.1|OPSG_GEKGE,sp|O42490.1|OPSP_PETMA,long_wave,long_wave,True,0.96630347,58.24890766793105
sp|P22331.1|OPSG2_PSAFA,sp|P22330.1|OPSG1_PSAFA,long_wave,long_wave,True,0.9994461,75.58823529411765
sp|P22331.1|OPSG2_PSAFA,sp|O18911.1|OPSG_ODOVI,long_wave,long_wave,True,0.9695793,83.29023917259212
sp|P22331.1|OPSG2_PSAFA,sp|Q90215.1|OPSD2_ANGAN,long_wave,long_wave,True,0.9872826,60.030165912518854
sp|P22331.1|OPSG2_PSAFA,sp|P79756.1|OPSD_GAMAF,long_wave,long_wave,True,0.9859638,59.64291875107814
sp|P22331.1|OPSG2_PSAFA,sp|O42490.1|OPSP_PETMA,long_wave,long_wave,True,0.9591322,58.348608565239125
sp|P22330.1|OPSG1_PSAFA,sp|O18911.1|OPSG_ODOVI,long_wave,long_wave,True,0.9714252,82.40788623141565
sp|P22330.1|OPSG1_PSAFA,sp|Q90215.1|OPSD2_ANGAN,long_wave,long_wave,True,0.98731977,59.14781297134238
sp|P22330.1|OPSG1_PSAFA,sp|P79756.1|OPSD_GAMAF,long_wave,long_wave,True,0.98698306,58.76056580990167
sp|P22330.1|OPSG1_PSAFA,sp|O42490.1|OPSP_PETMA,long_wave,long_wave,True,0.9616187,57.466255624062654
sp|O18911.1|OPSG_ODOVI,sp|Q90215.1|OPSD2_ANGAN,long_wave,long_wave,True,0.9666108,66.84981684981685
sp|O18911.1|OPSG_ODOVI,sp|P79756.1|OPSD_GAMAF,long_wave,long_wave,True,0.9689441,66.46256968837613
sp|O18911.1|OPSG_ODOVI,sp|O42490.1|OPSP_PETMA,long_wave,long_wave,True,0.92789656,65.16825950253713
sp|Q90215.1|OPSD2_ANGAN,sp|P79756.1|OPSD_GAMAF,long_wave,long_wave,True,0.9972473,43.20249642830288
sp|Q90215.1|OPSD2_ANGAN,sp|O42490.1|OPSP_PETMA,long_wave,long_wave,True,0.95007414,41.90818624246386
sp|P79756.1|OPSD_GAMAF,sp|O42490.1|OPSP_PETMA,long_wave,long_wave,True,0.9554021,41.52093908102315
