,sp|P60015.1|OPSB_PANTR,sp|P03999.2|OPSB_HUMAN,sp|O13092.1|OPSB_SAIBB,sp|Q63652.2|OPSB_RAT,sp|P51491.1|OPSB_MOUSE,sp|P51490.1|OPSB_BOVIN,sp|O57605.1|OPSUV_MELUD,sp|P28684.1|OPSV_CHICK,sp|P51473.1|OPSV_XENLA,sp|P87368.1|OPSV_ORYLA,sp|Q9W6A9.2|OP1S1_DANRE,sp|Q90309.1|OPSUV_CARAU,sp|P32310.1|OPSB_CARAU,sp|P87365.1|OPSB_ORYLA,sp|Q8AYM7.1|OPSG3_DANRE,sp|Q9W6A6.2|OPSG4_DANRE,sp|Q8HY69.2|OPSD_SMICR,sp|P28682.1|OPSB_CHICK,sp|P56516.1|OPSD_RANTE,sp|P51476.1|OPSP_COLLI,sp|P51472.1|OPSB_PSAFA,sp|Q8AYM8.1|OPSG2_DANRE,sp|Q9W6A8.1|OP1S2_DANRE,sp|P35357.1|OPSB_GEKGE,sp|P51470.1|OPSD_AQUCT,sp|Q9W6A5.2|OPSG1_DANRE,sp|P41591.1|OPSD_ANOCA,sp|P31355.1|OPSD_LITPI,sp|Q90245.1|OPSD_AMBTI,sp|O93441.1|OPSD_GALML,sp|O93459.1|OPSD_SCYCA,sp|P28683.1|OPSG_CHICK,sp|P51489.1|OPSD_RAT,sp|O13227.1|OPSB_CONCO,sp|P32311.1|OPSG1_CARAU,sp|P49912.1|OPSD_RABIT,sp|Q28886.1|OPSD_MACFA,sp|O62795.1|OPSD_PAGGO,sp|P52202.1|OPSD_ALLMI,sp|O62794.1|OPSD_PHOVI,sp|Q769E8.1|OPSD_OTOCR,sp|P02699.1|OPSD_BOVIN,sp|Q68J47.1|OPSD_LOXAF,sp|Q95KU1.1|OPSD_FELCA,sp|O62791.1|OPSD_DELDE,sp|P32312.1|OPSG2_CARAU,sp|P15409.2|OPSD_MOUSE,sp|P22328.1|OPSD_CHICK,sp|Q6W3E1.1|OPSD_CALPD,sp|P51471.1|OPSB_ANOCA,sp|P28681.1|OPSD_CRIGR,sp|P56515.1|OPSD_RHIMB,sp|O62793.1|OPSD_MESBI,sp|P79863.1|OPSD_LEUER,sp|P56514.1|OPSD_BUFBU,sp|O62798.1|OPSD_TURTR,sp|Q90214.1|OPSD1_ANGAN,sp|P22671.1|OPSD_LETCA,sp|P08100.1|OPSD_HUMAN,sp|O62792.1|OPSD_GLOME,sp|P02700.2|OPSD_SHEEP,sp|O18766.1|OPSD_PIG,sp|Q9YGZ0.1|OPSD_SARPI,sp|P29403.1|OPSD_XENLA,sp|P79807.1|OPSD_MYRVI,sp|P79898.1|OPSD_SARDI,sp|P32308.1|OPSD_CANLF,sp|O42604.1|OPSD_ZEUFA,sp|P79914.1|OPSD_SARXA,sp|P79911.1|OPSD_SARTI,sp|O62796.1|OPSD_TRIMA,sp|P51474.1|OPSG3_PSAFA,sp|P79901.1|OPSD_SARMI,sp|P79798.1|OPSD_MYRBE,sp|P79902.1|OPSD_SARPU,sp|P79808.1|OPSD_NEOAR,sp|P79809.1|OPSD_NEOAU,sp|P79903.1|OPSD_SARSP,sp|P51488.1|OPSD_CYPCA,sp|P79812.1|OPSD_NEOSA,sp|Q9YGY9.1|OPSD_ZOSOP,sp|Q9YGZ2.1|OPSD_GOBNI,sp|P41590.1|OPSD_PSAFA,sp|P51475.1|OPSP_CHICK,sp|P32309.1|OPSD_CARAU,sp|Q9R024.1|OPSG_CAVPO,sp|P87369.1|OPSD_ORYLA,sp|P34989.1|OPSL_CALJA,sp|Q9YH05.1|OPSD_DIPAN,sp|Q9YGZ8.1|OPSD_CHELB,sp|Q9YGZ5.1|OPSD_SOLSO,sp|O35476.2|OPSG_RAT,sp|Q9DGG4.1|OPSD_TETNG,sp|Q9YGZ3.1|OPSD_SALPV,sp|P35359.2|OPSD_DANRE,sp|P79848.1|OPSD_POERE,sp|O35599.1|OPSG_MOUSE,sp|O35478.2|OPSG_SCICA,sp|Q9YGZ6.1|OPSD_CHEAU,sp|Q98980.1|OPSD_PETMA,sp|P04000.2|OPSR_HUMAN,sp|P04001.1|OPSG_HUMAN,sp|O18913.2|OPSR_FELCA,sp|O18912.2|OPSR_HORSE,sp|Q9BGI7.1|OPSR_BOVIN,sp|Q95170.1|OPSR_CAPHI,sp|O18914.2|OPSR_CANLF,sp|O18910.2|OPSG_RABIT,sp|P41592.1|OPSR_ANOCA,sp|P22329.1|OPSR_CHICK,sp|P87367.1|OPSR_ORYLA,sp|P32313.1|OPSR_CARAU,sp|O12948.1|OPSR_XENLA,sp|Q9W6A7.1|OPSR1_DANRE,sp|P22332.2|OPSR_PSAFA,sp|Q8AYN0.1|OPSR2_DANRE,sp|P35358.1|OPSG_GEKGE,sp|P22331.1|OPSG2_PSAFA,sp|P22330.1|OPSG1_PSAFA,sp|O18911.1|OPSG_ODOVI,sp|Q90215.1|OPSD2_ANGAN,sp|P79756.1|OPSD_GAMAF,sp|O42490.1|OPSP_PETMA
sp|P60015.1|OPSB_PANTR,1.0,0.99984515,0.9989977,0.99766994,0.997892,0.998127,0.9960647,0.9884867,0.99558824,0.99122787,0.9875119,0.9900924,0.9939405,0.99558634,0.99403316,0.9908619,0.9837309,0.9827362,0.98674154,0.96782815,0.99517894,0.99471796,0.9954818,0.99297297,0.98834944,0.9956182,0.9908894,0.9875249,0.988688,0.9918244,0.98858297,0.9933385,0.9863496,0.9859951,0.9929558,0.98452264,0.9864305,0.9879072,0.9897325,0.9883207,0.98489136,0.9859642,0.98785776,0.987115,0.98957527,0.9917445,0.98589855,0.9889686,0.98589987,0.9947398,0.9861195,0.9892454,0.9896973,0.98993945,0.9893144,0.98993313,0.98855054,0.98927397,0.98686767,0.9907037,0.9892516,0.9873902,0.9904835,0.99138945,0.9895777,0.98929495,0.9866041,0.9900861,0.9896305,0.9914112,0.98606366,0.9897301,0.9877958,0.9910356,0.99062216,0.990579,0.9920702,0.99124336,0.98800313,0.9897187,0.9897001,0.9893927,0.9880824,0.9724944,0.98744076,0.9879545,0.9867739,0.9911292,0.9886073,0.98711014,0.9881228,0.9904769,0.9887369,0.98805207,0.9882183,0.9893233,0.9904705,0.9883937,0.98679817,0.9919234,0.9887587,0.98892,0.9852645,0.9874779,0.98853374,0.988821,0.9873097,0.9890306,0.9851136,0.9883919,0.9860955,0.98437595,0.9867457,0.9815049,0.9846524,0.98157763,0.9838321,0.98427755,0.9847414,0.9701079,0.9866472,0.98862714,0.958687
sp|P03999.2|OPSB_HUMAN,0.99984515,1.0,0.99891645,0.9977939,0.9980509,0.99802613,0.99616885,0.9887683,0.9957658,0.99143875,0.987308,0.9903163,0.99416375,0.99541783,0.9943436,0.99128556,0.9844644,0.98290735,0.9870966,0.9683409,0.99538404,0.994808,0.9954266,0.99330926,0.98874515,0.9955449,0.99130464,0.9878794,0.9891536,0.99236304,0.98920476,0.9936019,0.9871522,0.98660886,0.993181,0.98535866,0.987235,0.98859894,0.9902816,0.98903763,0.98575497,0.9867503,0.988598,0.98792124,0.99032825,0.9921708,0.9868115,0.9891676,0.9866714,0.9952314,0.9870453,0.989708,0.9903461,0.9905507,0.9897199,0.9905951,0.9892245,0.9897738,0.987671,0.99132997,0.9900446,0.98826367,0.990783,0.99180794,0.9899382,0.9895483,0.9872929,0.99014044,0.98988634,0.9917231,0.9868338,0.9900299,0.9880613,0.9913781,0.9908477,0.99087405,0.9924918,0.9915457,0.98807085,0.9899958,0.9899586,0.9897407,0.988562,0.972891,0.98749405,0.9877353,0.9872204,0.99093,0.9888068,0.9874054,0.98849213,0.9906056,0.98899096,0.98842335,0.9885254,0.9895931,0.9904545,0.9882254,0.9870794,0.99247825,0.9883586,0.9886409,0.9846029,0.98703086,0.9881822,0.9885123,0.98708546,0.9888998,0.9843312,0.9877702,0.9853319,0.9836367,0.9865073,0.9807038,0.9838571,0.9809575,0.9831842,0.98386204,0.9843866,0.97064793,0.9869985,0.98891854,0.9575927
sp|O13092.1|OPSB_SAIBB,0.9989977,0.99891645,0.9999999,0.9973081,0.99837756,0.9985613,0.99720216,0.99046713,0.9964493,0.9908255,0.9875883,0.989378,0.99344254,0.99612844,0.99318695,0.9900407,0.98296726,0.9843433,0.98549414,0.96840894,0.99526346,0.9942837,0.9951806,0.9919299,0.9877416,0.99538076,0.99017435,0.98680806,0.98826236,0.9918729,0.98859644,0.9929991,0.9855564,0.9860251,0.9922394,0.9839092,0.98543775,0.98722696,0.9894463,0.9876111,0.9838625,0.9851885,0.987025,0.98636395,0.9889534,0.990674,0.9850147,0.988628,0.98503196,0.9943523,0.9853384,0.9890324,0.9893791,0.99009234,0.9892817,0.9891508,0.9886268,0.9891405,0.98611456,0.9902122,0.98844564,0.986785,0.99060154,0.99116385,0.9907137,0.9898545,0.98596036,0.99092966,0.9904508,0.99202806,0.985126,0.98917174,0.98826337,0.9923046,0.9915746,0.9915787,0.9930073,0.9920053,0.98849106,0.99075884,0.9906484,0.9901586,0.9885859,0.9742322,0.98809034,0.9897176,0.9879459,0.99243295,0.9890671,0.9888152,0.98853135,0.9914191,0.9894666,0.9888283,0.9888787,0.9900751,0.99147207,0.98924303,0.9882574,0.99173594,0.990383,0.9907792,0.9865094,0.98856384,0.989465,0.98968947,0.9885074,0.99063337,0.9865911,0.989739,0.9867087,0.9845763,0.98720473,0.98138475,0.9849671,0.98204243,0.98498046,0.98486257,0.9849537,0.9701481,0.986907,0.9895339,0.95966566
sp|Q63652.2|OPSB_RAT,0.99766994,0.9977939,0.9973081,0.9999997,0.99898505,0.99809504,0.99474156,0.9886204,0.995469,0.9880357,0.98087037,0.98530346,0.9919537,0.99245256,0.9916882,0.98809,0.9807752,0.98567826,0.98473597,0.9709865,0.9940668,0.9921615,0.99321395,0.98976135,0.9861578,0.9928217,0.9885793,0.9856025,0.98527825,0.9893881,0.9856939,0.98993456,0.9836203,0.9842707,0.98892236,0.98201346,0.9834162,0.9851506,0.98615426,0.9852207,0.9822135,0.9833594,0.9851014,0.9841182,0.987691,0.9886522,0.9831232,0.984632,0.98316604,0.99247515,0.98310184,0.98617065,0.9879758,0.98669493,0.9863342,0.9879415,0.98748004,0.98561275,0.9841767,0.98892933,0.98645663,0.9850603,0.9888308,0.98973703,0.9891829,0.9889468,0.9831189,0.9890222,0.988563,0.9909824,0.982326,0.98463154,0.9874816,0.9906154,0.9896102,0.9901655,0.9917349,0.9907112,0.9855073,0.9888174,0.9878217,0.9873769,0.9861903,0.9734829,0.9859117,0.9880061,0.9841889,0.990887,0.98715866,0.9854077,0.9872954,0.9906839,0.9876866,0.98657346,0.98705846,0.988533,0.9907843,0.98861265,0.9849427,0.9894501,0.989041,0.9891465,0.985886,0.9867695,0.98903704,0.98944175,0.9884969,0.9899257,0.98345,0.98740077,0.9833023,0.98139775,0.98660654,0.97776806,0.98054904,0.9786795,0.98246443,0.98357475,0.9840994,0.9689424,0.9850093,0.98714906,0.9609633
sp|P51491.1|OPSB_MOUSE,0.997892,0.9980509,0.99837756,0.99898505,1.0000005,0.9985816,0.99614847,0.99207073,0.99598265,0.9893588,0.9833833,0.986575,0.99178946,0.9945512,0.9916818,0.98861015,0.9797092,0.9876715,0.98344207,0.9701687,0.99432254,0.99305654,0.9932394,0.9900458,0.9851171,0.9938804,0.98754334,0.9843713,0.98500746,0.98938084,0.98544693,0.9899471,0.98298687,0.98307145,0.98989785,0.98112375,0.9830996,0.98455775,0.98588556,0.9847826,0.98149693,0.98244935,0.98405933,0.9833773,0.9870386,0.98917615,0.9826584,0.9841851,0.9823487,0.9923848,0.982746,0.98598665,0.98748314,0.986762,0.98611,0.98738086,0.9862809,0.98622614,0.98382425,0.9884634,0.98592913,0.98439753,0.98858136,0.9890576,0.9893509,0.98814034,0.98292005,0.98903203,0.9884341,0.99038124,0.9816561,0.98615503,0.98661196,0.9911777,0.9895702,0.98990154,0.9915178,0.9902104,0.9853767,0.98886764,0.98841786,0.98794943,0.9864329,0.9750986,0.9856135,0.98988765,0.98523337,0.9923346,0.98674834,0.9866257,0.98723036,0.99132824,0.9878792,0.9868104,0.9868382,0.98839605,0.9912674,0.9892612,0.98594105,0.9893163,0.9902588,0.9908503,0.9872823,0.98837286,0.98995906,0.9901634,0.9897022,0.99082243,0.9859439,0.9892999,0.9856672,0.983349,0.9875574,0.9792762,0.98291147,0.9811454,0.98514676,0.9840648,0.9845905,0.97135454,0.98398256,0.9874063,0.9612353
sp|P51490.1|OPSB_BOVIN,0.998127,0.99802613,0.9985613,0.99809504,0.9985816,1.0000005,0.9969368,0.99087936,0.99629986,0.99172723,0.9866118,0.9890642,0.9920641,0.9947208,0.9925779,0.98902124,0.9823424,0.98445475,0.98611236,0.96514344,0.99440205,0.9942799,0.9937676,0.9915357,0.9877385,0.9953402,0.9890667,0.98690486,0.98761815,0.99118304,0.9875975,0.99113405,0.9845664,0.9858383,0.9909539,0.9829961,0.9849481,0.9868216,0.9885261,0.9869654,0.9836441,0.98449516,0.98681116,0.9853295,0.9887993,0.98943865,0.98396486,0.98752004,0.9845885,0.9934266,0.9845437,0.9882416,0.9890425,0.9891507,0.98879313,0.9888379,0.9889531,0.9878556,0.9855871,0.99019915,0.98737645,0.9860391,0.98987633,0.9911899,0.9905591,0.989879,0.98497266,0.99086875,0.99013627,0.9918801,0.9840453,0.9873253,0.98826116,0.99244803,0.99101317,0.9914141,0.99266994,0.99172497,0.98809224,0.9908721,0.99021184,0.98962545,0.9887075,0.97124994,0.9882465,0.98992234,0.9871754,0.9922054,0.9884229,0.9880515,0.9890949,0.9921716,0.98923004,0.98835284,0.9886665,0.9902618,0.9922057,0.9898551,0.9875009,0.991184,0.990751,0.9908586,0.9871605,0.9884996,0.9900816,0.9902655,0.9890671,0.9908271,0.98745453,0.99039376,0.98712486,0.9856413,0.988184,0.98235184,0.98488235,0.9827543,0.9866525,0.9863537,0.9865413,0.9681265,0.9867709,0.98949057,0.9611837
sp|O57605.1|OPSUV_MELUD,0.9960647,0.99616885,0.99720216,0.99474156,0.99614847,0.9969368,1.0,0.99312866,0.99708104,0.9911542,0.99076825,0.9914118,0.99166197,0.99355894,0.9954496,0.99204946,0.98867273,0.9827199,0.9910425,0.9633803,0.9917621,0.9953551,0.99355847,0.9951433,0.992972,0.9961351,0.9930301,0.9924375,0.99324393,0.9947677,0.992259,0.9951507,0.99019384,0.9907218,0.9946065,0.9894986,0.9907995,0.99213064,0.9932198,0.9922149,0.9896113,0.99025494,0.9914984,0.9907988,0.9927993,0.9918984,0.98948795,0.99280715,0.99004877,0.99507105,0.9900961,0.99385315,0.99324286,0.99362135,0.99374175,0.9928395,0.9921818,0.9935431,0.99112284,0.9938322,0.99167633,0.99090314,0.99386966,0.99531376,0.99477094,0.9942739,0.9911634,0.99546444,0.9945545,0.99553275,0.98988545,0.9925338,0.99340004,0.9951007,0.99537724,0.99497414,0.99559224,0.9955066,0.9941587,0.99495065,0.994549,0.99421847,0.99324715,0.97025675,0.99375635,0.99130917,0.99310946,0.99380064,0.99328136,0.9928939,0.99351215,0.9939303,0.99424994,0.9930889,0.99365515,0.994296,0.993745,0.99237007,0.9927405,0.9944371,0.99213994,0.9922031,0.98902065,0.9905932,0.9911999,0.9911517,0.9897327,0.9918976,0.99046075,0.99165726,0.990284,0.9899483,0.9920714,0.98729646,0.98971814,0.9878513,0.9893693,0.9902514,0.9900875,0.97365975,0.99188834,0.99378514,0.9575274
sp|P28684.1|OPSV_CHICK,0.9884867,0.9887683,0.99046713,0.9886204,0.99207073,0.99087936,0.99312866,0.9999996,0.9879665,0.9835771,0.9846484,0.9833541,0.9787338,0.98989403,0.98828685,0.9882226,0.97729987,0.9909879,0.97788465,0.9698018,0.98146886,0.98966116,0.98358196,0.98646116,0.9812168,0.98979616,0.98465663,0.980363,0.98290986,0.9859562,0.9799021,0.98568887,0.98083377,0.9806497,0.98785996,0.97914,0.9822639,0.98240614,0.98236334,0.98213816,0.98035026,0.98114306,0.98120934,0.9806001,0.98465025,0.98722696,0.9808601,0.9800685,0.98088557,0.98404366,0.9811099,0.9826902,0.986394,0.98276925,0.9820545,0.9850106,0.98395073,0.9850742,0.98251104,0.9867281,0.9829582,0.98236746,0.98709875,0.98530877,0.98860294,0.98467827,0.9813763,0.98943186,0.9879193,0.98613346,0.9793132,0.98587334,0.9839156,0.9907479,0.98600775,0.98709154,0.9870288,0.98662853,0.98544794,0.9872513,0.98914546,0.9884616,0.9878824,0.97820276,0.98625857,0.99251866,0.987283,0.9925319,0.98593134,0.9899584,0.98712945,0.9912724,0.98862016,0.987478,0.9877583,0.9875917,0.99075526,0.98890305,0.9887704,0.98369604,0.98946255,0.9904219,0.98898846,0.9889485,0.988909,0.9890778,0.99020773,0.9908747,0.9903299,0.9909601,0.9900478,0.98600763,0.9876683,0.98241514,0.98824185,0.98675513,0.98834836,0.98430383,0.98508114,0.9750867,0.9836784,0.987846,0.96442413
sp|P51473.1|OPSV_XENLA,0.99558824,0.9957658,0.9964493,0.995469,0.99598265,0.99629986,0.99708104,0.9879665,0.99999976,0.98862636,0.9852991,0.98877853,0.99303544,0.99103785,0.9932871,0.98692507,0.9860427,0.9783591,0.9893372,0.95995295,0.993582,0.9932978,0.9927651,0.99159014,0.99038166,0.99408436,0.99020964,0.99013305,0.99048406,0.9931513,0.9915106,0.99189085,0.98690957,0.9889834,0.99015534,0.98604196,0.9869313,0.98813707,0.99059576,0.9886626,0.9855501,0.9863854,0.98872864,0.9874692,0.9899567,0.987267,0.98641187,0.9900459,0.9855488,0.9947871,0.9863411,0.9916035,0.99005884,0.99154866,0.99242646,0.98989236,0.9908253,0.9892471,0.987254,0.9908055,0.9881108,0.9872147,0.99078393,0.9926466,0.991196,0.99201006,0.98696375,0.9920275,0.9906521,0.9934522,0.9858533,0.9873344,0.99086195,0.9913053,0.9933873,0.9926005,0.99430203,0.99307454,0.9901811,0.9920237,0.99035287,0.99012685,0.98931646,0.9642693,0.9900956,0.9857583,0.98869526,0.9891596,0.989202,0.98730123,0.9898045,0.99045867,0.98958683,0.9887423,0.9896064,0.99099267,0.9902488,0.98776406,0.98700196,0.9924915,0.9877255,0.9875104,0.9828905,0.9840599,0.9862619,0.98627263,0.9846371,0.9875485,0.9848346,0.9860025,0.9826355,0.9832443,0.9905964,0.97878057,0.98087764,0.9795338,0.9850534,0.9862296,0.98559254,0.9661005,0.9892396,0.9897104,0.9514883
sp|P87368.1|OPSV_ORYLA,0.99122787,0.99143875,0.9908255,0.9880357,0.9893588,0.99172723,0.9911542,0.9835771,0.98862636,0.99999976,0.9922664,0.9946612,0.9888287,0.9896764,0.9900257,0.98670715,0.9812639,0.9736079,0.986256,0.9468858,0.98837537,0.99334127,0.9891653,0.9905366,0.9867318,0.99420726,0.98400426,0.98557436,0.9870371,0.98884726,0.98621404,0.9872533,0.98202884,0.98269033,0.9904865,0.98124945,0.9840969,0.98563194,0.9878266,0.98583364,0.9828364,0.982967,0.9857577,0.9836864,0.9864962,0.98757946,0.98143286,0.9870026,0.98366475,0.98981166,0.9834182,0.9871642,0.98488486,0.9869418,0.9880675,0.98649096,0.9853252,0.98762554,0.9846601,0.9876794,0.98538315,0.98410857,0.9842093,0.9890835,0.9868736,0.9863355,0.9849005,0.98643166,0.9868034,0.9883057,0.98367566,0.9871551,0.98534364,0.9892276,0.98748964,0.98787147,0.9883591,0.98800737,0.9853668,0.98833376,0.9866215,0.9861431,0.98679686,0.9582273,0.9845761,0.98233086,0.98548543,0.98574436,0.9856085,0.9841754,0.98747337,0.9862588,0.9855778,0.9853869,0.98442835,0.987158,0.986294,0.9842708,0.9842582,0.99036425,0.9846384,0.98410803,0.98106384,0.98402286,0.98420167,0.9841751,0.9818239,0.98189986,0.9837477,0.98586845,0.98399067,0.9854215,0.98272866,0.9846922,0.9838129,0.98322386,0.9838134,0.9835199,0.9847566,0.96551204,0.98409706,0.9870425,0.95118695
sp|Q9W6A9.2|OP1S1_DANRE,0.9875119,0.987308,0.9875883,0.98087037,0.9833833,0.9866118,0.99076825,0.9846484,0.9852991,0.9922664,0.9999999,0.99763626,0.9852877,0.9882761,0.99063075,0.9887363,0.98617005,0.9699465,0.9875647,0.94421446,0.98087806,0.99255085,0.98759997,0.99108064,0.9887579,0.9926563,0.98636657,0.9878073,0.9909706,0.99001354,0.98834413,0.9883724,0.98640776,0.9861955,0.992921,0.985909,0.98824465,0.98854125,0.98954886,0.9890777,0.98664665,0.9874378,0.98844457,0.9871156,0.98826796,0.9887942,0.98559666,0.9906292,0.98782814,0.98670906,0.9867115,0.98997307,0.9880513,0.9889308,0.99009347,0.9883952,0.98611283,0.9894661,0.9883142,0.98927015,0.98806655,0.98687345,0.98683226,0.9889601,0.9865369,0.98635674,0.9896358,0.989338,0.9876847,0.98756087,0.98733866,0.9919055,0.9862644,0.98766756,0.98785067,0.98679376,0.98712206,0.9874256,0.98948765,0.98780346,0.9890457,0.9888047,0.98794365,0.95579755,0.98808265,0.9818053,0.9886109,0.9864679,0.98820543,0.98687774,0.98766786,0.98555183,0.9879122,0.98749524,0.9867009,0.9875889,0.9855293,0.98412764,0.98716813,0.9882619,0.98372114,0.9827907,0.9814144,0.9841044,0.98334825,0.98286426,0.98024476,0.980762,0.9867766,0.9862874,0.98886317,0.99050343,0.98504865,0.9903636,0.99043953,0.9889306,0.98598474,0.9874472,0.98765075,0.9695991,0.98821366,0.9881125,0.9486346
sp|Q90309.1|OPSUV_CARAU,0.9900924,0.9903163,0.989378,0.98530346,0.986575,0.9890642,0.9914118,0.9833541,0.98877853,0.9946612,0.99763626,1.0000001,0.99041104,0.98883384,0.9925666,0.9895899,0.98831284,0.97071904,0.9901228,0.94733024,0.98593926,0.9936353,0.9907943,0.9927821,0.9907988,0.9933593,0.9881277,0.99006927,0.9922601,0.99194187,0.99042326,0.989689,0.9886719,0.98814034,0.9938081,0.98808444,0.99011195,0.99043417,0.9912864,0.99112254,0.9886534,0.9894059,0.99081194,0.9897783,0.99089706,0.99016404,0.98820364,0.9914504,0.9897382,0.99057484,0.9890113,0.9916194,0.98989975,0.9900884,0.99193406,0.9909787,0.9883882,0.9904708,0.9902556,0.99154264,0.9905725,0.9896084,0.9874373,0.9911064,0.9874113,0.9873781,0.9912249,0.9888727,0.9875617,0.9893383,0.98919976,0.9919967,0.98751163,0.988116,0.9888545,0.98792195,0.98918796,0.9889119,0.98876226,0.9880683,0.98847497,0.9886144,0.98783773,0.9564687,0.9872566,0.9820044,0.98775107,0.9874292,0.9882154,0.9852429,0.98817635,0.98752165,0.9876773,0.9875665,0.98648155,0.98795855,0.9875603,0.9854342,0.9854963,0.9907706,0.9842249,0.98337907,0.9806837,0.9834946,0.98408544,0.9837103,0.9810937,0.9814007,0.98421013,0.9848635,0.98584086,0.98800206,0.98612666,0.9875642,0.9865353,0.98576283,0.9839004,0.98734957,0.98780364,0.9710514,0.9887614,0.9877454,0.94569135
sp|P32310.1|OPSB_CARAU,0.9939405,0.99416375,0.99344254,0.9919537,0.99178946,0.9920641,0.99166197,0.9787338,0.99303544,0.9888287,0.9852877,0.99041104,1.0000001,0.99276257,0.99244714,0.9885465,0.9861705,0.97542226,0.9890381,0.9587302,0.99612427,0.9920129,0.9977949,0.99247766,0.98937887,0.99200964,0.9890127,0.98867965,0.9890356,0.99186265,0.9910254,0.9916334,0.9877625,0.98608583,0.9919159,0.98681766,0.9872693,0.988309,0.98990035,0.9891687,0.9861421,0.98663133,0.98822325,0.9882669,0.989445,0.9902113,0.9871567,0.98948836,0.9870365,0.9949349,0.9872203,0.990087,0.988463,0.9901243,0.9904154,0.989654,0.9867834,0.98960745,0.98825735,0.98950356,0.9896109,0.98802525,0.98731613,0.99040246,0.9873525,0.98860115,0.9882567,0.98692685,0.9868236,0.9907055,0.9871805,0.98977816,0.9879678,0.98718387,0.9900706,0.9889705,0.9910965,0.9900372,0.98569846,0.98772013,0.9860183,0.986513,0.98461616,0.9630375,0.9840306,0.9817255,0.9848966,0.9860463,0.98728055,0.9824947,0.9864098,0.9867742,0.98617536,0.9859411,0.984501,0.98683095,0.98656905,0.98517424,0.98279583,0.9924749,0.9843603,0.9842675,0.9791113,0.9827632,0.9844539,0.9842519,0.981797,0.98306596,0.97998095,0.9827235,0.97903454,0.98089546,0.98459244,0.9786721,0.97879,0.977733,0.97883165,0.9823798,0.98329943,0.96468526,0.9852427,0.9858089,0.94910026
sp|P87365.1|OPSB_ORYLA,0.99558634,0.99541783,0.99612844,0.99245256,0.9945512,0.9947208,0.99355894,0.98989403,0.99103785,0.9896764,0.9882761,0.98883384,0.99276257,0.99999976,0.9912644,0.99055743,0.98035914,0.9871261,0.982614,0.96749413,0.99382,0.9936885,0.9953625,0.9907919,0.9847147,0.99455,0.9877194,0.98350286,0.98564494,0.9895636,0.9853407,0.99080664,0.9835732,0.98196006,0.99260247,0.98150945,0.98355126,0.98502135,0.9867443,0.98560065,0.9821416,0.98305434,0.98411953,0.98390424,0.9867369,0.991658,0.98317254,0.98578656,0.98372453,0.9912658,0.983546,0.98632765,0.9872895,0.9873611,0.9864602,0.9869912,0.9847387,0.9886726,0.98460644,0.9880161,0.98677874,0.98489046,0.98774195,0.98801106,0.9877426,0.98602945,0.98444587,0.9882655,0.9878068,0.9881313,0.98304343,0.99051285,0.98467505,0.9899757,0.9880812,0.98820853,0.9890437,0.9881078,0.9856242,0.9876746,0.988108,0.9877535,0.9860447,0.9758223,0.9846382,0.989797,0.9863496,0.9914939,0.98706377,0.9873376,0.9864628,0.9903117,0.9876125,0.98682165,0.98572284,0.98710966,0.99035686,0.9880743,0.986641,0.98961806,0.98938507,0.99015,0.98589903,0.9887977,0.9889398,0.98902845,0.98794925,0.98935753,0.98773444,0.9898747,0.98746157,0.9851668,0.98486215,0.982721,0.9868649,0.98377526,0.9852648,0.98280954,0.9839785,0.97055876,0.983929,0.9872024,0.9630054
sp|Q8AYM7.1|OPSG3_DANRE,0.99403316,0.9943436,0.99318695,0.9916882,0.9916818,0.9925779,0.9954496,0.98828685,0.9932871,0.9900257,0.99063075,0.9925666,0.99244714,0.9912644,0.9999997,0.99756944,0.99369365,0.979846,0.99437165,0.96585923,0.98996437,0.9977759,0.99324507,0.9978211,0.99572605,0.9971798,0.9972523,0.9951122,0.99644613,0.9977398,0.9956297,0.99733293,0.99542886,0.99507266,0.99809664,0.99485195,0.9957682,0.9958553,0.9964931,0.99602056,0.99496925,0.9951678,0.99583805,0.9956078,0.99680996,0.9973359,0.99484736,0.99573827,0.9948962,0.9969277,0.9952278,0.99641895,0.9969789,0.9963412,0.9960731,0.9969407,0.9960498,0.9968736,0.99609613,0.9971402,0.9962026,0.99550486,0.99650174,0.9970172,0.9956986,0.9954338,0.9956678,0.9963616,0.9953708,0.9963427,0.99507546,0.9967742,0.99504006,0.9951837,0.9958321,0.9958171,0.99633014,0.9962154,0.99528855,0.99575335,0.99596316,0.99614805,0.99568826,0.97094,0.9945052,0.9877846,0.99558926,0.99069417,0.9960092,0.9936986,0.99631536,0.99182785,0.9959547,0.99613845,0.9954875,0.99616283,0.9908403,0.99008596,0.994068,0.9968143,0.98814017,0.9878658,0.98515165,0.9874877,0.9884116,0.98854864,0.9871175,0.9885572,0.9868938,0.988243,0.98712397,0.98759127,0.9904053,0.98541427,0.98742235,0.98588055,0.9849015,0.988182,0.98929524,0.9717168,0.9956416,0.99597,0.95623827
sp|Q9W6A6.2|OPSG4_DANRE,0.9908619,0.99128556,0.9900407,0.98809,0.98861015,0.98902124,0.99204946,0.9882226,0.98692507,0.98670715,0.9887363,0.9895899,0.9885465,0.99055743,0.99756944,1.0000001,0.9909593,0.98323417,0.99003303,0.9724684,0.9859444,0.99534464,0.99026513,0.99600464,0.9924449,0.99451715,0.9962497,0.99125373,0.9933943,0.9952576,0.9916122,0.99583626,0.9942968,0.992046,0.9981585,0.99333656,0.99439085,0.99448335,0.99404293,0.99433184,0.99389917,0.9940205,0.99346626,0.99424714,0.9951434,0.9994793,0.9938692,0.99248093,0.9946645,0.99341357,0.9944258,0.9932355,0.9953387,0.9934826,0.9918818,0.99548084,0.9932661,0.9962324,0.995204,0.9954395,0.99577504,0.9950131,0.9950442,0.9941611,0.9946024,0.99244964,0.9945506,0.99383926,0.9939888,0.99364686,0.9940965,0.99727744,0.9923128,0.99469465,0.9929478,0.9937022,0.99354255,0.9938545,0.99210656,0.9932475,0.99509305,0.99537796,0.99410456,0.9778177,0.9912023,0.9880147,0.9947654,0.98953927,0.9955588,0.9944751,0.994862,0.98970425,0.9954013,0.9958263,0.9942037,0.9942676,0.98854744,0.9882767,0.99481475,0.994524,0.98642266,0.9868365,0.9847031,0.9877706,0.9877095,0.98802423,0.9876102,0.98795956,0.98486465,0.9873532,0.9861858,0.98481476,0.9847061,0.98379856,0.9870584,0.9849682,0.9806142,0.983092,0.9854926,0.9753562,0.9927922,0.99477905,0.95878214
sp|Q8HY69.2|OPSD_SMICR,0.9837309,0.9844644,0.98296726,0.9807752,0.9797092,0.9823424,0.98867273,0.97729987,0.9860427,0.9812639,0.98617005,0.98831284,0.9861705,0.98035914,0.99369365,0.9909593,0.99999994,0.9632812,0.9966825,0.9505626,0.979808,0.9882336,0.98643637,0.9932593,0.99774617,0.98769057,0.9955561,0.9975425,0.9982052,0.99651015,0.9967495,0.99407727,0.99855864,0.9973056,0.9920416,0.99904084,0.9985602,0.9982116,0.9976888,0.9982841,0.99860543,0.9985714,0.9984945,0.9985572,0.99806356,0.98965687,0.99850774,0.9974116,0.9983615,0.9923356,0.99824965,0.99775624,0.99726236,0.9969039,0.99723476,0.9976965,0.99592614,0.99420357,0.99843156,0.99717283,0.9973469,0.9980649,0.99359226,0.9958511,0.99254954,0.99302447,0.99863183,0.9929129,0.9919734,0.9937135,0.998255,0.9922427,0.993991,0.98979783,0.9933223,0.99215686,0.99280035,0.9934997,0.99493617,0.9919511,0.9924863,0.99348605,0.99367464,0.95371413,0.9941385,0.9760167,0.9936925,0.9806459,0.9943032,0.9897538,0.99330914,0.98403513,0.9929824,0.9928452,0.99390745,0.993447,0.9830531,0.98110104,0.99050933,0.99274194,0.9764744,0.9756427,0.9721309,0.9752796,0.9764811,0.97637874,0.97424066,0.9764049,0.9769459,0.9756195,0.9770129,0.9797325,0.9838794,0.9786854,0.979213,0.9775366,0.9757262,0.98277885,0.98340905,0.9633076,0.99560213,0.99297523,0.93754286
sp|P28682.1|OPSB_CHICK,0.9827362,0.98290735,0.9843433,0.98567826,0.9876715,0.98445475,0.9827199,0.9909879,0.9783591,0.9736079,0.9699465,0.97071904,0.97542226,0.9871261,0.979846,0.98323417,0.9632812,1.0000004,0.96535313,0.98245794,0.9798871,0.9825358,0.9802781,0.9779244,0.96924394,0.98224795,0.9767528,0.96780306,0.9691453,0.9763917,0.96888095,0.9770496,0.9704489,0.96918285,0.98041654,0.9678382,0.9701776,0.97121394,0.9700772,0.97109276,0.9688888,0.97019416,0.96931314,0.9697155,0.97446215,0.9833337,0.969734,0.966987,0.9708657,0.9758419,0.9699608,0.97000706,0.97627985,0.97163033,0.9688869,0.97503084,0.9736576,0.97569317,0.97174805,0.9766691,0.9744251,0.9728218,0.9783753,0.9749327,0.9809914,0.97722405,0.9698981,0.98000914,0.98072416,0.97866803,0.96809024,0.977332,0.97583073,0.9847213,0.97792345,0.9801127,0.97986174,0.97900516,0.97301245,0.9790048,0.98026705,0.97939134,0.97689927,0.987906,0.97380555,0.99013937,0.9767763,0.98780364,0.9786044,0.98196554,0.97841597,0.98519623,0.9810513,0.97997236,0.9782213,0.9785651,0.98490626,0.98485434,0.980726,0.97614443,0.98674613,0.98835236,0.987967,0.98771524,0.98808116,0.9887334,0.9909667,0.9903195,0.98236895,0.9875723,0.9822563,0.9762694,0.97686833,0.9728339,0.9797032,0.9782212,0.9776821,0.97346866,0.97570354,0.9707075,0.97314155,0.97869873,0.97395486
sp|P56516.1|OPSD_RANTE,0.98674154,0.9870966,0.98549414,0.98473597,0.98344207,0.98611236,0.9910425,0.97788465,0.9893372,0.986256,0.9875647,0.9901228,0.9890381,0.982614,0.99437165,0.99003303,0.9966825,0.96535313,0.99999964,0.94540334,0.9830394,0.99169767,0.98962355,0.99518424,0.999205,0.9914812,0.99363583,0.9993679,0.99789995,0.9957154,0.995921,0.9933166,0.9952629,0.9943353,0.9927422,0.99592113,0.99593914,0.99640685,0.99616706,0.9962354,0.9960979,0.99537826,0.9964504,0.9954061,0.99618304,0.98950976,0.9945756,0.996956,0.99552065,0.99332637,0.9948127,0.9979613,0.9951494,0.9953033,0.9981524,0.9958826,0.9939235,0.9941623,0.99615806,0.9957955,0.9946124,0.994857,0.9918212,0.9974018,0.99231696,0.99402297,0.9961175,0.9933747,0.9919839,0.99465835,0.9949937,0.99138355,0.9946705,0.99011624,0.9939505,0.9928371,0.99278206,0.99408805,0.9950166,0.99301976,0.99130034,0.9919078,0.9925172,0.9504496,0.9939574,0.9788916,0.99222195,0.98364633,0.9935604,0.98771894,0.9942248,0.9873046,0.99302995,0.99198234,0.9924158,0.9937253,0.98671776,0.9858911,0.98893774,0.99437034,0.98227054,0.98063815,0.9785722,0.98085785,0.9823514,0.98194724,0.9790597,0.98005307,0.9820856,0.9805283,0.98165953,0.98555535,0.98853564,0.9846804,0.9828983,0.9825597,0.9823416,0.98785204,0.9886601,0.9623631,0.9940942,0.99268454,0.94688255
sp|P51476.1|OPSP_COLLI,0.96782815,0.9683409,0.96840894,0.9709865,0.9701687,0.96514344,0.9633803,0.9698018,0.95995295,0.9468858,0.94421446,0.94733024,0.9587302,0.96749413,0.96585923,0.9724684,0.9505626,0.98245794,0.94540334,1.0000002,0.96456414,0.9629422,0.9616524,0.95968974,0.9518972,0.9619961,0.96905273,0.95033944,0.9530396,0.961752,0.95354885,0.9663356,0.9591788,0.9578068,0.9643978,0.95658755,0.95588636,0.9569386,0.95705134,0.95675933,0.95503336,0.9582533,0.9561373,0.95875585,0.9604185,0.9722926,0.95904607,0.9525378,0.9582026,0.96262044,0.9576697,0.9540974,0.96315455,0.9574251,0.95139146,0.96121347,0.96236485,0.96091413,0.9578749,0.96180797,0.96308535,0.96140176,0.96816206,0.95869666,0.9659585,0.960455,0.9557469,0.9633696,0.964474,0.9630038,0.9565827,0.96119964,0.9590174,0.96780866,0.9609078,0.96438724,0.9652648,0.96415126,0.9560227,0.9610696,0.9653044,0.964744,0.96167946,0.99523675,0.95650375,0.97208726,0.96038884,0.96913683,0.9645201,0.9675712,0.9601987,0.96552616,0.9642962,0.9658311,0.9650438,0.9622053,0.9645137,0.9646725,0.96616477,0.9605479,0.96486557,0.967808,0.96462625,0.9661491,0.9667819,0.96879566,0.9721127,0.9745051,0.95397663,0.963837,0.95660657,0.9455739,0.9515468,0.94268376,0.95436984,0.9479657,0.94340444,0.9462037,0.94825757,0.95725846,0.9598603,0.96244454,0.95235014
sp|P51472.1|OPSB_PSAFA,0.99517894,0.99538404,0.99526346,0.9940668,0.99432254,0.99440205,0.9917621,0.98146886,0.993582,0.98837537,0.98087806,0.98593926,0.99612427,0.99382,0.98996437,0.9859444,0.979808,0.9798871,0.9830394,0.96456414,0.99999994,0.99094874,0.9952143,0.98927855,0.98450965,0.9918085,0.9870688,0.9835914,0.9845327,0.989612,0.9871303,0.98965544,0.9826799,0.982361,0.9892355,0.9810151,0.9818957,0.9840735,0.9871429,0.98505497,0.98089564,0.9820561,0.98438007,0.98387665,0.9860301,0.98781544,0.98229253,0.98562706,0.982063,0.99391127,0.9826412,0.9859185,0.9851674,0.98771596,0.9864639,0.986104,0.98505497,0.9869504,0.9829931,0.9867449,0.98595273,0.98405737,0.9852584,0.98805505,0.98582876,0.9862506,0.98285997,0.98503613,0.9853475,0.9885896,0.98247015,0.9856818,0.9840968,0.9874847,0.98779213,0.98748696,0.98998445,0.9881555,0.9825755,0.9865975,0.9844154,0.98427856,0.98314697,0.9694439,0.9813911,0.98304456,0.98239326,0.98597336,0.9838501,0.9816418,0.98366344,0.9861786,0.9835521,0.98337483,0.9826534,0.98451746,0.9861028,0.9842888,0.9813932,0.9917022,0.98491013,0.98548585,0.9790813,0.9826309,0.9840666,0.9843979,0.9825023,0.98527586,0.97931665,0.9833684,0.9780992,0.97727823,0.9822328,0.9738867,0.9765154,0.9738257,0.97764885,0.9784149,0.97885096,0.95824915,0.98180974,0.9838317,0.9536933
sp|Q8AYM8.1|OPSG2_DANRE,0.99471796,0.994808,0.9942837,0.9921615,0.99305654,0.9942799,0.9953551,0.98966116,0.9932978,0.99334127,0.99255085,0.9936353,0.9920129,0.9936885,0.9977759,0.99534464,0.9882336,0.9825358,0.99169767,0.9629422,0.99094874,0.9999997,0.9934888,0.99584514,0.9924082,0.99948305,0.9930715,0.99160814,0.99310726,0.99525166,0.99260324,0.99373895,0.99021214,0.9901705,0.9965103,0.98936665,0.9910146,0.99165475,0.9929149,0.99179924,0.9900304,0.99007404,0.9915549,0.99023706,0.9929147,0.9957523,0.98921907,0.9925489,0.99015486,0.99451506,0.9899827,0.99315906,0.99317545,0.9929791,0.99361736,0.99299693,0.99251103,0.9938644,0.99184346,0.9938191,0.99185526,0.9905555,0.99294686,0.9944111,0.9932239,0.992977,0.9911516,0.99445504,0.9931488,0.9941447,0.9897854,0.9941787,0.9921221,0.9942664,0.9936762,0.9940003,0.99417603,0.99392396,0.99228024,0.9942522,0.99359936,0.99327755,0.99295294,0.9710781,0.99161863,0.9898604,0.9927845,0.9922736,0.9932054,0.991475,0.9942535,0.99286354,0.9934927,0.9933962,0.9921248,0.99390626,0.9920489,0.9916952,0.9916674,0.99508023,0.9913486,0.9907923,0.98864,0.9906298,0.99142253,0.99145925,0.98992944,0.99066496,0.9905057,0.9917737,0.9902062,0.9904336,0.9911735,0.98809594,0.98946583,0.9886297,0.9891398,0.9898932,0.99103427,0.9706297,0.99248517,0.9937058,0.9635404
sp|Q9W6A8.1|OP1S2_DANRE,0.9954818,0.9954266,0.9951806,0.99321395,0.9932394,0.9937676,0.99355847,0.98358196,0.9927651,0.9891653,0.98759997,0.9907943,0.9977949,0.9953625,0.99324507,0.99026513,0.98643637,0.9802781,0.98962355,0.9616524,0.9952143,0.9934888,0.99999994,0.99414927,0.99063134,0.99379164,0.9903134,0.99000716,0.9902097,0.99229187,0.9899116,0.99280953,0.9886266,0.98558164,0.9935087,0.9874935,0.9883999,0.98965704,0.9900563,0.9901183,0.98735774,0.9876344,0.98892236,0.98873013,0.9907074,0.9916444,0.9879814,0.99037975,0.98808724,0.9941907,0.9879811,0.9907395,0.9905394,0.9899704,0.9909471,0.99100554,0.987017,0.9902928,0.98933184,0.9913858,0.9905897,0.9889572,0.9879252,0.9919436,0.98853093,0.9888586,0.98902816,0.9890411,0.98844475,0.99115944,0.9877447,0.9914748,0.9883281,0.98896515,0.9902951,0.9895568,0.99070644,0.9906789,0.9877392,0.98864937,0.9873054,0.987494,0.9862785,0.9670519,0.9861666,0.98710996,0.9859969,0.99053866,0.9884713,0.9845574,0.98742914,0.99107915,0.98812795,0.9871615,0.986291,0.98797774,0.99088573,0.9899321,0.9847578,0.9921049,0.98935705,0.98905295,0.9851481,0.9883825,0.9893457,0.98908633,0.98693854,0.987808,0.98556745,0.9873259,0.985414,0.9857656,0.98755586,0.9841683,0.9849277,0.98316324,0.98412544,0.98627704,0.9873241,0.9681802,0.98619276,0.9872092,0.95971847
sp|P35357.1|OPSB_GEKGE,0.99297297,0.99330926,0.9919299,0.98976135,0.9900458,0.9915357,0.9951433,0.98646116,0.99159014,0.9905366,0.99108064,0.9927821,0.99247766,0.9907919,0.9978211,0.99600464,0.9932593,0.9779244,0.99518424,0.95968974,0.98927855,0.99584514,0.99414927,0.99999976,0.9966157,0.99577093,0.9957983,0.9958788,0.996559,0.9967011,0.99467915,0.997622,0.9948876,0.9928732,0.9982033,0.9945315,0.9959575,0.9963615,0.99618423,0.9964657,0.9951613,0.9947153,0.995438,0.99540883,0.996383,0.9963823,0.99432665,0.9958296,0.99511003,0.9968354,0.9951323,0.99654955,0.99589,0.9956125,0.9959202,0.99649876,0.99352294,0.99736875,0.9961473,0.99655676,0.9960631,0.9952683,0.993692,0.9972839,0.9942422,0.9941449,0.9960853,0.99458677,0.9941267,0.9952203,0.99540204,0.9971318,0.99397063,0.9936844,0.9945332,0.99407464,0.9942681,0.9950011,0.9946509,0.9942999,0.9939469,0.9944179,0.994014,0.96594286,0.99329376,0.98805785,0.99402267,0.99043447,0.99466515,0.99172634,0.994761,0.9924758,0.9947322,0.9941435,0.99370885,0.99435025,0.99177784,0.9912795,0.9922815,0.9968228,0.9887489,0.9884558,0.9859714,0.98902756,0.98936,0.98924065,0.98733723,0.9882207,0.9875402,0.9884064,0.9881728,0.98933876,0.9900618,0.9886342,0.9890182,0.9877033,0.98593843,0.98906326,0.990379,0.9718199,0.9932607,0.99423426,0.9559322
sp|P51470.1|OPSD_AQUCT,0.98834944,0.98874515,0.9877416,0.9861578,0.9851171,0.9877385,0.992972,0.9812168,0.99038166,0.9867318,0.9887579,0.9907988,0.98937887,0.9847147,0.99572605,0.9924449,0.99774617,0.96924394,0.999205,0.9518972,0.98450965,0.9924082,0.99063134,0.9966157,1.0000001,0.99244994,0.99637103,0.9997965,0.9991109,0.99737364,0.99683374,0.99582255,0.9972234,0.9964209,0.9946265,0.997628,0.9976653,0.9983097,0.9978372,0.9981204,0.9977691,0.9974448,0.99823654,0.9975903,0.9979775,0.9916944,0.9965788,0.9983653,0.9974619,0.994684,0.99699503,0.9991662,0.9973052,0.9970633,0.9988643,0.9977181,0.996058,0.9963932,0.99779904,0.9977298,0.9968833,0.99717724,0.9942684,0.99892783,0.99483967,0.9957238,0.99789715,0.99560106,0.994655,0.9964962,0.9973033,0.9936285,0.9961666,0.99293756,0.99578804,0.99497634,0.9949146,0.99621356,0.99693936,0.99511063,0.9941102,0.9946629,0.99502593,0.95654315,0.9959489,0.9820967,0.99479496,0.9860737,0.9957995,0.9913723,0.99578875,0.9892744,0.9953549,0.994567,0.99514556,0.9956464,0.9887289,0.98747844,0.9923022,0.99604905,0.98405796,0.9829391,0.9803559,0.9828825,0.9840286,0.9838517,0.9812764,0.9830843,0.9831677,0.98257023,0.98332834,0.9858926,0.9885378,0.9853546,0.9846771,0.9834305,0.98228246,0.98795724,0.9886292,0.9656976,0.99605393,0.9949622,0.94860244
sp|Q9W6A5.2|OPSG1_DANRE,0.9956182,0.9955449,0.99538076,0.9928217,0.9938804,0.9953402,0.9961351,0.98979616,0.99408436,0.99420726,0.9926563,0.9933593,0.99200964,0.99455,0.9971798,0.99451715,0.98769057,0.98224795,0.9914812,0.9619961,0.9918085,0.99948305,0.99379164,0.99577093,0.99244994,0.9999999,0.99276996,0.9915815,0.9930185,0.9949142,0.99230987,0.9943231,0.9894553,0.98983335,0.99622405,0.98855686,0.9902735,0.9913404,0.99305284,0.99144113,0.9892976,0.9893626,0.99112314,0.98979837,0.9924094,0.9948187,0.9885236,0.9929184,0.9895143,0.9949797,0.98943996,0.9932895,0.99270636,0.99315095,0.9937679,0.9924893,0.9921963,0.9938308,0.9910387,0.9933733,0.99134487,0.99000525,0.99314487,0.99469507,0.9936204,0.99314797,0.9906205,0.9947072,0.9935415,0.99447554,0.9894241,0.9938382,0.9921831,0.99482596,0.9942167,0.9943911,0.9945545,0.9943356,0.99292123,0.9946351,0.9939456,0.9934961,0.99325794,0.9703913,0.99228,0.9900199,0.9928256,0.992362,0.99320716,0.9919412,0.9940702,0.99272037,0.99355847,0.99324715,0.99249154,0.9941303,0.9921737,0.99135756,0.99205524,0.9952105,0.99144286,0.9910451,0.98849785,0.9905413,0.991237,0.99127567,0.98948824,0.99079144,0.9905211,0.99193084,0.9904464,0.99035776,0.9905895,0.9882,0.98977447,0.98820424,0.9892091,0.98940897,0.9903708,0.97054195,0.99204457,0.99393535,0.9623729
sp|P41591.1|OPSD_ANOCA,0.9908894,0.99130464,0.99017435,0.9885793,0.98754334,0.9890667,0.9930301,0.98465663,0.99020964,0.98400426,0.98636657,0.9881277,0.9890127,0.9877194,0.9972523,0.9962497,0.9955561,0.9767528,0.99363583,0.96905273,0.9870688,0.9930715,0.9903134,0.9957983,0.99637103,0.99276996,1.0000004,0.99578524,0.9967484,0.99770266,0.9950757,0.9973731,0.9973496,0.99673563,0.996011,0.9969645,0.9967575,0.99747366,0.9974522,0.9974195,0.9967394,0.99743885,0.9975314,0.99769354,0.99791235,0.9956839,0.9967561,0.9970163,0.997089,0.9950039,0.9970158,0.99673885,0.9981673,0.9969202,0.9956858,0.9978783,0.99727595,0.99725854,0.99716973,0.9978632,0.9978194,0.99757963,0.9969859,0.9975257,0.9958791,0.9955368,0.99685776,0.9963654,0.9959105,0.99643517,0.9973067,0.99508816,0.99523044,0.9946008,0.9955165,0.99575126,0.99596906,0.9965937,0.99576926,0.9952688,0.9960021,0.996408,0.99557626,0.97148603,0.9949446,0.98466253,0.9956249,0.98703647,0.99681216,0.9943725,0.99553305,0.988873,0.9961486,0.9963877,0.9963473,0.9958874,0.98800147,0.98663783,0.9948345,0.9964797,0.98373175,0.9835969,0.9803992,0.98316145,0.9839897,0.98446465,0.9830499,0.9859483,0.98147047,0.9832435,0.9822771,0.98172235,0.985055,0.98057514,0.9833869,0.9801028,0.977732,0.98316646,0.9840605,0.96812963,0.9963374,0.99576354,0.95254266
sp|P31355.1|OPSD_LITPI,0.9875249,0.9878794,0.98680806,0.9856025,0.9843713,0.98690486,0.9924375,0.980363,0.99013305,0.98557436,0.9878073,0.99006927,0.98867965,0.98350286,0.9951122,0.99125373,0.9975425,0.96780306,0.9993679,0.95033944,0.9835914,0.99160814,0.99000716,0.9958788,0.9997965,0.9915815,0.99578524,0.99999976,0.9987864,0.9966283,0.9961071,0.9950247,0.99660105,0.9957544,0.9937588,0.99719703,0.99704516,0.99770725,0.9972725,0.99748206,0.9972236,0.9968892,0.99763733,0.99696094,0.99742126,0.9905481,0.99597436,0.998,0.9967765,0.99400723,0.9962227,0.99878347,0.99679697,0.9962267,0.9986061,0.9971459,0.9953251,0.9956845,0.9971795,0.99715847,0.99604386,0.9964753,0.9934838,0.9986479,0.993976,0.9950229,0.9972618,0.99516773,0.99368566,0.9958357,0.99642146,0.99273264,0.9956013,0.991697,0.9949832,0.994099,0.9940434,0.9954919,0.9965802,0.99419695,0.9930273,0.99360216,0.99394786,0.95473546,0.99554837,0.9811592,0.9937303,0.9854457,0.9949446,0.9900587,0.99499184,0.9887849,0.99455756,0.99359304,0.9942632,0.9949215,0.98830336,0.9871191,0.9910548,0.99526024,0.98349524,0.9821689,0.9798167,0.98206466,0.9833408,0.98309296,0.9804116,0.9821363,0.9829023,0.98168683,0.9827165,0.9855104,0.9887507,0.98493075,0.9840666,0.98288476,0.98212916,0.9880861,0.9885922,0.9645551,0.9954576,0.99403846,0.94794273
sp|Q90245.1|OPSD_AMBTI,0.988688,0.9891536,0.98826236,0.98527825,0.98500746,0.98761815,0.99324393,0.98290986,0.99048406,0.9870371,0.9909706,0.9922601,0.9890356,0.98564494,0.99644613,0.9933943,0.9982052,0.9691453,0.99789995,0.9530396,0.9845327,0.99310726,0.9902097,0.996559,0.9991109,0.9930185,0.9967484,0.9987864,0.99999964,0.99803615,0.9974619,0.9964669,0.9977054,0.99694145,0.9955629,0.9978875,0.9982436,0.998467,0.9987196,0.9985373,0.9979732,0.99790233,0.9986121,0.9981433,0.9981603,0.9924973,0.9974295,0.9988561,0.99763554,0.99508905,0.9976708,0.99951893,0.9978007,0.99794555,0.99919766,0.99782884,0.99667114,0.9970038,0.9981872,0.9979053,0.99745005,0.99758303,0.99506104,0.9985204,0.9944978,0.99474794,0.9985065,0.99579865,0.9943168,0.99562323,0.997905,0.99515325,0.9951154,0.99291587,0.9952934,0.99433166,0.9947334,0.9954843,0.99722636,0.99463236,0.9948273,0.99532753,0.9956816,0.958575,0.9960529,0.982028,0.9956084,0.98598707,0.9956747,0.99228203,0.9953613,0.9887209,0.9950269,0.99477494,0.99552304,0.99548125,0.98802906,0.9863338,0.9929288,0.9960539,0.98316455,0.98237675,0.9790255,0.98203623,0.982817,0.98266995,0.98017883,0.9825706,0.9831225,0.9823666,0.98350835,0.9854164,0.98823833,0.98461527,0.9849971,0.9831312,0.9821303,0.9870425,0.9874896,0.96605533,0.99665624,0.9952344,0.9471256
sp|O93441.1|OPSD_GALML,0.9918244,0.99236304,0.9918729,0.9893881,0.98938084,0.99118304,0.9947677,0.9859562,0.9931513,0.98884726,0.99001354,0.99194187,0.99186265,0.9895636,0.9977398,0.9952576,0.99651015,0.9763917,0.9957154,0.961752,0.989612,0.99525166,0.99229187,0.9967011,0.99737364,0.9949142,0.99770266,0.9966283,0.99803615,0.99999964,0.99841595,0.9970953,0.9973353,0.99730915,0.9963453,0.9968379,0.997192,0.9975226,0.99844277,0.9978886,0.99672884,0.99708116,0.9979827,0.9974681,0.9984242,0.99480426,0.9968935,0.99756527,0.99691397,0.9969181,0.9971229,0.9982871,0.99784565,0.9989066,0.9981718,0.99831283,0.9979999,0.997038,0.99752045,0.9984127,0.9976537,0.99748755,0.9962238,0.99775136,0.99639606,0.9963181,0.9974582,0.99622947,0.99591035,0.9971205,0.997059,0.9953758,0.99602413,0.99569273,0.9968967,0.9964985,0.9972365,0.99696374,0.99612623,0.99636495,0.99620545,0.9966219,0.9963329,0.96700597,0.99551374,0.98498946,0.99653685,0.9879825,0.99674207,0.9941539,0.9965276,0.99030226,0.9960431,0.9961934,0.9962539,0.9966076,0.98939383,0.9878888,0.9944446,0.99743384,0.9855823,0.98524404,0.9814036,0.98432493,0.9852342,0.98536766,0.98392344,0.98608357,0.98433965,0.9849384,0.98368424,0.98467886,0.988889,0.98246396,0.98437583,0.9826418,0.9828011,0.98625225,0.9869755,0.9670651,0.9967626,0.99638873,0.9523362
sp|O93459.1|OPSD_SCYCA,0.98858297,0.98920476,0.98859644,0.9856939,0.98544693,0.9875975,0.992259,0.9799021,0.9915106,0.98621404,0.98834413,0.99042326,0.9910254,0.9853407,0.9956297,0.9916122,0.9967495,0.96888095,0.995921,0.95354885,0.9871303,0.99260324,0.9899116,0.99467915,0.99683374,0.99230987,0.9950757,0.9961071,0.9974619,0.99841595,0.99999994,0.9953284,0.99661905,0.99738187,0.9935252,0.99663556,0.99627954,0.9965045,0.99766695,0.9971858,0.99587923,0.9963673,0.9972508,0.99667186,0.9967196,0.99105495,0.9959296,0.9971732,0.9960305,0.9957542,0.99605876,0.9979017,0.9957471,0.99904263,0.9979719,0.9963941,0.9967587,0.99472666,0.9964607,0.99623656,0.99620867,0.99615693,0.99479294,0.9959876,0.994064,0.9955545,0.9969549,0.9941766,0.9938406,0.9958515,0.99648654,0.9928479,0.99527013,0.99273634,0.9960948,0.9947685,0.9961163,0.99544215,0.9953022,0.99484473,0.99429435,0.9948112,0.9944394,0.95835936,0.99459034,0.9791658,0.9948753,0.98353326,0.99504817,0.991277,0.9946573,0.98615485,0.9938435,0.99405074,0.9945967,0.99484676,0.9852403,0.983975,0.99190074,0.99579895,0.9813151,0.98076665,0.97643805,0.97964233,0.98090184,0.9808787,0.97875905,0.9814334,0.9799266,0.9804876,0.97952205,0.982376,0.987093,0.97982156,0.98072284,0.97926825,0.97945046,0.9847224,0.98481745,0.96221894,0.99636424,0.9943153,0.9435451
sp|P28683.1|OPSG_CHICK,0.9933385,0.9936019,0.9929991,0.98993456,0.9899471,0.99113405,0.9951507,0.98568887,0.99189085,0.9872533,0.9883724,0.989689,0.9916334,0.99080664,0.99733293,0.99583626,0.99407727,0.9770496,0.9933166,0.9663356,0.98965544,0.99373895,0.99280953,0.997622,0.99582255,0.9943231,0.9973731,0.9950247,0.9964669,0.9970953,0.9953284,1.0000001,0.9953149,0.99467,0.99697936,0.99484426,0.995292,0.9960201,0.99735945,0.9962358,0.9946687,0.99528575,0.99545056,0.9962423,0.9961244,0.9954678,0.99511147,0.9964436,0.9952164,0.9980744,0.99548495,0.9968483,0.99612504,0.9970268,0.99589694,0.9962226,0.99509317,0.9973541,0.99545014,0.9960957,0.99650663,0.9959926,0.99641544,0.9969342,0.9954816,0.9944739,0.99591154,0.9953214,0.9949445,0.99570817,0.99594533,0.9963677,0.9941379,0.9944687,0.9953534,0.99497294,0.9956069,0.9958687,0.99595124,0.9946314,0.9956229,0.9960042,0.99522746,0.9707216,0.99475646,0.9868642,0.9952511,0.98915994,0.9957513,0.99406517,0.9945314,0.99054533,0.9952277,0.9952617,0.9958665,0.9953804,0.9900311,0.9883506,0.9942528,0.9965786,0.9862903,0.986593,0.9823282,0.98582184,0.9861398,0.9864061,0.9845859,0.9873711,0.98405826,0.98583424,0.98498213,0.9843389,0.98697203,0.9833401,0.9862156,0.98256636,0.98103696,0.98472595,0.98549676,0.97056466,0.9945366,0.99535894,0.9515799
sp|P51489.1|OPSD_RAT,0.9863496,0.9871522,0.9855564,0.9836203,0.98298687,0.9845664,0.99019384,0.98083377,0.98690957,0.98202884,0.98640776,0.9886719,0.9877625,0.9835732,0.99542886,0.9942968,0.99855864,0.9704489,0.9952629,0.9591788,0.9826799,0.99021214,0.9886266,0.9948876,0.9972234,0.9894553,0.9973496,0.99660105,0.9977054,0.9973353,0.99661905,0.9953149,0.9999994,0.99703074,0.99447596,0.9995868,0.9994415,0.9991526,0.9973824,0.9992814,0.9994484,0.9993609,0.9988011,0.9994772,0.99903214,0.9932265,0.99972147,0.9968749,0.99925697,0.9932061,0.99957716,0.99752384,0.99862164,0.99719566,0.99637645,0.99889183,0.9960942,0.9957295,0.99953306,0.99844205,0.99920374,0.99938166,0.99459535,0.996349,0.9937985,0.9937415,0.99931854,0.99356025,0.9934235,0.99461174,0.99925387,0.9947126,0.9942026,0.99183834,0.9941279,0.9932561,0.9938979,0.994464,0.9944935,0.9929579,0.9938828,0.9947561,0.99431556,0.9623828,0.993485,0.9795611,0.99464834,0.9834612,0.99522537,0.991644,0.99403936,0.98577654,0.994427,0.99447143,0.99466544,0.9938997,0.98449856,0.9834197,0.99236715,0.9943943,0.97929156,0.97899103,0.975705,0.97909135,0.97994256,0.97993916,0.9784434,0.980289,0.97795415,0.978341,0.9792119,0.98063374,0.9838783,0.9794047,0.9809602,0.9791746,0.97605324,0.982346,0.9834377,0.9679514,0.99543524,0.9937088,0.9438824
sp|O13227.1|OPSB_CONCO,0.9859951,0.98660886,0.9860251,0.9842707,0.98307145,0.9858383,0.9907218,0.9806497,0.9889834,0.98269033,0.9861955,0.98814034,0.98608583,0.98196006,0.99507266,0.992046,0.9973056,0.96918285,0.9943353,0.9578068,0.982361,0.9901705,0.98558164,0.9928732,0.9964209,0.98983335,0.99673563,0.9957544,0.99694145,0.99730915,0.99738187,0.99467,0.99703074,0.99999976,0.992172,0.99726045,0.9967553,0.996794,0.9973284,0.99702877,0.9965937,0.997497,0.9979656,0.9974694,0.9972137,0.9904878,0.9964243,0.9966052,0.99694216,0.9933456,0.9967091,0.99687445,0.9968586,0.99780476,0.99643064,0.99678457,0.99900746,0.9944085,0.9966716,0.9968122,0.99643564,0.9970211,0.99706376,0.9959813,0.9956033,0.99653107,0.9969482,0.99609494,0.9956032,0.99645495,0.9971249,0.9916153,0.9964954,0.99389136,0.9963476,0.9958859,0.9966208,0.99641746,0.9966395,0.9958136,0.99653435,0.99703854,0.99654263,0.9603007,0.9965986,0.97924495,0.99649525,0.98297,0.9968481,0.9940447,0.99609536,0.98561645,0.99584675,0.9963818,0.9971032,0.99662745,0.9848556,0.98260856,0.9945043,0.9942421,0.9793483,0.9788342,0.9753499,0.9774834,0.97918695,0.979518,0.97768146,0.98108816,0.97852993,0.97952205,0.9786052,0.98038477,0.9849192,0.9784353,0.9800285,0.9780187,0.9764803,0.98348534,0.98351,0.96404314,0.9985684,0.996275,0.94118285
sp|P32311.1|OPSG1_CARAU,0.9929558,0.993181,0.9922394,0.98892236,0.98989785,0.9909539,0.9946065,0.98785996,0.99015534,0.9904865,0.992921,0.9938081,0.9919159,0.99260247,0.99809664,0.9981585,0.9920416,0.98041654,0.9927422,0.9643978,0.9892355,0.9965103,0.9935087,0.9982033,0.9946265,0.99622405,0.996011,0.9937588,0.9955629,0.9963453,0.9935252,0.99697936,0.99447596,0.992172,0.99999964,0.9937381,0.9950391,0.9955919,0.995772,0.9958514,0.9942862,0.9944436,0.99461836,0.9950428,0.995685,0.9985428,0.9939473,0.9951521,0.99490356,0.9953744,0.99466366,0.99534583,0.9953953,0.99486566,0.9945022,0.9958998,0.9927146,0.99774617,0.99557376,0.995988,0.996177,0.9951796,0.9940099,0.99598426,0.99393296,0.9930484,0.9958561,0.9943914,0.993918,0.9943261,0.9948441,0.99873465,0.99280095,0.9938992,0.9939023,0.9936191,0.9938642,0.994255,0.99369025,0.9936019,0.9944435,0.99468064,0.9932038,0.9713293,0.99203014,0.987847,0.99432987,0.990741,0.9949006,0.9928465,0.9941883,0.9909118,0.9947453,0.99452233,0.9933004,0.9937639,0.9903711,0.9897168,0.9932698,0.996487,0.988081,0.98807406,0.9856137,0.98882574,0.98864126,0.9886193,0.98705614,0.98782253,0.98724174,0.98858833,0.9882383,0.98849,0.9876807,0.9878231,0.9896532,0.98767143,0.98442405,0.986778,0.98831165,0.97445047,0.9928533,0.99407244,0.9563017
sp|P49912.1|OPSD_RABIT,0.98452264,0.98535866,0.9839092,0.98201346,0.98112375,0.9829961,0.9894986,0.97914,0.98604196,0.98124945,0.985909,0.98808444,0.98681766,0.98150945,0.99485195,0.99333656,0.99904084,0.9678382,0.99592113,0.95658755,0.9810151,0.98936665,0.9874935,0.9945315,0.997628,0.98855686,0.9969645,0.99719703,0.9978875,0.9968379,0.99663556,0.99484426,0.9995868,0.99726045,0.9937381,0.99999994,0.9992979,0.99908084,0.9975649,0.99908876,0.99941814,0.99932975,0.9987766,0.9993378,0.9987382,0.99224544,0.99923134,0.9972497,0.9992027,0.99259007,0.9991962,0.99761945,0.9981782,0.99699533,0.9965945,0.99850225,0.99601185,0.99551725,0.99944925,0.9980024,0.99866253,0.99904037,0.9943197,0.9964247,0.99362856,0.99389654,0.9993673,0.99361557,0.99317825,0.9946704,0.99914825,0.99390185,0.994578,0.9911492,0.9939769,0.9931427,0.9936122,0.99451554,0.99481755,0.99291384,0.9934894,0.99437356,0.99406624,0.9596041,0.9937896,0.9784831,0.99445903,0.9824562,0.99524105,0.9911276,0.9940327,0.98526716,0.99420965,0.9942627,0.99456203,0.9938934,0.9839924,0.9831637,0.9920231,0.993978,0.9786607,0.9781136,0.97498125,0.97830534,0.97916853,0.9791411,0.9774851,0.97935784,0.9775025,0.97745246,0.9783757,0.98049587,0.9836343,0.97967076,0.98040897,0.97880137,0.97531986,0.9827896,0.9837637,0.96656895,0.9958008,0.99361247,0.94185054
sp|Q28886.1|OPSD_MACFA,0.9864305,0.987235,0.98543775,0.9834162,0.9830996,0.9849481,0.9907995,0.9822639,0.9869313,0.9840969,0.98824465,0.99011195,0.9872693,0.98355126,0.9957682,0.99439085,0.9985602,0.9701776,0.99593914,0.95588636,0.9818957,0.9910146,0.9883999,0.9959575,0.9976653,0.9902735,0.9967575,0.99704516,0.9982436,0.997192,0.99627954,0.995292,0.9994415,0.9967553,0.9950391,0.9992979,1.0000002,0.9993935,0.9976749,0.9994082,0.999612,0.9992102,0.9989149,0.99928343,0.9990728,0.9933342,0.99931526,0.9970254,0.9991446,0.9932703,0.99952894,0.9977145,0.9984978,0.9969585,0.9966845,0.99895704,0.99588585,0.9961474,0.99977005,0.9986146,0.9989031,0.9990769,0.9943385,0.99680626,0.99373984,0.99372303,0.99950457,0.99391997,0.99348307,0.9945452,0.9993064,0.99519134,0.9942366,0.99197584,0.99393094,0.9931567,0.9935567,0.99440855,0.9949722,0.99327654,0.99410963,0.99499285,0.9949414,0.96008945,0.994027,0.98050016,0.9950325,0.9842372,0.99516016,0.9917625,0.9945665,0.98680514,0.99461836,0.99449086,0.9947857,0.99424237,0.9855986,0.98441494,0.99247897,0.9944729,0.98014516,0.9797367,0.9769867,0.9802133,0.9808604,0.9807739,0.97913665,0.9805259,0.98018986,0.97991085,0.98122066,0.9830955,0.9855244,0.9822016,0.9830103,0.98189425,0.9787269,0.9844477,0.98563755,0.96877193,0.9954038,0.9941119,0.9443627
sp|O62795.1|OPSD_PAGGO,0.9879072,0.98859894,0.98722696,0.9851506,0.98455775,0.9868216,0.99213064,0.98240614,0.98813707,0.98563194,0.98854125,0.99043417,0.988309,0.98502135,0.9958553,0.99448335,0.9982116,0.97121394,0.99640685,0.9569386,0.9840735,0.99165475,0.98965704,0.9963615,0.9983097,0.9913404,0.99747366,0.99770725,0.998467,0.9975226,0.9965045,0.9960201,0.9991526,0.996794,0.9955919,0.99908084,0.9993935,1.0000001,0.99828434,0.9998304,0.99945974,0.99935687,0.99927896,0.99941736,0.9992535,0.9936018,0.9987014,0.9979231,0.99937695,0.99402565,0.99919313,0.99797726,0.9985976,0.9974558,0.99704635,0.9990131,0.9962574,0.9968907,0.9995522,0.99892414,0.99915427,0.9992944,0.99472505,0.9979656,0.9947111,0.9949034,0.9994756,0.9947572,0.9947564,0.9958625,0.99939877,0.995095,0.9950974,0.9932679,0.9950108,0.9944322,0.99467844,0.99572456,0.9957154,0.9944866,0.9947097,0.995331,0.99515116,0.9613322,0.99474597,0.9817599,0.99526894,0.98562044,0.9958606,0.9924354,0.9951095,0.9878227,0.99533165,0.99491787,0.9953291,0.9948901,0.9869705,0.9857877,0.99322164,0.9959067,0.98207194,0.98163897,0.9787346,0.9819714,0.9825098,0.9825195,0.9806322,0.9823222,0.9812248,0.9815544,0.98233545,0.9839797,0.98562306,0.98345137,0.98412305,0.98251706,0.9794029,0.98528767,0.9862809,0.9687004,0.99570805,0.994666,0.9463405
sp|P52202.1|OPSD_ALLMI,0.9897325,0.9902816,0.9894463,0.98615426,0.98588556,0.9885261,0.9932198,0.98236334,0.99059576,0.9878266,0.98954886,0.9912864,0.98990035,0.9867443,0.9964931,0.99404293,0.9976888,0.9700772,0.99616706,0.95705134,0.9871429,0.9929149,0.9900563,0.99618423,0.9978372,0.99305284,0.9974522,0.9972725,0.9987196,0.99844277,0.99766695,0.99735945,0.9973824,0.9973284,0.995772,0.9975649,0.9976749,0.99828434,1.0000001,0.99852574,0.99737155,0.9977176,0.9985296,0.9984227,0.9981175,0.9935192,0.99724084,0.9989642,0.9976263,0.9965018,0.9976419,0.99849474,0.9971075,0.9986649,0.99828774,0.99779963,0.99727345,0.9972544,0.99779814,0.9977278,0.99790835,0.99788386,0.9957136,0.99795425,0.9949299,0.9949837,0.9982666,0.99513745,0.9944444,0.9959772,0.9981973,0.99500495,0.99474365,0.993648,0.9954066,0.9949074,0.9956722,0.99595445,0.9962874,0.9949832,0.9953193,0.99582005,0.99570554,0.96201956,0.99514514,0.9813893,0.99580914,0.98498785,0.99587077,0.9929358,0.995156,0.9875698,0.99468577,0.99498826,0.99560714,0.9955836,0.98684955,0.9848865,0.9934426,0.99698097,0.9818716,0.9815133,0.9771825,0.98079515,0.9813583,0.98155516,0.9794073,0.9821714,0.98157173,0.9817094,0.9812232,0.9827263,0.9857159,0.9816973,0.98304504,0.9804257,0.979418,0.98424804,0.98480254,0.9641404,0.9961578,0.9955149,0.94556856
sp|O62794.1|OPSD_PHOVI,0.9883207,0.98903763,0.9876111,0.9852207,0.9847826,0.9869654,0.9922149,0.98213816,0.9886626,0.98583364,0.9890777,0.99112254,0.9891687,0.98560065,0.99602056,0.99433184,0.9982841,0.97109276,0.9962354,0.95675933,0.98505497,0.99179924,0.9901183,0.9964657,0.9981204,0.99144113,0.9974195,0.99748206,0.9985373,0.9978886,0.9971858,0.9962358,0.9992814,0.99702877,0.9958514,0.99908876,0.9994082,0.9998304,0.99852574,1.0,0.9993076,0.99938315,0.99940157,0.99959075,0.99924403,0.9936596,0.99889565,0.99805963,0.9993346,0.99457014,0.999255,0.9981613,0.9984709,0.9979222,0.99730504,0.99900687,0.9963181,0.9969289,0.99947256,0.9988561,0.99936116,0.99932694,0.99466217,0.9977187,0.9942027,0.9946414,0.9996527,0.99443716,0.9943106,0.99554527,0.9995246,0.99546844,0.99471676,0.9928339,0.99489444,0.9940452,0.99467945,0.99533767,0.9954995,0.99413157,0.9944882,0.99516314,0.99473614,0.9611954,0.99436975,0.9811459,0.9950391,0.9852618,0.99549425,0.9919989,0.99459684,0.9874025,0.9948356,0.99452215,0.99494094,0.9944445,0.9865875,0.98523724,0.9927132,0.9961091,0.9815825,0.9812097,0.9779235,0.98134136,0.98194337,0.9819367,0.97996455,0.9818932,0.98068655,0.981096,0.9817603,0.9835815,0.9855904,0.98281693,0.9836171,0.98188365,0.97907066,0.98491824,0.98570794,0.96809196,0.99571747,0.9942289,0.94535446
sp|Q769E8.1|OPSD_OTOCR,0.98489136,0.98575497,0.9838625,0.9822135,0.98149693,0.9836441,0.9896113,0.98035026,0.9855501,0.9828364,0.98664665,0.9886534,0.9861421,0.9821416,0.99496925,0.99389917,0.99860543,0.9688888,0.9960979,0.95503336,0.98089564,0.9900304,0.98735774,0.9951613,0.9977691,0.9892976,0.9967394,0.9972236,0.9979732,0.99672884,0.99587923,0.9946687,0.9994484,0.9965937,0.9942862,0.99941814,0.999612,0.99945974,0.99737155,0.9993076,1.0000001,0.99938715,0.99885833,0.99923706,0.99891055,0.9927022,0.99918413,0.9969011,0.9993642,0.9924022,0.9995377,0.9974284,0.9982919,0.99665487,0.99634093,0.9986253,0.99570864,0.99604785,0.9996467,0.99830854,0.9988202,0.9991828,0.9937483,0.99677706,0.99370635,0.99376243,0.99930125,0.99359155,0.9935316,0.9944702,0.9992352,0.99448264,0.99430835,0.99179256,0.9937245,0.99311197,0.9932246,0.99431384,0.9948301,0.9932523,0.99365306,0.99450564,0.9947148,0.9591995,0.9938137,0.97916067,0.99485683,0.9829111,0.9950714,0.9914737,0.99463534,0.9858607,0.9945986,0.994439,0.99464446,0.99410486,0.98461574,0.9834908,0.99238133,0.9945743,0.9791239,0.97859716,0.9758073,0.9791093,0.9798531,0.9798132,0.9780075,0.9795636,0.97866094,0.97853315,0.9797733,0.98177433,0.98394215,0.9811806,0.9818204,0.9805457,0.9770976,0.98321086,0.98449236,0.96680975,0.9952662,0.9939796,0.9443464
sp|P02699.1|OPSD_BOVIN,0.9859642,0.9867503,0.9851885,0.9833594,0.98244935,0.98449516,0.99025494,0.98114306,0.9863854,0.982967,0.9874378,0.9894059,0.98663133,0.98305434,0.9951678,0.9940205,0.9985714,0.97019416,0.99537826,0.9582533,0.9820561,0.99007404,0.9876344,0.9947153,0.9974448,0.9893626,0.99743885,0.9968892,0.99790233,0.99708116,0.9963673,0.99528575,0.9993609,0.997497,0.9944436,0.99932975,0.9992102,0.99935687,0.9977176,0.99938315,0.99938715,1.0,0.9991953,0.9995048,0.9990604,0.9928319,0.9990158,0.9971434,0.99957585,0.9926863,0.99918145,0.9973235,0.99852717,0.99720305,0.99616,0.99882454,0.9965482,0.99595684,0.99927557,0.9986173,0.9991204,0.9994639,0.99492294,0.99677384,0.9939762,0.9942074,0.9993576,0.99430954,0.9941271,0.9949599,0.999316,0.9941548,0.99453014,0.9922806,0.9941906,0.9935567,0.9940834,0.99484515,0.9952543,0.99350727,0.9944488,0.9951266,0.9948954,0.96140367,0.9945388,0.97965604,0.9949662,0.9837899,0.9955865,0.99218154,0.9944612,0.9859392,0.9949066,0.9947355,0.9953139,0.994333,0.98503155,0.98362666,0.9929347,0.99466497,0.97958255,0.9791111,0.9762929,0.9794103,0.98012924,0.98025715,0.97854185,0.98040247,0.978912,0.97944397,0.98035514,0.98182225,0.9841627,0.9811182,0.9823576,0.98042583,0.97667176,0.98356754,0.9844414,0.96732634,0.99639416,0.9941554,0.94389737
sp|Q68J47.1|OPSD_LOXAF,0.98785776,0.988598,0.987025,0.9851014,0.98405933,0.98681116,0.9914984,0.98120934,0.98872864,0.9857577,0.98844457,0.99081194,0.98822325,0.98411953,0.99583805,0.99346626,0.9984945,0.96931314,0.9964504,0.9561373,0.98438007,0.9915549,0.98892236,0.995438,0.99823654,0.99112314,0.9975314,0.99763733,0.9986121,0.9979827,0.9972508,0.99545056,0.9988011,0.9979656,0.99461836,0.9987766,0.9989149,0.99927896,0.9985296,0.99940157,0.99885833,0.9991953,1.0000005,0.99928063,0.99920905,0.9925866,0.99840546,0.99812186,0.99890274,0.99409354,0.9987452,0.9981476,0.99843013,0.9979033,0.99755526,0.9988969,0.9975642,0.9960688,0.9989109,0.9988798,0.9987334,0.99890876,0.9949888,0.99770784,0.99405867,0.9948141,0.99898326,0.99461734,0.9942912,0.99553895,0.99916446,0.99385345,0.99482423,0.992669,0.9947756,0.99418813,0.99486613,0.995368,0.9955871,0.99427426,0.9944987,0.99511915,0.9952115,0.959749,0.99480325,0.97985244,0.99484694,0.984044,0.99535537,0.99172866,0.994814,0.9866944,0.99457204,0.994462,0.9951682,0.99466854,0.9858742,0.9840559,0.9924102,0.9957149,0.9802648,0.9796621,0.97626936,0.9793869,0.98042846,0.9805764,0.97852635,0.98096424,0.9793334,0.9798369,0.9802427,0.9820883,0.9850056,0.98118484,0.98185325,0.98000145,0.977725,0.9843602,0.98491544,0.96538687,0.99656284,0.99434435,0.9437974
sp|Q95KU1.1|OPSD_FELCA,0.987115,0.98792124,0.98636395,0.9841182,0.9833773,0.9853295,0.9907988,0.9806001,0.9874692,0.9836864,0.9871156,0.9897783,0.9882669,0.98390424,0.9956078,0.99424714,0.9985572,0.9697155,0.9954061,0.95875585,0.98387665,0.99023706,0.98873013,0.99540883,0.9975903,0.98979837,0.99769354,0.99696094,0.9981433,0.9974681,0.99667186,0.9962423,0.9994772,0.9974694,0.9950428,0.9993378,0.99928343,0.99941736,0.9984227,0.99959075,0.99923706,0.9995048,0.99928063,1.0000002,0.9991159,0.99326557,0.9993398,0.9976458,0.99936956,0.9943426,0.9995372,0.99785453,0.9983745,0.99758846,0.9967377,0.9989017,0.99649274,0.9966303,0.99925256,0.9985405,0.9994453,0.99965715,0.9949844,0.99714446,0.9939826,0.9939389,0.9995082,0.9937868,0.9936774,0.99499315,0.999657,0.9948955,0.99419355,0.99217004,0.99426484,0.993525,0.9943627,0.9949115,0.99495184,0.9932991,0.9942632,0.99509895,0.99461293,0.96189207,0.9937843,0.97971183,0.9948057,0.9838014,0.99523425,0.9919009,0.9941113,0.9860033,0.99440426,0.9945615,0.994856,0.99409187,0.9850972,0.9834131,0.9925659,0.99546134,0.9793869,0.9792012,0.97538865,0.9789654,0.9797607,0.97988975,0.9780408,0.98034406,0.97785705,0.9787282,0.97922605,0.9805758,0.98347586,0.9798652,0.9811969,0.97897136,0.97555935,0.9823088,0.98317754,0.9674494,0.9955771,0.99397045,0.94193125
sp|O62791.1|OPSD_DELDE,0.98957527,0.99032825,0.9889534,0.987691,0.9870386,0.9887993,0.9927993,0.98465025,0.9899567,0.9864962,0.98826796,0.99089706,0.989445,0.9867369,0.99680996,0.9951434,0.99806356,0.97446215,0.99618304,0.9604185,0.9860301,0.9929147,0.9907074,0.996383,0.9979775,0.9924094,0.99791235,0.99742126,0.9981603,0.9984242,0.9967196,0.9961244,0.99903214,0.9972137,0.995685,0.9987382,0.9990728,0.9992535,0.9981175,0.99924403,0.99891055,0.9990604,0.99920905,0.9991159,0.9999999,0.99432313,0.9988052,0.9972858,0.9989302,0.9949759,0.99896175,0.9978922,0.9994151,0.9976351,0.99718636,0.9998305,0.997374,0.99652034,0.9992565,0.99975854,0.99911064,0.9993412,0.99548984,0.9979061,0.9953505,0.99499214,0.9988978,0.9951991,0.99484164,0.9961858,0.99865395,0.99488163,0.99519944,0.9940829,0.99532425,0.9949494,0.995577,0.9960302,0.99528486,0.9946209,0.99507165,0.9957,0.99550664,0.9640922,0.99480253,0.9831454,0.9952661,0.98670053,0.9959792,0.9928832,0.99563664,0.98911774,0.99564433,0.99529994,0.99552846,0.9954382,0.98816144,0.9864884,0.9933691,0.99591947,0.9829363,0.9825293,0.97946036,0.98222786,0.98326296,0.9833472,0.98206097,0.98355526,0.9819701,0.98224014,0.98239297,0.98341733,0.98677677,0.9820417,0.9833183,0.98176175,0.9801677,0.98543483,0.98655,0.9686287,0.9960902,0.99511063,0.94849086
sp|P32312.1|OPSG2_CARAU,0.9917445,0.9921708,0.990674,0.9886522,0.98917615,0.98943865,0.9918984,0.98722696,0.987267,0.98757946,0.9887942,0.99016404,0.9902113,0.991658,0.9973359,0.9994793,0.98965687,0.9833337,0.98950976,0.9722926,0.98781544,0.9957523,0.9916444,0.9963823,0.9916944,0.9948187,0.9956839,0.9905481,0.9924973,0.99480426,0.99105495,0.9954678,0.9932265,0.9904878,0.9985428,0.99224544,0.9933342,0.9936018,0.9935192,0.9936596,0.9927022,0.9928319,0.9925866,0.99326557,0.99432313,1.0000004,0.9926779,0.9920052,0.99360037,0.9937133,0.9932137,0.9924239,0.9942511,0.99271566,0.99128824,0.9947052,0.99193114,0.9959196,0.9943252,0.99459416,0.99511063,0.9939368,0.99353474,0.99358606,0.99315906,0.9914533,0.9937116,0.9925594,0.99267745,0.9928169,0.99314594,0.9972993,0.99114263,0.99338484,0.9919494,0.99261963,0.9926678,0.9928933,0.9906142,0.9920533,0.99342996,0.99374706,0.9920813,0.9778722,0.9893218,0.98786354,0.993022,0.9894484,0.9942723,0.9924527,0.9933278,0.9897109,0.9938264,0.99419034,0.9922558,0.99273366,0.98864347,0.9885476,0.99281156,0.99463403,0.98672163,0.98709327,0.984881,0.98819435,0.9881374,0.9884348,0.98784226,0.9880088,0.98475033,0.9873334,0.98571295,0.9846432,0.98435175,0.98378193,0.9865395,0.98455024,0.9804646,0.9830758,0.9854902,0.97472644,0.9913276,0.9931161,0.9598498
sp|P15409.2|OPSD_MOUSE,0.98589855,0.9868115,0.9850147,0.9831232,0.9826584,0.98396486,0.98948795,0.9808601,0.98641187,0.98143286,0.98559666,0.98820364,0.9871567,0.98317254,0.99484736,0.9938692,0.99850774,0.969734,0.9945756,0.95904607,0.98229253,0.98921907,0.9879814,0.99432665,0.9965788,0.9885236,0.9967561,0.99597436,0.9974295,0.9968935,0.9959296,0.99511147,0.99972147,0.9964243,0.9939473,0.99923134,0.99931526,0.9987014,0.99724084,0.99889565,0.99918413,0.9990158,0.99840546,0.9993398,0.9988052,0.9926779,1.0000002,0.9961866,0.9989212,0.99320185,0.9996219,0.99717885,0.9982679,0.9967437,0.99600285,0.99868196,0.99559236,0.995201,0.9992309,0.9981461,0.99907446,0.9992828,0.9939352,0.9957628,0.9929178,0.9922941,0.99901146,0.9924407,0.99215466,0.9934362,0.9989525,0.9943631,0.9928694,0.99096555,0.99295115,0.99205625,0.99296886,0.99334145,0.9935988,0.9916735,0.99304676,0.9940442,0.9938543,0.9621147,0.9925417,0.97864485,0.9939588,0.9825398,0.9941585,0.9908918,0.9929912,0.98504853,0.99332845,0.9934832,0.99398845,0.9929911,0.98372865,0.98207116,0.99144804,0.99362886,0.97776085,0.977666,0.9738108,0.97745115,0.9783137,0.9783155,0.97698426,0.978873,0.97672683,0.97679436,0.9777967,0.978884,0.98297113,0.9775446,0.9795381,0.9775652,0.9749592,0.9806947,0.9818994,0.96740997,0.99440324,0.99289036,0.94210565
sp|P22328.1|OPSD_CHICK,0.9889686,0.9891676,0.988628,0.984632,0.9841851,0.98752004,0.99280715,0.9800685,0.9900459,0.9870026,0.9906292,0.9914504,0.98948836,0.98578656,0.99573827,0.99248093,0.9974116,0.966987,0.996956,0.9525378,0.98562706,0.9925489,0.99037975,0.9958296,0.9983653,0.9929184,0.9970163,0.998,0.9988561,0.99756527,0.9971732,0.9964436,0.9968749,0.9966052,0.9951521,0.9972497,0.9970254,0.9979231,0.9989642,0.99805963,0.9969011,0.9971434,0.99812186,0.9976458,0.9972858,0.9920052,0.9961866,1.0000002,0.9969294,0.9948571,0.996734,0.99867463,0.9967754,0.99800575,0.9984783,0.99702436,0.9960677,0.9967537,0.9971973,0.9970266,0.99687886,0.99665344,0.99484545,0.9980022,0.9939966,0.9948111,0.9978325,0.99538594,0.99418473,0.9957587,0.99763155,0.9945239,0.99478906,0.99234045,0.9953553,0.9943626,0.99473625,0.99564195,0.9969061,0.9946054,0.994432,0.99484944,0.9946764,0.9580155,0.9955841,0.9805969,0.9949284,0.9845371,0.99541277,0.9916886,0.99443966,0.98678076,0.994313,0.994232,0.994769,0.9948328,0.9861663,0.9849178,0.99254173,0.9962567,0.9820118,0.98111135,0.9776561,0.9809238,0.98143464,0.98138183,0.97860926,0.98146296,0.98189694,0.981687,0.982393,0.9844194,0.98578805,0.9838661,0.98433983,0.9814957,0.9798945,0.9856337,0.98588866,0.96354854,0.9960461,0.99466205,0.94520044
sp|Q6W3E1.1|OPSD_CALPD,0.98589987,0.9866714,0.98503196,0.98316604,0.9823487,0.9845885,0.99004877,0.98088557,0.9855488,0.98366475,0.98782814,0.9897382,0.9870365,0.98372453,0.9948962,0.9946645,0.9983615,0.9708657,0.99552065,0.9582026,0.982063,0.99015486,0.98808724,0.99511003,0.9974619,0.9895143,0.997089,0.9967765,0.99763554,0.99691397,0.9960305,0.9952164,0.99925697,0.99694216,0.99490356,0.9992027,0.9991446,0.99937695,0.9976263,0.9993346,0.9993642,0.99957585,0.99890274,0.99936956,0.9989302,0.99360037,0.9989212,0.9969294,1.0000001,0.99274445,0.999195,0.997189,0.9980843,0.9969434,0.9959845,0.998713,0.9960434,0.9960977,0.9993515,0.9984124,0.9991986,0.99952066,0.99459285,0.99664927,0.9941308,0.9940214,0.99945384,0.993831,0.9940008,0.99488103,0.99926937,0.9946251,0.9944641,0.9925648,0.99401706,0.99350536,0.9938712,0.99477404,0.99480844,0.99334496,0.994333,0.9951166,0.99463445,0.96186256,0.9938989,0.9800147,0.9948797,0.98382175,0.9958504,0.99229676,0.99462986,0.9860829,0.99500686,0.9948282,0.9949951,0.99430364,0.98518777,0.9839457,0.9930942,0.994635,0.979853,0.9794814,0.9767242,0.9801153,0.9807004,0.9807713,0.9791534,0.9805534,0.9789848,0.9796075,0.9804695,0.9819908,0.9832626,0.9816772,0.98267823,0.980792,0.97649145,0.9830233,0.9843199,0.9682376,0.9956471,0.9942064,0.94472414
sp|P51471.1|OPSB_ANOCA,0.9947398,0.9952314,0.9943523,0.99247515,0.9923848,0.9934266,0.99507105,0.98404366,0.9947871,0.98981166,0.98670906,0.99057484,0.9949349,0.9912658,0.9969277,0.99341357,0.9923356,0.9758419,0.99332637,0.96262044,0.99391127,0.99451506,0.9941907,0.9968354,0.994684,0.9949797,0.9950039,0.99400723,0.99508905,0.9969181,0.9957542,0.9980744,0.9932061,0.9933456,0.9953744,0.99259007,0.9932703,0.99402565,0.9965018,0.99457014,0.9924022,0.9926863,0.99409354,0.9943426,0.9949759,0.9937133,0.99320185,0.9948571,0.99274445,1.0000005,0.9935328,0.9958879,0.99422544,0.996403,0.9959087,0.9948735,0.9944831,0.9954065,0.99353313,0.9948512,0.9946977,0.9940527,0.9942205,0.9961028,0.9938036,0.99338233,0.99366623,0.9929556,0.99248016,0.994998,0.9934934,0.9938368,0.99259937,0.9931821,0.9944068,0.9940214,0.99559075,0.994818,0.993186,0.9935445,0.9931145,0.99358165,0.9931147,0.9674461,0.99191606,0.9853351,0.99270415,0.9883096,0.99299896,0.9905437,0.9930851,0.9904926,0.9924593,0.992761,0.9928957,0.99383605,0.9899142,0.98775613,0.99060124,0.9969436,0.98601395,0.98629254,0.98063016,0.9841753,0.98548883,0.98568183,0.98378175,0.9864445,0.9824661,0.98441845,0.9819993,0.9823068,0.9876671,0.98005104,0.98196197,0.97945,0.9809866,0.9842033,0.9848418,0.9663709,0.9922476,0.9933264,0.9495704
sp|P28681.1|OPSD_CRIGR,0.9861195,0.9870453,0.9853384,0.98310184,0.982746,0.9845437,0.9900961,0.9811099,0.9863411,0.9834182,0.9867115,0.9890113,0.9872203,0.983546,0.9952278,0.9944258,0.99824965,0.9699608,0.9948127,0.9576697,0.9826412,0.9899827,0.9879811,0.9951323,0.99699503,0.98943996,0.9970158,0.9962227,0.9976708,0.9971229,0.99605876,0.99548495,0.99957716,0.9967091,0.99466366,0.9991962,0.99952894,0.99919313,0.9976419,0.999255,0.9995377,0.99918145,0.9987452,0.9995372,0.99896175,0.9932137,0.9996219,0.996734,0.999195,0.9935328,0.9999993,0.99743724,0.9983293,0.99717826,0.9962019,0.9987617,0.9958887,0.9963275,0.9994519,0.99836767,0.99921215,0.99943006,0.9943007,0.9965068,0.9938421,0.99331856,0.9992724,0.9932199,0.9933665,0.9943094,0.9994452,0.9950494,0.9936514,0.9921621,0.9937531,0.99310327,0.99368113,0.99426246,0.99435675,0.9930421,0.99401665,0.99493754,0.9948655,0.9617671,0.9932336,0.979308,0.99507177,0.98290795,0.994883,0.9920881,0.9942073,0.9854082,0.9943378,0.9945511,0.9946262,0.9939249,0.9841305,0.9825453,0.99274725,0.9949255,0.97847766,0.9784066,0.97463536,0.97839993,0.97903323,0.97907746,0.9774798,0.97944725,0.9774384,0.9780511,0.97880244,0.98010767,0.98276734,0.9792203,0.9807469,0.9789485,0.975544,0.98123944,0.98253596,0.96756184,0.9947864,0.9940175,0.9422864
sp|P56515.1|OPSD_RHIMB,0.9892454,0.989708,0.9890324,0.98617065,0.98598665,0.9882416,0.99385315,0.9826902,0.9916035,0.9871642,0.98997307,0.9916194,0.990087,0.98632765,0.99641895,0.9932355,0.99775624,0.97000706,0.9979613,0.9540974,0.9859185,0.99315906,0.9907395,0.99654955,0.9991662,0.9932895,0.99673885,0.99878347,0.99951893,0.9982871,0.9979017,0.9968483,0.99752384,0.99687445,0.99534583,0.99761945,0.9977145,0.99797726,0.99849474,0.9981613,0.9974284,0.9973235,0.9981476,0.99785453,0.9978922,0.9924239,0.99717885,0.99867463,0.997189,0.9958879,0.99743724,0.9999999,0.9974873,0.9983282,0.999635,0.9976679,0.99663657,0.9971657,0.9977467,0.9976054,0.9972092,0.99728954,0.9953747,0.9986657,0.9951628,0.99534965,0.99814165,0.9958799,0.9946631,0.99624676,0.99757123,0.99501723,0.99566203,0.9934552,0.9961542,0.9950683,0.9955826,0.996088,0.99724996,0.9951785,0.9950384,0.9955878,0.9956941,0.9595527,0.99603677,0.9822368,0.99582523,0.9859407,0.9959239,0.99267864,0.99569565,0.9887485,0.9953271,0.9950658,0.9956359,0.99587053,0.9880489,0.9864258,0.9932815,0.99658257,0.9834868,0.98285866,0.97903675,0.9821386,0.9830543,0.9829035,0.98047405,0.9831289,0.98249197,0.9821904,0.98269975,0.9845762,0.9880884,0.983475,0.983937,0.98201483,0.98148525,0.98618746,0.9866307,0.9664025,0.99644995,0.99548864,0.94666916
sp|O62793.1|OPSD_MESBI,0.9896973,0.9903461,0.9893791,0.9879758,0.98748314,0.9890425,0.99324286,0.986394,0.99005884,0.98488486,0.9880513,0.98989975,0.988463,0.9872895,0.9969789,0.9953387,0.99726236,0.97627985,0.9951494,0.96315455,0.9851674,0.99317545,0.9905394,0.99589,0.9973052,0.99270636,0.9981673,0.99679697,0.9978007,0.99784565,0.9957471,0.99612504,0.99862164,0.9968586,0.9953953,0.9981782,0.9984978,0.9985976,0.9971075,0.9984709,0.9982919,0.99852717,0.99843013,0.9983745,0.9994151,0.9942511,0.9982679,0.9967754,0.9980843,0.99422544,0.9983293,0.9974873,1.0000001,0.99708474,0.9966098,0.9992806,0.99726135,0.9963281,0.99871826,0.9993817,0.99838406,0.9985577,0.9963998,0.9976159,0.995554,0.99476755,0.9980957,0.9962525,0.9951981,0.995927,0.9978585,0.9949615,0.9950297,0.99425524,0.99529755,0.99495006,0.99540997,0.9958964,0.9960647,0.9946359,0.9957014,0.9961539,0.99585414,0.9669149,0.99570733,0.98517895,0.9956423,0.9882773,0.99610007,0.99383307,0.9957159,0.9902,0.9962595,0.99586725,0.99620295,0.995757,0.98918873,0.9875765,0.9941666,0.99508905,0.98435664,0.98407215,0.9811683,0.98345834,0.9846138,0.984667,0.9834324,0.985453,0.9832281,0.983616,0.984273,0.98439234,0.98763335,0.9828548,0.9848128,0.98284847,0.9811748,0.98646253,0.98737603,0.97073895,0.9965925,0.99545586,0.95092714
sp|P79863.1|OPSD_LEUER,0.98993945,0.9905507,0.99009234,0.98669493,0.986762,0.9891507,0.99362135,0.98276925,0.99154866,0.9869418,0.9889308,0.9900884,0.9901243,0.9873611,0.9963412,0.9934826,0.9969039,0.97163033,0.9953033,0.9574251,0.98771596,0.9929791,0.9899704,0.9956125,0.9970633,0.99315095,0.9969202,0.9962267,0.99794555,0.9989066,0.99904263,0.9970268,0.99719566,0.99780476,0.99486566,0.99699533,0.9969585,0.9974558,0.9986649,0.9979222,0.99665487,0.99720305,0.9979033,0.99758846,0.9976351,0.99271566,0.9967437,0.99800575,0.9969434,0.996403,0.99717826,0.9983282,0.99708474,1.0000005,0.9980286,0.99734515,0.99771625,0.99650264,0.99710006,0.9973341,0.9972671,0.9971681,0.9964339,0.9972174,0.99554765,0.9959354,0.9975291,0.9956212,0.99543023,0.9965013,0.99752843,0.9944043,0.9954333,0.9945676,0.99660033,0.9957386,0.99680245,0.9963763,0.9966148,0.9959096,0.9962027,0.99661845,0.99626637,0.9626736,0.995939,0.9814414,0.9966208,0.9847777,0.99620926,0.9939796,0.9957445,0.9871173,0.9954087,0.9957017,0.9962977,0.9961675,0.98618853,0.9845346,0.9944233,0.99685097,0.98205674,0.98192245,0.9773862,0.98081225,0.9815698,0.9817114,0.9798087,0.98298866,0.98109305,0.98203266,0.9812318,0.9826319,0.986182,0.98045856,0.9824947,0.97996163,0.97971654,0.98397774,0.984288,0.9638825,0.99689335,0.99610424,0.945568
sp|P56514.1|OPSD_BUFBU,0.9893144,0.9897199,0.9892817,0.9863342,0.98611,0.98879313,0.99374175,0.9820545,0.99242646,0.9880675,0.99009347,0.99193406,0.9904154,0.9864602,0.9960731,0.9918818,0.99723476,0.9688869,0.9981524,0.95139146,0.9864639,0.99361736,0.9909471,0.9959202,0.9988643,0.9937679,0.9956858,0.9986061,0.99919766,0.9981718,0.9979719,0.99589694,0.99637645,0.99643064,0.9945022,0.9965945,0.9966845,0.99704635,0.99828774,0.99730504,0.99634093,0.99616,0.99755526,0.9967377,0.99718636,0.99128824,0.99600285,0.9984783,0.9959845,0.9959087,0.9962019,0.999635,0.9966098,0.9980286,0.99999994,0.9968315,0.9965424,0.99611795,0.99679285,0.99696314,0.9960809,0.9961098,0.9944234,0.99834675,0.9944533,0.99502796,0.99711215,0.99542564,0.9939185,0.99590033,0.99633425,0.99388474,0.9952314,0.992907,0.9958175,0.99478155,0.99532086,0.9956422,0.99678,0.9949789,0.9941923,0.99464095,0.99509084,0.9574706,0.9956131,0.981877,0.99506724,0.9857479,0.9950917,0.9914701,0.9952089,0.9889986,0.99434924,0.9941171,0.9947998,0.99551356,0.9883309,0.98654974,0.9920256,0.99626124,0.98386884,0.9829551,0.9789267,0.98189133,0.9830426,0.98285013,0.9802716,0.9829333,0.98320085,0.9822796,0.98243177,0.98483235,0.9889548,0.9833854,0.98342335,0.981841,0.9827242,0.9870662,0.9872954,0.9639769,0.99618125,0.9949841,0.94743174
sp|O62798.1|OPSD_TURTR,0.98993313,0.9905951,0.9891508,0.9879415,0.98738086,0.9888379,0.9928395,0.9850106,0.98989236,0.98649096,0.9883952,0.9909787,0.989654,0.9869912,0.9969407,0.99548084,0.9976965,0.97503084,0.9958826,0.96121347,0.986104,0.99299693,0.99100554,0.99649876,0.9977181,0.9924893,0.9978783,0.9971459,0.99782884,0.99831283,0.9963941,0.9962226,0.99889183,0.99678457,0.9958998,0.99850225,0.99895704,0.9990131,0.99779963,0.99900687,0.9986253,0.99882454,0.9988969,0.9989017,0.9998305,0.9947052,0.99868196,0.99702436,0.998713,0.9948735,0.9987617,0.9976679,0.9992806,0.99734515,0.9968315,1.0000001,0.9969357,0.996341,0.99910986,0.99973947,0.9989681,0.99912775,0.9955521,0.9976096,0.9953041,0.9947312,0.9987496,0.99503434,0.99466777,0.9960393,0.99846953,0.99511343,0.9950269,0.99400145,0.9951702,0.994751,0.9954135,0.9958886,0.99506307,0.99431264,0.99499786,0.99567384,0.9952477,0.96477145,0.9946245,0.9835559,0.99506396,0.9870656,0.99593496,0.99284387,0.99546665,0.98918754,0.9955982,0.9952247,0.99540985,0.9952744,0.9882022,0.98675704,0.9933304,0.9955158,0.9831934,0.9828189,0.9800297,0.9827372,0.9836416,0.98370445,0.9825841,0.9837326,0.9823563,0.9826527,0.9829797,0.98380995,0.9871086,0.9823712,0.983799,0.9822335,0.9804377,0.98553777,0.9868033,0.969727,0.9956555,0.99491143,0.9488115
sp|Q90214.1|OPSD1_ANGAN,0.98855054,0.9892245,0.9886268,0.98748004,0.9862809,0.9889531,0.9921818,0.98395073,0.9908253,0.9853252,0.98611283,0.9883882,0.9867834,0.9847387,0.9960498,0.9932661,0.99592614,0.9736576,0.9939235,0.96236485,0.98505497,0.99251103,0.987017,0.99352294,0.996058,0.9921963,0.99727595,0.9953251,0.99667114,0.9979999,0.9967587,0.99509317,0.9960942,0.99900746,0.9927146,0.99601185,0.99588585,0.9962574,0.99727345,0.9963181,0.99570864,0.9965482,0.9975642,0.99649274,0.997374,0.99193114,0.99559236,0.9960677,0.9960434,0.9944831,0.9958887,0.99663657,0.99726135,0.99771625,0.9965424,0.9969357,1.0000004,0.99463564,0.99606603,0.99735045,0.9960928,0.9964791,0.9974034,0.9967015,0.9964392,0.9964617,0.9957451,0.9966799,0.9961173,0.9967677,0.9960567,0.9916065,0.9961409,0.9955767,0.9963304,0.99663734,0.99717647,0.9968256,0.9963828,0.9964541,0.99697924,0.9972045,0.9974371,0.96563447,0.99664676,0.9828521,0.9966053,0.9853746,0.99689704,0.99484617,0.9968018,0.9884707,0.9961688,0.9967907,0.9975699,0.9973582,0.9875637,0.98523307,0.9950293,0.9952018,0.98258543,0.9821746,0.9783577,0.98046875,0.9821979,0.98270154,0.98131776,0.98462844,0.9809973,0.9822798,0.9804528,0.9810185,0.9863554,0.9787865,0.98088557,0.97865844,0.9787863,0.9842038,0.98454833,0.96417093,0.9985251,0.99704266,0.94861907
sp|P22671.1|OPSD_LETCA,0.98927397,0.9897738,0.9891405,0.98561275,0.98622614,0.9878556,0.9935431,0.9850742,0.9892471,0.98762554,0.9894661,0.9904708,0.98960745,0.9886726,0.9968736,0.9962324,0.99420357,0.97569317,0.9941623,0.96091413,0.9869504,0.9938644,0.9902928,0.99736875,0.9963932,0.9938308,0.99725854,0.9956845,0.9970038,0.997038,0.99472666,0.9973541,0.9957295,0.9944085,0.99774617,0.99551725,0.9961474,0.9968907,0.9972544,0.9969289,0.99604785,0.99595684,0.9960688,0.9966303,0.99652034,0.9959196,0.995201,0.9967537,0.9960977,0.9954065,0.9963275,0.9971657,0.9963281,0.99650264,0.99611795,0.996341,0.99463564,0.99999976,0.99657387,0.9963121,0.99654555,0.9963409,0.995036,0.9976201,0.99549115,0.9948015,0.99686915,0.9956486,0.9954157,0.9954833,0.99654794,0.9974562,0.9945928,0.99442947,0.99531174,0.99510884,0.994932,0.99558973,0.9958799,0.995392,0.9954854,0.99592257,0.99531144,0.9673113,0.9942864,0.98494804,0.9964562,0.9872157,0.9960592,0.99430543,0.9959457,0.9889797,0.9960551,0.9960533,0.9950437,0.99540037,0.98839265,0.98704857,0.9948729,0.99831635,0.98469836,0.98476607,0.981208,0.98465556,0.98473185,0.984809,0.98270744,0.98516214,0.98388,0.9849163,0.98409164,0.9848096,0.9858124,0.98464215,0.9861426,0.9839992,0.9806638,0.9841288,0.9854206,0.96912086,0.9946182,0.9957595,0.950795
sp|P08100.1|OPSD_HUMAN,0.98686767,0.987671,0.98611456,0.9841767,0.98382425,0.9855871,0.99112284,0.98251104,0.987254,0.9846601,0.9883142,0.9902556,0.98825735,0.98460644,0.99609613,0.995204,0.99843156,0.97174805,0.99615806,0.9578749,0.9829931,0.99184346,0.98933184,0.9961473,0.99779904,0.9910387,0.99716973,0.9971795,0.9981872,0.99752045,0.9964607,0.99545014,0.99953306,0.9966716,0.99557376,0.99944925,0.99977005,0.9995522,0.99779814,0.99947256,0.9996467,0.99927557,0.9989109,0.99925256,0.9992565,0.9943252,0.9992309,0.9971973,0.9993515,0.99353313,0.9994519,0.9977467,0.99871826,0.99710006,0.99679285,0.99910986,0.99606603,0.99657387,0.9999999,0.99879414,0.99914336,0.9992462,0.9946324,0.99711245,0.9944148,0.9942914,0.99955595,0.9943206,0.99406695,0.99518096,0.9992438,0.9955179,0.99478304,0.9927591,0.9945014,0.99391425,0.9941755,0.99502605,0.9950053,0.993853,0.99442846,0.99522763,0.9949671,0.96227366,0.9940335,0.9814904,0.9953433,0.98507905,0.9958208,0.99227613,0.9950946,0.9874933,0.99516606,0.9950383,0.9950062,0.9947165,0.98628336,0.9853797,0.9930355,0.9951079,0.9813859,0.9809672,0.97823834,0.9814809,0.9821317,0.9820583,0.98053694,0.9817207,0.98097575,0.98093796,0.9817029,0.9834764,0.98565173,0.9826411,0.9833912,0.98234844,0.97911364,0.98483443,0.9861905,0.9693952,0.9955988,0.99455035,0.94675356
sp|O62792.1|OPSD_GLOME,0.9907037,0.99132997,0.9902122,0.98892933,0.9884634,0.99019915,0.9938322,0.9867281,0.9908055,0.9876794,0.98927015,0.99154264,0.98950356,0.9880161,0.9971402,0.9954395,0.99717283,0.9766691,0.9957955,0.96180797,0.9867449,0.9938191,0.9913858,0.99655676,0.9977298,0.9933733,0.9978632,0.99715847,0.9979053,0.9984127,0.99623656,0.9960957,0.99844205,0.9968122,0.995988,0.9980024,0.9986146,0.99892414,0.9977278,0.9988561,0.99830854,0.9986173,0.9988798,0.9985405,0.99975854,0.99459416,0.9981461,0.9970266,0.9984124,0.9948512,0.99836767,0.9976054,0.9993817,0.9973341,0.99696314,0.99973947,0.99735045,0.9963121,0.99879414,1.0000002,0.9987369,0.99887145,0.99572897,0.9980445,0.9957026,0.9951629,0.99836016,0.9958151,0.99534476,0.9964487,0.99803895,0.9949183,0.99522144,0.9948696,0.9955067,0.99532557,0.99580956,0.996331,0.9955397,0.99510676,0.99554896,0.99599683,0.99594367,0.96599233,0.99522096,0.98517835,0.9954413,0.9884909,0.99607944,0.99347186,0.9958856,0.99051726,0.9960172,0.9956062,0.99587893,0.9957526,0.9896066,0.9881171,0.99387133,0.9958515,0.9849747,0.98455167,0.9818268,0.98430884,0.9851817,0.9852798,0.9841386,0.98544043,0.9840745,0.9844929,0.98467946,0.9852541,0.9881901,0.9837314,0.9852687,0.98365957,0.9822917,0.9868949,0.9879481,0.969789,0.996173,0.99545914,0.95171535
sp|P02700.2|OPSD_SHEEP,0.9892516,0.9900446,0.98844564,0.98645663,0.98592913,0.98737645,0.99167633,0.9829582,0.9881108,0.98538315,0.98806655,0.9905725,0.9896109,0.98677874,0.9962026,0.99577504,0.9973469,0.9744251,0.9946124,0.96308535,0.98595273,0.99185526,0.9905897,0.9960631,0.9968833,0.99134487,0.9978194,0.99604386,0.99745005,0.9976537,0.99620867,0.99650663,0.99920374,0.99643564,0.996177,0.99866253,0.9989031,0.99915427,0.99790835,0.99936116,0.9988202,0.9991204,0.9987334,0.9994453,0.99911064,0.99511063,0.99907446,0.99687886,0.9991986,0.9946977,0.99921215,0.9972092,0.99838406,0.9972671,0.9960809,0.9989681,0.9960928,0.99654555,0.99914336,0.9987369,1.0000001,0.9995724,0.9948615,0.9969467,0.9942461,0.99387443,0.9991382,0.99379253,0.9940703,0.9951352,0.99915576,0.99573845,0.99395084,0.99323654,0.99432343,0.993837,0.9946546,0.99503523,0.9942204,0.9934573,0.9945129,0.9952079,0.9944924,0.9667286,0.9930758,0.98208916,0.9946934,0.98574513,0.99545527,0.9924549,0.99414265,0.9874427,0.9946903,0.99474275,0.994816,0.9941234,0.9865292,0.98507214,0.99300075,0.9957782,0.9816532,0.98161364,0.9781058,0.9817297,0.9823369,0.9825039,0.98104465,0.98271096,0.97966444,0.9811053,0.98112833,0.9818156,0.98396814,0.980966,0.9827297,0.9805339,0.97729343,0.98275393,0.98396206,0.969744,0.99501324,0.9940797,0.9479853
sp|O18766.1|OPSD_PIG,0.9873902,0.98826367,0.986785,0.9850603,0.98439753,0.9860391,0.99090314,0.98236746,0.9872147,0.98410857,0.98687345,0.9896084,0.98802525,0.98489046,0.99550486,0.9950131,0.9980649,0.9728218,0.994857,0.96140176,0.98405737,0.9905555,0.9889572,0.9952683,0.99717724,0.99000525,0.99757963,0.9964753,0.99758303,0.99748755,0.99615693,0.9959926,0.99938166,0.9970211,0.9951796,0.99904037,0.9990769,0.9992944,0.99788386,0.99932694,0.9991828,0.9994639,0.99890876,0.99965715,0.9993412,0.9939368,0.9992828,0.99665344,0.99952066,0.9940527,0.99943006,0.99728954,0.9985577,0.9971681,0.9961098,0.99912775,0.9964791,0.9963409,0.9992462,0.99887145,0.9995724,1.0000001,0.9949429,0.9969456,0.99465734,0.9939854,0.99924004,0.9938815,0.9941247,0.9951656,0.99920475,0.99487275,0.9943126,0.99320847,0.9942867,0.9939232,0.9945965,0.99511546,0.9945023,0.9935046,0.99453646,0.9953251,0.9948541,0.96469045,0.9935981,0.981144,0.99494964,0.984894,0.99563205,0.9927127,0.9945756,0.98705924,0.99496007,0.99499923,0.9951127,0.9944869,0.9861516,0.9843557,0.9932411,0.9952273,0.98055947,0.980477,0.9768865,0.9803357,0.98107845,0.98126197,0.97989064,0.9816165,0.9787907,0.9797842,0.98000216,0.98077416,0.98363906,0.980011,0.98171914,0.97963434,0.9763485,0.9823178,0.9835123,0.9689221,0.9953945,0.99438083,0.9451287
sp|Q9YGZ0.1|OPSD_SARPI,0.9904835,0.990783,0.99060154,0.9888308,0.98858136,0.98987633,0.99386966,0.98709875,0.99078393,0.9842093,0.98683226,0.9874373,0.98731613,0.98774195,0.99650174,0.9950442,0.99359226,0.9783753,0.9918212,0.96816206,0.9852584,0.99294686,0.9879252,0.993692,0.9942684,0.99314487,0.9969859,0.9934838,0.99506104,0.9962238,0.99479294,0.99641544,0.99459535,0.99706376,0.9940099,0.9943197,0.9943385,0.99472505,0.9957136,0.99466217,0.9937483,0.99492294,0.9949888,0.9949844,0.99548984,0.99353474,0.9939352,0.99484545,0.99459285,0.9942205,0.9943007,0.9953747,0.9963998,0.9964339,0.9944234,0.9955521,0.9974034,0.995036,0.9946324,0.99572897,0.9948615,0.9949429,1.0000004,0.9955103,0.9974632,0.99656004,0.99455804,0.9978769,0.99709976,0.9968685,0.99454445,0.9932779,0.9963145,0.99649405,0.9969375,0.99700576,0.99743193,0.9971405,0.9972439,0.9965347,0.99862355,0.9987555,0.9974551,0.9714762,0.997395,0.9861648,0.9973746,0.98829716,0.99795026,0.99725634,0.99705577,0.9890436,0.99775726,0.9981508,0.9984238,0.9979602,0.9883632,0.98660743,0.99737227,0.9939432,0.98480564,0.9850831,0.9819939,0.98358965,0.9847158,0.9851366,0.9841066,0.9871907,0.9835162,0.985666,0.9844897,0.9836729,0.9869303,0.98146456,0.98513335,0.98195016,0.980139,0.98477376,0.98531264,0.97157073,0.9973782,0.99775594,0.94981384
sp|P29403.1|OPSD_XENLA,0.99138945,0.99180794,0.99116385,0.98973703,0.9890576,0.9911899,0.99531376,0.98530877,0.9926466,0.9890835,0.9889601,0.9911064,0.99040246,0.98801106,0.9970172,0.9941611,0.9958511,0.9749327,0.9974018,0.95869666,0.98805505,0.9944111,0.9919436,0.9972839,0.99892783,0.99469507,0.9975257,0.9986479,0.9985204,0.99775136,0.9959876,0.9969342,0.996349,0.9959813,0.99598426,0.9964247,0.99680626,0.9979656,0.99795425,0.9977187,0.99677706,0.99677384,0.99770784,0.99714446,0.9979061,0.99358606,0.9957628,0.9980022,0.99664927,0.9961028,0.9965068,0.9986657,0.9976159,0.9972174,0.99834675,0.9976096,0.9967015,0.9976201,0.99711245,0.9980445,0.9969467,0.9969456,0.9955103,0.99999994,0.9961785,0.9963312,0.9970111,0.997021,0.99602866,0.99746466,0.99665934,0.99460286,0.99617213,0.995194,0.9965027,0.9963495,0.9963835,0.9973563,0.9971437,0.9964733,0.9956036,0.9958366,0.9960222,0.9637566,0.9962544,0.985757,0.9956497,0.9888283,0.9963902,0.993402,0.99652934,0.99122655,0.9963582,0.9957797,0.9960693,0.9966718,0.99079716,0.9894266,0.99404323,0.9977216,0.9869289,0.9863298,0.98333246,0.98581755,0.9867612,0.98680115,0.98454475,0.98677874,0.9852129,0.98588914,0.9852804,0.9863728,0.9890386,0.9856905,0.98605525,0.9842524,0.9834852,0.9880289,0.98870695,0.9677082,0.9961822,0.9961827,0.95361793
sp|P79807.1|OPSD_MYRVI,0.9895777,0.9899382,0.9907137,0.9891829,0.9893509,0.9905591,0.99477094,0.98860294,0.991196,0.9868736,0.9865369,0.9874113,0.9873525,0.9877426,0.9956986,0.9946024,0.99254954,0.9809914,0.99231696,0.9659585,0.98582876,0.9932239,0.98853093,0.9942422,0.99483967,0.9936204,0.9958791,0.993976,0.9944978,0.99639606,0.994064,0.9954816,0.9937985,0.9956033,0.99393296,0.99362856,0.99373984,0.9947111,0.9949299,0.9942027,0.99370635,0.9939762,0.99405867,0.9939826,0.9953505,0.99315906,0.9929178,0.9939966,0.9941308,0.9938036,0.9938421,0.9951628,0.995554,0.99554765,0.9944533,0.9953041,0.9964392,0.99549115,0.9944148,0.9957026,0.9942461,0.99465734,0.9974632,0.9961785,0.9999999,0.9983283,0.9939934,0.9980196,0.99902356,0.99874604,0.99358875,0.9927612,0.9984472,0.9992207,0.9987182,0.9992891,0.99866694,0.99900866,0.9969653,0.9987831,0.9985657,0.9986707,0.9980412,0.9712476,0.99719876,0.9885334,0.998258,0.98982924,0.9987396,0.998242,0.9987946,0.99124914,0.99895525,0.99890053,0.99854046,0.9991533,0.99058264,0.9893291,0.99841857,0.99502355,0.9878783,0.9879564,0.9853985,0.9868133,0.9876255,0.9879271,0.98721325,0.9892125,0.9860187,0.98779774,0.98557746,0.9852755,0.98793095,0.9834125,0.98597205,0.98424995,0.9831651,0.98594785,0.98704183,0.97227997,0.996133,0.9989789,0.9545859
sp|P79898.1|OPSD_SARDI,0.98929495,0.9895483,0.9898545,0.9889468,0.98814034,0.989879,0.9942739,0.98467827,0.99201006,0.9863355,0.98635674,0.9873781,0.98860115,0.98602945,0.9954338,0.99244964,0.99302447,0.97722405,0.99402297,0.960455,0.9862506,0.992977,0.9888586,0.9941449,0.9957238,0.99314797,0.9955368,0.9950229,0.99474794,0.9963181,0.9955545,0.9944739,0.9937415,0.99653107,0.9930484,0.99389654,0.99372303,0.9949034,0.9949837,0.9946414,0.99376243,0.9942074,0.9948141,0.9939389,0.99499214,0.9914533,0.9922941,0.9948111,0.9940214,0.99338233,0.99331856,0.99534965,0.99476755,0.9959354,0.99502796,0.9947312,0.9964617,0.9948015,0.9942914,0.9951629,0.99387443,0.9939854,0.99656004,0.9963312,0.9983283,1.0000002,0.9941318,0.9978983,0.99906695,0.9992785,0.99380255,0.9913851,0.9995326,0.997431,0.99938345,0.9993423,0.9988502,0.99918294,0.9969942,0.9993076,0.9976416,0.9976357,0.99685556,0.964449,0.997146,0.984765,0.9971759,0.9874175,0.99850035,0.99586356,0.99830055,0.9892525,0.99823916,0.99771786,0.99760264,0.99844766,0.98882335,0.98796576,0.99650097,0.99576074,0.98637444,0.98572797,0.9838675,0.9850678,0.9863369,0.98661757,0.9847484,0.98718417,0.9848504,0.9865098,0.98396474,0.9858136,0.98856866,0.9837982,0.9848842,0.98400253,0.983002,0.9872297,0.9876541,0.9677874,0.9969384,0.9978648,0.95212
sp|P32308.1|OPSD_CANLF,0.9866041,0.9872929,0.98596036,0.9831189,0.98292005,0.98497266,0.9911634,0.9813763,0.98696375,0.9849005,0.9896358,0.9912249,0.9882567,0.98444587,0.9956678,0.9945506,0.99863183,0.9698981,0.9961175,0.9557469,0.98285997,0.9911516,0.98902816,0.9960853,0.99789715,0.9906205,0.99685776,0.9972618,0.9985065,0.9974582,0.9969549,0.99591154,0.99931854,0.9969482,0.9958561,0.9993673,0.99950457,0.9994756,0.9982666,0.9996527,0.99930125,0.9993576,0.99898326,0.9995082,0.9988978,0.9937116,0.99901146,0.9978325,0.99945384,0.99366623,0.9992724,0.99814165,0.9980957,0.9975291,0.99711215,0.9987496,0.9957451,0.99686915,0.99955595,0.99836016,0.9991382,0.99924004,0.99455804,0.9970111,0.9939934,0.9941318,1.0000002,0.99416494,0.9938426,0.99495304,0.9995008,0.99583006,0.9946271,0.9922488,0.9945252,0.9935074,0.9940616,0.9947942,0.9954357,0.9935211,0.99442875,0.9952111,0.99455446,0.9603287,0.9942038,0.9803134,0.9952205,0.9844769,0.99573183,0.9921458,0.99452585,0.9864601,0.99484104,0.9946674,0.99482137,0.9943008,0.98560643,0.98445463,0.99290395,0.99520826,0.980589,0.98018014,0.97721136,0.9807036,0.9811214,0.9810171,0.9790907,0.9806513,0.98029935,0.9803537,0.9814638,0.9835236,0.98494595,0.98307514,0.983734,0.9821538,0.978367,0.98445976,0.9854357,0.9690047,0.9957665,0.994228,0.94347584
sp|O42604.1|OPSD_ZEUFA,0.9900861,0.99014044,0.99092966,0.9890222,0.98903203,0.99086875,0.99546444,0.98943186,0.9920275,0.98643166,0.989338,0.9888727,0.98692685,0.9882655,0.9963616,0.99383926,0.9929129,0.98000914,0.9933747,0.9633696,0.98503613,0.99445504,0.9890411,0.99458677,0.99560106,0.9947072,0.9963654,0.99516773,0.99579865,0.99622947,0.9941766,0.9953214,0.99356025,0.99609494,0.9943914,0.99361557,0.99391997,0.9947572,0.99513745,0.99443716,0.99359155,0.99430954,0.99461734,0.9937868,0.9951991,0.9925594,0.9924407,0.99538594,0.993831,0.9929556,0.9932199,0.9958799,0.9962525,0.9956212,0.99542564,0.99503434,0.9966799,0.9956486,0.9943206,0.9958151,0.99379253,0.9938815,0.9978769,0.997021,0.9980196,0.9978983,0.99416494,1.0,0.9984375,0.9979805,0.99337363,0.9932894,0.99768996,0.997367,0.99790376,0.99805826,0.99759805,0.9981445,0.998683,0.9983174,0.9985813,0.9984087,0.997596,0.9686285,0.99879205,0.9886937,0.9978451,0.9906534,0.9983347,0.99741226,0.99816597,0.9918033,0.99876297,0.99832827,0.99850845,0.9987949,0.99144566,0.9901952,0.9976375,0.99486655,0.98891157,0.98841894,0.9867106,0.98752475,0.9885038,0.9886639,0.9869867,0.98968315,0.9888921,0.9897418,0.9886461,0.98880756,0.99072635,0.98713744,0.9892562,0.9872111,0.9863717,0.9897003,0.98991704,0.97010124,0.99788535,0.99851394,0.9575015
sp|P79914.1|OPSD_SARXA,0.9896305,0.98988634,0.9904508,0.988563,0.9884341,0.99013627,0.9945545,0.9879193,0.9906521,0.9868034,0.9876847,0.9875617,0.9868236,0.9878068,0.9953708,0.9939888,0.9919734,0.98072416,0.9919839,0.964474,0.9853475,0.9931488,0.98844475,0.9941267,0.994655,0.9935415,0.9959105,0.99368566,0.9943168,0.99591035,0.9938406,0.9949445,0.9934235,0.9956032,0.993918,0.99317825,0.99348307,0.9947564,0.9944444,0.9943106,0.9935316,0.9941271,0.9942912,0.9936774,0.99484164,0.99267745,0.99215466,0.99418473,0.9940008,0.99248016,0.9933665,0.9946631,0.9951981,0.99543023,0.9939185,0.99466777,0.9961173,0.9954157,0.99406695,0.99534476,0.9940703,0.9941247,0.99709976,0.99602866,0.99902356,0.99906695,0.9938426,0.9984375,0.9999999,0.99879694,0.9936951,0.992721,0.998813,0.99877656,0.99895144,0.9993768,0.9984811,0.99899316,0.99727523,0.9992595,0.9986734,0.9985343,0.9979191,0.9696251,0.9974854,0.9874501,0.9980991,0.9891747,0.99878204,0.99797416,0.9984703,0.9902456,0.9990062,0.9986201,0.9984375,0.9986928,0.98981464,0.9886311,0.99831104,0.99531066,0.9874937,0.9872917,0.9854831,0.98680466,0.9874131,0.98778856,0.9864199,0.98884857,0.98620486,0.98837537,0.98631716,0.98649716,0.9876107,0.98493487,0.9873091,0.98547995,0.9836292,0.9864594,0.9872066,0.9715473,0.9966998,0.99866,0.95520085
sp|P79911.1|OPSD_SARTI,0.9914112,0.9917231,0.99202806,0.9909824,0.99038124,0.9918801,0.99553275,0.98613346,0.9934522,0.9883057,0.98756087,0.9893383,0.9907055,0.9881313,0.9963427,0.99364686,0.9937135,0.97866803,0.99465835,0.9630038,0.9885896,0.9941447,0.99115944,0.9952203,0.9964962,0.99447554,0.99643517,0.9958357,0.99562323,0.9971205,0.9958515,0.99570817,0.99461174,0.99645495,0.9943261,0.9946704,0.9945452,0.9958625,0.9959772,0.99554527,0.9944702,0.9949599,0.99553895,0.99499315,0.9961858,0.9928169,0.9934362,0.9957587,0.99488103,0.994998,0.9943094,0.99624676,0.995927,0.9965013,0.99590033,0.9960393,0.9967677,0.9954833,0.99518096,0.9964487,0.9951352,0.9951656,0.9968685,0.99746466,0.99874604,0.9992785,0.99495304,0.9979805,0.99879694,1.0000004,0.99457526,0.99241906,0.9990852,0.9979547,0.99940187,0.99947,0.99940825,0.999937,0.9968298,0.9989759,0.9976423,0.99769783,0.9969244,0.96691144,0.99690473,0.98681754,0.9968828,0.9894674,0.9983499,0.9958748,0.997993,0.9909116,0.99811226,0.99771374,0.99744445,0.99838036,0.9904281,0.98959196,0.9964198,0.9964511,0.9879367,0.9875108,0.98519665,0.9867259,0.98791385,0.9881447,0.9866203,0.9885954,0.9857204,0.9877186,0.98524,0.9862523,0.9890157,0.9844116,0.9855746,0.9842576,0.9835313,0.9878603,0.9885311,0.97028863,0.99664664,0.997754,0.9530464
sp|O62796.1|OPSD_TRIMA,0.98606366,0.9868338,0.985126,0.982326,0.9816561,0.9840453,0.98988545,0.9793132,0.9858533,0.98367566,0.98733866,0.98919976,0.9871805,0.98304343,0.99507546,0.9940965,0.998255,0.96809024,0.9949937,0.9565827,0.98247015,0.9897854,0.9877447,0.99540204,0.9973033,0.9894241,0.9973067,0.99642146,0.997905,0.997059,0.99648654,0.99594533,0.99925387,0.9971249,0.9948441,0.99914825,0.9993064,0.99939877,0.9981973,0.9995246,0.9992352,0.999316,0.99916446,0.999657,0.99865395,0.99314594,0.9989525,0.99763155,0.99926937,0.9934934,0.9994452,0.99757123,0.9978585,0.99752843,0.99633425,0.99846953,0.9960567,0.99654794,0.9992438,0.99803895,0.99915576,0.99920475,0.99454445,0.99665934,0.99358875,0.99380255,0.9995008,0.99337363,0.9936951,0.99457526,1.0000002,0.99492997,0.9940224,0.9918946,0.99401927,0.99323094,0.9937694,0.9945246,0.99485755,0.9932513,0.9941845,0.99501497,0.99467236,0.960304,0.9936635,0.9786047,0.9949652,0.9823612,0.99525726,0.9919025,0.9940151,0.98469293,0.99423504,0.9943907,0.9947663,0.9938744,0.98369277,0.98228395,0.9926889,0.9951436,0.9781774,0.9779754,0.974462,0.97836596,0.9787771,0.97890663,0.9769082,0.9792055,0.9772586,0.9781714,0.9788809,0.98051035,0.98223644,0.98018783,0.9811797,0.9790229,0.97493947,0.98162115,0.98265904,0.96671754,0.99538976,0.9939196,0.94112474
sp|P51474.1|OPSG3_PSAFA,0.9897301,0.9900299,0.98917174,0.98463154,0.98615503,0.9873253,0.9925338,0.98587334,0.9873344,0.9871551,0.9919055,0.9919967,0.98977816,0.99051285,0.9967742,0.99727744,0.9922427,0.977332,0.99138355,0.96119964,0.9856818,0.9941787,0.9914748,0.9971318,0.9936285,0.9938382,0.99508816,0.99273264,0.99515325,0.9953758,0.9928479,0.9963677,0.9947126,0.9916153,0.99873465,0.99390185,0.99519134,0.995095,0.99500495,0.99546844,0.99448264,0.9941548,0.99385345,0.9948955,0.99488163,0.9972993,0.9943631,0.9945239,0.9946251,0.9938368,0.9950494,0.99501723,0.9949615,0.9944043,0.99388474,0.99511343,0.9916065,0.9974562,0.9955179,0.9949183,0.99573845,0.99487275,0.9932779,0.99460286,0.9927612,0.9913851,0.99583006,0.9932894,0.992721,0.99241906,0.99492997,1.0000001,0.99154526,0.9921723,0.9925654,0.99201995,0.99211264,0.99245405,0.99329865,0.99206936,0.99363595,0.9941747,0.99262863,0.9691146,0.9912684,0.9852348,0.9943155,0.9877734,0.9940052,0.9925016,0.99314904,0.98836625,0.99390805,0.99401987,0.992523,0.99269116,0.9875103,0.986562,0.992931,0.9949574,0.9846674,0.98489994,0.98196167,0.9856628,0.98517185,0.9849953,0.98339397,0.9845027,0.9846304,0.9852816,0.9855917,0.9860251,0.98528653,0.98559844,0.9878584,0.98550797,0.98174614,0.983723,0.98536396,0.97314507,0.9920068,0.99331796,0.95285755
sp|P79901.1|OPSD_SARMI,0.9877958,0.9880613,0.98826337,0.9874816,0.98661196,0.98826116,0.99340004,0.9839156,0.99086195,0.98534364,0.9862644,0.98751163,0.9879678,0.98467505,0.99504006,0.9923128,0.993991,0.97583073,0.9946705,0.9590174,0.9840968,0.9921221,0.9883281,0.99397063,0.9961666,0.9921831,0.99523044,0.9956013,0.9951154,0.99602413,0.99527013,0.9941379,0.9942026,0.9964954,0.99280095,0.994578,0.9942366,0.9950974,0.99474365,0.99471676,0.99430835,0.99453014,0.99482423,0.99419355,0.99519944,0.99114263,0.9928694,0.99478906,0.9944641,0.99259937,0.9936514,0.99566203,0.9950297,0.9954333,0.9952314,0.9950269,0.9961409,0.9945928,0.99478304,0.99522144,0.99395084,0.9943126,0.9963145,0.99617213,0.9984472,0.9995326,0.9946271,0.99768996,0.998813,0.9990852,0.9940224,0.99154526,1.0,0.99693495,0.99928176,0.99907327,0.99837077,0.9989884,0.99711764,0.9985863,0.99722564,0.997434,0.9966098,0.96283996,0.997278,0.9844809,0.99701154,0.9871931,0.99866176,0.99553895,0.99827206,0.9892238,0.99827486,0.9976461,0.99755764,0.99837554,0.9888071,0.9878986,0.99619764,0.9946626,0.9858239,0.98507726,0.9835617,0.98457116,0.9859268,0.9860443,0.98435104,0.9862356,0.9845137,0.9855998,0.98365265,0.9857378,0.9886293,0.98406816,0.98469555,0.98405516,0.98277426,0.9874098,0.98808134,0.97003734,0.99697113,0.9976736,0.95032674
sp|P79798.1|OPSD_MYRBE,0.9910356,0.9913781,0.9923046,0.9906154,0.9911777,0.99244803,0.9951007,0.9907479,0.9913053,0.9892276,0.98766756,0.988116,0.98718387,0.9899757,0.9951837,0.99469465,0.98979783,0.9847213,0.99011624,0.96780866,0.9874847,0.9942664,0.98896515,0.9936844,0.99293756,0.99482596,0.9946008,0.991697,0.99291587,0.99569273,0.99273634,0.9944687,0.99183834,0.99389136,0.9938992,0.9911492,0.99197584,0.9932679,0.993648,0.9928339,0.99179256,0.9922806,0.992669,0.99217004,0.9940829,0.99338484,0.99096555,0.99234045,0.9925648,0.9931821,0.9921621,0.9934552,0.99425524,0.9945676,0.992907,0.99400145,0.9955767,0.99442947,0.9927591,0.9948696,0.99323654,0.99320847,0.99649405,0.995194,0.9992207,0.997431,0.9922488,0.997367,0.99877656,0.9979547,0.9918946,0.9921723,0.99693495,0.99999934,0.99788064,0.9988163,0.99826795,0.99823415,0.99549276,0.99858654,0.99837035,0.9981477,0.9977562,0.97424674,0.99592704,0.9900472,0.99752223,0.99092746,0.9977859,0.9982953,0.9980447,0.99170256,0.998238,0.99819183,0.9977262,0.9983776,0.9911465,0.98980534,0.9982549,0.99486613,0.9893575,0.98962563,0.9871118,0.9886339,0.98918027,0.9896037,0.98901606,0.9908739,0.9874188,0.9901269,0.9872282,0.9861529,0.9875525,0.98411447,0.9871482,0.98536485,0.98470217,0.9857583,0.9869486,0.9722306,0.9949573,0.9984734,0.95938987
sp|P79902.1|OPSD_SARPU,0.99062216,0.9908477,0.9915746,0.9896102,0.9895702,0.99101317,0.99537724,0.98600775,0.9933873,0.98748964,0.98785067,0.9888545,0.9900706,0.9880812,0.9958321,0.9929478,0.9933223,0.97792345,0.9939505,0.9609078,0.98779213,0.9936762,0.9902951,0.9945332,0.99578804,0.9942167,0.9955165,0.9949832,0.9952934,0.9968967,0.9960948,0.9953534,0.9941279,0.9963476,0.9939023,0.9939769,0.99393094,0.9950108,0.9954066,0.99489444,0.9937245,0.9941906,0.9947756,0.99426484,0.99532425,0.9919494,0.99295115,0.9953553,0.99401706,0.9944068,0.9937531,0.9961542,0.99529755,0.99660033,0.9958175,0.9951702,0.9963304,0.99531174,0.9945014,0.9955067,0.99432343,0.9942867,0.9969375,0.9965027,0.9987182,0.99938345,0.9945252,0.99790376,0.99895144,0.99940187,0.99401927,0.9925654,0.99928176,0.99788064,0.9999999,0.9994712,0.9993454,0.9993377,0.9971345,0.9990271,0.99796677,0.99799466,0.99695396,0.96556604,0.99722004,0.9857651,0.9975173,0.9884654,0.9983897,0.9963349,0.9980022,0.98963344,0.9982618,0.99769855,0.99762815,0.99837285,0.9892283,0.9880533,0.99676573,0.9959532,0.9868246,0.9864899,0.9840021,0.9854221,0.9865795,0.9866904,0.98505294,0.9874368,0.98540103,0.9869709,0.9846832,0.98603606,0.9888422,0.9837258,0.98531693,0.9840727,0.98373663,0.9870859,0.9875578,0.97044003,0.9966613,0.9978818,0.9506667
sp|P79808.1|OPSD_NEOAR,0.990579,0.99087405,0.9915787,0.9901655,0.98990154,0.9914141,0.99497414,0.98709154,0.9926005,0.98787147,0.98679376,0.98792195,0.9889705,0.98820853,0.9958171,0.9937022,0.99215686,0.9801127,0.9928371,0.96438724,0.98748696,0.9940003,0.9895568,0.99407464,0.99497634,0.9943911,0.99575126,0.994099,0.99433166,0.9964985,0.9947685,0.99497294,0.9932561,0.9958859,0.9936191,0.9931427,0.9931567,0.9944322,0.9949074,0.9940452,0.99311197,0.9935567,0.99418813,0.993525,0.9949494,0.99261963,0.99205625,0.9943626,0.99350536,0.9940214,0.99310327,0.9950683,0.99495006,0.9957386,0.99478155,0.994751,0.99663734,0.99510884,0.99391425,0.99532557,0.993837,0.9939232,0.99700576,0.9963495,0.9992891,0.9993423,0.9935074,0.99805826,0.9993768,0.99947,0.99323094,0.99201995,0.99907327,0.9988163,0.9994712,0.99999964,0.9993469,0.999572,0.9966496,0.9995514,0.99822825,0.998163,0.9976085,0.969192,0.9968704,0.9872152,0.9976902,0.98916155,0.9986102,0.9971756,0.9985741,0.990618,0.9985228,0.9983901,0.99791354,0.99892735,0.9900914,0.9888517,0.997522,0.9959195,0.9878072,0.9875481,0.9850829,0.9864301,0.98755455,0.9879077,0.9866178,0.98891443,0.98576117,0.98789394,0.9848628,0.98539776,0.9881544,0.98335105,0.98525965,0.983875,0.9833542,0.98642427,0.9872284,0.9702217,0.9965195,0.9985554,0.9544163
sp|P79809.1|OPSD_NEOAU,0.9920702,0.9924918,0.9930073,0.9917349,0.9915178,0.99266994,0.99559224,0.9870288,0.99430203,0.9883591,0.98712206,0.98918796,0.9910965,0.9890437,0.99633014,0.99354255,0.99280035,0.97986174,0.99278206,0.9652648,0.98998445,0.99417603,0.99070644,0.9942681,0.9949146,0.9945545,0.99596906,0.9940434,0.9947334,0.9972365,0.9961163,0.9956069,0.9938979,0.9966208,0.9938642,0.9936122,0.9935567,0.99467844,0.9956722,0.99467945,0.9932246,0.9940834,0.99486613,0.9943627,0.995577,0.9926678,0.99296886,0.99473625,0.9938712,0.99559075,0.99368113,0.9955826,0.99540997,0.99680245,0.99532086,0.9954135,0.99717647,0.994932,0.9941755,0.99580956,0.9946546,0.9945965,0.99743193,0.9963835,0.99866694,0.9988502,0.9940616,0.99759805,0.9984811,0.99940825,0.9937694,0.99211264,0.99837077,0.99826795,0.9993454,0.9993469,0.99999994,0.99939406,0.99616385,0.99870324,0.99800324,0.998028,0.99694693,0.9691049,0.99642694,0.98637825,0.9969853,0.98900867,0.997885,0.99636644,0.9976009,0.99012625,0.9976087,0.9976016,0.99741906,0.99823016,0.9896474,0.98803234,0.9965391,0.9962703,0.9868667,0.98687255,0.98352325,0.9851424,0.9865878,0.9869318,0.9856482,0.98828536,0.9844147,0.9869611,0.98370093,0.9842073,0.98819554,0.98155856,0.9837192,0.98210657,0.9822898,0.9859657,0.9864088,0.96983373,0.99648714,0.9977022,0.9511058
sp|P79903.1|OPSD_SARSP,0.99124336,0.9915457,0.9920053,0.9907112,0.9902104,0.99172497,0.9955066,0.98662853,0.99307454,0.98800737,0.9874256,0.9889119,0.9900372,0.9881078,0.9962154,0.9938545,0.9934997,0.97900516,0.99408805,0.96415126,0.9881555,0.99392396,0.9906789,0.9950011,0.99621356,0.9943356,0.9965937,0.9954919,0.9954843,0.99696374,0.99544215,0.9958687,0.994464,0.99641746,0.994255,0.99451554,0.99440855,0.99572456,0.99595445,0.99533767,0.99431384,0.99484515,0.995368,0.9949115,0.9960302,0.9928933,0.99334145,0.99564195,0.99477404,0.994818,0.99426246,0.996088,0.9958964,0.9963763,0.9956422,0.9958886,0.9968256,0.99558973,0.99502605,0.996331,0.99503523,0.99511546,0.9971405,0.9973563,0.99900866,0.99918294,0.9947942,0.9981445,0.99899316,0.999937,0.9945246,0.99245405,0.9989884,0.99823415,0.9993377,0.999572,0.99939406,0.9999995,0.99696606,0.9990602,0.9979817,0.99801385,0.9972972,0.9680918,0.9970566,0.987211,0.9971984,0.9895779,0.9985224,0.9965094,0.9980869,0.99094784,0.9982991,0.99802727,0.9977784,0.9985733,0.9904487,0.9894861,0.99698186,0.9963012,0.9878962,0.987583,0.985155,0.9867326,0.9877943,0.9880916,0.986655,0.9888246,0.9856634,0.9877691,0.98529613,0.98588526,0.9885063,0.9841798,0.9856807,0.9840777,0.98311174,0.9873092,0.98800296,0.97054166,0.99666953,0.99807346,0.9531726
sp|P51488.1|OPSD_CYPCA,0.98800313,0.98807085,0.98849106,0.9855073,0.9853767,0.98809224,0.9941587,0.98544794,0.9901811,0.9853668,0.98948765,0.98876226,0.98569846,0.9856242,0.99528855,0.99210656,0.99493617,0.97301245,0.9950166,0.9560227,0.9825755,0.99228024,0.9877392,0.9946509,0.99693936,0.99292123,0.99576926,0.9965802,0.99722636,0.99612623,0.9953022,0.99595124,0.9944935,0.9966395,0.99369025,0.99481755,0.9949722,0.9957154,0.9962874,0.9954995,0.9948301,0.9952543,0.9955871,0.99495184,0.99528486,0.9906142,0.9935988,0.9969061,0.99480844,0.993186,0.99435675,0.99724996,0.9960647,0.9966148,0.99678,0.99506307,0.9963828,0.9958799,0.9950053,0.9955397,0.9942204,0.9945023,0.9972439,0.9971437,0.9969653,0.9969942,0.9954357,0.998683,0.99727523,0.9968298,0.99485755,0.99329865,0.99711764,0.99549276,0.9971345,0.9966496,0.99616385,0.99696606,0.9999999,0.99720156,0.9976496,0.99769914,0.99749225,0.9620783,0.9994519,0.985428,0.99776053,0.9881863,0.9975492,0.9960803,0.9973688,0.9900897,0.9977297,0.99730766,0.9984945,0.99814546,0.98981035,0.98809695,0.9964969,0.9944826,0.98610014,0.9854499,0.98302454,0.9845522,0.9853338,0.98535186,0.98292696,0.98631024,0.9862795,0.98621273,0.9869082,0.9879073,0.98952705,0.9869112,0.9884981,0.9858715,0.98457754,0.98881483,0.98871803,0.96831894,0.99786574,0.9978969,0.95074034
sp|P79812.1|OPSD_NEOSA,0.9897187,0.9899958,0.99075884,0.9888174,0.98886764,0.9908721,0.99495065,0.9872513,0.9920237,0.98833376,0.98780346,0.9880683,0.98772013,0.9876746,0.99575335,0.9932475,0.9919511,0.9790048,0.99301976,0.9610696,0.9865975,0.9942522,0.98864937,0.9942999,0.99511063,0.9946351,0.9952688,0.99419695,0.99463236,0.99636495,0.99484473,0.9946314,0.9929579,0.9958136,0.9936019,0.99291384,0.99327654,0.9944866,0.9949832,0.99413157,0.9932523,0.99350727,0.99427426,0.9932991,0.9946209,0.9920533,0.9916735,0.9946054,0.99334496,0.9935445,0.9930421,0.9951785,0.9946359,0.9959096,0.9949789,0.99431264,0.9964541,0.995392,0.993853,0.99510676,0.9934573,0.9935046,0.9965347,0.9964733,0.9987831,0.9993076,0.9935211,0.9983174,0.9992595,0.9989759,0.9932513,0.99206936,0.9985863,0.99858654,0.9990271,0.9995514,0.99870324,0.9990602,0.99720156,0.99999976,0.9983065,0.9981437,0.99814737,0.9671715,0.9972794,0.986895,0.9981955,0.9887682,0.9982687,0.99722487,0.9987822,0.99047476,0.99847674,0.9983733,0.9979751,0.99894154,0.9898595,0.98888135,0.99766797,0.99619865,0.98787755,0.98749053,0.98516214,0.9866217,0.9874893,0.987808,0.9861292,0.988727,0.9867431,0.9884714,0.98594004,0.9868818,0.98879504,0.9849021,0.9865919,0.98540807,0.9847502,0.9873854,0.9879817,0.96784383,0.9967363,0.99877834,0.9552673
sp|Q9YGY9.1|OPSD_ZOSOP,0.9897001,0.9899586,0.9906484,0.9878217,0.98841786,0.99021184,0.994549,0.98914546,0.99035287,0.9866215,0.9890457,0.98847497,0.9860183,0.988108,0.99596316,0.99509305,0.9924863,0.98026705,0.99130034,0.9653044,0.9844154,0.99359936,0.9873054,0.9939469,0.9941102,0.9939456,0.9960021,0.9930273,0.9948273,0.99620545,0.99429435,0.9956229,0.9938828,0.99653435,0.9944435,0.9934894,0.99410963,0.9947097,0.9953193,0.9944882,0.99365306,0.9944488,0.9944987,0.9942632,0.99507165,0.99342996,0.99304676,0.994432,0.994333,0.9931145,0.99401665,0.9950384,0.9957014,0.9962027,0.9941923,0.99499786,0.99697924,0.9954854,0.99442846,0.99554896,0.9945129,0.99453646,0.99862355,0.9956036,0.9985657,0.9976416,0.99442875,0.9985813,0.9986734,0.9976423,0.9941845,0.99363595,0.99722564,0.99837035,0.99796677,0.99822825,0.99800324,0.9979817,0.9976496,0.9983065,0.99999976,0.9998355,0.9985071,0.9708175,0.9978607,0.98751795,0.99904543,0.9891493,0.9988093,0.99913156,0.99843776,0.98980963,0.99903125,0.9992809,0.99911904,0.9990159,0.98918647,0.9876173,0.99923295,0.9946126,0.98650616,0.9866639,0.9842793,0.98581415,0.9864086,0.98676443,0.9856626,0.9883215,0.98629296,0.98823065,0.9866723,0.98625904,0.9874157,0.9843528,0.98757994,0.98529285,0.983357,0.9859597,0.9865844,0.9716909,0.997402,0.9992231,0.95362735
sp|Q9YGZ2.1|OPSD_GOBNI,0.9893927,0.9897407,0.9901586,0.9873769,0.98794943,0.98962545,0.99421847,0.9884616,0.99012685,0.9861431,0.9888047,0.9886144,0.986513,0.9877535,0.99614805,0.99537796,0.99348605,0.97939134,0.9919078,0.964744,0.98427856,0.99327755,0.987494,0.9944179,0.9946629,0.9934961,0.996408,0.99360216,0.99532753,0.9966219,0.9948112,0.9960042,0.9947561,0.99703854,0.99468064,0.99437356,0.99499285,0.995331,0.99582005,0.99516314,0.99450564,0.9951266,0.99511915,0.99509895,0.9957,0.99374706,0.9940442,0.99484944,0.9951166,0.99358165,0.99493754,0.9955878,0.9961539,0.99661845,0.99464095,0.99567384,0.9972045,0.99592257,0.99522763,0.99599683,0.9952079,0.9953251,0.9987555,0.9958366,0.9986707,0.9976357,0.9952111,0.9984087,0.9985343,0.99769783,0.99501497,0.9941747,0.997434,0.9981477,0.99799466,0.998163,0.998028,0.99801385,0.99769914,0.9981437,0.9998355,0.9999997,0.99851936,0.97001517,0.9977746,0.9869028,0.99923444,0.988598,0.99897826,0.99899215,0.9985593,0.98954946,0.9990984,0.99942434,0.99909294,0.9990778,0.988856,0.9871634,0.99911773,0.9947315,0.9856294,0.9858604,0.9832941,0.98498285,0.9856421,0.9859526,0.98491675,0.9874295,0.9854639,0.98723894,0.98579884,0.98555183,0.9872111,0.9836979,0.986809,0.9846372,0.9825903,0.98547035,0.9862365,0.9718521,0.99738157,0.9992391,0.9519031
sp|P41590.1|OPSD_PSAFA,0.9880824,0.988562,0.9885859,0.9861903,0.9864329,0.9887075,0.99324715,0.9878824,0.98931646,0.98679686,0.98794365,0.98783773,0.98461616,0.9860447,0.99568826,0.99410456,0.99367464,0.97689927,0.9925172,0.96167946,0.98314697,0.99295294,0.9862785,0.994014,0.99502593,0.99325794,0.99557626,0.99394786,0.9956816,0.9963329,0.9944394,0.99522746,0.99431556,0.99654263,0.9932038,0.99406624,0.9949414,0.99515116,0.99570554,0.99473614,0.9947148,0.9948954,0.9952115,0.99461293,0.99550664,0.9920813,0.9938543,0.9946764,0.99463445,0.9931147,0.9948655,0.9956941,0.99585414,0.99626637,0.99509084,0.9952477,0.9974371,0.99531144,0.9949671,0.99594367,0.9944924,0.9948541,0.9974551,0.9960222,0.9980412,0.99685556,0.99455446,0.997596,0.9979191,0.9969244,0.99467236,0.99262863,0.9966098,0.9977562,0.99695396,0.9976085,0.99694693,0.9972972,0.99749225,0.99814737,0.9985071,0.99851936,1.0000004,0.96776307,0.997693,0.9862037,0.9986353,0.9875369,0.9975877,0.99776506,0.99827147,0.98978794,0.99787974,0.9983927,0.9988238,0.99853826,0.98875266,0.9870497,0.99795336,0.99472857,0.9851937,0.9851233,0.9821162,0.9841906,0.9848286,0.985219,0.9838741,0.98676586,0.98492527,0.9862458,0.9854082,0.9851304,0.98731893,0.98341054,0.98616624,0.9840224,0.9827914,0.9853056,0.9862217,0.9681487,0.99730587,0.99890834,0.95255494
sp|P51475.1|OPSP_CHICK,0.9724944,0.972891,0.9742322,0.9734829,0.9750986,0.97124994,0.97025675,0.97820276,0.9642693,0.9582273,0.95579755,0.9564687,0.9630375,0.9758223,0.97094,0.9778177,0.95371413,0.987906,0.9504496,0.99523675,0.9694439,0.9710781,0.9670519,0.96594286,0.95654315,0.9703913,0.97148603,0.95473546,0.958575,0.96700597,0.95835936,0.9707216,0.9623828,0.9603007,0.9713293,0.9596041,0.96008945,0.9613322,0.96201956,0.9611954,0.9591995,0.96140367,0.959749,0.96189207,0.9640922,0.9778722,0.9621147,0.9580155,0.96186256,0.9674461,0.9617671,0.9595527,0.9669149,0.9626736,0.9574706,0.96477145,0.96563447,0.9673113,0.96227366,0.96599233,0.9667286,0.96469045,0.9714762,0.9637566,0.9712476,0.964449,0.9603287,0.9686285,0.9696251,0.96691144,0.960304,0.9691146,0.96283996,0.97424674,0.96556604,0.969192,0.9691049,0.9680918,0.9620783,0.9671715,0.9708175,0.97001517,0.96776307,1.0000001,0.96164304,0.980317,0.9674347,0.97666705,0.9689951,0.9741935,0.9663686,0.9725582,0.9696834,0.9714119,0.96955407,0.9678603,0.97134066,0.97207,0.9726858,0.96647745,0.97378874,0.97680306,0.9734927,0.97555643,0.97482544,0.97633886,0.9795542,0.98109245,0.9643958,0.97307247,0.967293,0.9565095,0.95828503,0.95386,0.96520925,0.959286,0.95536053,0.9540684,0.95629597,0.9634789,0.96373856,0.9688835,0.96369696
sp|P32309.1|OPSD_CARAU,0.98744076,0.98749405,0.98809034,0.9859117,0.9856135,0.9882465,0.99375635,0.98625857,0.9900956,0.9845761,0.98808265,0.9872566,0.9840306,0.9846382,0.9945052,0.9912023,0.9941385,0.97380555,0.9939574,0.95650375,0.9813911,0.99161863,0.9861666,0.99329376,0.9959489,0.99228,0.9949446,0.99554837,0.9960529,0.99551374,0.99459034,0.99475646,0.993485,0.9965986,0.99203014,0.9937896,0.994027,0.99474597,0.99514514,0.99436975,0.9938137,0.9945388,0.99480325,0.9937843,0.99480253,0.9893218,0.9925417,0.9955841,0.9938989,0.99191606,0.9932336,0.99603677,0.99570733,0.995939,0.9956131,0.9946245,0.99664676,0.9942864,0.9940335,0.99522096,0.9930758,0.9935981,0.997395,0.9962544,0.99719876,0.997146,0.9942038,0.99879205,0.9974854,0.99690473,0.9936635,0.9912684,0.997278,0.99592704,0.99722004,0.9968704,0.99642694,0.9970566,0.9994519,0.9972794,0.9978607,0.9977746,0.997693,0.96164304,0.9999996,0.9856127,0.9974843,0.9880577,0.9975313,0.9963693,0.9974796,0.98986673,0.99785846,0.9971814,0.99881554,0.99832153,0.9895971,0.98780274,0.9966403,0.99312925,0.98585606,0.9851634,0.9833063,0.98411465,0.985157,0.98524714,0.9832788,0.9863658,0.98676836,0.98665947,0.98690134,0.98770535,0.989916,0.98608893,0.98798394,0.98568124,0.98501927,0.98912334,0.9890342,0.9680273,0.99802834,0.9979273,0.95069766
sp|Q9R024.1|OPSG_CAVPO,0.9879545,0.9877353,0.9897176,0.9880061,0.98988765,0.98992234,0.99130917,0.99251866,0.9857583,0.98233086,0.9818053,0.9820044,0.9817255,0.989797,0.9877846,0.9880147,0.9760167,0.99013937,0.9788916,0.97208726,0.98304456,0.9898604,0.98710996,0.98805785,0.9820967,0.9900199,0.98466253,0.9811592,0.982028,0.98498946,0.9791658,0.9868642,0.9795611,0.97924495,0.987847,0.9784831,0.98050016,0.9817599,0.9813893,0.9811459,0.97916067,0.97965604,0.97985244,0.97971183,0.9831454,0.98786354,0.97864485,0.9805969,0.9800147,0.9853351,0.979308,0.9822368,0.98517895,0.9814414,0.981877,0.9835559,0.9828521,0.98494804,0.9814904,0.98517835,0.98208916,0.981144,0.9861648,0.985757,0.9885334,0.984765,0.9803134,0.9886937,0.9874501,0.98681754,0.9786047,0.9852348,0.9844809,0.9900472,0.9857651,0.9872152,0.98637825,0.987211,0.985428,0.986895,0.98751795,0.9869028,0.9862037,0.980317,0.9856127,0.99999976,0.9854662,0.9981551,0.9861369,0.987937,0.986457,0.99748266,0.98816615,0.98732466,0.98698896,0.9872135,0.99720263,0.9976304,0.98709595,0.9841145,0.9978866,0.99861103,0.9969438,0.9973857,0.9977112,0.9978662,0.9981667,0.9984786,0.9944751,0.99675906,0.9948042,0.99074733,0.9907687,0.98888016,0.99252766,0.99097,0.9906341,0.99033827,0.9913688,0.9770739,0.98337364,0.98708415,0.9715247
sp|P87369.1|OPSD_ORYLA,0.9867739,0.9872204,0.9879459,0.9841889,0.98523337,0.9871754,0.99310946,0.987283,0.98869526,0.98548543,0.9886109,0.98775107,0.9848966,0.9863496,0.99558926,0.9947654,0.9936925,0.9767763,0.99222195,0.96038884,0.98239326,0.9927845,0.9859969,0.99402267,0.99479496,0.9928256,0.9956249,0.9937303,0.9956084,0.99653685,0.9948753,0.9952511,0.99464834,0.99649525,0.99432987,0.99445903,0.9950325,0.99526894,0.99580914,0.9950391,0.99485683,0.9949662,0.99484694,0.9948057,0.9952661,0.993022,0.9939588,0.9949284,0.9948797,0.99270415,0.99507177,0.99582523,0.9956423,0.9966208,0.99506724,0.99506396,0.9966053,0.9964562,0.9953433,0.9954413,0.9946934,0.99494964,0.9973746,0.9956497,0.998258,0.9971759,0.9952205,0.9978451,0.9980991,0.9968828,0.9949652,0.9943155,0.99701154,0.99752223,0.9975173,0.9976902,0.9969853,0.9971984,0.99776053,0.9981955,0.99904543,0.99923444,0.9986353,0.9674347,0.9974843,0.9854662,0.9999999,0.9870367,0.99849635,0.998664,0.9987503,0.9886629,0.99878025,0.99916255,0.9987274,0.99885416,0.9877167,0.98615575,0.9989388,0.99492043,0.9845629,0.9846734,0.98180896,0.98385805,0.9841621,0.9843756,0.98318857,0.98576605,0.9852506,0.98600584,0.9848584,0.98530555,0.98688954,0.9834952,0.98637915,0.9846989,0.9827868,0.98489964,0.98582226,0.96945155,0.9970976,0.99928963,0.9513121
sp|P34989.1|OPSL_CALJA,0.9911292,0.99093,0.99243295,0.990887,0.9923346,0.9922054,0.99380064,0.9925319,0.9891596,0.98574436,0.9864679,0.9874292,0.9860463,0.9914939,0.99069417,0.98953927,0.9806459,0.98780364,0.98364633,0.96913683,0.98597336,0.9922736,0.99053866,0.99043447,0.9860737,0.992362,0.98703647,0.9854457,0.98598707,0.9879825,0.98353326,0.98915994,0.9834612,0.98297,0.990741,0.9824562,0.9842372,0.98562044,0.98498785,0.9852618,0.9829111,0.9837899,0.984044,0.9838014,0.98670053,0.9894484,0.9825398,0.9845371,0.98382175,0.9883096,0.98290795,0.9859407,0.9882773,0.9847777,0.9857479,0.9870656,0.9853746,0.9872157,0.98507905,0.9884909,0.98574513,0.984894,0.98829716,0.9888283,0.98982924,0.9874175,0.9844769,0.9906534,0.9891747,0.9894674,0.9823612,0.9877734,0.9871931,0.99092746,0.9884654,0.98916155,0.98900867,0.9895779,0.9881863,0.9887682,0.9891493,0.988598,0.9875369,0.97666705,0.9880577,0.9981551,0.9870367,1.0000001,0.9880929,0.9884641,0.98825854,0.9981181,0.9898399,0.9886466,0.98848087,0.98901343,0.9983114,0.99798006,0.9878547,0.98688686,0.99817485,0.99840295,0.9967134,0.9970014,0.9977311,0.99773026,0.9972241,0.9975166,0.9947815,0.9966708,0.9958943,0.9932085,0.9935106,0.9912761,0.99413073,0.9928314,0.9923477,0.99355626,0.9938972,0.97998816,0.9862244,0.988443,0.9669898
sp|Q9YH05.1|OPSD_DIPAN,0.9886073,0.9888068,0.9890671,0.98715866,0.98674834,0.9884229,0.99328136,0.98593134,0.989202,0.9856085,0.98820543,0.9882154,0.98728055,0.98706377,0.9960092,0.9955588,0.9943032,0.9786044,0.9935604,0.9645201,0.9838501,0.9932054,0.9884713,0.99466515,0.9957995,0.99320716,0.99681216,0.9949446,0.9956747,0.99674207,0.99504817,0.9957513,0.99522537,0.9968481,0.9949006,0.99524105,0.99516016,0.9958606,0.99587077,0.99549425,0.9950714,0.9955865,0.99535537,0.99523425,0.9959792,0.9942723,0.9941585,0.99541277,0.9958504,0.99299896,0.994883,0.9959239,0.99610007,0.99620926,0.9950917,0.99593496,0.99689704,0.9960592,0.9958208,0.99607944,0.99545527,0.99563205,0.99795026,0.9963902,0.9987396,0.99850035,0.99573183,0.9983347,0.99878204,0.9983499,0.99525726,0.9940052,0.99866176,0.9977859,0.9983897,0.9986102,0.997885,0.9985224,0.9975492,0.9982687,0.9988093,0.99897826,0.9975877,0.9689951,0.9975313,0.9861369,0.99849635,0.9880929,1.0,0.99795777,0.9987235,0.9894236,0.99925864,0.99914426,0.9986976,0.99906087,0.98889804,0.9878968,0.99843794,0.99496865,0.9861133,0.9857861,0.9841838,0.9858264,0.98646975,0.9867356,0.9854661,0.9872361,0.9855062,0.9868832,0.98515916,0.985728,0.98713803,0.9845659,0.9865992,0.98486066,0.9822446,0.986127,0.9872751,0.97151434,0.99769557,0.9989199,0.9544201
sp|Q9YGZ8.1|OPSD_CHELB,0.98711014,0.9874054,0.9888152,0.9854077,0.9866257,0.9880515,0.9928939,0.9899584,0.98730123,0.9841754,0.98687774,0.9852429,0.9824947,0.9873376,0.9936986,0.9944751,0.9897538,0.98196554,0.98771894,0.9675712,0.9816418,0.991475,0.9845574,0.99172634,0.9913723,0.9919412,0.9943725,0.9900587,0.99228203,0.9941539,0.991277,0.99406517,0.991644,0.9940447,0.9928465,0.9911276,0.9917625,0.9924354,0.9929358,0.9919989,0.9914737,0.99218154,0.99172866,0.9919009,0.9928832,0.9924527,0.9908918,0.9916886,0.99229676,0.9905437,0.9920881,0.99267864,0.99383307,0.9939796,0.9914701,0.99284387,0.99484617,0.99430543,0.99227613,0.99347186,0.9924549,0.9927127,0.99725634,0.993402,0.998242,0.99586356,0.9921458,0.99741226,0.99797416,0.9958748,0.9919025,0.9925016,0.99553895,0.9982953,0.9963349,0.9971756,0.99636644,0.9965094,0.9960803,0.99722487,0.99913156,0.99899215,0.99776506,0.9741935,0.9963693,0.987937,0.998664,0.9884641,0.99795777,0.9999999,0.9975951,0.988842,0.9984698,0.99879503,0.9983012,0.99814314,0.9881585,0.9863705,0.99982643,0.9925629,0.9857242,0.9863149,0.98374116,0.98536193,0.98541677,0.9858937,0.9853715,0.9881102,0.98539954,0.9876034,0.98578954,0.98409617,0.98461735,0.98243654,0.98677933,0.98403555,0.98159397,0.982826,0.98380506,0.97201544,0.9953081,0.9987687,0.95498073
sp|Q9YGZ5.1|OPSD_SOLSO,0.9881228,0.98849213,0.98853135,0.9872954,0.98723036,0.9890949,0.99351215,0.98712945,0.9898045,0.98747337,0.98766786,0.98817635,0.9864098,0.9864628,0.99631536,0.994862,0.99330914,0.97841597,0.9942248,0.9601987,0.98366344,0.9942535,0.98742914,0.994761,0.99578875,0.9940702,0.99553305,0.99499184,0.9953613,0.9965276,0.9946573,0.9945314,0.99403936,0.99609536,0.9941883,0.9940327,0.9945665,0.9951095,0.995156,0.99459684,0.99463534,0.9944612,0.994814,0.9941113,0.99563664,0.9933278,0.9929912,0.99443966,0.99462986,0.9930851,0.9942073,0.99569565,0.9957159,0.9957445,0.9952089,0.99546665,0.9968018,0.9959457,0.9950946,0.9958856,0.99414265,0.9945756,0.99705577,0.99652934,0.9987946,0.99830055,0.99452585,0.99816597,0.9984703,0.997993,0.9940151,0.99314904,0.99827206,0.9980447,0.9980022,0.9985741,0.9976009,0.9980869,0.9973688,0.9987822,0.99843776,0.9985593,0.99827147,0.9663686,0.9974796,0.986457,0.9987503,0.98825854,0.9987235,0.9975951,1.0000002,0.9903763,0.9992255,0.99907196,0.9982851,0.99944866,0.9895747,0.9884549,0.9980746,0.9954522,0.9866971,0.9862776,0.984463,0.98577267,0.9867373,0.9869478,0.9856785,0.98731333,0.98642606,0.98741674,0.98579276,0.9868565,0.9887122,0.9850961,0.98660743,0.985818,0.98443615,0.9870454,0.98835087,0.9693498,0.99702525,0.9993311,0.95509046
sp|O35476.2|OPSG_RAT,0.9904769,0.9906056,0.9914191,0.9906839,0.99132824,0.9921716,0.9939303,0.9912724,0.99045867,0.9862588,0.98555183,0.98752165,0.9867742,0.9903117,0.99182785,0.98970425,0.98403513,0.98519623,0.9873046,0.96552616,0.9861786,0.99286354,0.99107915,0.9924758,0.9892744,0.99272037,0.988873,0.9887849,0.9887209,0.99030226,0.98615485,0.99054533,0.98577654,0.98561645,0.9909118,0.98526716,0.98680514,0.9878227,0.9875698,0.9874025,0.9858607,0.9859392,0.9866944,0.9860033,0.98911774,0.9897109,0.98504853,0.98678076,0.9860829,0.9904926,0.9854082,0.9887485,0.9902,0.9871173,0.9889986,0.98918754,0.9884707,0.9889797,0.9874933,0.99051726,0.9874427,0.98705924,0.9890436,0.99122655,0.99124914,0.9892525,0.9864601,0.9918033,0.9902456,0.9909116,0.98469293,0.98836625,0.9892238,0.99170256,0.98963344,0.990618,0.99012625,0.99094784,0.9900897,0.99047476,0.98980963,0.98954946,0.98978794,0.9725582,0.98986673,0.99748266,0.9886629,0.9981181,0.9894236,0.988842,0.9903763,0.9999999,0.9908288,0.98991066,0.9901329,0.99093455,0.99970704,0.9986819,0.9883452,0.9890373,0.99775684,0.99756694,0.9948733,0.99575377,0.9970859,0.9971725,0.9962137,0.9972113,0.99434334,0.9949298,0.9937276,0.99223775,0.994985,0.9905032,0.9919913,0.9911848,0.9924662,0.9940478,0.99461156,0.9747076,0.9885387,0.9902402,0.9674322
sp|Q9DGG4.1|OPSD_TETNG,0.9887369,0.98899096,0.9894666,0.9876866,0.9878792,0.98923004,0.99424994,0.98862016,0.98958683,0.9855778,0.9879122,0.9876773,0.98617536,0.9876125,0.9959547,0.9954013,0.9929824,0.9810513,0.99302995,0.9642962,0.9835521,0.9934927,0.98812795,0.9947322,0.9953549,0.99355847,0.9961486,0.99455756,0.9950269,0.9960431,0.9938435,0.9952277,0.994427,0.99584675,0.9947453,0.99420965,0.99461836,0.99533165,0.99468577,0.9948356,0.9945986,0.9949066,0.99457204,0.99440426,0.99564433,0.9938264,0.99332845,0.994313,0.99500686,0.9924593,0.9943378,0.9953271,0.9962595,0.9954087,0.99434924,0.9955982,0.9961688,0.9960551,0.99516606,0.9960172,0.9946903,0.99496007,0.99775726,0.9963582,0.99895525,0.99823916,0.99484104,0.99876297,0.9990062,0.99811226,0.99423504,0.99390805,0.99827486,0.998238,0.9982618,0.9985228,0.9976087,0.9982991,0.9977297,0.99847674,0.99903125,0.9990984,0.99787974,0.9696834,0.99785846,0.98816615,0.99878025,0.9898399,0.99925864,0.9984698,0.9992255,0.9908288,1.0,0.99935675,0.9987719,0.99914813,0.9902714,0.9893315,0.99889123,0.99478084,0.9878114,0.9876532,0.9863113,0.98744226,0.98808104,0.98825026,0.987195,0.98882186,0.9873663,0.988701,0.9875858,0.9877147,0.9886106,0.9861907,0.98856986,0.98708904,0.98455256,0.9875139,0.9886318,0.9733071,0.99704134,0.99905914,0.95607734
sp|Q9YGZ3.1|OPSD_SALPV,0.98805207,0.98842335,0.9888283,0.98657346,0.9868104,0.98835284,0.9930889,0.987478,0.9887423,0.9853869,0.98749524,0.9875665,0.9859411,0.98682165,0.99613845,0.9958263,0.9928452,0.97997236,0.99198234,0.9658311,0.98337483,0.9933962,0.9871615,0.9941435,0.994567,0.99324715,0.9963877,0.99359304,0.99477494,0.9961934,0.99405074,0.9952617,0.99447143,0.9963818,0.99452233,0.9942627,0.99449086,0.99491787,0.99498826,0.99452215,0.994439,0.9947355,0.994462,0.9945615,0.99529994,0.99419034,0.9934832,0.994232,0.9948282,0.992761,0.9945511,0.9950658,0.99586725,0.9957017,0.9941171,0.9952247,0.9967907,0.9960533,0.9950383,0.9956062,0.99474275,0.99499923,0.9981508,0.9957797,0.99890053,0.99771786,0.9946674,0.99832827,0.9986201,0.99771374,0.9943907,0.99401987,0.9976461,0.99819183,0.99769855,0.9983901,0.9976016,0.99802727,0.99730766,0.9983733,0.9992809,0.99942434,0.9983927,0.9714119,0.9971814,0.98732466,0.99916255,0.9886466,0.99914426,0.99879503,0.99907196,0.98991066,0.99935675,1.0000002,0.99877703,0.99921405,0.989009,0.9880611,0.9991701,0.99486244,0.98651147,0.9865521,0.98434305,0.98597383,0.9866468,0.98697877,0.9859928,0.98812485,0.98533475,0.9873985,0.9856792,0.98543024,0.9868766,0.9839025,0.98667157,0.9847916,0.9820577,0.98528767,0.98648345,0.9711726,0.9972655,0.9994378,0.9552083
sp|P35359.2|OPSD_DANRE,0.9882183,0.9885254,0.9888787,0.98705846,0.9868382,0.9886665,0.99365515,0.9877583,0.9896064,0.98442835,0.9867009,0.98648155,0.984501,0.98572284,0.9954875,0.9942037,0.99390745,0.9782213,0.9924158,0.9650438,0.9826534,0.9921248,0.986291,0.99370885,0.99514556,0.99249154,0.9963473,0.9942632,0.99552304,0.9962539,0.9945967,0.9958665,0.99466544,0.9971032,0.9933004,0.99456203,0.9947857,0.9953291,0.99560714,0.99494094,0.99464446,0.9953139,0.9951682,0.994856,0.99552846,0.9922558,0.99398845,0.994769,0.9949951,0.9928957,0.9946262,0.9956359,0.99620295,0.9962977,0.9947998,0.99540985,0.9975699,0.9950437,0.9950062,0.99587893,0.994816,0.9951127,0.9984238,0.9960693,0.99854046,0.99760264,0.99482137,0.99850845,0.9984375,0.99744445,0.9947663,0.992523,0.99755764,0.9977262,0.99762815,0.99791354,0.99741906,0.9977784,0.9984945,0.9979751,0.99911904,0.99909294,0.9988238,0.96955407,0.99881554,0.98698896,0.9987274,0.98848087,0.9986976,0.9983012,0.9982851,0.9901329,0.9987719,0.99877703,0.9999998,0.9990388,0.98947144,0.9878766,0.99844885,0.99400896,0.9860048,0.98594755,0.9835566,0.98498183,0.9858032,0.98619944,0.9850622,0.98793846,0.9853394,0.9867238,0.9856867,0.9853677,0.987937,0.98362285,0.98673713,0.98424184,0.9826956,0.9862354,0.9868146,0.9706851,0.9980258,0.9989922,0.95316666
sp|P79848.1|OPSD_POERE,0.9893233,0.9895931,0.9900751,0.988533,0.98839605,0.9902618,0.994296,0.9875917,0.99099267,0.987158,0.9875889,0.98795855,0.98683095,0.98710966,0.99616283,0.9942676,0.993447,0.9785651,0.9937253,0.9622053,0.98451746,0.99390626,0.98797774,0.99435025,0.9956464,0.9941303,0.9958874,0.9949215,0.99548125,0.9966076,0.99484676,0.9953804,0.9938997,0.99662745,0.9937639,0.9938934,0.99424237,0.9948901,0.9955836,0.9944445,0.99410486,0.994333,0.99466854,0.99409187,0.9954382,0.99273366,0.9929911,0.9948328,0.99430364,0.99383605,0.9939249,0.99587053,0.995757,0.9961675,0.99551356,0.9952744,0.9973582,0.99540037,0.9947165,0.9957526,0.9941234,0.9944869,0.9979602,0.9966718,0.9991533,0.99844766,0.9943008,0.9987949,0.9986928,0.99838036,0.9938744,0.99269116,0.99837554,0.9983776,0.99837285,0.99892735,0.99823016,0.9985733,0.99814546,0.99894154,0.9990159,0.9990778,0.99853826,0.9678603,0.99832153,0.9872135,0.99885416,0.98901343,0.99906087,0.99814314,0.99944866,0.99093455,0.99914813,0.99921405,0.9990388,1.0000006,0.9903132,0.9887143,0.9983984,0.99501413,0.9872588,0.9869337,0.9846529,0.9858868,0.9869608,0.9872289,0.9859178,0.98813236,0.9866654,0.98774904,0.9859407,0.98634964,0.9889841,0.98451424,0.9865359,0.9850005,0.9844563,0.9872658,0.98812306,0.9695809,0.99754506,0.9997401,0.95526636
sp|O35599.1|OPSG_MOUSE,0.9904705,0.9904545,0.99147207,0.9907843,0.9912674,0.9922057,0.993745,0.99075526,0.9902488,0.986294,0.9855293,0.9875603,0.98656905,0.99035686,0.9908403,0.98854744,0.9830531,0.98490626,0.98671776,0.9645137,0.9861028,0.9920489,0.99088573,0.99177784,0.9887289,0.9921737,0.98800147,0.98830336,0.98802906,0.98939383,0.9852403,0.9900311,0.98449856,0.9848556,0.9903711,0.9839924,0.9855986,0.9869705,0.98684955,0.9865875,0.98461574,0.98503155,0.9858742,0.9850972,0.98816144,0.98864347,0.98372865,0.9861663,0.98518777,0.9899142,0.9841305,0.9880489,0.98918873,0.98618853,0.9883309,0.9882022,0.9875637,0.98839265,0.98628336,0.9896066,0.9865292,0.9861516,0.9883632,0.99079716,0.99058264,0.98882335,0.98560643,0.99144566,0.98981464,0.9904281,0.98369277,0.9875103,0.9888071,0.9911465,0.9892283,0.9900914,0.9896474,0.9904487,0.98981035,0.9898595,0.98918647,0.988856,0.98875266,0.97134066,0.9895971,0.99720263,0.9877167,0.9983114,0.98889804,0.9881585,0.9895747,0.99970704,0.9902714,0.989009,0.98947144,0.9903132,1.0,0.9983897,0.98756677,0.9884699,0.997784,0.99753696,0.99500674,0.99559927,0.9970217,0.9970984,0.9958269,0.99693215,0.9944215,0.9951054,0.9937856,0.99232745,0.99475735,0.99097466,0.9922199,0.9912911,0.992499,0.9942061,0.9945067,0.9747633,0.98791575,0.9894662,0.96680135
sp|O35478.2|OPSG_SCICA,0.9883937,0.9882254,0.98924303,0.98861265,0.9892612,0.9898551,0.99237007,0.98890305,0.98776406,0.9842708,0.98412764,0.9854342,0.98517424,0.9880743,0.99008596,0.9882767,0.98110104,0.98485434,0.9858911,0.9646725,0.9842888,0.9916952,0.9899321,0.9912795,0.98747844,0.99135756,0.98663783,0.9871191,0.9863338,0.9878888,0.983975,0.9883506,0.9834197,0.98260856,0.9897168,0.9831637,0.98441494,0.9857877,0.9848865,0.98523724,0.9834908,0.98362666,0.9840559,0.9834131,0.9864884,0.9885476,0.98207116,0.9849178,0.9839457,0.98775613,0.9825453,0.9864258,0.9875765,0.9845346,0.98654974,0.98675704,0.98523307,0.98704857,0.9853797,0.9881171,0.98507214,0.9843557,0.98660743,0.9894266,0.9893291,0.98796576,0.98445463,0.9901952,0.9886311,0.98959196,0.98228395,0.986562,0.9878986,0.98980534,0.9880533,0.9888517,0.98803234,0.9894861,0.98809695,0.98888135,0.9876173,0.9871634,0.9870497,0.97207,0.98780274,0.9976304,0.98615575,0.99798006,0.9878968,0.9863705,0.9884549,0.9986819,0.9893315,0.9880611,0.9878766,0.9887143,0.9983897,1.0000007,0.98631936,0.98719907,0.99903226,0.9985977,0.9976227,0.99824023,0.99895275,0.9988619,0.99799085,0.99782586,0.99531794,0.9963765,0.9954234,0.9942263,0.9949252,0.9927233,0.9936314,0.9933084,0.9929899,0.995227,0.9959061,0.97424346,0.9863746,0.9879494,0.97032905
sp|Q9YGZ6.1|OPSD_CHEAU,0.98679817,0.9870794,0.9882574,0.9849427,0.98594105,0.9875009,0.9927405,0.9887704,0.98700196,0.9842582,0.98716813,0.9854963,0.98279583,0.986641,0.994068,0.99481475,0.99050933,0.980726,0.98893774,0.96616477,0.9813932,0.9916674,0.9847578,0.9922815,0.9923022,0.99205524,0.9948345,0.9910548,0.9929288,0.9944446,0.99190074,0.9942528,0.99236715,0.9945043,0.9932698,0.9920231,0.99247897,0.99322164,0.9934426,0.9927132,0.99238133,0.9929347,0.9924102,0.9925659,0.9933691,0.99281156,0.99144804,0.99254173,0.9930942,0.99060124,0.99274725,0.9932815,0.9941666,0.9944233,0.9920256,0.9933304,0.9950293,0.9948729,0.9930355,0.99387133,0.99300075,0.9932411,0.99737227,0.99404323,0.99841857,0.99650097,0.99290395,0.9976375,0.99831104,0.9964198,0.9926889,0.992931,0.99619764,0.9982549,0.99676573,0.997522,0.9965391,0.99698186,0.9964969,0.99766797,0.99923295,0.99911773,0.99795336,0.9726858,0.9966403,0.98709595,0.9989388,0.9878547,0.99843794,0.99982643,0.9980746,0.9883452,0.99889123,0.9991701,0.99844885,0.9983984,0.98756677,0.98631936,1.0000001,0.9931829,0.9854659,0.9858579,0.9836784,0.9853952,0.9853564,0.9857804,0.9850756,0.98757344,0.9851556,0.9873149,0.9857532,0.98458123,0.9845854,0.98315024,0.9869888,0.9844148,0.9813541,0.9831462,0.98425114,0.97140443,0.99572796,0.998996,0.9547966
sp|Q98980.1|OPSD_PETMA,0.9919234,0.99247825,0.99173594,0.9894501,0.9893163,0.991184,0.9944371,0.98369604,0.9924915,0.99036425,0.9882619,0.9907706,0.9924749,0.98961806,0.9968143,0.994524,0.99274194,0.97614443,0.99437034,0.9605479,0.9917022,0.99508023,0.9921049,0.9968228,0.99604905,0.9952105,0.9964797,0.99526024,0.9960539,0.99743384,0.99579895,0.9965786,0.9943943,0.9942421,0.996487,0.993978,0.9944729,0.9959067,0.99698097,0.9961091,0.9945743,0.99466497,0.9957149,0.99546134,0.99591947,0.99463403,0.99362886,0.9962567,0.994635,0.9969436,0.9949255,0.99658257,0.99508905,0.99685097,0.99626124,0.9955158,0.9952018,0.99831635,0.9951079,0.9958515,0.9957782,0.9952273,0.9939432,0.9977216,0.99502355,0.99576074,0.99520826,0.99486655,0.99531066,0.9964511,0.9951436,0.9949574,0.9946626,0.99486613,0.9959532,0.9959195,0.9962703,0.9963012,0.9944826,0.99619865,0.9946126,0.9947315,0.99472857,0.96647745,0.99312925,0.9841145,0.99492043,0.98688686,0.99496865,0.9925629,0.9954522,0.9890373,0.99478084,0.99486244,0.99400896,0.99501413,0.9884699,0.98719907,0.9931829,1.0000002,0.98570085,0.985489,0.9811503,0.98473036,0.98549217,0.98575497,0.98318774,0.9860021,0.9828509,0.9852172,0.9825492,0.98383176,0.98619235,0.9827027,0.9837004,0.9819025,0.9807859,0.98405975,0.98492503,0.9644072,0.9941081,0.99505544,0.9524098
sp|P04000.2|OPSR_HUMAN,0.9887587,0.9883586,0.990383,0.989041,0.9902588,0.990751,0.99213994,0.98946255,0.9877255,0.9846384,0.98372114,0.9842249,0.9843603,0.98938507,0.98814017,0.98642266,0.9764744,0.98674613,0.98227054,0.96486557,0.98491013,0.9913486,0.98935705,0.9887489,0.98405796,0.99144286,0.98373175,0.98349524,0.98316455,0.9855823,0.9813151,0.9862903,0.97929156,0.9793483,0.988081,0.9786607,0.98014516,0.98207194,0.9818716,0.9815825,0.9791239,0.97958255,0.9802648,0.9793869,0.9829363,0.98672163,0.97776085,0.9820118,0.979853,0.98601395,0.97847766,0.9834868,0.98435664,0.98205674,0.98386884,0.9831934,0.98258543,0.98469836,0.9813859,0.9849747,0.9816532,0.98055947,0.98480564,0.9869289,0.9878783,0.98637444,0.980589,0.98891157,0.9874937,0.9879367,0.9781774,0.9846674,0.9858239,0.9893575,0.9868246,0.9878072,0.9868667,0.9878962,0.98610014,0.98787755,0.98650616,0.9856294,0.9851937,0.97378874,0.98585606,0.9978866,0.9845629,0.99817485,0.9861133,0.9857242,0.9866971,0.99775684,0.9878114,0.98651147,0.9860048,0.9872588,0.997784,0.99903226,0.9854659,0.98570085,0.9999998,0.9996499,0.99839747,0.998786,0.99934715,0.99929166,0.9983276,0.9983745,0.9957285,0.9975331,0.99562097,0.993719,0.9937061,0.9918405,0.9934521,0.9928099,0.9934171,0.99367744,0.9941404,0.9730556,0.9839673,0.98664695,0.97323877
sp|P04001.1|OPSG_HUMAN,0.98892,0.9886409,0.9907792,0.9891465,0.9908503,0.9908586,0.9922031,0.9904219,0.9875104,0.98410803,0.9827907,0.98337907,0.9842675,0.99015,0.9878658,0.9868365,0.9756427,0.98835236,0.98063815,0.967808,0.98548585,0.9907923,0.98905295,0.9884558,0.9829391,0.9910451,0.9835969,0.9821689,0.98237675,0.98524404,0.98076665,0.986593,0.97899103,0.9788342,0.98807406,0.9781136,0.9797367,0.98163897,0.9815133,0.9812097,0.97859716,0.9791111,0.9796621,0.9792012,0.9825293,0.98709327,0.977666,0.98111135,0.9794814,0.98629254,0.9784066,0.98285866,0.98407215,0.98192245,0.9829551,0.9828189,0.9821746,0.98476607,0.9809672,0.98455167,0.98161364,0.980477,0.9850831,0.9863298,0.9879564,0.98572797,0.98018014,0.98841894,0.9872917,0.9875108,0.9779754,0.98489994,0.98507726,0.98962563,0.9864899,0.9875481,0.98687255,0.987583,0.9854499,0.98749053,0.9866639,0.9858604,0.9851233,0.97680306,0.9851634,0.99861103,0.9846734,0.99840295,0.9857861,0.9863149,0.9862776,0.99756694,0.9876532,0.9865521,0.98594755,0.9869337,0.99753696,0.9985977,0.9858579,0.985489,0.9996499,0.9999999,0.99801344,0.9986991,0.99909836,0.99910975,0.9985316,0.9987972,0.9949179,0.99738395,0.99509484,0.99243087,0.9925887,0.99038625,0.99289155,0.99188876,0.9922414,0.99211264,0.9926883,0.974653,0.983147,0.9864673,0.97228783
sp|O18913.2|OPSR_FELCA,0.9852645,0.9846029,0.9865094,0.985886,0.9872823,0.9871605,0.98902065,0.98898846,0.9828905,0.98106384,0.9814144,0.9806837,0.9791113,0.98589903,0.98515165,0.9847031,0.9721309,0.987967,0.9785722,0.96462625,0.9790813,0.98864,0.9851481,0.9859714,0.9803559,0.98849785,0.9803992,0.9798167,0.9790255,0.9814036,0.97643805,0.9823282,0.975705,0.9753499,0.9856137,0.97498125,0.9769867,0.9787346,0.9771825,0.9779235,0.9758073,0.9762929,0.97626936,0.97538865,0.97946036,0.984881,0.9738108,0.9776561,0.9767242,0.98063016,0.97463536,0.97903675,0.9811683,0.9773862,0.9789267,0.9800297,0.9783577,0.981208,0.97823834,0.9818268,0.9781058,0.9768865,0.9819939,0.98333246,0.9853985,0.9838675,0.97721136,0.9867106,0.9854831,0.98519665,0.974462,0.98196167,0.9835617,0.9871118,0.9840021,0.9850829,0.98352325,0.985155,0.98302454,0.98516214,0.9842793,0.9832941,0.9821162,0.9734927,0.9833063,0.9969438,0.98180896,0.9967134,0.9841838,0.98374116,0.984463,0.9948733,0.9863113,0.98434305,0.9835566,0.9846529,0.99500674,0.9976227,0.9836784,0.9811503,0.99839747,0.99801344,0.9999998,0.9990035,0.99900866,0.9988313,0.99879587,0.9969567,0.99574286,0.9975379,0.99639505,0.99411523,0.99164283,0.9924345,0.99422455,0.99425775,0.9930365,0.9929242,0.9938853,0.9752767,0.9808728,0.98399633,0.9756947
sp|O18912.2|OPSR_HORSE,0.9874779,0.98703086,0.98856384,0.9867695,0.98837286,0.9884996,0.9905932,0.9889485,0.9840599,0.98402286,0.9841044,0.9834946,0.9827632,0.9887977,0.9874877,0.9877706,0.9752796,0.98771524,0.98085785,0.9661491,0.9826309,0.9906298,0.9883825,0.98902756,0.9828825,0.9905413,0.98316145,0.98206466,0.98203623,0.98432493,0.97964233,0.98582184,0.97909135,0.9774834,0.98882574,0.97830534,0.9802133,0.9819714,0.98079515,0.98134136,0.9791093,0.9794103,0.9793869,0.9789654,0.98222786,0.98819435,0.97745115,0.9809238,0.9801153,0.9841753,0.97839993,0.9821386,0.98345834,0.98081225,0.98189133,0.9827372,0.98046875,0.98465556,0.9814809,0.98430884,0.9817297,0.9803357,0.98358965,0.98581755,0.9868133,0.9850678,0.9807036,0.98752475,0.98680466,0.9867259,0.97836596,0.9856628,0.98457116,0.9886339,0.9854221,0.9864301,0.9851424,0.9867326,0.9845522,0.9866217,0.98581415,0.98498285,0.9841906,0.97555643,0.98411465,0.9973857,0.98385805,0.9970014,0.9858264,0.98536193,0.98577267,0.99575377,0.98744226,0.98597383,0.98498183,0.9858868,0.99559927,0.99824023,0.9853952,0.98473036,0.998786,0.9986991,0.9990035,0.99999976,0.99941564,0.9993089,0.9987256,0.99745524,0.9953582,0.99762297,0.9965025,0.9942144,0.9911365,0.99316776,0.99489903,0.9943396,0.9922192,0.9922682,0.9935316,0.9753688,0.9823826,0.9856488,0.9749552
sp|Q9BGI7.1|OPSR_BOVIN,0.98853374,0.9881822,0.989465,0.98903704,0.98995906,0.9900816,0.9911999,0.988909,0.9862619,0.98420167,0.98334825,0.98408544,0.9844539,0.9889398,0.9884116,0.9877095,0.9764811,0.98808116,0.9823514,0.9667819,0.9840666,0.99142253,0.9893457,0.98936,0.9840286,0.991237,0.9839897,0.9833408,0.982817,0.9852342,0.98090184,0.9861398,0.97994256,0.97918695,0.98864126,0.97916853,0.9808604,0.9825098,0.9813583,0.98194337,0.9798531,0.98012924,0.98042846,0.9797607,0.98326296,0.9881374,0.9783137,0.98143464,0.9807004,0.98548883,0.97903323,0.9830543,0.9846138,0.9815698,0.9830426,0.9836416,0.9821979,0.98473185,0.9821317,0.9851817,0.9823369,0.98107845,0.9847158,0.9867612,0.9876255,0.9863369,0.9811214,0.9885038,0.9874131,0.98791385,0.9787771,0.98517185,0.9859268,0.98918027,0.9865795,0.98755455,0.9865878,0.9877943,0.9853338,0.9874893,0.9864086,0.9856421,0.9848286,0.97482544,0.985157,0.9977112,0.9841621,0.9977311,0.98646975,0.98541677,0.9867373,0.9970859,0.98808104,0.9866468,0.9858032,0.9869608,0.9970217,0.99895275,0.9853564,0.98549217,0.99934715,0.99909836,0.99900866,0.99941564,0.99999994,0.9999057,0.99908864,0.9982516,0.9950934,0.9975134,0.995752,0.99388254,0.99266684,0.99239075,0.99362683,0.9934746,0.9925073,0.99347514,0.9944979,0.9752311,0.9837972,0.9862884,0.9744194
sp|Q95170.1|OPSR_CAPHI,0.988821,0.9885123,0.98968947,0.98944175,0.9901634,0.9902655,0.9911517,0.9890778,0.98627263,0.9841751,0.98286426,0.9837103,0.9842519,0.98902845,0.98854864,0.98802423,0.97637874,0.9887334,0.98194724,0.96879566,0.9843979,0.99145925,0.98908633,0.98924065,0.9838517,0.99127567,0.98446465,0.98309296,0.98266995,0.98536766,0.9808787,0.9864061,0.97993916,0.979518,0.9886193,0.9791411,0.9807739,0.9825195,0.98155516,0.9819367,0.9798132,0.98025715,0.9805764,0.97988975,0.9833472,0.9884348,0.9783155,0.98138183,0.9807713,0.98568183,0.97907746,0.9829035,0.984667,0.9817114,0.98285013,0.98370445,0.98270154,0.984809,0.9820583,0.9852798,0.9825039,0.98126197,0.9851366,0.98680115,0.9879271,0.98661757,0.9810171,0.9886639,0.98778856,0.9881447,0.97890663,0.9849953,0.9860443,0.9896037,0.9866904,0.9879077,0.9869318,0.9880916,0.98535186,0.987808,0.98676443,0.9859526,0.985219,0.97633886,0.98524714,0.9978662,0.9843756,0.99773026,0.9867356,0.9858937,0.9869478,0.9971725,0.98825026,0.98697877,0.98619944,0.9872289,0.9970984,0.9988619,0.9857804,0.98575497,0.99929166,0.99910975,0.9988313,0.9993089,0.9999057,0.9999997,0.99919957,0.9986706,0.99470294,0.9975075,0.9953971,0.9931841,0.9922304,0.99171484,0.9932807,0.99283546,0.9917818,0.9928527,0.99386847,0.97491384,0.98408985,0.9866126,0.9747079
sp|O18914.2|OPSR_CANLF,0.9873097,0.98708546,0.9885074,0.9884969,0.9897022,0.9890671,0.9897327,0.99020773,0.9846371,0.9818239,0.98024476,0.9810937,0.981797,0.98794925,0.9871175,0.9876102,0.97424066,0.9909667,0.9790597,0.9721127,0.9825023,0.98992944,0.98693854,0.98733723,0.9812764,0.98948824,0.9830499,0.9804116,0.98017883,0.98392344,0.97875905,0.9845859,0.9784434,0.97768146,0.98705614,0.9774851,0.97913665,0.9806322,0.9794073,0.97996455,0.9780075,0.97854185,0.97852635,0.9780408,0.98206097,0.98784226,0.97698426,0.97860926,0.9791534,0.98378175,0.9774798,0.98047405,0.9834324,0.9798087,0.9802716,0.9825841,0.98131776,0.98270744,0.98053694,0.9841386,0.98104465,0.97989064,0.9841066,0.98454475,0.98721325,0.9847484,0.9790907,0.9869867,0.9864199,0.9866203,0.9769082,0.98339397,0.98435104,0.98901606,0.98505294,0.9866178,0.9856482,0.986655,0.98292696,0.9861292,0.9856626,0.98491675,0.9838741,0.9795542,0.9832788,0.9981667,0.98318857,0.9972241,0.9854661,0.9853715,0.9856785,0.9962137,0.987195,0.9859928,0.9850622,0.9859178,0.9958269,0.99799085,0.9850756,0.98318774,0.9983276,0.9985316,0.99879587,0.9987256,0.99908864,0.99919957,1.0,0.9984118,0.9937801,0.9966203,0.99416476,0.9909966,0.99072635,0.9887866,0.99151444,0.9911253,0.9904294,0.9906875,0.9921242,0.9763199,0.9821787,0.9853391,0.9755554
sp|O18910.2|OPSG_RABIT,0.9890306,0.9888998,0.99063337,0.9899257,0.99082243,0.9908271,0.9918976,0.9908747,0.9875485,0.98189986,0.980762,0.9814007,0.98306596,0.98935753,0.9885572,0.98795956,0.9764049,0.9903195,0.98005307,0.9745051,0.98527586,0.99066496,0.987808,0.9882207,0.9830843,0.99079144,0.9859483,0.9821363,0.9825706,0.98608357,0.9814334,0.9873711,0.980289,0.98108816,0.98782253,0.97935784,0.9805259,0.9823222,0.9821714,0.9818932,0.9795636,0.98040247,0.98096424,0.98034406,0.98355526,0.9880088,0.978873,0.98146296,0.9805534,0.9864445,0.97944725,0.9831289,0.985453,0.98298866,0.9829333,0.9837326,0.98462844,0.98516214,0.9817207,0.98544043,0.98271096,0.9816165,0.9871907,0.98677874,0.9892125,0.98718417,0.9806513,0.98968315,0.98884857,0.9885954,0.9792055,0.9845027,0.9862356,0.9908739,0.9874368,0.98891443,0.98828536,0.9888246,0.98631024,0.988727,0.9883215,0.9874295,0.98676586,0.98109245,0.9863658,0.9984786,0.98576605,0.9975166,0.9872361,0.9881102,0.98731333,0.9972113,0.98882186,0.98812485,0.98793846,0.98813236,0.99693215,0.99782586,0.98757344,0.9860021,0.9983745,0.9987972,0.9969567,0.99745524,0.9982516,0.9986706,0.9984118,1.0000002,0.99275845,0.99620014,0.99336106,0.98976684,0.99095565,0.98758006,0.9909807,0.9891664,0.9891959,0.9902768,0.990732,0.9740532,0.98530316,0.9877091,0.97303563
sp|P41592.1|OPSR_ANOCA,0.9851136,0.9843312,0.9865911,0.98345,0.9859439,0.98745453,0.99046075,0.9903299,0.9848346,0.9837477,0.9867766,0.98421013,0.97998095,0.98773444,0.9868938,0.98486465,0.9769459,0.98236895,0.9820856,0.95397663,0.97931665,0.9905057,0.98556745,0.9875402,0.9831677,0.9905211,0.98147047,0.9829023,0.9831225,0.98433965,0.9799266,0.98405826,0.97795415,0.97852993,0.98724174,0.9775025,0.98018986,0.9812248,0.98157173,0.98068655,0.97866094,0.978912,0.9793334,0.97785705,0.9819701,0.98475033,0.97672683,0.98189694,0.9789848,0.9824661,0.9774384,0.98249197,0.9832281,0.98109305,0.98320085,0.9823563,0.9809973,0.98388,0.98097575,0.9840745,0.97966444,0.9787907,0.9835162,0.9852129,0.9860187,0.9848504,0.98029935,0.9888921,0.98620486,0.9857204,0.9772586,0.9846304,0.9845137,0.9874188,0.98540103,0.98576117,0.9844147,0.9856634,0.9862795,0.9867431,0.98629296,0.9854639,0.98492527,0.9643958,0.98676836,0.9944751,0.9852506,0.9947815,0.9855062,0.98539954,0.98642606,0.99434334,0.9873663,0.98533475,0.9853394,0.9866654,0.9944215,0.99531794,0.9851556,0.9828509,0.9957285,0.9949179,0.99574286,0.9953582,0.9950934,0.99470294,0.9937801,0.99275845,1.0,0.99777305,0.99720967,0.9969075,0.99520886,0.994694,0.99627364,0.99671966,0.9980388,0.99550086,0.9960942,0.968494,0.98350024,0.98642606,0.97062224
sp|P22329.1|OPSR_CHICK,0.9883919,0.9877702,0.989739,0.98740077,0.9892999,0.99039376,0.99165726,0.9909601,0.9860025,0.98586845,0.9862874,0.9848635,0.9827235,0.9898747,0.988243,0.9873532,0.9756195,0.9875723,0.9805283,0.963837,0.9833684,0.9917737,0.9873259,0.9884064,0.98257023,0.99193084,0.9832435,0.98168683,0.9823666,0.9849384,0.9804876,0.98583424,0.978341,0.97952205,0.98858833,0.97745246,0.97991085,0.9815544,0.9817094,0.981096,0.97853315,0.97944397,0.9798369,0.9787282,0.98224014,0.9873334,0.97679436,0.981687,0.9796075,0.98441845,0.9780511,0.9821904,0.983616,0.98203266,0.9822796,0.9826527,0.9822798,0.9849163,0.98093796,0.9844929,0.9811053,0.9797842,0.985666,0.98588914,0.98779774,0.9865098,0.9803537,0.9897418,0.98837537,0.9877186,0.9781714,0.9852816,0.9855998,0.9901269,0.9869709,0.98789394,0.9869611,0.9877691,0.98621273,0.9884714,0.98823065,0.98723894,0.9862458,0.97307247,0.98665947,0.99675906,0.98600584,0.9966708,0.9868832,0.9876034,0.98741674,0.9949298,0.988701,0.9873985,0.9867238,0.98774904,0.9951054,0.9963765,0.9873149,0.9852172,0.9975331,0.99738395,0.9975379,0.99762297,0.9975134,0.9975075,0.9966203,0.99620014,0.99777305,0.9999996,0.9973988,0.9957014,0.9929447,0.9938555,0.9959619,0.9955423,0.9948865,0.99370503,0.9943932,0.97239494,0.9843389,0.9876876,0.97223645
sp|P87367.1|OPSR_ORYLA,0.9860955,0.9853319,0.9867087,0.9833023,0.9856672,0.98712486,0.990284,0.9900478,0.9826355,0.98399067,0.98886317,0.98584086,0.97903454,0.98746157,0.98712397,0.9861858,0.9770129,0.9822563,0.98165953,0.95660657,0.9780992,0.9902062,0.985414,0.9881728,0.98332834,0.9904464,0.9822771,0.9827165,0.98350835,0.98368424,0.97952205,0.98498213,0.9792119,0.9786052,0.9882383,0.9783757,0.98122066,0.98233545,0.9812232,0.9817603,0.9797733,0.98035514,0.9802427,0.97922605,0.98239297,0.98571295,0.9777967,0.982393,0.9804695,0.9819993,0.97880244,0.98269975,0.984273,0.9812318,0.98243177,0.9829797,0.9804528,0.98409164,0.9817029,0.98467946,0.98112833,0.98000216,0.9844897,0.9852804,0.98557746,0.98396474,0.9814638,0.9886461,0.98631716,0.98524,0.9788809,0.9855917,0.98365265,0.9872282,0.9846832,0.9848628,0.98370093,0.98529613,0.9869082,0.98594004,0.9866723,0.98579884,0.9854082,0.967293,0.98690134,0.9948042,0.9848584,0.9958943,0.98515916,0.98578954,0.98579276,0.9937276,0.9875858,0.9856792,0.9856867,0.9859407,0.9937856,0.9954234,0.9857532,0.9825492,0.99562097,0.99509484,0.99639505,0.9965025,0.995752,0.9953971,0.99416476,0.99336106,0.99720967,0.9973988,1.0000001,0.998011,0.99264324,0.99680364,0.99880415,0.99781716,0.99534416,0.99494314,0.99545324,0.97468746,0.98357576,0.9859761,0.96786267
sp|P32313.1|OPSR_CARAU,0.98437595,0.9836367,0.9845763,0.98139775,0.983349,0.9856413,0.9899483,0.98600763,0.9832443,0.9854215,0.99050343,0.98800206,0.98089546,0.9851668,0.98759127,0.98481476,0.9797325,0.9762694,0.98555535,0.9455739,0.97727823,0.9904336,0.9857656,0.98933876,0.9858926,0.99035776,0.98172235,0.9855104,0.9854164,0.98467886,0.982376,0.9843389,0.98063374,0.98038477,0.98849,0.98049587,0.9830955,0.9839797,0.9827263,0.9835815,0.98177433,0.98182225,0.9820883,0.9805758,0.98341733,0.9846432,0.978884,0.9844194,0.9819908,0.9823068,0.98010767,0.9845762,0.98439234,0.9826319,0.98483235,0.98380995,0.9810185,0.9848096,0.9834764,0.9852541,0.9818156,0.98077416,0.9836729,0.9863728,0.9852755,0.9858136,0.9835236,0.98880756,0.98649716,0.9862523,0.98051035,0.9860251,0.9857378,0.9861529,0.98603606,0.98539776,0.9842073,0.98588526,0.9879073,0.9868818,0.98625904,0.98555183,0.9851304,0.9565095,0.98770535,0.99074733,0.98530555,0.9932085,0.985728,0.98409617,0.9868565,0.99223775,0.9877147,0.98543024,0.9853677,0.98634964,0.99232745,0.9942263,0.98458123,0.98383176,0.993719,0.99243087,0.99411523,0.9942144,0.99388254,0.9931841,0.9909966,0.98976684,0.9969075,0.9957014,0.998011,0.9999999,0.9943343,0.9987474,0.9981066,0.9989639,0.9965975,0.9973271,0.99767125,0.97160506,0.9848533,0.9860329,0.96218467
sp|O12948.1|OPSR_XENLA,0.9867457,0.9865073,0.98720473,0.98660654,0.9875574,0.988184,0.9920714,0.9876683,0.9905964,0.98272866,0.98504865,0.98612666,0.98459244,0.98486215,0.9904053,0.9847061,0.9838794,0.97686833,0.98853564,0.9515468,0.9822328,0.9911735,0.98755586,0.9900618,0.9885378,0.9905895,0.985055,0.9887507,0.98823833,0.988889,0.987093,0.98697203,0.9838783,0.9849192,0.9876807,0.9836343,0.9855244,0.98562306,0.9857159,0.9855904,0.98394215,0.9841627,0.9850056,0.98347586,0.98677677,0.98435175,0.98297113,0.98578805,0.9832626,0.9876671,0.98276734,0.9880884,0.98763335,0.986182,0.9889548,0.9871086,0.9863554,0.9858124,0.98565173,0.9881901,0.98396814,0.98363906,0.9869303,0.9890386,0.98793095,0.98856866,0.98494595,0.99072635,0.9876107,0.9890157,0.98223644,0.98528653,0.9886293,0.9875525,0.9888422,0.9881544,0.98819554,0.9885063,0.98952705,0.98879504,0.9874157,0.9872111,0.98731893,0.95828503,0.989916,0.9907687,0.98688954,0.9935106,0.98713803,0.98461735,0.9887122,0.994985,0.9886106,0.9868766,0.987937,0.9889841,0.99475735,0.9949252,0.9845854,0.98619235,0.9937061,0.9925887,0.99164283,0.9911365,0.99266684,0.9922304,0.99072635,0.99095565,0.99520886,0.9929447,0.99264324,0.9943343,0.99999976,0.99053085,0.9911324,0.99240553,0.99612033,0.99686426,0.99653584,0.9671651,0.9879075,0.9877124,0.960317
sp|Q9W6A7.1|OPSR1_DANRE,0.9815049,0.9807038,0.98138475,0.97776806,0.9792762,0.98235184,0.98729646,0.98241514,0.97878057,0.9846922,0.9903636,0.9875642,0.9786721,0.982721,0.98541427,0.98379856,0.9786854,0.9728339,0.9846804,0.94268376,0.9738867,0.98809594,0.9841683,0.9886342,0.9853546,0.9882,0.98057514,0.98493075,0.98461527,0.98246396,0.97982156,0.9833401,0.9794047,0.9784353,0.9878231,0.97967076,0.9822016,0.98345137,0.9816973,0.98281693,0.9811806,0.9811182,0.98118484,0.9798652,0.9820417,0.98378193,0.9775446,0.9838661,0.9816772,0.98005104,0.9792203,0.983475,0.9828548,0.98045856,0.9833854,0.9823712,0.9787865,0.98464215,0.9826411,0.9837314,0.980966,0.980011,0.98146456,0.9856905,0.9834125,0.9837982,0.98307514,0.98713744,0.98493487,0.9844116,0.98018783,0.98559844,0.98406816,0.98411447,0.9837258,0.98335105,0.98155856,0.9841798,0.9869112,0.9849021,0.9843528,0.9836979,0.98341054,0.95386,0.98608893,0.98888016,0.9834952,0.9912761,0.9845659,0.98243654,0.9850961,0.9905032,0.9861907,0.9839025,0.98362285,0.98451424,0.99097466,0.9927233,0.98315024,0.9827027,0.9918405,0.99038625,0.9924345,0.99316776,0.99239075,0.99171484,0.9887866,0.98758006,0.994694,0.9938555,0.99680364,0.9987474,0.99053085,1.0000007,0.99786246,0.99833035,0.9932588,0.9955536,0.9961651,0.97104096,0.98326623,0.9843533,0.96076286
sp|P22332.2|OPSR_PSAFA,0.9846524,0.9838571,0.9849671,0.98054904,0.98291147,0.98488235,0.98971814,0.98824185,0.98087764,0.9838129,0.99043953,0.9865353,0.97879,0.9868649,0.98742235,0.9870584,0.979213,0.9797032,0.9828983,0.95436984,0.9765154,0.98946583,0.9849277,0.9890182,0.9846771,0.98977447,0.9833869,0.9840666,0.9849971,0.98437583,0.98072284,0.9862156,0.9809602,0.9800285,0.9896532,0.98040897,0.9830103,0.98412305,0.98304504,0.9836171,0.9818204,0.9823576,0.98185325,0.9811969,0.9833183,0.9865395,0.9795381,0.98433983,0.98267823,0.98196197,0.9807469,0.983937,0.9848128,0.9824947,0.98342335,0.983799,0.98088557,0.9861426,0.9833912,0.9852687,0.9827297,0.98171914,0.98513335,0.98605525,0.98597205,0.9848842,0.983734,0.9892562,0.9873091,0.9855746,0.9811797,0.9878584,0.98469555,0.9871482,0.98531693,0.98525965,0.9837192,0.9856807,0.9884981,0.9865919,0.98757994,0.986809,0.98616624,0.96520925,0.98798394,0.99252766,0.98637915,0.99413073,0.9865992,0.98677933,0.98660743,0.9919913,0.98856986,0.98667157,0.98673713,0.9865359,0.9922199,0.9936314,0.9869888,0.9837004,0.9934521,0.99289155,0.99422455,0.99489903,0.99362683,0.9932807,0.99151444,0.9909807,0.99627364,0.9959619,0.99880415,0.9981066,0.9911324,0.99786246,0.9999996,0.9984215,0.99395496,0.99394214,0.9944899,0.97471064,0.984777,0.98687863,0.9644772
sp|Q8AYN0.1|OPSR2_DANRE,0.98157763,0.9809575,0.98204243,0.9786795,0.9811454,0.9827543,0.9878513,0.98675513,0.9795338,0.98322386,0.9889306,0.98576283,0.977733,0.98377526,0.98588055,0.9849682,0.9775366,0.9782212,0.9825597,0.9479657,0.9738257,0.9886297,0.98316324,0.9877033,0.9834305,0.98820424,0.9801028,0.98288476,0.9831312,0.9826418,0.97926825,0.98256636,0.9791746,0.9780187,0.98767143,0.97880137,0.98189425,0.98251706,0.9804257,0.98188365,0.9805457,0.98042583,0.98000145,0.97897136,0.98176175,0.98455024,0.9775652,0.9814957,0.980792,0.97945,0.9789485,0.98201483,0.98284847,0.97996163,0.981841,0.9822335,0.97865844,0.9839992,0.98234844,0.98365957,0.9805339,0.97963434,0.98195016,0.9842524,0.98424995,0.98400253,0.9821538,0.9872111,0.98547995,0.9842576,0.9790229,0.98550797,0.98405516,0.98536485,0.9840727,0.983875,0.98210657,0.9840777,0.9858715,0.98540807,0.98529285,0.9846372,0.9840224,0.959286,0.98568124,0.99097,0.9846989,0.9928314,0.98486066,0.98403555,0.985818,0.9911848,0.98708904,0.9847916,0.98424184,0.9850005,0.9912911,0.9933084,0.9844148,0.9819025,0.9928099,0.99188876,0.99425775,0.9943396,0.9934746,0.99283546,0.9911253,0.9891664,0.99671966,0.9955423,0.99781716,0.9989639,0.99240553,0.99833035,0.9984215,1.0000002,0.99561363,0.9955579,0.9964126,0.9740412,0.9827796,0.98500603,0.9634836
sp|P35358.1|OPSG_GEKGE,0.9838321,0.9831842,0.98498046,0.98246443,0.98514676,0.9866525,0.9893693,0.98834836,0.9850534,0.9838134,0.98598474,0.9839004,0.97883165,0.9852648,0.9849015,0.9806142,0.9757262,0.9776821,0.9823416,0.94340444,0.97764885,0.9891398,0.98412544,0.98593843,0.98228246,0.9892091,0.977732,0.98212916,0.9821303,0.9828011,0.97945046,0.98103696,0.97605324,0.9764803,0.98442405,0.97531986,0.9787269,0.9794029,0.979418,0.97907066,0.9770976,0.97667176,0.977725,0.97555935,0.9801677,0.9804646,0.9749592,0.9798945,0.97649145,0.9809866,0.975544,0.98148525,0.9811748,0.97971654,0.9827242,0.9804377,0.9787863,0.9806638,0.97911364,0.9822917,0.97729343,0.9763485,0.980139,0.9834852,0.9831651,0.983002,0.978367,0.9863717,0.9836292,0.9835313,0.97493947,0.98174614,0.98277426,0.98470217,0.98373663,0.9833542,0.9822898,0.98311174,0.98457754,0.9847502,0.983357,0.9825903,0.9827914,0.95536053,0.98501927,0.9906341,0.9827868,0.9923477,0.9822446,0.98159397,0.98443615,0.9924662,0.98455256,0.9820577,0.9826956,0.9844563,0.992499,0.9929899,0.9813541,0.9807859,0.9934171,0.9922414,0.9930365,0.9922192,0.9925073,0.9917818,0.9904294,0.9891959,0.9980388,0.9948865,0.99534416,0.9965975,0.99612033,0.9932588,0.99395496,0.99561363,1.0000001,0.99568516,0.9958071,0.96576506,0.9811661,0.98388207,0.96630335
sp|P22331.1|OPSG2_PSAFA,0.98427755,0.98386204,0.98486257,0.98357475,0.9840648,0.9863537,0.9902514,0.98430383,0.9862296,0.9835199,0.9874472,0.98734957,0.9823798,0.98280954,0.988182,0.983092,0.98277885,0.97346866,0.98785204,0.9462037,0.9784149,0.9898932,0.98627704,0.98906326,0.98795724,0.98940897,0.98316646,0.9880861,0.9870425,0.98625225,0.9847224,0.98472595,0.982346,0.98348534,0.986778,0.9827896,0.9844477,0.98528767,0.98424804,0.98491824,0.98321086,0.98356754,0.9843602,0.9823088,0.98543483,0.9830758,0.9806947,0.9856337,0.9830233,0.9842033,0.98123944,0.98618746,0.98646253,0.98397774,0.9870662,0.98553777,0.9842038,0.9841288,0.98483443,0.9868949,0.98275393,0.9823178,0.98477376,0.9880289,0.98594785,0.9872297,0.98445976,0.9897003,0.9864594,0.9878603,0.98162115,0.983723,0.9874098,0.9857583,0.9870859,0.98642427,0.9859657,0.9873092,0.98881483,0.9873854,0.9859597,0.98547035,0.9853056,0.9540684,0.98912334,0.99033827,0.98489964,0.99355626,0.986127,0.982826,0.9870454,0.9940478,0.9875139,0.98528767,0.9862354,0.9872658,0.9942061,0.995227,0.9831462,0.98405975,0.99367744,0.99211264,0.9929242,0.9922682,0.99347514,0.9928527,0.9906875,0.9902768,0.99550086,0.99370503,0.99494314,0.9973271,0.99686426,0.9955536,0.99394214,0.9955579,0.99568516,0.9999999,0.99944615,0.9695796,0.9872825,0.98596376,0.9591321
sp|P22330.1|OPSG1_PSAFA,0.9847414,0.9843866,0.9849537,0.9840994,0.9845905,0.9865413,0.9900875,0.98508114,0.98559254,0.9847566,0.98765075,0.98780364,0.98329943,0.9839785,0.98929524,0.9854926,0.98340905,0.97570354,0.9886601,0.94825757,0.97885096,0.99103427,0.9873241,0.990379,0.9886292,0.9903708,0.9840605,0.9885922,0.9874896,0.9869755,0.98481745,0.98549676,0.9834377,0.98351,0.98831165,0.9837637,0.98563755,0.9862809,0.98480254,0.98570794,0.98449236,0.9844414,0.98491544,0.98317754,0.98655,0.9854902,0.9818994,0.98588866,0.9843199,0.9848418,0.98253596,0.9866307,0.98737603,0.984288,0.9872954,0.9868033,0.98454833,0.9854206,0.9861905,0.9879481,0.98396206,0.9835123,0.98531264,0.98870695,0.98704183,0.9876541,0.9854357,0.98991704,0.9872066,0.9885311,0.98265904,0.98536396,0.98808134,0.9869486,0.9875578,0.9872284,0.9864088,0.98800296,0.98871803,0.9879817,0.9865844,0.9862365,0.9862217,0.95629597,0.9890342,0.9913688,0.98582226,0.9938972,0.9872751,0.98380506,0.98835087,0.99461156,0.9886318,0.98648345,0.9868146,0.98812306,0.9945067,0.9959061,0.98425114,0.98492503,0.9941404,0.9926883,0.9938853,0.9935316,0.9944979,0.99386847,0.9921242,0.990732,0.9960942,0.9943932,0.99545324,0.99767125,0.99653584,0.9961651,0.9944899,0.9964126,0.9958071,0.99944615,0.9999998,0.9714251,0.98731965,0.9869829,0.96161884
sp|O18911.1|OPSG_ODOVI,0.9701079,0.97064793,0.9701481,0.9689424,0.97135454,0.9681265,0.97365975,0.9750867,0.9661005,0.96551204,0.9695991,0.9710514,0.96468526,0.97055876,0.9717168,0.9753562,0.9633076,0.9707075,0.9623631,0.95725846,0.95824915,0.9706297,0.9681802,0.9718199,0.9656976,0.97054195,0.96812963,0.9645551,0.96605533,0.9670651,0.96221894,0.97056466,0.9679514,0.96404314,0.97445047,0.96656895,0.96877193,0.9687004,0.9641404,0.96809196,0.96680975,0.96732634,0.96538687,0.9674494,0.9686287,0.97472644,0.96740997,0.96354854,0.9682376,0.9663709,0.96756184,0.9664025,0.97073895,0.9638825,0.9639769,0.969727,0.96417093,0.96912086,0.9693952,0.969789,0.969744,0.9689221,0.97157073,0.9677082,0.97227997,0.9677874,0.9690047,0.97010124,0.9715473,0.97028863,0.96671754,0.97314507,0.97003734,0.9722306,0.97044003,0.9702217,0.96983373,0.97054166,0.96831894,0.96784383,0.9716909,0.9718521,0.9681487,0.9634789,0.9680273,0.9770739,0.96945155,0.97998816,0.97151434,0.97201544,0.9693498,0.9747076,0.9733071,0.9711726,0.9706851,0.9695809,0.9747633,0.97424346,0.97140443,0.9644072,0.9730556,0.974653,0.9752767,0.9753688,0.9752311,0.97491384,0.9763199,0.9740532,0.968494,0.97239494,0.97468746,0.97160506,0.9671651,0.97104096,0.97471064,0.9740412,0.96576506,0.9695796,0.9714251,1.0000002,0.96661085,0.96894395,0.9278965
sp|Q90215.1|OPSD2_ANGAN,0.9866472,0.9869985,0.986907,0.9850093,0.98398256,0.9867709,0.99188834,0.9836784,0.9892396,0.98409706,0.98821366,0.9887614,0.9852427,0.983929,0.9956416,0.9927922,0.99560213,0.97314155,0.9940942,0.9598603,0.98180974,0.99248517,0.98619276,0.9932607,0.99605393,0.99204457,0.9963374,0.9954576,0.99665624,0.9967626,0.99636424,0.9945366,0.99543524,0.9985684,0.9928533,0.9958008,0.9954038,0.99570805,0.9961578,0.99571747,0.9952662,0.99639416,0.99656284,0.9955771,0.9960902,0.9913276,0.99440324,0.9960461,0.9956471,0.9922476,0.9947864,0.99644995,0.9965925,0.99689335,0.99618125,0.9956555,0.9985251,0.9946182,0.9955988,0.996173,0.99501324,0.9953945,0.9973782,0.9961822,0.996133,0.9969384,0.9957665,0.99788535,0.9966998,0.99664664,0.99538976,0.9920068,0.99697113,0.9949573,0.9966613,0.9965195,0.99648714,0.99666953,0.99786574,0.9967363,0.997402,0.99738157,0.99730587,0.96373856,0.99802834,0.98337364,0.9970976,0.9862244,0.99769557,0.9953081,0.99702525,0.9885387,0.99704134,0.9972655,0.9980258,0.99754506,0.98791575,0.9863746,0.99572796,0.9941081,0.9839673,0.983147,0.9808728,0.9823826,0.9837972,0.98408985,0.9821787,0.98530316,0.98350024,0.9843389,0.98357576,0.9848533,0.9879075,0.98326623,0.984777,0.9827796,0.9811661,0.9872825,0.98731965,0.96661085,0.9999999,0.99724716,0.9500741
sp|P79756.1|OPSD_GAMAF,0.98862714,0.98891854,0.9895339,0.98714906,0.9874063,0.98949057,0.99378514,0.987846,0.9897104,0.9870425,0.9881125,0.9877454,0.9858089,0.9872024,0.99597,0.99477905,0.99297523,0.97869873,0.99268454,0.96244454,0.9838317,0.9937058,0.9872092,0.99423426,0.9949622,0.99393535,0.99576354,0.99403846,0.9952344,0.99638873,0.9943153,0.99535894,0.9937088,0.996275,0.99407244,0.99361247,0.9941119,0.994666,0.9955149,0.9942289,0.9939796,0.9941554,0.99434435,0.99397045,0.99511063,0.9931161,0.99289036,0.99466205,0.9942064,0.9933264,0.9940175,0.99548864,0.99545586,0.99610424,0.9949841,0.99491143,0.99704266,0.9957595,0.99455035,0.99545914,0.9940797,0.99438083,0.99775594,0.9961827,0.9989789,0.9978648,0.994228,0.99851394,0.99866,0.997754,0.9939196,0.99331796,0.9976736,0.9984734,0.9978818,0.9985554,0.9977022,0.99807346,0.9978969,0.99877834,0.9992231,0.9992391,0.99890834,0.9688835,0.9979273,0.98708415,0.99928963,0.988443,0.9989199,0.9987687,0.9993311,0.9902402,0.99905914,0.9994378,0.9989922,0.9997401,0.9894662,0.9879494,0.998996,0.99505544,0.98664695,0.9864673,0.98399633,0.9856488,0.9862884,0.9866126,0.9853391,0.9877091,0.98642606,0.9876876,0.9859761,0.9860329,0.9877124,0.9843533,0.98687863,0.98500603,0.98388207,0.98596376,0.9869829,0.96894395,0.99724716,1.0,0.9554018
sp|O42490.1|OPSP_PETMA,0.958687,0.9575927,0.95966566,0.9609633,0.9612353,0.9611837,0.9575274,0.96442413,0.9514883,0.95118695,0.9486346,0.94569135,0.94910026,0.9630054,0.95623827,0.95878214,0.93754286,0.97395486,0.94688255,0.95235014,0.9536933,0.9635404,0.95971847,0.9559322,0.94860244,0.9623729,0.95254266,0.94794273,0.9471256,0.9523362,0.9435451,0.9515799,0.9438824,0.94118285,0.9563017,0.94185054,0.9443627,0.9463405,0.94556856,0.94535446,0.9443464,0.94389737,0.9437974,0.94193125,0.94849086,0.9598498,0.94210565,0.94520044,0.94472414,0.9495704,0.9422864,0.94666916,0.95092714,0.945568,0.94743174,0.9488115,0.94861907,0.950795,0.94675356,0.95171535,0.9479853,0.9451287,0.94981384,0.95361793,0.9545859,0.95212,0.94347584,0.9575015,0.95520085,0.9530464,0.94112474,0.95285755,0.95032674,0.95938987,0.9506667,0.9544163,0.9511058,0.9531726,0.95074034,0.9552673,0.95362735,0.9519031,0.95255494,0.96369696,0.95069766,0.9715247,0.9513121,0.9669898,0.9544201,0.95498073,0.95509046,0.9674322,0.95607734,0.9552083,0.95316666,0.95526636,0.96680135,0.97032905,0.9547966,0.9524098,0.97323877,0.97228783,0.9756947,0.9749552,0.9744194,0.9747079,0.9755554,0.97303563,0.97062224,0.97223645,0.96786267,0.96218467,0.960317,0.96076286,0.9644772,0.9634836,0.96630335,0.9591321,0.96161884,0.9278965,0.9500741,0.9554018,0.99999994
