P02699.1	P02699.1	0.973	348	9	0	1	348	1	348	1.721E-236	715
P02699.1	P02700.2	0.938	348	22	0	1	348	1	348	1.684E-226	686
P02699.1	Q95KU1.1	0.934	348	23	0	1	348	1	348	2.095E-225	683
P02699.1	O18766.1	0.931	348	24	0	1	348	1	348	1.387E-224	681
P02699.1	P32308.1	0.931	348	24	0	1	348	1	348	1.901E-224	680
P02699.1	Q769E8.1	0.930	348	24	0	1	348	1	348	2.606E-224	680
P02699.1	O62794.1	0.923	348	27	0	1	348	1	348	2.147E-222	674
P02699.1	P15409.2	0.923	348	27	0	1	348	1	348	2.147E-222	674
P02699.1	P08100.1	0.923	348	27	0	1	348	1	348	2.147E-222	674
P02699.1	Q28886.1	0.922	348	27	0	1	348	1	348	5.525E-222	673
P02699.1	Q6W3E1.1	0.922	348	27	0	1	348	1	348	5.525E-222	673
P02699.1	P51489.1	0.922	348	27	0	1	348	1	348	7.571E-222	673
P02699.1	P49912.1	0.921	348	27	0	1	348	1	348	1.038E-221	672
P02699.1	P28681.1	0.921	348	27	0	1	348	1	348	1.038E-221	672
P02699.1	O62796.1	0.920	348	28	0	1	348	1	348	2.670E-221	671
P02699.1	O62795.1	0.919	348	28	0	1	348	1	348	3.659E-221	671
P02699.1	O62791.1	0.918	348	28	0	1	348	1	348	9.417E-221	670
P02699.1	O62798.1	0.917	348	29	0	1	348	1	348	1.768E-220	669
P02699.1	O62792.1	0.915	348	29	0	1	348	1	348	6.237E-220	667
P02699.1	O62793.1	0.912	348	31	0	1	348	1	348	3.014E-219	665
P02699.1	Q68J47.1	0.912	348	31	0	1	348	1	348	5.660E-219	664
P02699.1	Q8HY69.2	0.893	348	37	0	1	348	1	348	1.229E-213	649
P02699.1	P22328.1	0.862	351	48	0	1	348	1	351	1.602E-206	629
P02699.1	P52202.1	0.872	346	44	0	1	346	1	345	3.007E-206	628
P02699.1	Q90245.1	0.858	347	49	0	1	346	1	347	5.779E-203	618
P02699.1	P51470.1	0.841	354	55	0	1	348	1	354	2.792E-202	616
P02699.1	P31355.1	0.840	354	56	0	1	348	1	354	3.826E-202	616
P02699.1	P56515.1	0.854	347	50	0	1	346	1	347	7.184E-202	615
P02699.1	P56516.1	0.837	354	57	0	1	348	1	354	4.756E-201	613
P02699.1	Q90215.1	0.846	347	53	0	1	346	1	347	1.521E-199	608
P02699.1	P41591.1	0.835	352	57	0	1	348	1	352	2.084E-199	608
P02699.1	P29403.1	0.845	347	53	0	1	346	1	347	2.856E-199	608
P02699.1	P35359.2	0.844	347	54	0	1	346	1	347	5.363E-199	607
P02699.1	P56514.1	0.841	347	55	0	1	346	1	347	3.550E-198	604
P02699.1	P22671.1	0.838	346	56	0	1	346	1	346	1.135E-196	600
P02699.1	Q90214.1	0.832	347	58	0	1	346	1	347	1.030E-195	597
P02699.1	Q98980.1	0.820	353	62	0	1	348	1	353	1.030E-195	597
P02699.1	O93459.1	0.813	354	65	0	1	348	1	354	4.512E-194	593
P02699.1	O13227.1	0.828	346	59	0	1	346	1	345	8.471E-194	592
P02699.1	P51488.1	0.821	347	62	0	1	346	1	347	1.443E-192	588
P02699.1	P32309.1	0.818	347	63	0	1	346	1	347	1.793E-191	585
P02699.1	Q9YH05.1	0.819	346	62	0	1	346	1	346	2.456E-191	585
P02699.1	O93441.1	0.816	347	63	0	1	346	1	347	4.612E-191	584
P02699.1	Q9YGZ6.1	0.817	346	63	0	1	346	1	346	8.658E-191	583
P02699.1	Q9YGZ0.1	0.819	345	62	0	1	345	1	345	1.186E-190	583
P02699.1	Q9DGG4.1	0.816	346	63	0	1	346	1	346	1.626E-190	582
P02699.1	P41590.1	0.814	347	64	0	1	346	1	347	2.227E-190	582
P02699.1	P79863.1	0.799	354	70	0	1	348	1	354	3.052E-190	582
P02699.1	Q9YGZ8.1	0.811	346	65	0	1	346	1	346	7.120E-189	578
P02699.1	O42604.1	0.809	347	66	0	1	346	1	347	7.120E-189	578
P02699.1	P87369.1	0.808	347	66	0	1	346	1	347	1.337E-188	577
P02699.1	Q9YGZ5.1	0.807	346	67	0	1	346	1	346	8.847E-188	574
P02699.1	P79848.1	0.803	347	68	0	1	346	1	347	2.276E-187	573
P02699.1	Q9YGZ3.1	0.801	347	69	0	1	346	1	347	1.099E-186	571
P02699.1	Q9YGZ2.1	0.802	346	68	0	1	346	1	345	1.506E-186	571
P02699.1	Q9YGY9.1	0.800	346	69	0	1	346	1	345	7.274E-186	569
P02699.1	P79756.1	0.797	347	70	0	1	346	1	347	1.871E-185	568
P02699.1	P79812.1	0.785	346	74	0	1	346	1	346	1.732E-181	556
P02699.1	P79898.1	0.782	346	75	0	1	346	1	346	1.146E-180	554
P02699.1	P79807.1	0.775	349	77	0	4	348	1	349	2.151E-180	553
P02699.1	P79798.1	0.774	349	78	0	4	348	1	349	4.039E-180	552
P02699.1	P79808.1	0.783	343	74	0	4	346	1	343	2.672E-179	550
P02699.1	P79901.1	0.782	343	75	0	4	346	1	343	3.661E-179	550
P02699.1	P79914.1	0.780	343	75	0	4	346	1	343	1.768E-178	548
P02699.1	P79902.1	0.777	343	76	0	4	346	1	343	8.536E-178	546
P02699.1	P79911.1	0.774	343	77	0	4	346	1	342	7.737E-177	543
P02699.1	P79903.1	0.772	343	78	0	4	346	1	342	2.726E-176	541
P02699.1	P79809.1	0.771	343	78	0	4	346	1	342	5.118E-176	541
P02699.1	P28683.1	0.741	355	90	0	1	348	1	355	7.891E-174	534
P02699.1	Q9W6A6.2	0.743	349	89	0	1	348	1	349	3.128E-171	527
P02699.1	P32311.1	0.741	349	90	0	1	348	1	349	1.102E-170	525
P02699.1	P51471.1	0.730	355	94	0	1	348	1	355	2.069E-170	524
P02699.1	P35357.1	0.729	355	94	0	1	348	1	355	2.835E-170	524
P02699.1	P32312.1	0.734	349	92	0	1	348	1	349	1.240E-168	519
P02699.1	Q8AYM7.1	0.732	349	93	0	1	348	1	349	5.984E-168	517
P02699.1	P51474.1	0.715	346	98	0	1	346	4	349	1.595E-161	499
P02699.1	Q8AYM8.1	0.699	349	104	0	1	348	1	349	1.185E-158	490
P02699.1	Q9W6A5.2	0.695	349	106	0	1	348	1	349	2.013E-157	487
P02699.1	P28682.1	0.555	349	151	0	8	348	13	361	3.956E-117	370
P02699.1	P51472.1	0.548	343	153	0	8	347	11	353	4.897E-113	359
P02699.1	P32310.1	0.539	340	156	0	8	347	10	349	2.357E-109	348
P02699.1	P87365.1	0.529	340	160	0	8	347	12	351	9.181E-107	340
P02699.1	Q9W6A8.1	0.521	340	162	0	8	347	13	352	1.393E-104	334
P02699.1	P51473.1	0.503	345	170	0	5	348	3	347	6.660E-101	323
P02699.1	O57605.1	0.496	346	171	0	1	346	1	340	2.873E-99	319
P02699.1	P28684.1	0.504	339	166	0	8	346	6	340	2.873E-99	319
P02699.1	P51475.1	0.535	312	144	0	23	334	16	326	1.008E-98	317
P02699.1	P51476.1	0.535	307	142	0	23	329	18	323	8.131E-97	312
P02699.1	P51491.1	0.484	346	174	0	1	346	1	339	5.336E-96	309
P02699.1	O13092.1	0.487	343	175	0	5	347	6	348	5.336E-96	309
P02699.1	P03999.2	0.488	338	170	0	9	346	6	338	1.227E-94	305
P02699.1	P60015.1	0.488	338	170	0	9	346	9	341	1.227E-94	305
P02699.1	Q63652.2	0.476	346	177	0	1	346	1	339	1.507E-93	302
P02699.1	Q90309.1	0.487	334	168	0	13	346	8	335	5.279E-93	301
P02699.1	Q9W6A9.2	0.477	336	172	0	11	346	6	335	4.246E-91	295
P02699.1	P51490.1	0.488	324	164	0	23	346	21	342	2.783E-90	293
P02699.1	P87368.1	0.469	338	175	0	6	343	2	331	1.823E-89	290
P02699.1	Q9BGI7.1	0.452	343	184	0	4	346	23	359	6.270E-86	280
P02699.1	P04001.1	0.449	345	186	0	2	346	21	359	8.575E-86	280
P02699.1	O18912.2	0.467	328	173	0	19	346	35	359	8.575E-86	280
P02699.1	Q95170.1	0.449	343	185	0	4	346	23	359	3.000E-85	278
P02699.1	O42490.1	0.491	305	153	0	19	323	30	331	3.000E-85	278
P02699.1	O18914.2	0.449	343	185	0	4	346	23	359	4.103E-85	278
P02699.1	O18913.2	0.461	330	176	0	17	346	33	359	5.611E-85	277
P02699.1	P35358.1	0.446	345	190	0	4	348	22	365	5.611E-85	277
P02699.1	P04000.2	0.445	345	188	0	2	346	21	359	1.049E-84	276
P02699.1	O18910.2	0.444	345	188	0	2	346	21	359	1.963E-84	276
P02699.1	P87367.1	0.444	345	187	0	4	348	20	357	2.684E-84	275
P02699.1	O35476.2	0.443	345	188	0	2	346	16	354	5.019E-84	274
P02699.1	P34989.1	0.445	342	186	0	2	343	14	349	9.387E-84	274
P02699.1	O35478.2	0.440	345	189	0	2	346	21	359	3.282E-83	272
P02699.1	Q9R024.1	0.440	345	189	0	2	346	21	359	3.282E-83	272
P02699.1	O35599.1	0.440	345	189	0	2	346	16	354	4.488E-83	272
P02699.1	Q8AYN0.1	0.447	335	181	0	14	348	29	356	1.569E-82	270
P02699.1	Q9W6A7.1	0.447	335	181	0	14	348	30	357	1.569E-82	270
P02699.1	P41592.1	0.448	333	180	0	14	346	36	362	2.934E-82	269
P02699.1	O12948.1	0.448	333	180	0	14	346	32	358	4.012E-82	269
P02699.1	P32313.1	0.443	335	182	0	14	348	30	357	1.918E-81	267
P02699.1	P22332.2	0.443	335	182	0	14	348	30	357	2.622E-81	267
P02699.1	P22329.1	0.443	333	181	0	14	346	30	355	9.163E-81	265
P02699.1	P22330.1	0.467	298	158	0	21	318	34	331	3.110E-77	255
P02699.1	P22331.1	0.465	298	159	0	21	318	32	329	7.944E-77	254
P02699.1	O18911.1	0.468	273	145	0	32	304	1	273	3.511E-70	234
Q8HY69.2	Q8HY69.2	0.970	348	10	0	1	348	1	348	1.140E-235	713
Q8HY69.2	P32308.1	0.903	348	34	0	1	348	1	348	1.200E-216	658
Q8HY69.2	Q95KU1.1	0.901	348	34	0	1	348	1	348	5.798E-216	656
Q8HY69.2	P49912.1	0.895	348	36	0	1	348	1	348	2.543E-214	651
Q8HY69.2	O18766.1	0.895	348	36	0	1	348	1	348	2.543E-214	651
Q8HY69.2	Q6W3E1.1	0.892	348	37	0	1	348	1	348	1.684E-213	649
Q8HY69.2	Q28886.1	0.891	348	38	0	1	348	1	348	3.162E-213	648
Q8HY69.2	Q769E8.1	0.891	348	38	0	1	348	1	348	3.162E-213	648
Q8HY69.2	P02699.1	0.891	348	38	0	1	348	1	348	3.162E-213	648
Q8HY69.2	P15409.2	0.891	348	38	0	1	348	1	348	5.938E-213	647
Q8HY69.2	O62794.1	0.890	348	38	0	1	348	1	348	1.115E-212	646
Q8HY69.2	P02700.2	0.890	348	38	0	1	348	1	348	1.115E-212	646
Q8HY69.2	O62796.1	0.888	348	39	0	1	348	1	348	3.932E-212	645
Q8HY69.2	O62791.1	0.888	348	39	0	1	348	1	348	3.932E-212	645
Q8HY69.2	P08100.1	0.888	348	39	0	1	348	1	348	3.932E-212	645
Q8HY69.2	Q68J47.1	0.886	348	40	0	1	348	1	348	1.012E-211	644
Q8HY69.2	P51489.1	0.884	348	40	0	1	348	1	348	3.568E-211	642
Q8HY69.2	O62795.1	0.883	348	41	0	1	348	1	348	9.182E-211	641
Q8HY69.2	P28681.1	0.883	348	41	0	1	348	1	348	9.182E-211	641
Q8HY69.2	O62798.1	0.877	348	43	0	1	348	1	348	5.517E-209	636
Q8HY69.2	O62792.1	0.874	348	44	0	1	348	1	348	3.653E-208	633
Q8HY69.2	O62793.1	0.872	348	44	0	1	348	1	348	1.288E-207	632
Q8HY69.2	P22328.1	0.871	345	44	0	1	345	1	343	1.991E-205	625
Q8HY69.2	P52202.1	0.870	345	45	0	1	345	1	344	2.729E-205	625
Q8HY69.2	P56515.1	0.861	346	48	0	1	345	1	346	2.246E-203	619
Q8HY69.2	P51470.1	0.840	354	56	0	1	348	1	354	3.826E-202	616
Q8HY69.2	P31355.1	0.840	354	56	0	1	348	1	354	5.243E-202	616
Q8HY69.2	P56516.1	0.837	354	57	0	1	348	1	354	3.471E-201	613
Q8HY69.2	P56514.1	0.849	346	52	0	1	345	1	346	8.101E-200	609
Q8HY69.2	Q90245.1	0.846	346	53	0	1	345	1	346	7.349E-199	606
Q8HY69.2	P29403.1	0.841	346	55	0	1	345	1	346	1.715E-197	602
Q8HY69.2	P22671.1	0.839	345	55	0	1	345	1	345	2.132E-196	599
Q8HY69.2	P41591.1	0.824	352	61	0	1	348	1	352	2.921E-196	599
Q8HY69.2	Q90215.1	0.828	346	59	0	1	345	1	346	8.471E-194	592
Q8HY69.2	Q90214.1	0.821	346	62	0	1	345	1	346	6.968E-192	586
Q8HY69.2	Q98980.1	0.804	353	68	0	1	348	1	353	4.612E-191	584
Q8HY69.2	O93459.1	0.801	354	69	0	1	348	1	354	8.658E-191	583
Q8HY69.2	O13227.1	0.817	345	63	0	1	345	1	344	4.182E-190	581
Q8HY69.2	Q9YGZ0.1	0.817	345	63	0	1	345	1	345	4.182E-190	581
Q8HY69.2	P35359.2	0.814	346	64	0	1	345	1	346	5.730E-190	581
Q8HY69.2	P51488.1	0.809	346	66	0	1	345	1	346	1.832E-188	576
Q8HY69.2	P41590.1	0.809	346	66	0	1	345	1	346	2.510E-188	576
Q8HY69.2	O42604.1	0.803	346	68	0	1	345	1	346	8.022E-187	572
Q8HY69.2	P79863.1	0.786	354	74	0	1	348	1	354	2.064E-186	571
Q8HY69.2	O93441.1	0.801	346	68	0	1	345	1	346	2.828E-186	570
Q8HY69.2	P32309.1	0.800	346	69	0	1	345	1	346	5.309E-186	569
Q8HY69.2	Q9YH05.1	0.802	345	68	0	1	345	1	345	7.274E-186	569
Q8HY69.2	Q9YGZ6.1	0.790	345	72	0	1	345	1	345	1.911E-182	559
Q8HY69.2	Q9YGZ8.1	0.789	345	73	0	1	345	1	345	2.618E-182	559
Q8HY69.2	Q9DGG4.1	0.789	345	73	0	1	345	1	345	2.618E-182	559
Q8HY69.2	P79848.1	0.786	346	74	0	1	345	1	346	6.734E-182	557
Q8HY69.2	Q9YGZ2.1	0.787	345	73	0	1	345	1	344	1.264E-181	557
Q8HY69.2	P87369.1	0.785	346	74	0	1	345	1	346	1.264E-181	557
Q8HY69.2	Q9YGY9.1	0.785	345	74	0	1	345	1	344	6.105E-181	555
Q8HY69.2	Q9YGZ3.1	0.783	346	75	0	1	345	1	346	6.105E-181	555
Q8HY69.2	P79756.1	0.780	346	76	0	1	345	1	346	2.948E-180	553
Q8HY69.2	Q9YGZ5.1	0.778	345	76	0	1	345	1	345	3.661E-179	550
Q8HY69.2	P79898.1	0.770	345	79	0	1	345	1	345	1.060E-176	542
Q8HY69.2	P79812.1	0.767	345	80	0	1	345	1	345	5.118E-176	541
Q8HY69.2	P79807.1	0.758	349	83	0	4	348	1	349	1.316E-175	539
Q8HY69.2	P79901.1	0.771	342	78	0	4	345	1	342	1.804E-175	539
Q8HY69.2	P79798.1	0.755	349	84	0	4	348	1	349	1.635E-174	536
Q8HY69.2	P79902.1	0.767	342	79	0	4	345	1	342	2.239E-174	536
Q8HY69.2	P79808.1	0.766	342	80	0	4	345	1	342	4.204E-174	535
Q8HY69.2	P79914.1	0.766	342	80	0	4	345	1	342	5.760E-174	535
Q8HY69.2	P79809.1	0.759	342	82	0	4	345	1	341	3.452E-172	529
Q8HY69.2	P28683.1	0.736	355	92	0	1	348	1	355	3.452E-172	529
Q8HY69.2	P79911.1	0.758	342	82	0	4	345	1	341	8.879E-172	528
Q8HY69.2	P79903.1	0.756	342	83	0	4	345	1	341	3.128E-171	527
Q8HY69.2	P35357.1	0.732	355	93	0	1	348	1	355	5.872E-171	526
Q8HY69.2	P32311.1	0.739	349	91	0	1	348	1	349	3.884E-170	524
Q8HY69.2	Q9W6A6.2	0.737	349	91	0	1	348	1	349	1.875E-169	522
Q8HY69.2	P51471.1	0.725	355	95	0	1	348	1	355	4.821E-169	520
Q8HY69.2	Q8AYM7.1	0.732	349	93	0	1	348	1	349	4.368E-168	518
Q8HY69.2	P32312.1	0.726	349	95	0	1	348	1	349	3.585E-166	512
Q8HY69.2	P51474.1	0.716	345	98	0	1	345	4	348	1.595E-161	499
Q8HY69.2	Q8AYM8.1	0.707	349	102	0	1	348	1	349	1.055E-160	496
Q8HY69.2	Q9W6A5.2	0.703	349	103	0	1	348	1	349	1.308E-159	493
Q8HY69.2	P28682.1	0.547	349	154	0	8	348	13	361	8.253E-115	364
Q8HY69.2	P51472.1	0.553	343	152	0	8	347	11	353	1.547E-114	363
Q8HY69.2	P32310.1	0.552	340	152	0	8	347	10	349	4.897E-113	359
Q8HY69.2	P87365.1	0.535	337	155	0	11	347	17	351	2.616E-107	342
Q8HY69.2	Q9W6A8.1	0.522	340	162	0	8	347	13	352	1.018E-104	334
Q8HY69.2	O57605.1	0.515	345	164	0	1	345	1	339	2.610E-104	333
Q8HY69.2	P51473.1	0.513	345	167	0	5	348	3	347	6.691E-104	332
Q8HY69.2	P28684.1	0.518	338	161	0	8	345	6	339	6.019E-103	329
Q8HY69.2	O13092.1	0.507	341	165	0	5	345	6	341	9.115E-101	323
Q8HY69.2	P03999.2	0.508	337	163	0	9	345	6	337	8.193E-100	320
Q8HY69.2	P60015.1	0.508	337	163	0	9	345	9	340	8.193E-100	320
Q8HY69.2	P51491.1	0.501	338	166	0	8	345	6	338	2.582E-98	316
Q8HY69.2	P51475.1	0.533	312	145	0	23	334	16	326	3.533E-98	316
Q8HY69.2	P51476.1	0.508	329	158	0	1	329	1	323	3.174E-97	313
Q8HY69.2	Q63652.2	0.494	337	167	0	9	345	7	338	7.302E-96	309
Q8HY69.2	P51490.1	0.504	323	159	0	23	345	21	341	2.297E-94	304
Q8HY69.2	P87368.1	0.480	338	171	0	6	343	2	331	1.849E-92	299
Q8HY69.2	Q9W6A9.2	0.482	335	170	0	11	345	6	334	4.735E-92	298
Q8HY69.2	Q90309.1	0.482	333	169	0	13	345	8	334	2.269E-91	296
Q8HY69.2	O18914.2	0.473	333	173	0	13	345	30	358	4.667E-89	289
Q8HY69.2	O18912.2	0.471	333	174	0	13	345	30	358	1.634E-88	287
Q8HY69.2	P04001.1	0.470	333	174	0	13	345	30	358	3.057E-88	287
Q8HY69.2	O18913.2	0.470	333	174	0	13	345	30	358	3.057E-88	287
Q8HY69.2	Q9BGI7.1	0.459	342	181	0	4	345	23	358	1.070E-87	285
Q8HY69.2	O35478.2	0.468	333	174	0	13	345	30	358	1.463E-87	285
Q8HY69.2	P04000.2	0.468	333	174	0	13	345	30	358	1.463E-87	285
Q8HY69.2	Q95170.1	0.456	342	182	0	4	345	23	358	5.121E-87	283
Q8HY69.2	O18910.2	0.466	333	175	0	13	345	30	358	5.121E-87	283
Q8HY69.2	P35358.1	0.465	333	175	0	13	345	29	357	9.580E-87	282
Q8HY69.2	O35476.2	0.462	333	176	0	13	345	25	353	4.585E-86	280
Q8HY69.2	P34989.1	0.464	331	175	0	13	343	23	349	6.270E-86	280
Q8HY69.2	P87367.1	0.448	345	186	0	4	348	20	357	1.604E-85	279
Q8HY69.2	O35599.1	0.460	333	177	0	13	345	25	353	1.604E-85	279
Q8HY69.2	Q9R024.1	0.460	333	177	0	13	345	30	358	1.604E-85	279
Q8HY69.2	P41592.1	0.460	333	177	0	13	345	33	361	2.194E-85	278
Q8HY69.2	P22329.1	0.458	333	177	0	13	345	27	354	5.611E-85	277
Q8HY69.2	O42490.1	0.486	305	155	0	19	323	30	331	5.019E-84	274
Q8HY69.2	Q8AYN0.1	0.451	336	181	0	13	348	26	356	6.864E-84	274
Q8HY69.2	Q9W6A7.1	0.450	336	182	0	13	348	27	357	1.755E-83	273
Q8HY69.2	O12948.1	0.452	333	180	0	13	345	29	357	2.400E-83	273
Q8HY69.2	P22332.2	0.448	336	182	0	13	348	27	357	6.138E-83	271
Q8HY69.2	P32313.1	0.445	336	183	0	13	348	27	357	2.934E-82	269
Q8HY69.2	P22331.1	0.440	331	182	0	13	343	25	350	1.529E-79	261
Q8HY69.2	P22330.1	0.438	331	183	0	13	343	27	352	7.304E-79	259
Q8HY69.2	O18911.1	0.482	273	141	0	32	304	1	273	2.677E-73	243
Q9YH05.1	Q9YH05.1	0.970	353	11	0	1	353	1	353	2.907E-239	723
Q9YH05.1	Q9YGZ8.1	0.932	353	24	0	1	353	1	353	3.537E-228	691
Q9YH05.1	Q9DGG4.1	0.930	353	25	0	1	353	1	353	1.709E-227	689
Q9YH05.1	Q9YGZ6.1	0.927	353	26	0	1	353	1	353	8.261E-227	687
Q9YH05.1	Q9YGZ3.1	0.919	354	29	0	1	353	1	354	6.805E-225	682
Q9YH05.1	Q9YGY9.1	0.919	353	28	0	1	353	1	352	2.400E-224	680
Q9YH05.1	Q9YGZ2.1	0.917	353	29	0	1	353	1	352	1.160E-223	678
Q9YH05.1	P79848.1	0.913	354	31	0	1	353	1	354	2.178E-223	677
Q9YH05.1	P87369.1	0.912	354	31	0	1	353	1	354	5.605E-223	676
Q9YH05.1	P79756.1	0.909	354	32	0	1	353	1	354	3.712E-222	674
Q9YH05.1	O42604.1	0.900	354	35	0	1	353	1	354	2.025E-219	666
Q9YH05.1	Q9YGZ5.1	0.900	353	35	0	1	353	1	353	9.784E-219	664
Q9YH05.1	P79898.1	0.897	353	36	0	1	353	1	351	6.479E-218	662
Q9YH05.1	P79901.1	0.894	350	37	0	4	353	1	348	4.841E-215	653
Q9YH05.1	P79914.1	0.888	350	39	0	4	353	1	348	2.123E-213	649
Q9YH05.1	P79812.1	0.876	353	43	0	1	353	1	351	6.791E-212	644
Q9YH05.1	P35359.2	0.874	354	44	0	1	353	1	354	9.306E-212	644
Q9YH05.1	Q9YGZ0.1	0.875	353	44	0	1	353	1	351	1.747E-211	643
Q9YH05.1	P79808.1	0.880	350	42	0	4	353	1	348	3.281E-211	642
Q9YH05.1	P79807.1	0.880	350	42	0	4	353	1	349	3.281E-211	642
Q9YH05.1	P79798.1	0.879	350	42	0	4	353	1	349	6.162E-211	642
Q9YH05.1	P79902.1	0.878	350	42	0	4	353	1	348	2.173E-210	640
Q9YH05.1	P51488.1	0.866	354	47	0	1	353	1	354	1.438E-209	638
Q9YH05.1	P41590.1	0.860	353	49	0	1	353	1	352	4.174E-207	631
Q9YH05.1	P32309.1	0.856	354	51	0	1	353	1	354	1.472E-206	629
Q9YH05.1	P79809.1	0.864	350	47	0	4	353	1	347	2.017E-206	629
Q9YH05.1	P79903.1	0.859	350	49	0	4	353	1	347	6.451E-205	624
Q9YH05.1	P79911.1	0.856	350	50	0	4	353	1	347	3.116E-204	622
Q9YH05.1	Q90215.1	0.849	353	53	0	1	353	1	352	5.852E-204	621
Q9YH05.1	Q90214.1	0.837	353	57	0	1	353	1	352	1.540E-200	612
Q9YH05.1	O13227.1	0.833	353	58	0	1	353	1	350	2.622E-199	608
Q9YH05.1	O62796.1	0.834	345	57	0	1	345	1	345	6.253E-195	595
Q9YH05.1	P49912.1	0.834	345	57	0	1	345	1	345	8.568E-195	595
Q9YH05.1	Q95KU1.1	0.828	345	59	0	1	345	1	345	5.142E-193	590
Q9YH05.1	Q68J47.1	0.827	345	60	0	1	345	1	345	7.046E-193	589
Q9YH05.1	P32308.1	0.826	345	60	0	1	345	1	345	1.323E-192	589
Q9YH05.1	P56515.1	0.806	354	68	0	1	353	1	354	3.403E-192	587
Q9YH05.1	O18766.1	0.824	345	61	0	1	345	1	345	4.663E-192	587
Q9YH05.1	P22328.1	0.807	353	68	0	1	353	1	351	8.755E-192	586
Q9YH05.1	P29403.1	0.805	354	69	0	1	353	1	354	1.200E-191	586
Q9YH05.1	P02699.1	0.822	345	61	0	1	345	1	345	1.644E-191	586
Q9YH05.1	P15409.2	0.822	345	61	0	1	345	1	345	2.252E-191	585
Q9YH05.1	Q769E8.1	0.821	345	62	0	1	345	1	345	3.086E-191	585
Q9YH05.1	P08100.1	0.821	345	62	0	1	345	1	345	3.086E-191	585
Q9YH05.1	P52202.1	0.805	353	68	0	1	353	1	352	3.086E-191	585
Q9YH05.1	O62791.1	0.820	345	62	0	1	345	1	345	7.938E-191	584
Q9YH05.1	Q28886.1	0.819	345	62	0	1	345	1	345	1.490E-190	583
Q9YH05.1	O62794.1	0.819	345	62	0	1	345	1	345	1.490E-190	583
Q9YH05.1	P56514.1	0.800	354	70	0	1	353	1	354	2.042E-190	582
Q9YH05.1	P28681.1	0.817	345	63	0	1	345	1	345	3.834E-190	582
Q9YH05.1	O62798.1	0.817	345	63	0	1	345	1	345	5.253E-190	581
Q9YH05.1	Q90245.1	0.799	354	71	0	1	353	1	354	5.253E-190	581
Q9YH05.1	P51489.1	0.816	345	63	0	1	345	1	345	7.198E-190	581
Q9YH05.1	O62792.1	0.815	345	64	0	1	345	1	345	1.852E-189	580
Q9YH05.1	P51470.1	0.797	354	71	0	1	353	1	354	1.852E-189	580
Q9YH05.1	O93459.1	0.796	354	72	0	1	353	1	354	3.476E-189	579
Q9YH05.1	O62795.1	0.814	345	64	0	1	345	1	345	4.763E-189	578
Q9YH05.1	O62793.1	0.813	345	64	0	1	345	1	345	6.526E-189	578
Q9YH05.1	P02700.2	0.813	345	64	0	1	345	1	345	6.526E-189	578
Q9YH05.1	Q6W3E1.1	0.811	345	65	0	1	345	1	345	3.152E-188	576
Q9YH05.1	P31355.1	0.792	354	73	0	1	353	1	354	4.318E-188	576
Q9YH05.1	O93441.1	0.790	354	74	0	1	353	1	354	2.085E-187	574
Q9YH05.1	P56516.1	0.788	354	75	0	1	353	1	354	7.350E-187	572
Q9YH05.1	P22671.1	0.789	353	74	0	1	353	1	353	1.380E-186	571
Q9YH05.1	Q8HY69.2	0.804	345	67	0	1	345	1	345	1.891E-186	571
Q9YH05.1	P41591.1	0.787	353	75	0	1	353	1	352	6.663E-186	569
Q9YH05.1	Q98980.1	0.778	353	78	0	1	353	1	353	1.930E-183	562
Q9YH05.1	P79863.1	0.774	354	80	0	1	353	1	354	9.318E-183	560
Q9YH05.1	P28683.1	0.707	355	103	0	1	353	1	355	1.295E-163	505
Q9YH05.1	P35357.1	0.702	355	105	0	1	353	1	355	3.015E-162	501
Q9YH05.1	P51471.1	0.698	355	106	0	1	353	1	355	3.740E-161	498
Q9YH05.1	Q9W6A6.2	0.700	347	104	0	1	346	1	347	7.135E-158	488
Q9YH05.1	Q8AYM7.1	0.698	347	104	0	1	346	1	347	3.442E-157	486
Q9YH05.1	P32311.1	0.689	347	107	0	1	346	1	347	1.360E-154	479
Q9YH05.1	P32312.1	0.688	347	108	0	1	346	1	347	2.552E-154	478
Q9YH05.1	Q8AYM8.1	0.670	347	114	0	1	346	1	347	3.980E-149	463
Q9YH05.1	P51474.1	0.660	353	119	0	1	353	4	354	3.980E-149	463
Q9YH05.1	Q9W6A5.2	0.668	347	115	0	1	346	1	347	1.023E-148	462
Q9YH05.1	P28682.1	0.541	348	158	0	9	353	14	361	8.247E-113	358
Q9YH05.1	P51472.1	0.532	340	157	0	9	345	12	351	2.345E-107	342
Q9YH05.1	P32310.1	0.532	337	157	0	9	345	11	347	2.110E-106	340
Q9YH05.1	P87365.1	0.525	337	160	0	9	345	13	349	1.707E-104	334
Q9YH05.1	Q9W6A8.1	0.529	324	151	0	22	345	29	350	3.179E-101	325
Q9YH05.1	P51475.1	0.511	326	151	0	2	327	11	319	5.300E-97	312
Q9YH05.1	P51473.1	0.500	332	165	0	22	353	17	347	4.757E-96	310
Q9YH05.1	O57605.1	0.487	335	171	0	18	352	13	346	1.835E-93	302
Q9YH05.1	P51476.1	0.508	316	153	0	12	327	11	321	6.426E-93	301
Q9YH05.1	P28684.1	0.482	337	174	0	16	352	11	346	1.203E-92	300
Q9YH05.1	O13092.1	0.467	348	182	0	5	352	7	348	1.078E-91	297
Q9YH05.1	P03999.2	0.461	349	184	0	4	352	2	344	2.472E-90	293
Q9YH05.1	P60015.1	0.461	349	184	0	4	352	5	347	2.472E-90	293
Q9YH05.1	P51491.1	0.453	352	188	0	1	352	1	345	1.060E-88	288
Q9YH05.1	Q63652.2	0.448	352	190	0	1	352	1	345	3.320E-87	284
Q9YH05.1	P51490.1	0.466	330	175	0	23	352	21	348	2.970E-86	281
Q9YH05.1	Q9BGI7.1	0.442	350	190	0	4	353	23	364	4.968E-85	278
Q9YH05.1	Q9W6A9.2	0.467	325	171	0	22	346	15	335	6.794E-85	277
Q9YH05.1	O18912.2	0.438	352	193	0	2	353	21	364	1.737E-84	276
Q9YH05.1	Q95170.1	0.440	350	191	0	4	353	23	364	2.375E-84	276
Q9YH05.1	O18913.2	0.437	352	193	0	2	353	21	364	4.441E-84	275
Q9YH05.1	O18914.2	0.439	350	191	0	4	353	23	364	4.441E-84	275
Q9YH05.1	P35358.1	0.438	350	193	0	4	353	22	365	6.073E-84	274
Q9YH05.1	O18910.2	0.436	352	193	0	2	353	21	364	8.304E-84	274
Q9YH05.1	P04001.1	0.435	352	194	0	2	353	21	364	1.553E-83	273
Q9YH05.1	P87368.1	0.445	338	183	0	6	343	2	331	1.015E-82	271
Q9YH05.1	Q90309.1	0.458	325	173	0	22	346	15	335	1.387E-82	271
Q9YH05.1	O35478.2	0.431	352	195	0	2	353	21	364	2.593E-82	270
Q9YH05.1	P04000.2	0.431	352	195	0	2	353	21	364	2.593E-82	270
Q9YH05.1	O35476.2	0.430	352	196	0	2	353	16	359	4.847E-82	269
Q9YH05.1	Q9R024.1	0.430	352	196	0	2	353	21	364	4.847E-82	269
Q9YH05.1	P34989.1	0.435	343	190	0	2	344	14	350	3.166E-81	267
Q9YH05.1	P41592.1	0.432	346	192	0	8	353	31	369	3.166E-81	267
Q9YH05.1	O35599.1	0.426	352	197	0	2	353	16	359	5.917E-81	266
Q9YH05.1	O12948.1	0.427	346	194	0	8	353	27	365	1.349E-79	262
Q9YH05.1	P22329.1	0.422	349	197	0	5	353	22	362	4.710E-79	260
Q9YH05.1	Q9W6A7.1	0.423	341	192	0	5	345	22	354	2.004E-77	256
Q9YH05.1	O42490.1	0.456	308	165	0	16	323	27	331	3.743E-77	255
Q9YH05.1	P87367.1	0.421	342	193	0	4	345	20	354	5.116E-77	254
Q9YH05.1	P22330.1	0.448	314	171	0	5	318	22	331	6.992E-77	254
Q9YH05.1	Q8AYN0.1	0.421	341	192	0	5	345	21	353	9.556E-77	254
Q9YH05.1	P32313.1	0.420	341	193	0	5	345	22	354	1.785E-76	253
Q9YH05.1	P22332.2	0.420	341	193	0	5	345	22	354	1.785E-76	253
Q9YH05.1	P22331.1	0.444	314	172	0	5	318	20	329	8.510E-76	251
Q9YH05.1	O18911.1	0.480	268	139	0	37	304	6	273	2.534E-71	238
P51474.1	P51474.1	0.961	354	14	0	1	354	1	354	3.441E-237	717
P51474.1	P32312.1	0.860	347	48	0	4	349	1	347	1.576E-203	620
P51474.1	Q9W6A6.2	0.858	347	49	0	4	349	1	347	7.615E-203	618
P51474.1	Q8AYM7.1	0.849	347	52	0	4	349	1	347	2.209E-200	611
P51474.1	P32311.1	0.846	347	53	0	4	349	1	347	2.003E-199	608
P51474.1	Q8AYM8.1	0.793	347	71	0	4	349	1	347	3.052E-184	565
P51474.1	P28683.1	0.761	355	84	0	4	354	1	355	1.363E-179	551
P51474.1	P51471.1	0.760	355	84	0	4	354	1	355	4.802E-179	550
P51474.1	Q9W6A5.2	0.772	347	79	0	4	349	1	347	3.176E-178	547
P51474.1	P22671.1	0.758	353	85	0	4	354	1	353	2.101E-177	545
P51474.1	Q98980.1	0.755	353	86	0	4	354	1	353	1.014E-176	543
P51474.1	P35357.1	0.749	355	88	0	4	354	1	355	6.708E-176	541
P51474.1	P56515.1	0.717	354	99	0	4	354	1	354	4.687E-166	512
P51474.1	P52202.1	0.717	352	99	0	4	354	1	352	5.815E-165	509
P51474.1	P56514.1	0.711	354	101	0	4	354	1	354	2.048E-164	507
P51474.1	Q95KU1.1	0.726	345	94	0	4	348	1	345	2.806E-164	507
P51474.1	P29403.1	0.710	354	102	0	4	354	1	354	3.844E-164	507
P51474.1	P49912.1	0.725	345	95	0	4	348	1	345	5.266E-164	506
P51474.1	P22328.1	0.714	351	100	0	4	354	1	351	1.354E-163	505
P51474.1	O18766.1	0.724	345	95	0	4	348	1	345	1.855E-163	505
P51474.1	P41591.1	0.710	352	102	0	4	354	1	352	4.769E-163	503
P51474.1	P32308.1	0.721	345	96	0	4	348	1	345	8.950E-163	503
P51474.1	P79863.1	0.706	354	103	0	4	354	1	354	8.950E-163	503
P51474.1	O62791.1	0.720	345	96	0	4	348	1	345	1.680E-162	502
P51474.1	P08100.1	0.720	345	96	0	4	348	1	345	1.680E-162	502
P51474.1	O93441.1	0.705	354	103	0	4	354	1	354	1.680E-162	502
P51474.1	P51470.1	0.704	354	104	0	4	354	1	354	3.152E-162	501
P51474.1	O93459.1	0.703	354	104	0	4	354	1	354	4.318E-162	501
P51474.1	O62794.1	0.716	345	98	0	4	348	1	345	2.083E-161	499
P51474.1	P31355.1	0.701	354	105	0	4	354	1	354	2.083E-161	499
P51474.1	P56516.1	0.700	354	105	0	4	354	1	354	2.854E-161	498
P51474.1	O62795.1	0.715	345	98	0	4	348	1	345	3.910E-161	498
P51474.1	Q769E8.1	0.715	345	98	0	4	348	1	345	3.910E-161	498
P51474.1	Q90245.1	0.700	354	105	0	4	354	1	354	3.910E-161	498
P51474.1	Q28886.1	0.715	345	98	0	4	348	1	345	5.356E-161	497
P51474.1	Q68J47.1	0.715	345	98	0	4	348	1	345	5.356E-161	497
P51474.1	P15409.2	0.715	345	98	0	4	348	1	345	5.356E-161	497
P51474.1	Q8HY69.2	0.715	345	98	0	4	348	1	345	5.356E-161	497
P51474.1	P28681.1	0.715	345	98	0	4	348	1	345	5.356E-161	497
P51474.1	O62796.1	0.714	345	98	0	4	348	1	345	7.337E-161	497
P51474.1	O62793.1	0.714	345	98	0	4	348	1	345	1.005E-160	497
P51474.1	P02699.1	0.713	345	99	0	4	348	1	345	1.377E-160	496
P51474.1	P02700.2	0.712	345	99	0	4	348	1	345	3.540E-160	495
P51474.1	P51489.1	0.711	345	99	0	4	348	1	345	9.100E-160	494
P51474.1	O62798.1	0.709	345	100	0	4	348	1	345	2.339E-159	493
P51474.1	Q90214.1	0.696	352	106	0	4	354	1	352	6.014E-159	492
P51474.1	Q6W3E1.1	0.707	345	101	0	4	348	1	345	8.238E-159	491
P51474.1	O62792.1	0.706	345	101	0	4	348	1	345	1.546E-158	490
P51474.1	O13227.1	0.688	351	109	0	4	354	1	350	2.377E-156	484
P51474.1	Q90215.1	0.684	352	111	0	4	354	1	352	1.571E-155	482
P51474.1	Q9YGZ0.1	0.674	351	114	0	4	354	1	351	4.099E-152	472
P51474.1	P51488.1	0.668	354	116	0	4	354	1	354	1.053E-151	471
P51474.1	P41590.1	0.670	352	115	0	4	354	1	352	1.977E-151	470
P51474.1	O42604.1	0.663	354	118	0	4	354	1	354	2.450E-150	467
P51474.1	P32309.1	0.662	354	118	0	4	354	1	354	4.596E-150	466
P51474.1	P35359.2	0.662	354	118	0	4	354	1	354	4.596E-150	466
P51474.1	Q9YH05.1	0.658	353	120	0	4	354	1	353	1.464E-148	462
P51474.1	Q9YGZ5.1	0.655	353	121	0	4	354	1	353	1.324E-147	459
P51474.1	P79812.1	0.657	351	120	0	4	354	1	351	2.484E-147	458
P51474.1	Q9YGZ3.1	0.652	354	122	0	4	354	1	354	4.660E-147	457
P51474.1	P79756.1	0.651	354	122	0	4	354	1	354	6.383E-147	457
P51474.1	Q9YGY9.1	0.654	352	121	0	4	354	1	352	8.743E-147	456
P51474.1	P79898.1	0.655	351	121	0	4	354	1	351	1.198E-146	456
P51474.1	P79911.1	0.661	347	117	0	8	354	2	347	1.640E-146	456
P51474.1	P79902.1	0.661	347	117	0	8	354	2	348	1.640E-146	456
P51474.1	Q9DGG4.1	0.651	353	122	0	4	354	1	353	1.640E-146	456
P51474.1	P79808.1	0.660	347	118	0	8	354	2	348	2.247E-146	455
P51474.1	P87369.1	0.649	354	123	0	4	354	1	354	2.247E-146	455
P51474.1	Q9YGZ2.1	0.652	352	122	0	4	354	1	352	3.077E-146	455
P51474.1	P79848.1	0.649	354	123	0	4	354	1	354	3.077E-146	455
P51474.1	P79903.1	0.659	347	118	0	8	354	2	347	5.773E-146	454
P51474.1	P79901.1	0.659	347	118	0	8	354	2	348	5.773E-146	454
P51474.1	P79807.1	0.656	348	119	0	8	354	2	349	1.484E-145	453
P51474.1	P79914.1	0.657	347	119	0	8	354	2	348	2.032E-145	452
P51474.1	Q9YGZ8.1	0.648	353	123	0	4	354	1	353	2.032E-145	452
P51474.1	P79809.1	0.656	347	119	0	8	354	2	347	3.812E-145	452
P51474.1	P79798.1	0.654	348	120	0	8	354	2	349	3.812E-145	452
P51474.1	Q9YGZ6.1	0.643	353	125	0	4	354	1	353	3.447E-144	449
P51474.1	P51472.1	0.561	344	151	0	10	353	10	353	5.082E-117	370
P51474.1	P28682.1	0.553	350	154	0	10	354	12	361	9.525E-117	370
P51474.1	P32310.1	0.528	344	160	0	10	353	9	349	1.304E-107	343
P51474.1	Q9W6A8.1	0.514	344	165	0	10	353	12	352	1.168E-103	332
P51474.1	P51473.1	0.508	347	169	0	8	354	3	347	4.096E-103	330
P51474.1	P87365.1	0.507	339	167	0	10	348	11	349	5.566E-100	321
P51474.1	O57605.1	0.500	344	171	0	10	353	5	346	7.617E-100	321
P51474.1	P28684.1	0.496	341	169	0	10	350	5	341	1.150E-97	314
P51474.1	Q90309.1	0.516	324	154	0	26	349	16	335	1.573E-97	314
P51474.1	Q9W6A9.2	0.515	324	155	0	26	349	16	335	2.946E-97	313
P51474.1	O13092.1	0.491	343	172	0	8	350	6	343	7.545E-97	312
P51474.1	P03999.2	0.512	320	155	0	31	350	22	339	2.372E-95	308
P51474.1	P51491.1	0.488	341	172	0	10	350	5	340	2.372E-95	308
P51474.1	P60015.1	0.512	320	155	0	31	350	25	342	2.372E-95	308
P51474.1	P51490.1	0.508	320	156	0	31	350	26	343	3.983E-94	304
P51474.1	P87368.1	0.503	322	157	0	26	347	16	332	1.908E-93	302
P51474.1	Q63652.2	0.479	341	175	0	10	350	5	340	4.885E-93	301
P51474.1	P51476.1	0.547	276	124	0	57	332	50	323	8.056E-89	289
P51474.1	P51475.1	0.549	274	122	0	57	330	48	319	1.507E-88	288
P51474.1	P04000.2	0.452	332	180	0	23	354	36	364	5.636E-83	272
P51474.1	P04001.1	0.450	332	180	0	23	354	36	364	1.970E-82	270
P51474.1	O18912.2	0.449	332	181	0	23	354	36	364	5.034E-82	269
P51474.1	O18914.2	0.445	335	184	0	20	354	33	364	9.409E-82	268
P51474.1	Q9BGI7.1	0.432	347	193	0	8	354	24	364	1.759E-81	267
P51474.1	Q95170.1	0.432	347	193	0	8	354	24	364	2.404E-81	267
P51474.1	P87367.1	0.436	340	187	0	9	348	22	354	1.570E-80	265
P51474.1	O18913.2	0.440	335	185	0	20	354	33	364	1.570E-80	265
P51474.1	P41592.1	0.435	338	188	0	17	354	36	369	5.481E-80	263
P51474.1	Q9R024.1	0.431	338	188	0	17	354	33	364	9.134E-79	259
P51474.1	O35478.2	0.433	335	188	0	20	354	33	364	1.707E-78	259
P51474.1	Q8AYN0.1	0.428	339	190	0	10	348	21	353	3.189E-78	258
P51474.1	P22329.1	0.429	338	190	0	17	354	30	362	3.189E-78	258
P51474.1	P34989.1	0.442	324	179	0	23	346	29	349	4.358E-78	258
P51474.1	O35476.2	0.433	332	186	0	23	354	31	359	8.142E-78	257
P51474.1	O18910.2	0.433	332	186	0	23	354	36	364	8.142E-78	257
P51474.1	P35358.1	0.430	335	190	0	20	354	32	365	1.113E-77	256
P51474.1	P22332.2	0.432	332	184	0	17	348	30	354	1.521E-77	256
P51474.1	P32313.1	0.426	337	189	0	12	348	25	354	3.883E-77	255
P51474.1	O35599.1	0.431	332	187	0	23	354	31	359	3.883E-77	255
P51474.1	Q9W6A7.1	0.430	332	185	0	17	348	30	354	7.254E-77	254
P51474.1	O12948.1	0.424	338	192	0	17	354	32	365	9.914E-77	254
P51474.1	P22331.1	0.433	327	183	0	23	349	31	353	2.531E-76	252
P51474.1	O42490.1	0.469	290	152	0	37	326	44	331	3.079E-75	249
P51474.1	P22330.1	0.426	327	185	0	23	349	33	355	1.467E-74	247
P51474.1	O18911.1	0.449	273	150	0	35	307	1	273	6.821E-66	222
P79812.1	P79812.1	0.977	351	8	0	1	351	1	351	7.504E-240	725
P79812.1	P79808.1	0.969	348	11	0	4	351	1	348	2.464E-235	712
P79812.1	P79902.1	0.953	348	16	0	4	351	1	348	1.109E-230	698
P79812.1	P79898.1	0.945	351	19	0	1	351	1	351	1.519E-230	698
P79812.1	P79901.1	0.943	348	20	0	4	351	1	348	8.291E-228	690
P79812.1	P79914.1	0.941	348	20	0	4	351	1	348	2.924E-227	689
P79812.1	P79911.1	0.918	348	28	0	4	351	1	347	7.900E-221	670
P79812.1	P79809.1	0.918	348	28	0	4	351	1	347	1.083E-220	670
P79812.1	P79807.1	0.915	349	29	0	4	351	1	349	1.083E-220	670
P79812.1	P79798.1	0.915	349	29	0	4	351	1	349	1.083E-220	670
P79812.1	P79903.1	0.916	348	29	0	4	351	1	347	2.786E-220	668
P79812.1	P87369.1	0.881	354	42	0	1	351	1	354	7.520E-214	650
P79812.1	Q9YH05.1	0.881	353	42	0	1	351	1	353	2.652E-213	648
P79812.1	Q9YGZ2.1	0.883	352	41	0	1	351	1	352	3.634E-213	648
P79812.1	Q9YGZ3.1	0.878	354	43	0	1	351	1	354	4.979E-213	647
P79812.1	Q9YGY9.1	0.881	352	42	0	1	351	1	352	1.281E-212	646
P79812.1	Q9YGZ6.1	0.875	353	44	0	1	351	1	353	1.163E-211	644
P79812.1	Q9YGZ8.1	0.874	353	44	0	1	351	1	353	2.183E-211	643
P79812.1	Q9DGG4.1	0.872	353	45	0	1	351	1	353	1.446E-210	640
P79812.1	P79848.1	0.869	354	46	0	1	351	1	354	1.446E-210	640
P79812.1	O42604.1	0.867	354	47	0	1	351	1	354	5.097E-210	639
P79812.1	P79756.1	0.863	354	48	0	1	351	1	354	1.190E-208	635
P79812.1	Q9YGZ5.1	0.854	353	51	0	1	351	1	353	1.669E-205	626
P79812.1	P41590.1	0.851	352	52	0	1	351	1	352	5.337E-204	621
P79812.1	O13227.1	0.845	351	54	0	1	351	1	350	1.130E-201	615
P79812.1	P35359.2	0.836	354	57	0	1	351	1	354	1.025E-200	612
P79812.1	P51488.1	0.832	354	59	0	1	351	1	354	9.298E-200	609
P79812.1	Q9YGZ0.1	0.828	351	60	0	1	351	1	351	1.303E-196	600
P79812.1	P32309.1	0.819	354	63	0	1	351	1	354	6.292E-196	598
P79812.1	Q90215.1	0.816	352	64	0	1	351	1	352	7.092E-194	592
P79812.1	Q90214.1	0.815	352	65	0	1	351	1	352	1.824E-193	591
P79812.1	P49912.1	0.804	343	67	0	1	343	1	343	4.026E-185	567
P79812.1	P32308.1	0.802	343	68	0	1	343	1	343	1.036E-184	566
P79812.1	O18766.1	0.801	343	68	0	1	343	1	343	1.944E-184	565
P79812.1	Q95KU1.1	0.799	343	69	0	1	343	1	343	6.852E-184	563
P79812.1	O62796.1	0.797	343	69	0	1	343	1	343	3.309E-183	561
P79812.1	P56515.1	0.775	354	79	0	1	351	1	354	6.212E-183	561
P79812.1	O93459.1	0.775	354	79	0	1	351	1	354	6.212E-183	561
P79812.1	O62794.1	0.795	343	70	0	1	343	1	343	8.511E-183	560
P79812.1	P02699.1	0.795	343	70	0	1	343	1	343	8.511E-183	560
P79812.1	O62795.1	0.795	343	70	0	1	343	1	343	1.166E-182	560
P79812.1	P08100.1	0.794	343	70	0	1	343	1	343	2.189E-182	559
P79812.1	P15409.2	0.793	343	71	0	1	343	1	343	2.999E-182	559
P79812.1	P22328.1	0.778	351	78	0	1	351	1	351	2.999E-182	559
P79812.1	P28681.1	0.792	343	71	0	1	343	1	343	7.715E-182	557
P79812.1	O93441.1	0.770	354	81	0	1	351	1	354	1.057E-181	557
P79812.1	P51489.1	0.791	343	71	0	1	343	1	343	1.448E-181	557
P79812.1	Q769E8.1	0.791	343	71	0	1	343	1	343	1.448E-181	557
P79812.1	Q28886.1	0.791	343	71	0	1	343	1	343	1.984E-181	556
P79812.1	O62791.1	0.791	343	71	0	1	343	1	343	1.984E-181	556
P79812.1	P56514.1	0.769	354	81	0	1	351	1	354	1.984E-181	556
P79812.1	Q68J47.1	0.789	343	72	0	1	343	1	343	6.993E-181	555
P79812.1	O62798.1	0.788	343	73	0	1	343	1	343	1.313E-180	554
P79812.1	Q90245.1	0.766	354	82	0	1	351	1	354	1.799E-180	554
P79812.1	O62793.1	0.787	343	73	0	1	343	1	343	2.464E-180	553
P79812.1	P52202.1	0.769	352	81	0	1	351	1	352	2.464E-180	553
P79812.1	O62792.1	0.786	343	73	0	1	343	1	343	4.626E-180	552
P79812.1	P02700.2	0.786	343	73	0	1	343	1	343	4.626E-180	552
P79812.1	P41591.1	0.768	352	81	0	1	351	1	352	8.685E-180	552
P79812.1	P51470.1	0.763	354	83	0	1	351	1	354	1.190E-179	551
P79812.1	P22671.1	0.764	353	83	0	1	351	1	353	3.061E-179	550
P79812.1	Q98980.1	0.762	353	83	0	1	351	1	353	7.872E-179	549
P79812.1	P31355.1	0.760	354	84	0	1	351	1	354	1.079E-178	548
P79812.1	Q8HY69.2	0.777	343	76	0	1	343	1	343	9.775E-178	546
P79812.1	Q6W3E1.1	0.777	343	76	0	1	343	1	343	9.775E-178	546
P79812.1	P29403.1	0.757	354	85	0	1	351	1	354	9.775E-178	546
P79812.1	P56516.1	0.756	354	85	0	1	351	1	354	1.835E-177	545
P79812.1	P79863.1	0.742	354	90	0	1	351	1	354	2.323E-173	533
P79812.1	Q8AYM7.1	0.697	351	105	0	1	351	1	349	7.213E-159	491
P79812.1	P51471.1	0.684	355	111	0	1	351	1	355	5.912E-157	486
P79812.1	P28683.1	0.682	355	111	0	1	351	1	355	2.082E-156	484
P79812.1	P35357.1	0.680	355	112	0	1	351	1	355	7.331E-156	482
P79812.1	Q9W6A6.2	0.686	351	109	0	1	351	1	349	1.004E-155	482
P79812.1	P32311.1	0.678	351	112	0	1	351	1	349	2.115E-153	475
P79812.1	P32312.1	0.673	351	114	0	1	351	1	349	6.740E-152	471
P79812.1	P51474.1	0.663	351	118	0	1	351	4	354	3.646E-149	463
P79812.1	Q8AYM8.1	0.661	351	118	0	1	351	1	349	1.283E-148	462
P79812.1	Q9W6A5.2	0.658	351	119	0	1	351	1	349	1.590E-147	458
P79812.1	P28682.1	0.548	348	155	0	9	351	14	361	9.350E-115	364
P79812.1	P51472.1	0.550	342	153	0	9	350	12	353	2.959E-113	359
P79812.1	P32310.1	0.542	342	155	0	9	350	11	349	6.161E-111	353
P79812.1	Q9W6A8.1	0.550	323	144	0	22	344	29	349	2.661E-106	339
P79812.1	P87365.1	0.533	335	156	0	9	343	13	347	6.824E-106	338
P79812.1	P51473.1	0.500	331	165	0	22	351	17	347	1.125E-95	308
P79812.1	O57605.1	0.476	350	181	0	1	350	1	346	1.010E-94	306
P79812.1	P51475.1	0.498	326	155	0	2	327	11	319	1.240E-93	302
P79812.1	P03999.2	0.474	345	178	0	4	348	2	340	8.127E-93	300
P79812.1	P60015.1	0.474	345	178	0	4	348	5	343	8.127E-93	300
P79812.1	O13092.1	0.496	325	162	0	23	347	21	343	1.112E-92	300
P79812.1	P28684.1	0.487	332	169	0	16	347	11	341	1.521E-92	299
P79812.1	P51476.1	0.502	316	154	0	12	327	11	321	2.552E-91	296
P79812.1	P51491.1	0.461	347	183	0	1	347	1	340	1.095E-89	291
P79812.1	O18913.2	0.472	335	175	0	17	351	33	364	2.803E-89	290
P79812.1	Q63652.2	0.458	347	184	0	1	347	1	340	7.172E-89	289
P79812.1	P51490.1	0.482	325	167	0	23	347	21	343	7.172E-89	289
P79812.1	Q9BGI7.1	0.456	348	186	0	4	351	23	364	1.835E-88	287
P79812.1	P04001.1	0.452	350	188	0	2	351	21	364	6.423E-88	286
P79812.1	Q95170.1	0.453	348	187	0	4	351	23	364	8.785E-88	286
P79812.1	O18914.2	0.467	335	176	0	17	351	33	364	8.785E-88	286
P79812.1	P04000.2	0.450	350	189	0	2	351	21	364	2.247E-87	284
P79812.1	O18912.2	0.450	350	189	0	2	351	21	364	3.074E-87	284
P79812.1	Q9W6A9.2	0.472	325	169	0	22	346	15	335	2.012E-86	282
P79812.1	O18910.2	0.446	350	190	0	2	351	21	364	2.751E-86	281
P79812.1	Q90309.1	0.470	325	170	0	22	346	15	335	7.037E-86	280
P79812.1	Q9R024.1	0.445	350	190	0	2	351	21	364	7.037E-86	280
P79812.1	O35478.2	0.443	350	191	0	2	351	21	364	1.800E-85	279
P79812.1	P34989.1	0.450	343	185	0	2	344	14	350	2.461E-85	278
P79812.1	P87368.1	0.452	338	180	0	6	343	2	331	1.610E-84	276
P79812.1	O35476.2	0.440	350	192	0	2	351	16	359	2.201E-84	276
P79812.1	O35599.1	0.436	350	193	0	2	351	16	359	2.691E-83	273
P79812.1	P35358.1	0.436	348	193	0	4	351	22	365	6.879E-83	271
P79812.1	P41592.1	0.453	331	180	0	21	351	40	369	6.879E-83	271
P79812.1	P22329.1	0.449	331	181	0	21	351	34	362	6.146E-82	269
P79812.1	O12948.1	0.447	331	182	0	21	351	36	365	2.936E-81	267
P79812.1	O42490.1	0.467	308	162	0	16	323	27	331	3.584E-80	263
P79812.1	P87367.1	0.432	341	189	0	4	344	20	353	6.698E-80	263
P79812.1	Q9W6A7.1	0.430	340	189	0	5	344	22	353	4.372E-79	260
P79812.1	Q8AYN0.1	0.443	324	178	0	21	344	33	352	2.853E-78	258
P79812.1	P32313.1	0.427	340	190	0	5	344	22	353	3.899E-78	258
P79812.1	P22332.2	0.426	340	190	0	5	344	22	353	5.330E-78	257
P79812.1	P22331.1	0.426	340	191	0	5	344	20	353	7.286E-78	257
P79812.1	P22330.1	0.424	340	192	0	5	344	22	355	2.543E-77	255
P79812.1	O18911.1	0.488	264	135	0	41	304	10	273	9.249E-72	239
P51488.1	P51488.1	0.986	354	5	0	1	354	1	354	1.919E-244	738
P51488.1	P32309.1	0.955	354	16	0	1	354	1	354	2.069E-235	712
P51488.1	P35359.2	0.942	354	20	0	1	354	1	354	1.405E-231	701
P51488.1	P79848.1	0.895	354	37	0	1	354	1	354	4.953E-218	662
P51488.1	P87369.1	0.888	354	40	0	1	354	1	354	5.588E-216	656
P51488.1	O42604.1	0.885	354	41	0	1	354	1	354	3.700E-215	654
P51488.1	Q9DGG4.1	0.883	354	41	0	1	354	1	353	1.305E-214	652
P51488.1	Q9YGY9.1	0.882	354	41	0	1	354	1	352	2.450E-214	651
P51488.1	P79756.1	0.882	354	42	0	1	354	1	354	3.357E-214	651
P51488.1	Q9YGZ3.1	0.881	354	42	0	1	354	1	354	6.305E-214	650
P51488.1	Q9YGZ2.1	0.880	354	42	0	1	354	1	352	1.184E-213	649
P51488.1	P41590.1	0.878	354	43	0	1	354	1	352	4.174E-213	648
P51488.1	Q9YGZ0.1	0.878	354	43	0	1	354	1	351	5.720E-213	647
P51488.1	Q9YH05.1	0.867	354	47	0	1	354	1	353	8.022E-210	638
P51488.1	Q9YGZ6.1	0.866	354	47	0	1	354	1	353	1.506E-209	638
P51488.1	Q9YGZ8.1	0.860	354	49	0	1	354	1	353	6.603E-208	633
P51488.1	Q9YGZ5.1	0.859	354	50	0	1	354	1	353	2.328E-207	631
P51488.1	Q90215.1	0.854	354	51	0	1	354	1	352	5.434E-206	627
P51488.1	Q90214.1	0.851	354	52	0	1	354	1	352	3.597E-205	625
P51488.1	P79807.1	0.851	351	52	0	4	354	1	349	2.160E-203	620
P51488.1	O13227.1	0.845	354	54	0	1	354	1	350	2.160E-203	620
P51488.1	P79898.1	0.839	354	56	0	1	354	1	351	9.465E-202	615
P51488.1	P79798.1	0.845	351	54	0	4	354	1	349	1.297E-201	615
P51488.1	P79901.1	0.835	351	57	0	4	354	1	348	9.677E-199	606
P51488.1	P79812.1	0.829	354	60	0	1	354	1	351	9.677E-199	606
P51488.1	P79914.1	0.835	351	57	0	4	354	1	348	1.326E-198	606
P51488.1	P79902.1	0.833	351	58	0	4	354	1	348	4.674E-198	604
P51488.1	P79808.1	0.830	351	59	0	4	354	1	348	2.258E-197	602
P51488.1	O62796.1	0.836	346	56	0	1	346	1	345	5.268E-196	599
P51488.1	O93459.1	0.819	354	64	0	1	354	1	354	9.890E-196	598
P51488.1	Q769E8.1	0.833	346	57	0	1	346	1	345	3.486E-195	596
P51488.1	P79809.1	0.822	351	62	0	4	354	1	347	6.546E-195	595
P51488.1	P79863.1	0.815	354	65	0	1	354	1	354	8.969E-195	595
P51488.1	Q95KU1.1	0.831	346	58	0	1	346	1	345	1.229E-194	595
P51488.1	P52202.1	0.814	354	65	0	1	354	1	352	2.307E-194	594
P51488.1	P79903.1	0.819	351	63	0	4	354	1	347	5.936E-194	593
P51488.1	P49912.1	0.829	346	59	0	1	346	1	345	5.936E-194	593
P51488.1	P51470.1	0.812	354	66	0	1	354	1	354	8.133E-194	592
P51488.1	P32308.1	0.827	346	60	0	1	346	1	345	1.527E-193	591
P51488.1	O18766.1	0.827	346	60	0	1	346	1	345	1.527E-193	591
P51488.1	P31355.1	0.811	354	67	0	1	354	1	354	2.092E-193	591
P51488.1	P29403.1	0.811	354	67	0	1	354	1	354	2.092E-193	591
P51488.1	P79911.1	0.816	351	64	0	4	354	1	347	2.867E-193	591
P51488.1	Q68J47.1	0.826	346	60	0	1	346	1	345	2.867E-193	591
P51488.1	P56515.1	0.810	354	67	0	1	354	1	354	3.928E-193	590
P51488.1	O93441.1	0.810	354	67	0	1	354	1	354	3.928E-193	590
P51488.1	P28681.1	0.825	346	60	0	1	346	1	345	5.382E-193	590
P51488.1	P08100.1	0.825	346	60	0	1	346	1	345	5.382E-193	590
P51488.1	P51489.1	0.825	346	60	0	1	346	1	345	7.375E-193	589
P51488.1	P02699.1	0.825	346	60	0	1	346	1	345	7.375E-193	589
P51488.1	P15409.2	0.825	346	60	0	1	346	1	345	7.375E-193	589
P51488.1	Q90245.1	0.809	354	67	0	1	354	1	354	7.375E-193	589
P51488.1	Q28886.1	0.824	346	61	0	1	346	1	345	1.385E-192	589
P51488.1	P22328.1	0.807	354	68	0	1	354	1	351	1.897E-192	588
P51488.1	O62794.1	0.823	346	61	0	1	346	1	345	2.600E-192	588
P51488.1	O62795.1	0.821	346	62	0	1	346	1	345	1.256E-191	586
P51488.1	P56516.1	0.803	354	70	0	1	354	1	354	3.230E-191	585
P51488.1	O62791.1	0.819	346	62	0	1	346	1	345	4.425E-191	584
P51488.1	P02700.2	0.818	346	63	0	1	346	1	345	8.308E-191	584
P51488.1	P56514.1	0.802	354	70	0	1	354	1	354	8.308E-191	584
P51488.1	Q6W3E1.1	0.817	346	63	0	1	346	1	345	1.138E-190	583
P51488.1	P41591.1	0.797	354	71	0	1	354	1	352	1.938E-189	580
P51488.1	Q8HY69.2	0.812	346	65	0	1	346	1	345	3.638E-189	579
P51488.1	O62793.1	0.811	346	65	0	1	346	1	345	9.358E-189	578
P51488.1	O62798.1	0.811	346	65	0	1	346	1	345	9.358E-189	578
P51488.1	O62792.1	0.808	346	66	0	1	346	1	345	6.192E-188	575
P51488.1	Q98980.1	0.791	354	74	0	1	354	1	353	1.593E-187	574
P51488.1	P22671.1	0.785	354	76	0	1	354	1	353	5.089E-186	570
P51488.1	P28683.1	0.723	355	98	0	1	354	1	355	2.222E-168	519
P51488.1	P51471.1	0.722	355	98	0	1	354	1	355	5.713E-168	518
P51488.1	P35357.1	0.705	355	104	0	1	354	1	355	3.481E-163	504
P51488.1	Q8AYM7.1	0.707	347	101	0	1	347	1	347	1.247E-159	494
P51488.1	Q9W6A6.2	0.705	347	102	0	1	347	1	347	3.205E-159	492
P51488.1	P32311.1	0.697	347	105	0	1	347	1	347	6.751E-157	486
P51488.1	P32312.1	0.691	347	107	0	1	347	1	347	2.947E-155	481
P51488.1	Q9W6A5.2	0.691	347	107	0	1	347	1	347	2.947E-155	481
P51488.1	P51474.1	0.670	354	115	0	1	354	4	354	2.184E-152	473
P51488.1	Q8AYM8.1	0.680	347	111	0	1	347	1	347	5.614E-152	471
P51488.1	P28682.1	0.540	348	159	0	9	354	14	361	1.611E-112	357
P51488.1	P51472.1	0.544	340	154	0	9	346	12	351	6.971E-111	353
P51488.1	P32310.1	0.535	338	156	0	9	346	11	347	1.784E-107	343
P51488.1	P51473.1	0.504	346	169	0	9	354	7	347	1.767E-101	325
P51488.1	Q9W6A8.1	0.510	338	165	0	9	346	14	350	1.588E-100	323
P51488.1	P28684.1	0.510	336	163	0	18	353	13	346	7.617E-100	321
P51488.1	P87365.1	0.505	338	166	0	9	346	13	349	3.654E-99	319
P51488.1	O57605.1	0.507	336	164	0	18	353	13	346	5.000E-99	318
P51488.1	P51475.1	0.536	305	141	0	23	327	16	319	2.644E-96	310
P51488.1	P51491.1	0.484	345	174	0	9	353	7	345	1.734E-95	308
P51488.1	O13092.1	0.482	345	175	0	9	353	10	348	6.074E-95	306
P51488.1	P03999.2	0.480	345	176	0	9	353	6	344	1.555E-94	305
P51488.1	P60015.1	0.480	345	176	0	9	353	9	347	1.555E-94	305
P51488.1	P51476.1	0.528	305	143	0	23	327	18	321	2.128E-94	305
P51488.1	Q63652.2	0.479	345	176	0	9	353	7	345	3.983E-94	304
P51488.1	P51490.1	0.487	331	168	0	23	353	21	348	4.379E-92	298
P51488.1	O18914.2	0.451	351	187	0	4	354	23	364	5.273E-88	286
P51488.1	O18912.2	0.449	353	189	0	2	354	21	364	9.862E-88	286
P51488.1	O18913.2	0.448	353	189	0	2	354	21	364	1.845E-87	285
P51488.1	Q9BGI7.1	0.450	351	188	0	4	354	23	364	1.845E-87	285
P51488.1	P04001.1	0.447	353	190	0	2	354	21	364	3.450E-87	284
P51488.1	Q9W6A9.2	0.462	337	177	0	11	347	6	335	4.718E-87	284
P51488.1	Q95170.1	0.447	351	189	0	4	354	23	364	8.825E-87	283
P51488.1	P87368.1	0.457	339	179	0	6	344	2	331	3.086E-86	281
P51488.1	P35358.1	0.445	351	190	0	4	354	22	365	4.221E-86	281
P51488.1	P04000.2	0.442	353	191	0	2	354	21	364	1.079E-85	280
P51488.1	O35478.2	0.439	353	192	0	2	354	21	364	5.161E-85	278
P51488.1	O18910.2	0.439	353	192	0	2	354	21	364	5.161E-85	278
P51488.1	Q90309.1	0.465	326	171	0	22	347	15	335	9.651E-85	277
P51488.1	O35476.2	0.438	353	193	0	2	354	16	359	1.320E-84	276
P51488.1	Q9R024.1	0.438	353	193	0	2	354	21	364	1.320E-84	276
P51488.1	P34989.1	0.446	344	186	0	2	345	14	350	1.805E-84	276
P51488.1	O12948.1	0.439	351	192	0	4	354	22	365	1.805E-84	276
P51488.1	O35599.1	0.437	353	193	0	2	354	16	359	2.467E-84	276
P51488.1	P41592.1	0.436	351	193	0	4	354	26	369	1.179E-83	274
P51488.1	P22329.1	0.432	351	194	0	4	354	20	362	1.441E-82	271
P51488.1	P87367.1	0.436	343	188	0	4	346	20	354	1.759E-81	267
P51488.1	P32313.1	0.432	343	190	0	4	346	20	354	2.146E-80	264
P51488.1	Q9W6A7.1	0.432	343	190	0	4	346	20	354	2.146E-80	264
P51488.1	Q8AYN0.1	0.448	326	177	0	21	346	33	353	4.010E-80	263
P51488.1	P22332.2	0.447	326	177	0	21	346	34	354	5.481E-80	263
P51488.1	O42490.1	0.477	292	151	0	32	323	42	331	1.113E-77	256
P51488.1	P22331.1	0.435	327	181	0	21	347	32	353	7.254E-77	254
P51488.1	P22330.1	0.432	327	182	0	21	347	34	355	3.459E-76	252
P51488.1	O18911.1	0.489	269	137	0	35	303	4	272	1.783E-73	244
O62793.1	O62793.1	0.966	348	12	0	1	348	1	348	1.035E-234	710
O62793.1	O62791.1	0.941	348	20	0	1	348	1	348	2.542E-227	689
O62793.1	O62798.1	0.932	348	24	0	1	348	1	348	1.012E-224	681
O62793.1	O62792.1	0.929	348	25	0	1	348	1	348	6.706E-224	679
O62793.1	Q95KU1.1	0.923	348	27	0	1	348	1	348	2.147E-222	674
O62793.1	O18766.1	0.922	348	27	0	1	348	1	348	7.571E-222	673
O62793.1	P49912.1	0.918	348	28	0	1	348	1	348	9.417E-221	670
O62793.1	P08100.1	0.918	348	28	0	1	348	1	348	9.417E-221	670
O62793.1	O62795.1	0.915	348	29	0	1	348	1	348	6.237E-220	667
O62793.1	P32308.1	0.914	348	30	0	1	348	1	348	1.171E-219	666
O62793.1	O62794.1	0.912	348	31	0	1	348	1	348	3.014E-219	665
O62793.1	Q28886.1	0.911	348	31	0	1	348	1	348	1.063E-218	664
O62793.1	P02699.1	0.910	348	31	0	1	348	1	348	1.457E-218	663
O62793.1	P15409.2	0.910	348	31	0	1	348	1	348	1.996E-218	663
O62793.1	Q769E8.1	0.909	348	32	0	1	348	1	348	2.736E-218	662
O62793.1	P28681.1	0.907	348	32	0	1	348	1	348	9.647E-218	661
O62793.1	O62796.1	0.906	348	33	0	1	348	1	348	1.812E-217	660
O62793.1	P51489.1	0.904	348	33	0	1	348	1	348	8.756E-217	658
O62793.1	Q68J47.1	0.904	348	33	0	1	348	1	348	8.756E-217	658
O62793.1	P02700.2	0.904	348	33	0	1	348	1	348	8.756E-217	658
O62793.1	Q6W3E1.1	0.898	348	35	0	1	348	1	348	3.840E-215	653
O62793.1	Q8HY69.2	0.871	348	45	0	1	348	1	348	2.419E-207	631
O62793.1	P52202.1	0.867	346	46	0	1	346	1	345	5.124E-205	624
O62793.1	P22328.1	0.862	346	47	0	1	346	1	344	1.196E-203	620
O62793.1	Q90245.1	0.858	347	49	0	1	346	1	347	4.217E-203	619
O62793.1	P56515.1	0.853	347	51	0	1	346	1	347	1.848E-201	614
O62793.1	P41591.1	0.841	352	55	0	1	348	1	352	3.471E-201	613
O62793.1	P51470.1	0.836	354	57	0	1	348	1	354	8.930E-201	612
O62793.1	P31355.1	0.834	354	58	0	1	348	1	354	2.298E-200	611
O62793.1	P29403.1	0.849	347	52	0	1	346	1	347	2.298E-200	611
O62793.1	P56516.1	0.830	354	59	0	1	348	1	354	3.914E-199	607
O62793.1	P56514.1	0.843	347	54	0	1	346	1	347	1.007E-198	606
O62793.1	Q90214.1	0.842	347	55	0	1	346	1	347	2.591E-198	605
O62793.1	P22671.1	0.837	346	56	0	1	346	1	346	2.132E-196	599
O62793.1	Q90215.1	0.833	347	58	0	1	346	1	347	5.484E-196	598
O62793.1	O13227.1	0.830	346	58	0	1	346	1	345	1.754E-194	594
O62793.1	Q98980.1	0.814	353	65	0	1	348	1	353	8.471E-194	592
O62793.1	O93459.1	0.812	354	65	0	1	348	1	354	8.471E-194	592
O62793.1	O93441.1	0.824	347	61	0	1	346	1	347	2.986E-193	590
O62793.1	P35359.2	0.818	347	63	0	1	346	1	347	1.308E-191	586
O62793.1	P79863.1	0.793	354	72	0	1	348	1	354	1.832E-188	576
O62793.1	O42604.1	0.807	347	67	0	1	346	1	347	2.510E-188	576
O62793.1	Q9YH05.1	0.808	346	66	0	1	346	1	346	4.712E-188	575
O62793.1	P51488.1	0.805	347	67	0	1	346	1	347	8.847E-188	574
O62793.1	Q9YGZ0.1	0.805	345	67	0	1	345	1	345	8.022E-187	572
O62793.1	Q9DGG4.1	0.802	346	68	0	1	346	1	346	1.506E-186	571
O62793.1	P32309.1	0.795	347	71	0	1	346	1	347	6.595E-185	566
O62793.1	Q9YGZ6.1	0.795	346	71	0	1	346	1	346	2.324E-184	565
O62793.1	Q9YGZ8.1	0.793	346	71	0	1	346	1	346	8.193E-184	563
O62793.1	P87369.1	0.791	347	72	0	1	346	1	347	8.193E-184	563
O62793.1	P79848.1	0.789	347	73	0	1	346	1	347	2.888E-183	561
O62793.1	P41590.1	0.788	347	73	0	1	346	1	347	3.956E-183	561
O62793.1	Q9YGZ5.1	0.790	346	72	0	1	346	1	346	5.421E-183	561
O62793.1	Q9YGZ3.1	0.788	347	73	0	1	346	1	347	5.421E-183	561
O62793.1	P79756.1	0.783	347	75	0	1	346	1	347	1.264E-181	557
O62793.1	Q9YGZ2.1	0.782	346	75	0	1	346	1	345	1.146E-180	554
O62793.1	Q9YGY9.1	0.780	346	76	0	1	346	1	345	2.948E-180	553
O62793.1	P79798.1	0.770	349	79	0	4	348	1	349	6.873E-179	549
O62793.1	P79812.1	0.774	346	78	0	1	346	1	346	2.422E-178	547
O62793.1	P79898.1	0.773	346	78	0	1	346	1	346	3.319E-178	547
O62793.1	P79807.1	0.766	349	80	0	4	348	1	349	8.536E-178	546
O62793.1	P79914.1	0.773	343	78	0	4	346	1	343	1.990E-176	542
O62793.1	P79808.1	0.772	343	78	0	4	346	1	343	2.726E-176	541
O62793.1	P79901.1	0.771	343	78	0	4	346	1	343	5.118E-176	541
O62793.1	P79902.1	0.767	343	80	0	4	346	1	343	6.355E-175	537
O62793.1	P79911.1	0.766	343	80	0	4	346	1	342	1.193E-174	537
O62793.1	P79903.1	0.764	343	80	0	4	346	1	342	4.204E-174	535
O62793.1	P79809.1	0.764	343	80	0	4	346	1	342	5.760E-174	535
O62793.1	P35357.1	0.738	355	91	0	1	348	1	355	7.151E-173	531
O62793.1	P28683.1	0.732	355	93	0	1	348	1	355	5.872E-171	526
O62793.1	Q9W6A6.2	0.736	349	92	0	1	348	1	349	3.519E-169	521
O62793.1	P32311.1	0.735	349	92	0	1	348	1	349	6.605E-169	520
O62793.1	P51471.1	0.725	355	95	0	1	348	1	355	6.605E-169	520
O62793.1	Q8AYM7.1	0.728	349	94	0	1	348	1	349	7.427E-167	514
O62793.1	P32312.1	0.727	349	95	0	1	348	1	349	1.910E-166	513
O62793.1	P51474.1	0.713	346	99	0	1	346	4	349	5.620E-161	497
O62793.1	Q8AYM8.1	0.695	349	106	0	1	348	1	349	2.013E-157	487
O62793.1	Q9W6A5.2	0.692	349	107	0	1	348	1	349	1.331E-156	484
O62793.1	P28682.1	0.563	349	149	0	8	348	13	361	1.894E-119	377
O62793.1	P51472.1	0.556	343	151	0	8	347	11	353	3.216E-115	365
O62793.1	P32310.1	0.546	340	154	0	8	347	10	349	2.122E-111	354
O62793.1	P87365.1	0.541	337	153	0	11	347	17	351	4.416E-109	347
O62793.1	Q9W6A8.1	0.525	340	161	0	8	347	13	352	1.131E-105	337
O62793.1	P51473.1	0.502	345	171	0	5	348	3	347	1.247E-100	323
O62793.1	O57605.1	0.491	346	173	0	1	346	1	340	6.616E-98	315
O62793.1	P28684.1	0.497	339	168	0	8	346	6	340	2.319E-97	313
O62793.1	P51491.1	0.479	346	176	0	1	346	1	339	1.227E-94	305
O62793.1	P51475.1	0.528	305	143	0	23	327	16	319	2.297E-94	304
O62793.1	O13092.1	0.482	342	174	0	5	346	6	342	3.143E-94	304
O62793.1	P03999.2	0.484	338	171	0	9	346	6	338	2.061E-93	302
O62793.1	P60015.1	0.484	338	171	0	9	346	9	341	2.061E-93	302
O62793.1	P51476.1	0.511	314	152	0	16	329	12	323	3.858E-93	301
O62793.1	Q90309.1	0.494	325	162	0	22	346	15	335	3.461E-92	298
O62793.1	Q63652.2	0.470	346	179	0	1	346	1	339	4.735E-92	298
O62793.1	Q9W6A9.2	0.472	336	174	0	11	346	6	335	1.333E-89	291
O62793.1	P51490.1	0.479	324	167	0	23	346	21	342	5.718E-88	286
O62793.1	P87368.1	0.458	338	178	0	6	343	2	331	2.451E-86	281
O62793.1	P04001.1	0.438	345	190	0	2	346	21	359	1.569E-82	270
O62793.1	P35358.1	0.439	343	188	0	4	346	22	358	2.146E-82	270
O62793.1	Q9BGI7.1	0.439	343	188	0	4	346	23	359	2.934E-82	269
O62793.1	O18910.2	0.436	345	191	0	2	346	21	359	4.012E-82	269
O62793.1	P87367.1	0.436	345	190	0	4	348	20	357	5.486E-82	269
O62793.1	O18913.2	0.449	331	180	0	16	346	32	359	5.486E-82	269
O62793.1	O18912.2	0.449	331	180	0	16	346	32	359	5.486E-82	269
O62793.1	O18914.2	0.449	331	180	0	16	346	32	359	7.501E-82	268
O62793.1	P04000.2	0.435	345	191	0	2	346	21	359	1.026E-81	268
O62793.1	O42490.1	0.477	305	157	0	19	323	30	331	1.026E-81	268
O62793.1	Q95170.1	0.436	343	190	0	4	346	23	359	1.402E-81	267
O62793.1	P34989.1	0.436	342	189	0	2	343	14	349	2.622E-81	267
O62793.1	O35476.2	0.432	345	192	0	2	346	16	354	6.702E-81	265
O62793.1	O35478.2	0.443	331	182	0	16	346	32	359	3.202E-80	263
O62793.1	O35599.1	0.424	350	199	0	1	346	5	354	4.378E-80	263
O62793.1	Q9R024.1	0.428	345	193	0	2	346	21	359	8.183E-80	262
O62793.1	Q9W6A7.1	0.437	335	184	0	14	348	30	357	1.119E-79	262
O62793.1	O12948.1	0.438	333	183	0	14	346	32	358	2.091E-79	261
O62793.1	P41592.1	0.438	333	183	0	14	346	36	362	2.091E-79	261
O62793.1	P22329.1	0.436	333	183	0	14	346	30	355	5.343E-79	260
O62793.1	Q8AYN0.1	0.433	335	185	0	14	348	29	356	9.985E-79	259
O62793.1	P22332.2	0.432	335	186	0	14	348	30	357	2.551E-78	258
O62793.1	P32313.1	0.430	335	186	0	14	348	30	357	8.908E-78	256
O62793.1	P22331.1	0.452	298	163	0	21	318	32	329	1.433E-73	244
O62793.1	P22330.1	0.451	298	163	0	21	318	34	331	2.677E-73	243
O62793.1	O18911.1	0.457	273	148	0	32	304	1	273	9.628E-68	227
P79756.1	P79756.1	0.981	354	7	0	1	354	1	354	3.273E-243	735
P79756.1	P79848.1	0.966	354	12	0	1	354	1	354	7.842E-239	722
P79756.1	P87369.1	0.937	354	22	0	1	354	1	354	2.395E-230	698
P79756.1	Q9YGZ3.1	0.937	354	22	0	1	354	1	354	2.395E-230	698
P79756.1	Q9YGZ2.1	0.923	354	27	0	1	354	1	352	3.052E-226	686
P79756.1	Q9YGY9.1	0.921	354	28	0	1	354	1	352	1.076E-225	684
P79756.1	Q9YGZ8.1	0.919	354	29	0	1	354	1	353	7.129E-225	682
P79756.1	Q9YGZ6.1	0.918	354	29	0	1	354	1	353	1.339E-224	681
P79756.1	Q9YH05.1	0.916	354	30	0	1	354	1	353	4.722E-224	679
P79756.1	Q9DGG4.1	0.914	354	30	0	1	354	1	353	1.665E-223	678
P79756.1	Q9YGZ5.1	0.913	354	31	0	1	354	1	353	4.285E-223	677
P79756.1	O42604.1	0.898	354	36	0	1	354	1	354	1.025E-218	664
P79756.1	P51488.1	0.888	354	40	0	1	354	1	354	7.658E-216	656
P79756.1	P35359.2	0.882	354	42	0	1	354	1	354	2.450E-214	651
P79756.1	P79898.1	0.880	354	42	0	1	354	1	351	1.184E-213	649
P79756.1	P79807.1	0.885	351	40	0	4	354	1	349	4.174E-213	648
P79756.1	P32309.1	0.877	354	43	0	1	354	1	354	7.839E-213	647
P79756.1	P79901.1	0.882	351	41	0	4	354	1	348	2.764E-212	646
P79756.1	P79798.1	0.876	351	43	0	4	354	1	349	1.212E-210	641
P79756.1	P79914.1	0.875	351	43	0	4	354	1	348	2.275E-210	640
P79756.1	P79812.1	0.865	354	47	0	1	354	1	351	2.829E-209	637
P79756.1	P41590.1	0.865	354	47	0	1	354	1	352	2.829E-209	637
P79756.1	P79902.1	0.869	351	45	0	4	354	1	348	1.367E-208	635
P79756.1	P79808.1	0.869	351	45	0	4	354	1	348	1.367E-208	635
P79756.1	Q9YGZ0.1	0.850	354	52	0	1	354	1	351	6.754E-205	624
P79756.1	P79809.1	0.853	351	51	0	4	354	1	347	8.396E-204	621
P79756.1	Q90214.1	0.844	354	55	0	1	354	1	352	5.558E-203	619
P79756.1	Q90215.1	0.844	354	55	0	1	354	1	352	5.558E-203	619
P79756.1	P79903.1	0.845	351	54	0	4	354	1	347	1.297E-201	615
P79756.1	P79911.1	0.843	351	54	0	4	354	1	347	6.265E-201	613
P79756.1	O13227.1	0.835	354	58	0	1	354	1	350	2.209E-200	611
P79756.1	O93459.1	0.800	354	71	0	1	354	1	354	2.928E-190	582
P79756.1	P52202.1	0.798	354	71	0	1	354	1	352	1.032E-189	580
P79756.1	O62796.1	0.813	346	64	0	1	346	1	345	1.938E-189	580
P79756.1	P56514.1	0.797	354	72	0	1	354	1	354	1.938E-189	580
P79756.1	O93441.1	0.797	354	72	0	1	354	1	354	1.938E-189	580
P79756.1	P22328.1	0.797	354	71	0	1	354	1	351	2.655E-189	579
P79756.1	Q90245.1	0.796	354	72	0	1	354	1	354	3.638E-189	579
P79756.1	P56515.1	0.795	354	72	0	1	354	1	354	9.358E-189	578
P79756.1	Q95KU1.1	0.810	346	65	0	1	346	1	345	1.282E-188	577
P79756.1	Q769E8.1	0.809	346	66	0	1	346	1	345	2.407E-188	576
P79756.1	P32308.1	0.808	346	66	0	1	346	1	345	4.519E-188	576
P79756.1	P49912.1	0.808	346	66	0	1	346	1	345	6.192E-188	575
P79756.1	O18766.1	0.808	346	66	0	1	346	1	345	6.192E-188	575
P79756.1	P79863.1	0.791	354	74	0	1	354	1	354	8.484E-188	575
P79756.1	P02699.1	0.806	346	67	0	1	346	1	345	2.182E-187	574
P79756.1	P15409.2	0.804	346	67	0	1	346	1	345	7.691E-187	572
P79756.1	Q68J47.1	0.803	346	68	0	1	346	1	345	1.054E-186	572
P79756.1	P28681.1	0.803	346	68	0	1	346	1	345	1.444E-186	571
P79756.1	P29403.1	0.787	354	75	0	1	354	1	354	1.444E-186	571
P79756.1	O62791.1	0.802	346	68	0	1	346	1	345	2.711E-186	571
P79756.1	P51489.1	0.801	346	68	0	1	346	1	345	5.089E-186	570
P79756.1	P56516.1	0.785	354	76	0	1	354	1	354	6.973E-186	569
P79756.1	P51470.1	0.785	354	76	0	1	354	1	354	6.973E-186	569
P79756.1	Q28886.1	0.800	346	69	0	1	346	1	345	9.554E-186	569
P79756.1	O62794.1	0.799	346	69	0	1	346	1	345	1.794E-185	568
P79756.1	O62798.1	0.799	346	69	0	1	346	1	345	1.794E-185	568
P79756.1	P08100.1	0.798	346	69	0	1	346	1	345	4.613E-185	567
P79756.1	P02700.2	0.797	346	70	0	1	346	1	345	8.660E-185	566
P79756.1	O62792.1	0.796	346	70	0	1	346	1	345	1.187E-184	566
P79756.1	O62793.1	0.795	346	71	0	1	346	1	345	3.052E-184	565
P79756.1	P31355.1	0.779	354	78	0	1	354	1	354	3.052E-184	565
P79756.1	O62795.1	0.794	346	71	0	1	346	1	345	5.730E-184	564
P79756.1	Q6W3E1.1	0.793	346	71	0	1	346	1	345	1.076E-183	563
P79756.1	P22671.1	0.776	354	79	0	1	354	1	353	2.019E-183	562
P79756.1	Q8HY69.2	0.789	346	73	0	1	346	1	345	1.336E-182	560
P79756.1	P41591.1	0.772	354	80	0	1	354	1	352	4.708E-182	558
P79756.1	Q98980.1	0.768	354	82	0	1	354	1	353	5.846E-181	555
P79756.1	P28683.1	0.716	355	100	0	1	354	1	355	2.497E-166	513
P79756.1	P51471.1	0.711	355	102	0	1	354	1	355	7.967E-165	509
P79756.1	P35357.1	0.704	355	104	0	1	354	1	355	6.533E-163	503
P79756.1	Q8AYM7.1	0.710	347	100	0	1	347	1	347	1.005E-160	497
P79756.1	Q9W6A6.2	0.710	347	100	0	1	347	1	347	1.377E-160	496
P79756.1	P32311.1	0.703	347	103	0	1	347	1	347	1.546E-158	490
P79756.1	P32312.1	0.697	347	105	0	1	347	1	347	9.248E-157	485
P79756.1	Q8AYM8.1	0.687	347	108	0	1	347	1	347	5.005E-154	477
P79756.1	Q9W6A5.2	0.676	347	112	0	1	347	1	347	5.080E-151	469
P79756.1	P51474.1	0.659	354	119	0	1	354	4	354	3.036E-149	464
P79756.1	P28682.1	0.546	348	157	0	9	354	14	361	2.717E-114	362
P79756.1	P51472.1	0.542	340	154	0	9	346	12	351	3.350E-110	351
P79756.1	P32310.1	0.544	338	153	0	9	346	11	347	6.276E-110	350
P79756.1	Q9W6A8.1	0.540	325	148	0	22	346	29	350	2.433E-104	334
P79756.1	P87365.1	0.519	338	162	0	9	346	13	349	2.993E-103	331
P79756.1	O57605.1	0.484	353	178	0	1	353	1	346	4.489E-98	316
P79756.1	P51473.1	0.505	333	163	0	22	354	17	347	1.150E-97	314
P79756.1	P28684.1	0.495	338	169	0	16	353	11	346	1.932E-96	311
P79756.1	P51475.1	0.499	326	154	0	2	327	11	319	7.454E-94	303
P79756.1	P51476.1	0.508	316	153	0	12	327	11	321	6.683E-93	301
P79756.1	O13092.1	0.485	331	168	0	23	353	21	348	1.121E-91	297
P79756.1	P03999.2	0.464	350	183	0	4	353	2	344	2.097E-91	296
P79756.1	P60015.1	0.464	350	183	0	4	353	5	347	2.097E-91	296
P79756.1	P51491.1	0.460	353	186	0	1	353	1	345	3.924E-91	295
P79756.1	P51490.1	0.476	331	171	0	23	353	21	348	4.306E-89	289
P79756.1	Q63652.2	0.453	353	188	0	1	353	1	345	5.890E-89	289
P79756.1	P35358.1	0.454	351	187	0	4	354	22	365	1.102E-88	288
P79756.1	P04001.1	0.451	353	188	0	2	354	21	364	1.507E-88	288
P79756.1	P04000.2	0.449	353	189	0	2	354	21	364	7.211E-88	286
P79756.1	Q9W6A9.2	0.476	326	168	0	22	347	15	335	9.862E-88	286
P79756.1	Q9BGI7.1	0.450	351	188	0	4	354	23	364	9.862E-88	286
P79756.1	O18913.2	0.467	334	174	0	21	354	37	364	1.845E-87	285
P79756.1	O18914.2	0.449	351	188	0	4	354	23	364	3.450E-87	284
P79756.1	O18912.2	0.446	353	190	0	2	354	21	364	4.718E-87	284
P79756.1	Q95170.1	0.448	351	188	0	4	354	23	364	4.718E-87	284
P79756.1	P34989.1	0.454	344	183	0	2	345	14	350	8.825E-87	283
P79756.1	Q9R024.1	0.445	353	190	0	2	354	21	364	8.825E-87	283
P79756.1	O35478.2	0.442	353	191	0	2	354	21	364	5.772E-86	280
P79756.1	P41592.1	0.461	334	177	0	21	354	40	369	7.893E-86	280
P79756.1	O18910.2	0.440	353	192	0	2	354	21	364	2.760E-85	278
P79756.1	P87368.1	0.453	339	180	0	6	344	2	331	5.161E-85	278
P79756.1	O35476.2	0.439	353	192	0	2	354	16	359	7.058E-85	277
P79756.1	P22329.1	0.455	334	179	0	21	354	34	362	3.374E-84	275
P79756.1	O12948.1	0.454	334	180	0	21	354	36	365	4.613E-84	275
P79756.1	O35599.1	0.435	353	194	0	2	354	16	359	8.626E-84	274
P79756.1	P87367.1	0.443	343	186	0	4	346	20	354	1.613E-83	273
P79756.1	Q90309.1	0.460	326	173	0	22	347	15	335	2.205E-83	273
P79756.1	Q8AYN0.1	0.458	326	173	0	21	346	33	353	7.706E-83	271
P79756.1	Q9W6A7.1	0.439	342	186	0	5	346	22	354	3.682E-82	269
P79756.1	P32313.1	0.438	342	187	0	5	346	22	354	9.409E-82	268
P79756.1	P22332.2	0.438	342	187	0	5	346	22	354	1.286E-81	268
P79756.1	P22331.1	0.425	343	191	0	5	347	20	353	1.707E-78	259
P79756.1	O42490.1	0.461	308	164	0	16	323	27	331	1.707E-78	259
P79756.1	P22330.1	0.422	343	192	0	5	347	22	355	1.521E-77	256
P79756.1	O18911.1	0.492	268	136	0	37	304	6	273	6.988E-74	245
P79911.1	P79911.1	0.974	347	9	0	1	347	1	347	3.084E-236	714
P79911.1	P79903.1	0.972	347	10	0	1	347	1	347	1.088E-235	713
P79911.1	P79809.1	0.939	347	21	0	1	347	1	347	4.136E-226	685
P79911.1	P79808.1	0.919	348	28	0	1	347	1	348	4.786E-221	670
P79911.1	P79812.1	0.917	348	29	0	1	347	4	351	1.232E-220	669
P79911.1	P79898.1	0.913	348	30	0	1	347	4	351	2.100E-219	666
P79911.1	P79902.1	0.912	348	30	0	1	347	1	348	2.877E-219	665
P79911.1	P79901.1	0.912	348	30	0	1	347	1	348	3.943E-219	665
P79911.1	P79914.1	0.910	348	31	0	1	347	1	348	1.391E-218	663
P79911.1	P79798.1	0.885	349	40	0	1	347	1	349	3.754E-212	645
P79911.1	P79807.1	0.884	349	40	0	1	347	1	349	9.661E-212	644
P79911.1	Q9YGZ2.1	0.873	349	44	0	1	347	4	352	1.356E-208	634
P79911.1	Q9YGY9.1	0.868	349	46	0	1	347	4	352	3.165E-207	631
P79911.1	Q9YGZ3.1	0.860	351	48	0	1	347	4	354	5.393E-206	627
P79911.1	O42604.1	0.857	351	49	0	1	347	4	354	2.606E-205	625
P79911.1	Q9YH05.1	0.859	350	49	0	1	347	4	353	3.570E-205	625
P79911.1	P87369.1	0.856	351	50	0	1	347	4	354	4.893E-205	624
P79911.1	Q9YGZ6.1	0.858	350	49	0	1	347	4	353	9.187E-205	623
P79911.1	Q9YGZ8.1	0.856	350	50	0	1	347	4	353	3.239E-204	622
P79911.1	Q9DGG4.1	0.854	350	51	0	1	347	4	353	8.335E-204	621
P79911.1	P79848.1	0.847	351	53	0	1	347	4	354	1.946E-202	617
P79911.1	P79756.1	0.839	351	56	0	1	347	4	354	4.121E-200	610
P79911.1	O13227.1	0.844	347	54	0	1	347	4	350	3.738E-199	607
P79911.1	P41590.1	0.837	349	56	0	1	347	4	352	2.475E-198	605
P79911.1	Q9YGZ5.1	0.833	350	58	0	1	347	4	353	1.195E-197	603
P79911.1	P35359.2	0.821	351	62	0	1	347	4	354	8.922E-195	595
P79911.1	P51488.1	0.819	351	63	0	1	347	4	354	4.310E-194	593
P79911.1	Q9YGZ0.1	0.815	348	64	0	1	347	4	351	3.215E-191	584
P79911.1	P32309.1	0.805	351	67	0	1	347	4	354	2.916E-190	582
P79911.1	Q90214.1	0.804	349	68	0	1	347	4	352	9.321E-189	577
P79911.1	Q90215.1	0.798	349	70	0	1	347	4	352	4.082E-187	572
P79911.1	P49912.1	0.794	340	70	0	1	339	4	343	1.095E-180	554
P79911.1	Q95KU1.1	0.788	340	72	0	1	339	4	343	3.499E-179	550
P79911.1	O18766.1	0.775	347	77	0	1	347	4	348	3.499E-179	550
P79911.1	P56515.1	0.767	351	81	0	1	347	4	354	3.499E-179	550
P79911.1	P32308.1	0.788	340	72	0	1	339	4	343	4.794E-179	549
P79911.1	O62796.1	0.774	347	78	0	1	347	4	348	4.794E-179	549
P79911.1	P22328.1	0.770	348	80	0	1	347	4	351	1.690E-178	548
P79911.1	O93459.1	0.764	351	82	0	1	347	4	354	2.315E-178	547
P79911.1	Q769E8.1	0.784	340	73	0	1	339	4	343	4.346E-178	546
P79911.1	P02699.1	0.783	340	73	0	1	339	4	343	8.158E-178	546
P79911.1	O62794.1	0.782	340	74	0	1	339	4	343	2.098E-177	544
P79911.1	P08100.1	0.782	340	74	0	1	339	4	343	2.098E-177	544
P79911.1	P56514.1	0.761	351	83	0	1	347	4	354	2.098E-177	544
P79911.1	O62795.1	0.781	340	74	0	1	339	4	343	2.875E-177	544
P79911.1	O93441.1	0.760	351	83	0	1	347	4	354	2.875E-177	544
P79911.1	Q68J47.1	0.780	340	74	0	1	339	4	343	7.395E-177	543
P79911.1	P15409.2	0.780	340	74	0	1	339	4	343	7.395E-177	543
P79911.1	P52202.1	0.763	349	82	0	1	347	4	352	7.395E-177	543
P79911.1	Q28886.1	0.779	340	75	0	1	339	4	343	1.013E-176	542
P79911.1	O62791.1	0.779	340	75	0	1	339	4	343	1.013E-176	542
P79911.1	P51489.1	0.778	340	75	0	1	339	4	343	1.902E-176	542
P79911.1	Q90245.1	0.757	351	84	0	1	347	4	354	2.606E-176	541
P79911.1	O62793.1	0.777	340	75	0	1	339	4	343	3.571E-176	541
P79911.1	O62798.1	0.776	340	76	0	1	339	4	343	6.703E-176	540
P79911.1	P41591.1	0.759	349	83	0	1	347	4	352	6.703E-176	540
P79911.1	P28681.1	0.776	340	76	0	1	339	4	343	9.183E-176	540
P79911.1	P51470.1	0.755	351	85	0	1	347	4	354	1.258E-175	539
P79911.1	O62792.1	0.775	340	76	0	1	339	4	343	2.362E-175	539
P79911.1	P31355.1	0.752	351	86	0	1	347	4	354	8.323E-175	537
P79911.1	P02700.2	0.772	340	77	0	1	339	4	343	1.140E-174	537
P79911.1	P56516.1	0.747	351	88	0	1	347	4	354	1.940E-173	533
P79911.1	Q6W3E1.1	0.766	340	79	0	1	339	4	343	4.990E-173	532
P79911.1	Q8HY69.2	0.766	340	79	0	1	339	4	343	6.836E-173	531
P79911.1	P22671.1	0.747	350	88	0	1	347	4	353	6.836E-173	531
P79911.1	P29403.1	0.745	351	88	0	1	347	4	354	6.836E-173	531
P79911.1	Q98980.1	0.745	350	88	0	1	347	4	353	2.409E-172	530
P79911.1	P79863.1	0.730	351	93	0	1	347	4	354	1.624E-168	519
P79911.1	Q8AYM7.1	0.698	347	104	0	1	347	4	349	1.926E-157	487
P79911.1	P28683.1	0.686	352	109	0	1	347	4	355	3.273E-156	483
P79911.1	P51471.1	0.681	352	110	0	1	347	4	355	7.617E-155	479
P79911.1	Q9W6A6.2	0.687	347	108	0	1	347	4	349	3.675E-154	477
P79911.1	P32311.1	0.679	347	111	0	1	347	4	349	5.651E-152	471
P79911.1	P35357.1	0.671	352	114	0	1	347	4	355	7.741E-152	471
P79911.1	P32312.1	0.674	347	112	0	1	347	4	349	1.801E-150	467
P79911.1	P51474.1	0.665	347	116	0	2	347	8	354	7.113E-148	459
P79911.1	Q8AYM8.1	0.659	347	118	0	1	347	4	349	3.104E-146	454
P79911.1	Q9W6A5.2	0.658	347	118	0	1	347	4	349	5.823E-146	454
P79911.1	P28682.1	0.567	342	147	0	5	345	13	354	4.206E-118	373
P79911.1	P51472.1	0.561	343	150	0	5	346	11	353	7.111E-117	370
P79911.1	P32310.1	0.553	342	152	0	5	346	10	349	5.212E-114	361
P79911.1	Q9W6A8.1	0.527	342	160	0	5	346	13	352	8.813E-107	340
P79911.1	P87365.1	0.525	342	161	0	5	346	12	351	3.093E-106	339
P79911.1	P51473.1	0.488	346	176	0	2	347	3	347	5.710E-97	312
P79911.1	O57605.1	0.489	334	169	0	15	346	13	346	1.059E-93	302
P79911.1	P03999.2	0.481	340	174	0	5	344	5	340	2.711E-93	301
P79911.1	P60015.1	0.481	340	174	0	5	344	8	343	2.711E-93	301
P79911.1	O13092.1	0.478	342	176	0	2	343	6	343	3.709E-93	301
P79911.1	P51475.1	0.568	274	117	0	51	324	48	319	6.943E-93	300
P79911.1	P28684.1	0.477	341	175	0	5	345	6	340	1.778E-92	299
P79911.1	P51476.1	0.563	274	118	0	51	324	50	321	8.521E-92	297
P79911.1	P51491.1	0.472	339	176	0	5	343	6	340	1.956E-90	293
P79911.1	O18913.2	0.474	334	174	0	14	347	33	364	1.754E-89	290
P79911.1	O18914.2	0.473	334	174	0	14	347	33	364	2.399E-89	290
P79911.1	Q9W6A9.2	0.483	323	166	0	19	341	15	336	1.149E-88	288
P79911.1	Q90309.1	0.483	323	166	0	19	341	15	336	1.149E-88	288
P79911.1	Q9BGI7.1	0.456	347	186	0	1	347	23	364	2.940E-88	287
P79911.1	P04001.1	0.472	330	173	0	18	347	37	364	7.524E-88	286
P79911.1	P51490.1	0.478	324	168	0	20	343	21	343	1.408E-87	285
P79911.1	O18912.2	0.471	330	173	0	18	347	37	364	1.408E-87	285
P79911.1	Q95170.1	0.453	347	187	0	1	347	23	364	1.408E-87	285
P79911.1	Q63652.2	0.461	339	180	0	5	343	6	340	1.925E-87	284
P79911.1	P04000.2	0.469	330	174	0	18	347	37	364	4.927E-87	283
P79911.1	O18910.2	0.467	330	174	0	18	347	37	364	1.261E-86	282
P79911.1	O35476.2	0.467	330	174	0	18	347	32	359	1.724E-86	282
P79911.1	O35599.1	0.464	330	175	0	18	347	32	359	1.129E-85	279
P79911.1	Q9R024.1	0.464	330	175	0	18	347	37	364	1.129E-85	279
P79911.1	O35478.2	0.459	334	179	0	14	347	33	364	1.543E-85	279
P79911.1	P34989.1	0.471	323	169	0	18	340	30	350	2.111E-85	278
P79911.1	P35358.1	0.439	347	192	0	1	347	22	365	2.311E-83	273
P79911.1	P41592.1	0.453	330	180	0	18	347	40	369	8.079E-83	271
P79911.1	P87368.1	0.463	316	168	0	20	335	16	329	2.525E-81	267
P79911.1	P22329.1	0.448	330	181	0	18	347	34	362	2.525E-81	267
P79911.1	O42490.1	0.454	324	172	0	13	336	27	342	3.452E-81	266
P79911.1	O12948.1	0.446	330	182	0	18	347	36	365	8.824E-81	265
P79911.1	P87367.1	0.442	330	180	0	18	347	34	357	1.077E-79	262
P79911.1	Q9W6A7.1	0.437	330	182	0	18	347	34	357	1.798E-78	258
P79911.1	Q8AYN0.1	0.435	330	182	0	18	347	33	356	6.278E-78	257
P79911.1	P22331.1	0.440	325	180	0	18	342	32	353	8.582E-78	256
P79911.1	P32313.1	0.434	330	183	0	18	347	34	357	1.173E-77	256
P79911.1	P22332.2	0.433	330	183	0	18	347	34	357	2.192E-77	255
P79911.1	P22330.1	0.433	325	182	0	18	342	34	355	6.823E-76	251
P79911.1	O18911.1	0.488	264	135	0	38	301	10	273	5.859E-72	239
P32310.1	P32310.1	0.976	351	8	0	1	351	1	351	1.932E-239	724
P32310.1	Q9W6A8.1	0.845	350	54	0	2	351	5	354	3.984E-201	613
P32310.1	P51472.1	0.793	355	72	0	1	351	1	355	8.164E-189	578
P32310.1	P87365.1	0.739	344	90	0	6	349	8	351	2.411E-167	516
P32310.1	P28682.1	0.706	343	100	0	9	348	12	354	1.225E-157	488
P32310.1	P22671.1	0.590	340	139	0	9	348	7	346	1.264E-123	389
P32310.1	Q98980.1	0.579	340	143	0	9	348	7	346	1.271E-120	381
P32310.1	P32311.1	0.564	342	148	0	9	349	7	348	3.275E-117	371
P32310.1	P32312.1	0.566	341	147	0	10	349	8	348	3.275E-117	371
P32310.1	Q8AYM7.1	0.563	341	148	0	10	349	8	348	1.575E-116	369
P32310.1	Q9W6A6.2	0.563	341	148	0	10	349	8	348	1.575E-116	369
P32310.1	P79911.1	0.560	342	149	0	10	349	5	346	4.043E-116	368
P32310.1	Q8HY69.2	0.563	340	148	0	10	349	8	347	4.043E-116	368
P32310.1	P79903.1	0.559	342	149	0	10	349	5	346	7.577E-116	367
P32310.1	P79809.1	0.556	342	151	0	10	349	5	346	6.830E-115	364
P32310.1	O62791.1	0.559	340	149	0	10	349	8	347	6.830E-115	364
P32310.1	Q8AYM8.1	0.557	341	150	0	10	349	8	348	6.830E-115	364
P32310.1	O62793.1	0.558	340	150	0	10	349	8	347	9.350E-115	364
P32310.1	O93441.1	0.557	341	150	0	9	348	7	347	9.350E-115	364
P32310.1	O62798.1	0.556	340	151	0	10	349	8	347	3.284E-114	362
P32310.1	P49912.1	0.556	340	151	0	10	349	8	347	4.496E-114	362
P32310.1	O18766.1	0.555	340	151	0	10	349	8	347	8.426E-114	361
P32310.1	O42604.1	0.555	340	150	0	10	348	8	347	8.426E-114	361
P32310.1	P51471.1	0.553	341	151	0	10	348	8	348	8.426E-114	361
P32310.1	P79914.1	0.552	342	151	0	11	349	6	347	1.153E-113	361
P32310.1	P32308.1	0.553	340	152	0	10	349	8	347	2.162E-113	360
P32310.1	O62792.1	0.553	340	152	0	10	349	8	347	2.162E-113	360
P32310.1	P41591.1	0.553	340	151	0	9	348	7	345	2.162E-113	360
P32310.1	P28683.1	0.551	341	152	0	10	348	8	348	2.959E-113	359
P32310.1	P79812.1	0.550	342	152	0	11	349	9	350	4.051E-113	359
P32310.1	P79807.1	0.554	338	150	0	11	348	6	342	5.546E-113	359
P32310.1	P79901.1	0.549	342	152	0	11	349	6	347	7.592E-113	358
P32310.1	P79902.1	0.549	342	152	0	11	349	6	347	7.592E-113	358
P32310.1	Q95KU1.1	0.551	340	152	0	10	349	8	347	7.592E-113	358
P32310.1	P79808.1	0.549	342	152	0	11	349	6	347	7.592E-113	358
P32310.1	P51489.1	0.551	340	152	0	10	349	8	347	1.039E-112	358
P32310.1	Q769E8.1	0.549	340	153	0	10	349	8	347	2.666E-112	357
P32310.1	P79898.1	0.547	342	153	0	11	349	9	350	2.666E-112	357
P32310.1	P52202.1	0.551	339	151	0	10	348	8	345	2.666E-112	357
P32310.1	P35357.1	0.548	341	153	0	10	348	8	348	2.666E-112	357
P32310.1	Q28886.1	0.549	340	153	0	10	349	8	347	3.650E-112	356
P32310.1	P02699.1	0.549	340	153	0	10	349	8	347	3.650E-112	356
P32310.1	Q9DGG4.1	0.551	338	151	0	11	348	9	346	3.650E-112	356
P32310.1	P28681.1	0.548	340	153	0	10	349	8	347	4.996E-112	356
P32310.1	P08100.1	0.548	340	153	0	10	349	8	347	4.996E-112	356
P32310.1	O13227.1	0.546	342	154	0	10	349	8	349	4.996E-112	356
P32310.1	P15409.2	0.548	340	153	0	10	349	8	347	6.840E-112	355
P32310.1	O93459.1	0.546	341	154	0	9	348	7	347	9.363E-112	355
P32310.1	O62795.1	0.547	340	154	0	10	349	8	347	1.282E-111	355
P32310.1	O62794.1	0.547	340	154	0	10	349	8	347	1.282E-111	355
P32310.1	Q68J47.1	0.547	340	154	0	10	349	8	347	1.282E-111	355
P32310.1	P79863.1	0.546	341	154	0	9	348	7	347	1.282E-111	355
P32310.1	P22328.1	0.546	340	153	0	9	348	7	344	2.402E-111	354
P32310.1	O62796.1	0.545	340	154	0	10	349	8	347	4.500E-111	353
P32310.1	P56515.1	0.545	340	154	0	10	348	8	347	4.500E-111	353
P32310.1	P79798.1	0.547	338	152	0	11	348	6	342	6.161E-111	353
P32310.1	Q9W6A5.2	0.543	341	155	0	10	349	8	348	6.161E-111	353
P32310.1	P51474.1	0.539	344	157	0	9	349	10	353	6.161E-111	353
P32310.1	Q9YGZ3.1	0.546	339	153	0	11	348	9	347	6.161E-111	353
P32310.1	P60015.1	0.534	348	158	0	1	348	1	341	8.433E-111	352
P32310.1	P02700.2	0.544	340	155	0	10	349	8	347	8.433E-111	352
P32310.1	P03999.2	0.543	340	153	0	9	348	4	338	1.154E-110	352
P32310.1	Q6W3E1.1	0.543	340	155	0	10	349	8	347	1.154E-110	352
P32310.1	P79756.1	0.545	339	153	0	11	348	9	347	1.154E-110	352
P32310.1	P79848.1	0.545	339	153	0	11	348	9	347	1.154E-110	352
P32310.1	Q90245.1	0.543	340	154	0	10	348	8	347	1.580E-110	351
P32310.1	O13092.1	0.533	348	159	0	1	348	1	342	2.163E-110	351
P32310.1	Q9YGZ2.1	0.545	338	153	0	11	348	9	345	2.961E-110	351
P32310.1	P87369.1	0.542	340	154	0	12	348	8	347	2.961E-110	351
P32310.1	Q9YGY9.1	0.544	338	153	0	11	348	9	345	4.053E-110	350
P32310.1	Q9YGZ5.1	0.544	338	154	0	11	348	9	346	4.053E-110	350
P32310.1	Q90214.1	0.541	340	155	0	10	348	8	347	7.594E-110	349
P32310.1	P51488.1	0.542	339	154	0	11	348	9	347	7.594E-110	349
P32310.1	Q90215.1	0.540	340	155	0	10	348	8	347	1.040E-109	349
P32310.1	P51473.1	0.540	340	154	0	9	348	5	340	1.423E-109	349
P32310.1	P56514.1	0.539	340	156	0	10	348	8	347	2.666E-109	348
P32310.1	P32309.1	0.539	339	155	0	11	348	9	347	4.996E-109	347
P32310.1	Q9YH05.1	0.540	338	155	0	11	348	9	346	6.838E-109	347
P32310.1	Q9YGZ8.1	0.539	338	155	0	11	348	9	346	1.281E-108	346
P32310.1	P51470.1	0.536	340	157	0	10	348	8	347	1.754E-108	346
P32310.1	Q9YGZ6.1	0.538	338	156	0	11	348	9	346	2.400E-108	345
P32310.1	P29403.1	0.534	340	158	0	10	348	8	347	6.156E-108	344
P32310.1	O57605.1	0.533	340	156	0	9	348	5	340	1.153E-107	343
P32310.1	P31355.1	0.533	340	158	0	10	348	8	347	1.153E-107	343
P32310.1	Q9YGZ0.1	0.536	337	156	0	11	347	9	345	1.579E-107	343
P32310.1	P41590.1	0.532	339	158	0	11	348	9	347	4.048E-107	342
P32310.1	P35359.2	0.532	339	158	0	11	348	9	347	4.048E-107	342
P32310.1	P56516.1	0.526	340	160	0	10	348	8	347	9.340E-106	338
P32310.1	P28684.1	0.525	340	159	0	9	348	5	340	1.750E-105	337
P32310.1	P51491.1	0.521	343	161	0	9	351	5	342	2.395E-105	336
P32310.1	P51490.1	0.538	328	151	0	21	348	15	342	6.139E-105	335
P32310.1	Q63652.2	0.516	343	163	0	9	351	5	342	5.522E-104	332
P32310.1	P51476.1	0.544	311	141	0	16	326	7	316	1.926E-100	322
P32310.1	P51475.1	0.548	300	135	0	27	326	16	314	1.020E-97	314
P32310.1	Q90309.1	0.505	328	161	0	21	348	10	335	4.394E-96	310
P32310.1	Q9W6A9.2	0.488	332	168	0	17	348	6	335	8.127E-93	300
P32310.1	P87368.1	0.491	325	163	0	21	345	10	331	2.552E-91	296
P32310.1	O18910.2	0.464	346	185	0	3	348	14	359	2.287E-90	293
P32310.1	O18914.2	0.475	329	172	0	20	348	32	359	3.433E-88	287
P32310.1	P04001.1	0.474	329	172	0	20	348	32	359	4.696E-88	286
P32310.1	P34989.1	0.474	327	171	0	20	346	25	350	1.643E-87	285
P32310.1	O18913.2	0.472	329	173	0	20	348	32	359	1.643E-87	285
P32310.1	O18912.2	0.472	329	173	0	20	348	32	359	1.643E-87	285
P32310.1	O35476.2	0.472	329	173	0	20	348	27	354	2.247E-87	284
P32310.1	P04000.2	0.470	329	173	0	20	348	32	359	5.750E-87	283
P32310.1	O35599.1	0.470	329	173	0	20	348	27	354	7.864E-87	283
P32310.1	Q8AYN0.1	0.465	330	175	0	20	349	28	355	7.037E-86	280
P32310.1	Q9BGI7.1	0.466	329	175	0	20	348	32	359	7.037E-86	280
P32310.1	Q95170.1	0.466	329	175	0	20	348	32	359	9.623E-86	280
P32310.1	Q9R024.1	0.463	329	176	0	20	348	32	359	3.366E-85	278
P32310.1	Q9W6A7.1	0.462	330	176	0	20	349	29	356	4.603E-85	278
P32310.1	P35358.1	0.462	329	176	0	20	348	31	358	8.607E-85	277
P32310.1	O35478.2	0.461	329	176	0	20	348	32	359	1.610E-84	276
P32310.1	P22332.2	0.456	330	178	0	20	349	29	356	1.968E-83	273
P32310.1	P87367.1	0.455	330	178	0	20	349	29	356	3.679E-83	272
P32310.1	P41592.1	0.454	329	179	0	20	348	35	362	9.406E-83	271
P32310.1	P32313.1	0.453	330	179	0	20	349	29	356	1.286E-82	271
P32310.1	O12948.1	0.450	329	180	0	20	348	31	358	1.149E-81	268
P32310.1	P22329.1	0.449	329	180	0	20	348	29	355	2.148E-81	267
P32310.1	P22331.1	0.455	322	174	0	27	348	34	353	7.504E-81	265
P32310.1	O42490.1	0.514	273	131	0	59	331	65	335	2.622E-80	264
P32310.1	P22330.1	0.449	322	176	0	27	348	36	355	2.339E-79	261
P32310.1	O18911.1	0.492	269	136	0	40	308	5	273	3.356E-74	246
P51473.1	P51473.1	0.964	347	12	0	1	347	1	347	2.308E-233	706
P51473.1	O13092.1	0.806	346	67	0	1	346	4	348	1.587E-187	574
P51473.1	O57605.1	0.804	346	68	0	1	346	1	346	4.082E-187	572
P51473.1	P51490.1	0.797	346	70	0	1	346	4	348	6.302E-185	566
P51473.1	P51491.1	0.796	346	70	0	1	346	1	345	8.635E-185	566
P51473.1	P03999.2	0.795	345	70	0	2	346	1	344	5.714E-184	563
P51473.1	P28684.1	0.793	346	71	0	1	346	1	346	5.714E-184	563
P51473.1	P60015.1	0.795	345	70	0	2	346	4	347	5.714E-184	563
P51473.1	Q63652.2	0.780	346	76	0	1	346	1	345	2.817E-180	553
P51473.1	Q9W6A9.2	0.665	331	110	0	10	340	8	335	1.241E-140	438
P51473.1	P87368.1	0.662	332	111	0	7	338	5	332	2.329E-140	437
P51473.1	Q90309.1	0.660	333	112	0	8	340	6	335	3.189E-140	437
P51473.1	P28682.1	0.540	350	157	0	5	347	12	361	3.432E-113	359
P51473.1	P51472.1	0.544	343	153	0	4	339	9	351	7.935E-112	355
P51473.1	P51471.1	0.553	334	148	0	17	347	22	355	3.815E-111	353
P51473.1	P22671.1	0.532	349	161	0	3	347	5	353	9.787E-111	352
P51473.1	P28683.1	0.533	348	159	0	6	347	8	355	1.340E-110	351
P51473.1	Q98980.1	0.531	349	161	0	3	347	5	353	1.834E-110	351
P51473.1	P41591.1	0.529	348	162	0	3	347	5	352	2.262E-109	348
P51473.1	Q90245.1	0.525	350	163	0	3	347	5	354	5.801E-109	347
P51473.1	P32310.1	0.534	339	156	0	5	339	9	347	7.151E-108	344
P51473.1	P52202.1	0.522	348	164	0	3	347	5	352	1.834E-107	342
P51473.1	P32311.1	0.527	343	159	0	3	340	5	347	4.704E-107	341
P51473.1	Q9W6A6.2	0.526	343	160	0	3	340	5	347	6.438E-107	341
P51473.1	P79863.1	0.517	350	166	0	3	347	5	354	8.813E-107	340
P51473.1	P35357.1	0.537	334	153	0	17	347	22	355	8.813E-107	340
P51473.1	O93441.1	0.515	350	167	0	3	347	5	354	5.796E-106	338
P51473.1	P32312.1	0.544	326	147	0	17	340	22	347	7.933E-106	338
P51473.1	Q8AYM7.1	0.521	343	161	0	3	340	5	347	1.486E-105	337
P51473.1	P31355.1	0.512	350	168	0	3	347	5	354	3.811E-105	336
P51473.1	Q8HY69.2	0.522	341	161	0	3	339	5	345	5.216E-105	335
P51473.1	P56515.1	0.511	350	168	0	3	347	5	354	5.216E-105	335
P51473.1	O93459.1	0.511	350	168	0	3	347	5	354	7.139E-105	335
P51473.1	P51474.1	0.514	347	167	0	3	347	8	354	9.772E-105	334
P51473.1	P56514.1	0.510	350	169	0	3	347	5	354	9.772E-105	334
P51473.1	P22328.1	0.513	347	168	0	3	347	5	351	1.337E-104	334
P51473.1	P29403.1	0.509	350	169	0	3	347	5	354	1.831E-104	334
P51473.1	P56516.1	0.508	350	169	0	3	347	5	354	3.429E-104	333
P51473.1	P49912.1	0.517	341	162	0	3	339	5	345	1.203E-103	331
P51473.1	P51470.1	0.506	350	170	0	3	347	5	354	1.203E-103	331
P51473.1	Q9W6A8.1	0.519	339	161	0	5	339	12	350	1.647E-103	331
P51473.1	P28681.1	0.514	341	163	0	3	339	5	345	7.910E-103	329
P51473.1	P08100.1	0.513	341	164	0	3	339	5	345	1.083E-102	329
P51473.1	P15409.2	0.513	341	164	0	3	339	5	345	1.482E-102	328
P51473.1	O62793.1	0.516	338	161	0	6	339	8	345	2.775E-102	327
P51473.1	P51488.1	0.506	346	168	0	7	347	9	354	2.775E-102	327
P51473.1	O18766.1	0.512	341	164	0	3	339	5	345	3.798E-102	327
P51473.1	Q95KU1.1	0.511	341	164	0	3	339	5	345	5.198E-102	327
P51473.1	Q9W6A5.2	0.508	343	166	0	3	340	5	347	7.114E-102	326
P51473.1	P02699.1	0.510	341	165	0	3	339	5	345	9.736E-102	326
P51473.1	O62791.1	0.514	338	162	0	6	339	8	345	9.736E-102	326
P51473.1	O42604.1	0.499	350	172	0	3	347	5	354	1.332E-101	325
P51473.1	Q769E8.1	0.509	341	165	0	3	339	5	345	1.824E-101	325
P51473.1	Q68J47.1	0.509	341	165	0	3	339	5	345	1.824E-101	325
P51473.1	Q6W3E1.1	0.509	341	165	0	3	339	5	345	1.824E-101	325
P51473.1	P51489.1	0.509	341	165	0	3	339	5	345	2.496E-101	325
P51473.1	Q8AYM8.1	0.506	343	166	0	3	340	5	347	2.496E-101	325
P51473.1	P32308.1	0.508	341	165	0	3	339	5	345	3.415E-101	324
P51473.1	Q28886.1	0.508	341	165	0	3	339	5	345	3.415E-101	324
P51473.1	P87365.1	0.509	339	164	0	5	339	11	349	6.397E-101	323
P51473.1	O62795.1	0.507	341	166	0	3	339	5	345	8.754E-101	323
P51473.1	Q90214.1	0.499	348	172	0	3	347	5	352	8.754E-101	323
P51473.1	O62794.1	0.506	341	166	0	3	339	5	345	1.640E-100	322
P51473.1	P32309.1	0.495	350	174	0	3	347	5	354	2.244E-100	322
P51473.1	O62796.1	0.499	345	172	0	3	347	5	348	5.751E-100	321
P51473.1	O62798.1	0.507	338	164	0	6	339	8	345	5.751E-100	321
P51473.1	P79807.1	0.500	344	170	0	7	347	6	349	5.751E-100	321
P51473.1	P02700.2	0.503	341	167	0	3	339	5	345	7.870E-100	320
P51473.1	O62792.1	0.504	338	165	0	6	339	8	345	3.777E-99	318
P51473.1	P35359.2	0.495	346	172	0	7	347	9	354	5.169E-99	318
P51473.1	P79798.1	0.496	344	171	0	7	347	6	349	7.073E-99	317
P51473.1	P87369.1	0.509	333	162	0	17	347	22	354	7.073E-99	317
P51473.1	O13227.1	0.494	346	174	0	3	347	5	350	9.680E-99	317
P51473.1	P41590.1	0.495	344	172	0	7	347	9	352	1.325E-98	317
P51473.1	Q90215.1	0.491	348	175	0	3	347	5	352	1.813E-98	316
P51473.1	Q9YGZ0.1	0.510	331	161	0	17	347	22	351	2.480E-98	316
P51473.1	Q9YGZ3.1	0.506	333	163	0	17	347	22	354	6.356E-98	315
P51473.1	Q9DGG4.1	0.506	332	163	0	17	347	22	353	8.697E-98	314
P51473.1	Q9YGZ8.1	0.506	332	163	0	17	347	22	353	1.190E-97	314
P51473.1	P79848.1	0.505	333	163	0	17	347	22	354	1.190E-97	314
P51473.1	Q9YH05.1	0.504	332	164	0	17	347	22	353	4.173E-97	312
P51473.1	P79756.1	0.503	333	164	0	17	347	22	354	4.173E-97	312
P51473.1	P79911.1	0.488	346	176	0	3	347	2	347	5.710E-97	312
P51473.1	Q9YGY9.1	0.504	331	164	0	17	347	22	352	7.813E-97	312
P51473.1	Q9YGZ6.1	0.503	332	164	0	17	347	22	353	7.813E-97	312
P51473.1	Q9YGZ5.1	0.502	332	164	0	17	347	22	353	1.069E-96	311
P51473.1	P79903.1	0.486	346	177	0	3	347	2	347	2.002E-96	310
P51473.1	P79902.1	0.489	343	174	0	7	347	6	348	2.002E-96	310
P51473.1	Q9YGZ2.1	0.487	344	174	0	7	347	9	352	2.739E-96	310
P51473.1	P79809.1	0.484	346	178	0	3	347	2	347	5.128E-96	309
P51473.1	P79901.1	0.501	331	164	0	17	347	19	348	5.128E-96	309
P51473.1	P79808.1	0.499	331	165	0	17	347	19	348	1.314E-95	308
P51473.1	P79914.1	0.499	331	165	0	17	347	19	348	1.797E-95	308
P51473.1	P79812.1	0.499	331	165	0	17	347	22	351	1.797E-95	308
P51473.1	P79898.1	0.498	331	165	0	17	347	22	351	3.365E-95	307
P51473.1	P51476.1	0.528	306	143	0	12	317	12	316	8.620E-95	306
P51473.1	P51475.1	0.520	300	143	0	18	317	16	314	7.641E-91	294
P51473.1	Q9R024.1	0.449	344	187	0	4	347	24	364	1.543E-85	279
P51473.1	P35358.1	0.453	340	185	0	8	347	27	365	2.111E-85	278
P51473.1	P41592.1	0.450	343	188	0	5	347	28	369	2.111E-85	278
P51473.1	O35476.2	0.454	334	180	0	14	347	30	359	4.831E-84	274
P51473.1	P22329.1	0.440	348	193	0	3	347	15	362	6.607E-84	274
P51473.1	O35599.1	0.452	334	180	0	14	347	30	359	1.236E-83	273
P51473.1	P04001.1	0.452	334	180	0	14	347	35	364	1.236E-83	273
P51473.1	O35478.2	0.455	330	177	0	18	347	39	364	3.160E-83	272
P51473.1	O18910.2	0.450	334	181	0	14	347	35	364	5.908E-83	271
P51473.1	P04000.2	0.449	334	181	0	14	347	35	364	8.079E-83	271
P51473.1	O18913.2	0.452	330	178	0	18	347	39	364	2.066E-82	270
P51473.1	O18912.2	0.441	341	188	0	7	347	28	364	2.066E-82	270
P51473.1	O18914.2	0.452	330	178	0	18	347	39	364	2.066E-82	270
P51473.1	Q95170.1	0.444	334	183	0	14	347	35	364	1.846E-81	267
P51473.1	Q9BGI7.1	0.444	334	183	0	14	347	35	364	2.525E-81	267
P51473.1	Q8AYN0.1	0.442	335	185	0	5	339	21	353	4.720E-81	266
P51473.1	P34989.1	0.452	324	176	0	14	337	28	349	8.824E-81	265
P51473.1	P32313.1	0.439	335	186	0	5	339	22	354	3.084E-80	263
P51473.1	P87367.1	0.452	322	174	0	18	339	36	354	4.216E-80	263
P51473.1	Q9W6A7.1	0.438	335	187	0	5	339	22	354	5.764E-80	263
P51473.1	O12948.1	0.433	340	192	0	8	347	27	365	5.764E-80	263
P51473.1	P22332.2	0.435	335	188	0	5	339	22	354	2.753E-79	261
P51473.1	P22331.1	0.430	336	190	0	5	340	20	353	3.359E-78	258
P51473.1	P22330.1	0.428	336	190	0	5	340	22	355	1.604E-77	256
P51473.1	O42490.1	0.461	300	160	0	17	316	33	329	2.672E-76	252
P51473.1	O18911.1	0.444	273	151	0	27	299	1	273	6.463E-65	219
P22330.1	P22330.1	0.982	355	6	0	1	355	1	355	5.177E-244	737
P22330.1	P22331.1	0.945	355	19	0	1	355	1	353	2.448E-233	706
P22330.1	Q8AYN0.1	0.864	343	47	0	10	352	9	351	5.278E-202	616
P22330.1	Q9W6A7.1	0.841	352	56	0	1	352	1	352	6.559E-201	613
P22330.1	P32313.1	0.835	352	58	0	1	352	1	352	2.097E-199	608
P22330.1	P87367.1	0.831	352	59	0	1	352	1	352	4.893E-198	604
P22330.1	P22332.2	0.834	344	57	0	9	352	9	352	3.309E-194	593
P22330.1	O12948.1	0.801	358	70	0	1	355	1	358	7.719E-193	589
P22330.1	P41592.1	0.807	353	67	0	6	355	10	362	1.314E-191	586
P22330.1	P22329.1	0.805	351	68	0	7	355	5	355	5.754E-190	581
P22330.1	O18914.2	0.798	340	68	0	17	355	20	359	6.748E-182	558
P22330.1	P35358.1	0.778	350	77	0	9	355	9	358	1.267E-181	557
P22330.1	P04001.1	0.796	340	69	0	17	355	20	359	4.464E-181	556
P22330.1	Q9R024.1	0.794	340	70	0	17	355	20	359	1.148E-180	554
P22330.1	Q95170.1	0.793	340	70	0	17	355	20	359	2.155E-180	554
P22330.1	O18913.2	0.793	340	70	0	17	355	20	359	2.953E-180	553
P22330.1	O18912.2	0.793	340	70	0	17	355	20	359	2.953E-180	553
P22330.1	Q9BGI7.1	0.792	340	70	0	17	355	20	359	5.543E-180	552
P22330.1	P34989.1	0.796	337	68	0	17	352	13	349	1.953E-179	551
P22330.1	P04000.2	0.789	340	71	0	17	355	20	359	2.676E-179	550
P22330.1	O35478.2	0.786	340	72	0	17	355	20	359	1.770E-178	548
P22330.1	O35476.2	0.781	340	74	0	17	355	15	354	4.125E-177	544
P22330.1	O18910.2	0.781	340	74	0	17	355	20	359	4.125E-177	544
P22330.1	O35599.1	0.777	340	75	0	17	355	15	354	7.016E-176	541
P22330.1	O18911.1	0.806	273	53	0	45	317	1	273	8.260E-146	454
P22330.1	P51476.1	0.536	301	139	0	33	333	15	314	6.319E-95	306
P22330.1	P51475.1	0.528	303	142	0	31	333	11	312	1.451E-93	302
P22330.1	Q9W6A9.2	0.475	332	173	0	24	355	5	335	4.476E-89	289
P22330.1	P87368.1	0.471	329	172	0	25	353	6	332	3.585E-87	284
P22330.1	O13092.1	0.454	335	182	0	22	355	8	342	2.563E-84	276
P22330.1	Q90309.1	0.454	333	181	0	24	355	3	335	8.959E-84	274
P22330.1	P32312.1	0.450	327	177	0	34	355	21	347	6.378E-81	266
P22330.1	P32311.1	0.449	327	177	0	34	355	21	347	8.719E-81	265
P22330.1	P03999.2	0.437	337	189	0	20	355	2	338	4.162E-80	263
P22330.1	P60015.1	0.437	337	189	0	20	355	5	341	4.162E-80	263
P22330.1	Q8HY69.2	0.443	331	181	0	27	352	13	343	4.162E-80	263
P22330.1	Q9W6A5.2	0.430	344	191	0	20	355	4	347	4.162E-80	263
P22330.1	P52202.1	0.448	325	177	0	34	355	21	345	5.690E-80	263
P22330.1	P51490.1	0.451	322	175	0	36	355	21	342	7.778E-80	263
P22330.1	Q9W6A6.2	0.445	327	178	0	34	355	21	347	1.453E-79	262
P22330.1	O13227.1	0.454	318	173	0	34	350	21	338	1.453E-79	262
P22330.1	P22671.1	0.446	326	178	0	34	355	21	346	1.453E-79	262
P22330.1	Q63652.2	0.449	322	176	0	36	355	18	339	1.987E-79	261
P22330.1	Q8AYM7.1	0.444	327	178	0	34	355	21	347	1.987E-79	261
P22330.1	Q98980.1	0.445	326	178	0	34	355	21	346	2.716E-79	261
P22330.1	P28683.1	0.443	328	179	0	34	355	21	348	2.716E-79	261
P22330.1	Q95KU1.1	0.447	323	176	0	34	352	21	343	3.712E-79	261
P22330.1	P56515.1	0.443	327	179	0	34	355	21	347	5.074E-79	260
P22330.1	O57605.1	0.446	323	177	0	36	355	18	340	9.480E-79	259
P22330.1	P22328.1	0.445	324	178	0	34	355	21	344	9.480E-79	259
P22330.1	P51470.1	0.442	327	179	0	34	355	21	347	9.480E-79	259
P22330.1	P51472.1	0.442	326	180	0	28	351	20	345	1.296E-78	259
P22330.1	Q28886.1	0.463	306	163	0	27	331	13	318	1.771E-78	259
P22330.1	P02699.1	0.472	298	157	0	34	331	21	318	2.421E-78	258
P22330.1	P32308.1	0.444	323	177	0	34	352	21	343	3.309E-78	258
P22330.1	P49912.1	0.444	323	177	0	34	352	21	343	3.309E-78	258
P22330.1	O62796.1	0.451	316	173	0	34	349	21	336	3.309E-78	258
P22330.1	O62794.1	0.445	322	177	0	34	353	21	342	3.309E-78	258
P22330.1	Q769E8.1	0.436	331	183	0	27	352	13	343	3.309E-78	258
P22330.1	P08100.1	0.462	306	164	0	27	331	13	318	3.309E-78	258
P22330.1	P56516.1	0.440	327	180	0	34	355	21	347	3.309E-78	258
P22330.1	P56514.1	0.440	327	180	0	34	355	21	347	3.309E-78	258
P22330.1	P28681.1	0.435	331	184	0	27	352	13	343	4.522E-78	258
P22330.1	Q90215.1	0.439	327	180	0	34	355	21	347	4.522E-78	258
P22330.1	P79863.1	0.439	327	180	0	34	355	21	347	4.522E-78	258
P22330.1	O62795.1	0.444	322	177	0	34	353	21	342	6.181E-78	257
P22330.1	Q9YGZ0.1	0.433	332	185	0	22	349	5	336	8.448E-78	257
P22330.1	P41590.1	0.423	343	192	0	22	355	5	347	8.448E-78	257
P22330.1	Q90214.1	0.438	327	180	0	34	355	21	347	8.448E-78	257
P22330.1	Q8AYM8.1	0.438	327	180	0	34	355	21	347	1.155E-77	256
P22330.1	P35357.1	0.436	328	181	0	34	355	21	348	1.578E-77	256
P22330.1	P79808.1	0.422	342	192	0	22	355	2	343	2.157E-77	256
P22330.1	P15409.2	0.441	323	178	0	34	352	21	343	2.157E-77	256
P22330.1	P79902.1	0.422	342	192	0	22	355	2	343	2.948E-77	255
P22330.1	O18766.1	0.441	322	178	0	34	353	21	342	2.948E-77	255
P22330.1	P32310.1	0.444	319	176	0	36	352	27	345	2.948E-77	255
P22330.1	P28684.1	0.430	333	188	0	25	355	8	340	4.029E-77	255
P22330.1	P51489.1	0.440	323	178	0	34	352	21	343	4.029E-77	255
P22330.1	P79807.1	0.438	325	180	0	34	355	18	342	4.029E-77	255
P22330.1	Q9W6A8.1	0.444	319	176	0	36	352	30	348	4.029E-77	255
P22330.1	P31355.1	0.436	327	181	0	34	355	21	347	4.029E-77	255
P22330.1	O93459.1	0.436	327	181	0	34	355	21	347	4.029E-77	255
P22330.1	P51491.1	0.440	322	179	0	36	355	18	339	5.507E-77	254
P22330.1	P51473.1	0.427	336	191	0	22	355	5	340	5.507E-77	254
P22330.1	P79901.1	0.421	342	193	0	22	355	2	343	5.507E-77	254
P22330.1	Q9YH05.1	0.449	314	170	0	22	331	5	318	5.507E-77	254
P22330.1	Q90245.1	0.466	298	159	0	34	331	21	318	7.526E-77	254
P22330.1	O42490.1	0.441	321	179	0	35	355	33	353	7.526E-77	254
P22330.1	P79898.1	0.420	342	193	0	22	355	5	346	1.029E-76	254
P22330.1	O93441.1	0.434	327	182	0	34	355	21	347	1.029E-76	254
P22330.1	P35359.2	0.418	344	195	0	20	355	4	347	1.029E-76	254
P22330.1	P02700.2	0.465	298	159	0	34	331	21	318	1.406E-76	253
P22330.1	P79812.1	0.419	342	193	0	22	355	5	346	1.921E-76	253
P22330.1	P87369.1	0.433	327	182	0	34	355	21	347	1.921E-76	253
P22330.1	P51471.1	0.432	328	182	0	34	355	21	348	1.921E-76	253
P22330.1	P51488.1	0.433	327	182	0	34	355	21	347	2.625E-76	252
P22330.1	P79903.1	0.434	325	182	0	34	355	18	342	3.588E-76	252
P22330.1	P79914.1	0.418	342	194	0	22	355	2	343	3.588E-76	252
P22330.1	P79756.1	0.417	343	194	0	22	355	5	347	3.588E-76	252
P22330.1	Q68J47.1	0.443	316	175	0	34	349	21	336	4.903E-76	252
P22330.1	O42604.1	0.432	327	182	0	34	355	21	347	4.903E-76	252
P22330.1	P51474.1	0.433	326	182	0	34	355	24	349	4.903E-76	252
P22330.1	P79848.1	0.417	343	194	0	22	355	5	347	4.903E-76	252
P22330.1	Q6W3E1.1	0.462	298	160	0	34	331	21	318	9.156E-76	251
P22330.1	Q9YGZ8.1	0.443	314	172	0	22	331	5	318	1.251E-75	250
P22330.1	P29403.1	0.430	327	183	0	34	355	21	347	1.251E-75	250
P22330.1	P79911.1	0.432	325	182	0	34	355	18	342	1.710E-75	250
P22330.1	P79809.1	0.432	325	182	0	34	355	18	342	1.710E-75	250
P22330.1	Q9YGZ2.1	0.417	341	194	0	22	355	5	345	1.710E-75	250
P22330.1	P41591.1	0.432	325	182	0	34	355	21	345	1.710E-75	250
P22330.1	P32309.1	0.430	327	183	0	34	355	21	347	1.710E-75	250
P22330.1	Q9YGZ5.1	0.415	342	195	0	22	355	5	346	2.337E-75	250
P22330.1	O62793.1	0.459	298	161	0	34	331	21	318	4.363E-75	249
P22330.1	Q9YGZ6.1	0.441	314	173	0	22	331	5	318	4.363E-75	249
P22330.1	P28682.1	0.430	325	182	0	36	355	30	354	4.363E-75	249
P22330.1	O62791.1	0.458	298	161	0	34	331	21	318	5.962E-75	248
P22330.1	P79798.1	0.429	325	183	0	34	355	18	342	5.962E-75	248
P22330.1	Q9YGY9.1	0.414	341	195	0	22	355	5	345	1.113E-74	248
P22330.1	Q9YGZ3.1	0.411	343	196	0	22	355	5	347	2.079E-74	247
P22330.1	O62798.1	0.455	298	162	0	34	331	21	318	3.881E-74	246
P22330.1	O62792.1	0.453	298	162	0	34	331	21	318	1.353E-73	244
P22330.1	Q9DGG4.1	0.435	314	175	0	22	331	5	318	1.353E-73	244
P22330.1	P87365.1	0.417	327	189	0	28	352	21	347	4.188E-72	240
O93441.1	O93441.1	0.954	354	16	0	1	354	1	354	3.886E-235	711
O93441.1	O93459.1	0.876	354	44	0	1	354	1	354	2.017E-212	646
O93441.1	P79863.1	0.852	354	52	0	1	354	1	354	1.398E-205	626
O93441.1	P41591.1	0.826	354	61	0	1	354	1	352	8.776E-198	604
O93441.1	P22328.1	0.824	354	62	0	1	354	1	351	3.094E-197	602
O93441.1	Q90245.1	0.824	354	62	0	1	354	1	354	3.094E-197	602
O93441.1	Q90214.1	0.821	354	63	0	1	354	1	352	2.048E-196	600
O93441.1	O13227.1	0.818	354	64	0	1	354	1	350	1.355E-195	597
O93441.1	P52202.1	0.818	354	64	0	1	354	1	352	1.857E-195	597
O93441.1	Q90215.1	0.816	354	65	0	1	354	1	352	6.546E-195	595
O93441.1	P56515.1	0.816	354	65	0	1	354	1	354	6.546E-195	595
O93441.1	P35359.2	0.816	354	65	0	1	354	1	354	6.546E-195	595
O93441.1	Q68J47.1	0.830	346	58	0	1	346	1	345	2.307E-194	594
O93441.1	O18766.1	0.830	346	58	0	1	346	1	345	3.162E-194	593
O93441.1	P56514.1	0.813	354	66	0	1	354	1	354	4.332E-194	593
O93441.1	P32308.1	0.828	346	59	0	1	346	1	345	1.114E-193	592
O93441.1	O62791.1	0.828	346	59	0	1	346	1	345	1.114E-193	592
O93441.1	O62793.1	0.825	346	60	0	1	346	1	345	5.382E-193	590
O93441.1	O62795.1	0.824	346	61	0	1	346	1	345	1.897E-192	588
O93441.1	Q95KU1.1	0.824	346	61	0	1	346	1	345	1.897E-192	588
O93441.1	O42604.1	0.807	354	68	0	1	354	1	354	1.897E-192	588
O93441.1	O62796.1	0.822	346	61	0	1	346	1	345	4.881E-192	587
O93441.1	O62798.1	0.822	346	61	0	1	346	1	345	4.881E-192	587
O93441.1	P49912.1	0.822	346	61	0	1	346	1	345	6.687E-192	587
O93441.1	P51488.1	0.806	354	68	0	1	354	1	354	6.687E-192	587
O93441.1	O62794.1	0.821	346	62	0	1	346	1	345	9.163E-192	586
O93441.1	P51470.1	0.805	354	69	0	1	354	1	354	1.256E-191	586
O93441.1	O62792.1	0.820	346	62	0	1	346	1	345	1.720E-191	586
O93441.1	P56516.1	0.804	354	69	0	1	354	1	354	2.357E-191	585
O93441.1	P29403.1	0.803	354	70	0	1	354	1	354	3.230E-191	585
O93441.1	P08100.1	0.817	346	63	0	1	346	1	345	1.138E-190	583
O93441.1	P51489.1	0.816	346	63	0	1	346	1	345	2.928E-190	582
O93441.1	P32309.1	0.800	354	71	0	1	354	1	354	2.928E-190	582
O93441.1	P31355.1	0.800	354	71	0	1	354	1	354	2.928E-190	582
O93441.1	P02699.1	0.815	346	64	0	1	346	1	345	4.012E-190	582
O93441.1	P15409.2	0.815	346	64	0	1	346	1	345	4.012E-190	582
O93441.1	Q28886.1	0.815	346	64	0	1	346	1	345	5.498E-190	581
O93441.1	Q769E8.1	0.813	346	64	0	1	346	1	345	1.938E-189	580
O93441.1	P28681.1	0.812	346	65	0	1	346	1	345	2.655E-189	579
O93441.1	P02700.2	0.812	346	65	0	1	346	1	345	2.655E-189	579
O93441.1	Q98980.1	0.794	354	73	0	1	354	1	353	1.757E-188	577
O93441.1	Q6W3E1.1	0.807	346	66	0	1	346	1	345	8.484E-188	575
O93441.1	P22671.1	0.791	354	74	0	1	354	1	353	8.484E-188	575
O93441.1	Q9YGZ3.1	0.791	354	74	0	1	354	1	354	8.484E-188	575
O93441.1	P87369.1	0.791	354	74	0	1	354	1	354	1.162E-187	574
O93441.1	P41590.1	0.790	354	74	0	1	354	1	352	2.990E-187	573
O93441.1	P79756.1	0.787	354	75	0	1	354	1	354	1.444E-186	571
O93441.1	Q9YH05.1	0.787	354	75	0	1	354	1	353	1.978E-186	571
O93441.1	P79848.1	0.785	354	76	0	1	354	1	354	6.973E-186	569
O93441.1	Q8HY69.2	0.800	346	69	0	1	346	1	345	9.554E-186	569
O93441.1	Q9YGZ2.1	0.784	354	76	0	1	354	1	352	1.794E-185	568
O93441.1	Q9YGZ0.1	0.783	354	76	0	1	354	1	351	3.367E-185	567
O93441.1	Q9YGY9.1	0.782	354	77	0	1	354	1	352	4.613E-185	567
O93441.1	Q9DGG4.1	0.780	354	77	0	1	354	1	353	2.228E-184	565
O93441.1	Q9YGZ6.1	0.775	354	79	0	1	354	1	353	5.194E-183	561
O93441.1	Q9YGZ5.1	0.773	354	80	0	1	354	1	353	1.830E-182	559
O93441.1	P79798.1	0.777	351	78	0	4	354	1	349	4.708E-182	558
O93441.1	Q9YGZ8.1	0.770	354	81	0	1	354	1	353	1.659E-181	557
O93441.1	P79898.1	0.769	354	81	0	1	354	1	351	2.273E-181	556
O93441.1	P79807.1	0.773	351	79	0	4	354	1	349	8.010E-181	555
O93441.1	P79914.1	0.769	351	80	0	4	354	1	348	9.946E-180	552
O93441.1	P79901.1	0.768	351	81	0	4	354	1	348	2.558E-179	550
O93441.1	P79812.1	0.762	354	83	0	1	354	1	351	2.558E-179	550
O93441.1	P79808.1	0.760	351	83	0	4	354	1	348	5.403E-177	544
O93441.1	P79902.1	0.758	351	84	0	4	354	1	348	1.904E-176	542
O93441.1	P79911.1	0.754	351	85	0	4	354	1	347	2.363E-175	539
O93441.1	P79809.1	0.754	351	85	0	4	354	1	347	2.363E-175	539
O93441.1	P79903.1	0.753	351	85	0	4	354	1	347	4.436E-175	538
O93441.1	P28683.1	0.730	355	95	0	1	354	1	355	1.977E-170	525
O93441.1	Q9W6A6.2	0.743	347	89	0	1	347	1	347	5.083E-170	524
O93441.1	P51471.1	0.729	355	96	0	1	354	1	355	5.083E-170	524
O93441.1	P35357.1	0.728	355	96	0	1	354	1	355	9.540E-170	523
O93441.1	Q8AYM7.1	0.736	347	91	0	1	347	1	347	4.170E-168	518
O93441.1	P32311.1	0.735	347	92	0	1	347	1	347	1.072E-167	517
O93441.1	P32312.1	0.735	347	92	0	1	347	1	347	1.072E-167	517
O93441.1	P51474.1	0.703	354	104	0	1	354	4	354	5.915E-162	500
O93441.1	Q8AYM8.1	0.711	347	100	0	1	347	1	347	7.337E-161	497
O93441.1	Q9W6A5.2	0.690	347	107	0	1	347	1	347	5.530E-155	480
O93441.1	P28682.1	0.553	350	155	0	7	354	12	361	9.525E-117	370
O93441.1	P51472.1	0.559	342	149	0	7	346	10	351	1.175E-115	366
O93441.1	P32310.1	0.560	330	144	0	7	335	9	338	1.450E-111	355
O93441.1	Q9W6A8.1	0.535	331	153	0	7	337	12	342	3.702E-105	336
O93441.1	P51473.1	0.508	350	169	0	5	354	3	347	6.235E-104	332
O93441.1	P87365.1	0.515	340	164	0	7	346	11	349	1.437E-102	329
O93441.1	O57605.1	0.506	347	168	0	7	353	5	346	2.691E-102	328
O93441.1	P28684.1	0.494	347	173	0	7	353	5	346	5.000E-99	318
O93441.1	P03999.2	0.494	347	172	0	7	353	4	344	6.841E-99	318
O93441.1	P60015.1	0.494	347	172	0	7	353	7	347	6.841E-99	318
O93441.1	O13092.1	0.490	349	174	0	5	353	6	348	2.398E-98	316
O93441.1	P51476.1	0.540	305	139	0	23	327	18	321	2.946E-97	313
O93441.1	P51491.1	0.485	348	176	0	6	353	3	345	7.545E-97	312
O93441.1	P51475.1	0.537	305	140	0	23	327	16	319	1.032E-96	312
O93441.1	Q63652.2	0.482	348	177	0	6	353	3	345	9.263E-96	309
O93441.1	P51490.1	0.488	331	167	0	23	353	21	348	2.340E-92	299
O93441.1	Q9W6A9.2	0.491	326	163	0	22	347	15	335	1.533E-91	297
O93441.1	Q90309.1	0.485	326	165	0	22	347	15	335	4.809E-90	292
O93441.1	P87368.1	0.471	327	170	0	6	332	2	323	1.650E-86	282
O93441.1	P04001.1	0.446	351	189	0	4	354	23	364	2.257E-86	282
O93441.1	Q9BGI7.1	0.444	351	190	0	4	354	23	364	5.772E-86	280
O93441.1	Q95170.1	0.444	351	190	0	4	354	23	364	7.893E-86	280
O93441.1	O18914.2	0.444	351	190	0	4	354	23	364	7.893E-86	280
O93441.1	P41592.1	0.449	346	186	0	9	354	31	369	7.893E-86	280
O93441.1	O18912.2	0.443	351	190	0	4	354	23	364	1.079E-85	280
O93441.1	P04000.2	0.443	351	190	0	4	354	23	364	1.476E-85	279
O93441.1	O18913.2	0.443	351	190	0	4	354	23	364	1.476E-85	279
O93441.1	O18910.2	0.439	351	191	0	4	354	23	364	2.467E-84	276
O93441.1	P35358.1	0.439	351	192	0	4	354	22	365	2.467E-84	276
O93441.1	O35478.2	0.437	351	192	0	4	354	23	364	6.308E-84	274
O93441.1	Q9R024.1	0.437	351	192	0	4	354	23	364	8.626E-84	274
O93441.1	P34989.1	0.445	342	185	0	4	345	16	350	1.179E-83	274
O93441.1	P22329.1	0.439	346	189	0	9	354	25	362	4.122E-83	272
O93441.1	O35476.2	0.431	351	194	0	4	354	18	359	3.682E-82	269
O93441.1	P87367.1	0.435	343	189	0	4	346	20	354	3.287E-81	267
O93441.1	O35599.1	0.427	351	195	0	4	354	18	359	4.494E-81	266
O93441.1	Q8AYN0.1	0.434	343	189	0	4	346	19	353	8.398E-81	265
O93441.1	O42490.1	0.475	304	158	0	20	323	31	331	8.398E-81	265
O93441.1	O12948.1	0.426	351	197	0	4	354	22	365	1.148E-80	265
O93441.1	Q9W6A7.1	0.436	338	186	0	9	346	25	354	2.933E-80	264
O93441.1	P32313.1	0.430	338	188	0	9	346	25	354	2.333E-78	258
O93441.1	P22332.2	0.429	338	188	0	9	346	25	354	4.358E-78	258
O93441.1	P22331.1	0.426	339	189	0	9	347	23	353	1.113E-77	256
O93441.1	P22330.1	0.417	339	192	0	9	347	25	355	3.079E-75	249
O93441.1	O18911.1	0.468	273	145	0	32	304	1	273	4.349E-70	234
P22331.1	P22331.1	0.983	353	6	0	1	353	1	353	4.279E-243	734
P22331.1	P22330.1	0.945	355	19	0	1	353	1	355	3.056E-233	706
P22331.1	Q8AYN0.1	0.878	343	42	0	8	350	9	351	5.189E-206	627
P22331.1	Q9W6A7.1	0.851	352	52	0	1	350	1	352	5.852E-204	621
P22331.1	P87367.1	0.863	344	47	0	7	350	9	352	1.366E-202	617
P22331.1	P32313.1	0.862	344	47	0	7	350	9	352	3.514E-202	616
P22331.1	P22332.2	0.849	344	52	0	7	350	9	352	1.736E-198	606
P22331.1	P41592.1	0.827	350	60	0	7	353	13	362	9.448E-196	598
P22331.1	P22329.1	0.815	355	65	0	1	353	1	355	2.431E-195	597
P22331.1	O12948.1	0.819	352	63	0	5	353	7	358	1.174E-194	595
P22331.1	O18913.2	0.812	340	64	0	15	353	20	359	1.251E-185	569
P22331.1	P04001.1	0.810	340	64	0	15	353	20	359	4.409E-185	567
P22331.1	O18912.2	0.809	340	65	0	15	353	20	359	8.276E-185	566
P22331.1	O18914.2	0.808	340	65	0	15	353	20	359	1.134E-184	566
P22331.1	P34989.1	0.812	337	63	0	15	350	13	349	5.476E-184	564
P22331.1	P04000.2	0.805	340	66	0	15	353	20	359	7.503E-184	563
P22331.1	P35358.1	0.784	350	75	0	7	353	9	358	2.644E-183	562
P22331.1	Q95170.1	0.802	340	67	0	15	353	20	359	4.964E-183	561
P22331.1	Q9BGI7.1	0.801	340	67	0	15	353	20	359	1.277E-182	560
P22331.1	Q9R024.1	0.801	340	67	0	15	353	20	359	1.277E-182	560
P22331.1	O35478.2	0.797	340	69	0	15	353	20	359	1.586E-181	557
P22331.1	O35476.2	0.789	342	72	0	13	353	13	354	1.969E-180	554
P22331.1	O18910.2	0.791	340	71	0	15	353	20	359	9.507E-180	552
P22331.1	O35599.1	0.785	342	73	0	13	353	13	354	3.350E-179	550
P22331.1	O18911.1	0.820	273	49	0	43	315	1	273	7.467E-149	462
P22331.1	P51476.1	0.541	301	137	0	31	331	15	314	3.477E-96	310
P22331.1	P51475.1	0.530	303	141	0	29	331	11	312	3.829E-94	304
P22331.1	Q9W6A9.2	0.495	320	161	0	34	353	16	335	9.660E-91	294
P22331.1	P87368.1	0.474	329	171	0	23	351	6	332	6.938E-88	286
P22331.1	Q90309.1	0.459	333	179	0	22	353	3	335	4.968E-85	278
P22331.1	P32312.1	0.457	327	174	0	32	353	21	347	7.420E-83	271
P22331.1	O13092.1	0.448	335	184	0	20	353	8	342	1.015E-82	271
P22331.1	P32311.1	0.456	327	175	0	32	353	21	347	1.015E-82	271
P22331.1	O57605.1	0.456	323	174	0	34	353	18	340	2.316E-81	267
P22331.1	Q9W6A6.2	0.451	327	176	0	32	353	21	347	2.316E-81	267
P22331.1	O13227.1	0.460	318	171	0	32	348	21	338	3.166E-81	267
P22331.1	Q8AYM7.1	0.450	327	177	0	32	353	21	347	4.328E-81	266
P22331.1	P51472.1	0.450	326	178	0	26	349	20	345	8.089E-81	265
P22331.1	Q8HY69.2	0.453	323	174	0	32	350	21	343	1.106E-80	265
P22331.1	P22671.1	0.450	326	177	0	32	353	21	346	1.106E-80	265
P22331.1	Q98980.1	0.449	326	177	0	32	353	21	346	1.512E-80	265
P22331.1	P79863.1	0.448	327	177	0	32	353	21	347	1.512E-80	265
P22331.1	P51490.1	0.452	322	175	0	34	353	21	342	5.280E-80	263
P22331.1	P52202.1	0.448	325	177	0	32	353	21	345	7.219E-80	263
P22331.1	Q63652.2	0.450	322	175	0	34	353	18	339	9.868E-80	262
P22331.1	O93459.1	0.445	327	178	0	32	353	21	347	1.349E-79	262
P22331.1	P56515.1	0.444	327	178	0	32	353	21	347	1.844E-79	261
P22331.1	P51470.1	0.444	327	178	0	32	353	21	347	1.844E-79	261
P22331.1	Q9W6A5.2	0.427	344	192	0	18	353	4	347	2.521E-79	261
P22331.1	Q90215.1	0.444	327	178	0	32	353	21	347	2.521E-79	261
P22331.1	P03999.2	0.433	337	190	0	18	353	2	338	3.446E-79	261
P22331.1	P60015.1	0.433	337	190	0	18	353	5	341	3.446E-79	261
P22331.1	O93441.1	0.443	327	179	0	32	353	21	347	3.446E-79	261
P22331.1	P28683.1	0.442	328	179	0	32	353	21	348	3.446E-79	261
P22331.1	Q8AYM8.1	0.443	327	179	0	32	353	21	347	4.710E-79	260
P22331.1	P22328.1	0.446	324	178	0	32	353	21	344	4.710E-79	260
P22331.1	P35357.1	0.442	328	179	0	32	353	21	348	4.710E-79	260
P22331.1	P32310.1	0.450	319	174	0	34	350	27	345	8.801E-79	259
P22331.1	Q95KU1.1	0.445	323	176	0	32	350	21	343	1.203E-78	259
P22331.1	P79807.1	0.443	325	179	0	32	353	18	342	1.203E-78	259
P22331.1	P41590.1	0.441	327	179	0	32	353	21	347	1.203E-78	259
P22331.1	P56514.1	0.441	327	179	0	32	353	21	347	1.203E-78	259
P22331.1	P51491.1	0.446	322	177	0	34	353	18	339	1.644E-78	259
P22331.1	Q90214.1	0.441	327	179	0	32	353	21	347	1.644E-78	259
P22331.1	P56516.1	0.441	327	179	0	32	353	21	347	1.644E-78	259
P22331.1	P79902.1	0.425	342	191	0	20	353	2	343	3.073E-78	258
P22331.1	P79903.1	0.441	325	179	0	32	353	18	342	4.200E-78	258
P22331.1	P49912.1	0.443	323	177	0	32	350	21	343	4.200E-78	258
P22331.1	Q28886.1	0.470	298	157	0	32	329	21	318	5.740E-78	257
P22331.1	P02699.1	0.470	298	157	0	32	329	21	318	5.740E-78	257
P22331.1	P08100.1	0.470	298	157	0	32	329	21	318	5.740E-78	257
P22331.1	P79808.1	0.424	342	192	0	20	353	2	343	7.846E-78	257
P22331.1	Q9YGZ0.1	0.433	332	185	0	20	347	5	336	7.846E-78	257
P22331.1	P51474.1	0.439	326	180	0	32	353	24	349	7.846E-78	257
P22331.1	P31355.1	0.438	327	180	0	32	353	21	347	7.846E-78	257
P22331.1	P32308.1	0.442	323	177	0	32	350	21	343	1.072E-77	256
P22331.1	O62796.1	0.449	316	174	0	32	347	21	336	1.072E-77	256
P22331.1	O62794.1	0.443	322	178	0	32	351	21	342	1.072E-77	256
P22331.1	Q769E8.1	0.442	323	177	0	32	350	21	343	1.072E-77	256
P22331.1	P51473.1	0.428	336	190	0	20	353	5	340	1.466E-77	256
P22331.1	Q9W6A8.1	0.445	319	175	0	34	350	30	348	1.466E-77	256
P22331.1	P79911.1	0.439	325	180	0	32	353	18	342	2.004E-77	256
P22331.1	O62795.1	0.442	322	178	0	32	351	21	342	2.004E-77	256
P22331.1	P28681.1	0.441	323	178	0	32	350	21	343	2.004E-77	256
P22331.1	P79898.1	0.422	342	192	0	20	353	5	346	2.004E-77	256
P22331.1	P87369.1	0.437	327	181	0	32	353	21	347	2.004E-77	256
P22331.1	P79901.1	0.437	326	181	0	32	353	18	343	2.738E-77	255
P22331.1	O18766.1	0.441	322	178	0	32	351	21	342	2.738E-77	255
P22331.1	Q90245.1	0.468	298	158	0	32	329	21	318	2.738E-77	255
P22331.1	P79848.1	0.421	343	193	0	20	353	5	347	3.743E-77	255
P22331.1	P28684.1	0.429	333	188	0	23	353	8	340	5.116E-77	254
P22331.1	P51488.1	0.435	327	181	0	32	353	21	347	5.116E-77	254
P22331.1	P79756.1	0.420	343	193	0	20	353	5	347	5.116E-77	254
P22331.1	P35359.2	0.419	344	195	0	18	353	4	347	5.116E-77	254
P22331.1	P51471.1	0.434	328	182	0	32	353	21	348	5.116E-77	254
P22331.1	P79914.1	0.421	342	193	0	20	353	2	343	6.992E-77	254
P22331.1	P15409.2	0.439	323	178	0	32	350	21	343	6.992E-77	254
P22331.1	P79812.1	0.421	342	193	0	20	353	5	346	6.992E-77	254
P22331.1	P79809.1	0.436	325	181	0	32	353	18	342	9.556E-77	254
P22331.1	O42604.1	0.434	327	182	0	32	353	21	347	9.556E-77	254
P22331.1	P51489.1	0.438	323	179	0	32	350	21	343	1.306E-76	253
P22331.1	O42490.1	0.440	321	179	0	33	353	33	353	1.306E-76	253
P22331.1	P02700.2	0.463	298	159	0	32	329	21	318	3.334E-76	252
P22331.1	P41591.1	0.434	325	182	0	32	353	21	345	3.334E-76	252
P22331.1	Q9YGZ2.1	0.418	341	194	0	20	353	5	345	4.556E-76	252
P22331.1	P79798.1	0.433	325	182	0	32	353	18	342	6.227E-76	251
P22331.1	P32309.1	0.431	327	183	0	32	353	21	347	6.227E-76	251
P22331.1	P29403.1	0.431	327	183	0	32	353	21	347	6.227E-76	251
P22331.1	Q68J47.1	0.442	316	176	0	32	347	21	336	8.510E-76	251
P22331.1	Q9YH05.1	0.444	314	172	0	20	329	5	318	8.510E-76	251
P22331.1	Q9YGZ8.1	0.462	298	160	0	32	329	21	318	8.510E-76	251
P22331.1	Q9YGZ3.1	0.431	327	183	0	32	353	21	347	8.510E-76	251
P22331.1	P28682.1	0.432	325	181	0	34	353	30	354	1.163E-75	250
P22331.1	Q6W3E1.1	0.460	298	160	0	32	329	21	318	1.589E-75	250
P22331.1	O62791.1	0.460	298	160	0	32	329	21	318	2.172E-75	250
P22331.1	O62793.1	0.460	298	160	0	32	329	21	318	2.172E-75	250
P22331.1	Q9YGY9.1	0.416	341	194	0	20	353	5	345	2.172E-75	250
P22331.1	Q9YGZ6.1	0.459	298	161	0	32	329	21	318	2.968E-75	249
P22331.1	O62798.1	0.457	298	161	0	32	329	21	318	1.415E-74	247
P22331.1	Q9YGZ5.1	0.426	326	184	0	32	353	21	346	2.641E-74	246
P22331.1	O62792.1	0.454	298	162	0	32	329	21	318	4.932E-74	246
P22331.1	P87365.1	0.421	327	188	0	26	350	21	347	3.210E-73	243
P22331.1	Q9DGG4.1	0.433	314	175	0	20	329	5	318	4.385E-73	243
Q9YGZ0.1	Q9YGZ0.1	0.994	351	2	0	1	351	1	351	1.216E-244	739
Q9YGZ0.1	P41590.1	0.907	352	33	0	1	351	1	352	2.786E-220	668
Q9YGZ0.1	P51488.1	0.886	354	40	0	1	351	1	354	1.715E-215	655
Q9YGZ0.1	Q9YH05.1	0.884	353	41	0	1	351	1	353	4.004E-214	651
Q9YGZ0.1	P35359.2	0.879	354	42	0	1	351	1	354	1.935E-213	649
Q9YGZ0.1	P32309.1	0.877	354	43	0	1	351	1	354	6.823E-213	647
Q9YGZ0.1	Q9YGY9.1	0.878	352	43	0	1	351	1	352	8.484E-212	644
Q9YGZ0.1	Q9YGZ2.1	0.876	352	43	0	1	351	1	352	2.183E-211	643
Q9YGZ0.1	Q9DGG4.1	0.870	353	46	0	1	351	1	353	5.097E-210	639
Q9YGZ0.1	Q9YGZ8.1	0.867	353	47	0	1	351	1	353	2.463E-209	637
Q9YGZ0.1	Q9YGZ6.1	0.866	353	47	0	1	351	1	353	6.337E-209	636
Q9YGZ0.1	Q9YGZ3.1	0.863	354	48	0	1	351	1	354	1.190E-208	635
Q9YGZ0.1	O42604.1	0.860	354	49	0	1	351	1	354	1.080E-207	632
Q9YGZ0.1	P79848.1	0.858	354	50	0	1	351	1	354	3.807E-207	631
Q9YGZ0.1	P87369.1	0.855	354	51	0	1	351	1	354	2.520E-206	628
Q9YGZ0.1	P79756.1	0.853	354	51	0	1	351	1	354	8.887E-206	627
Q9YGZ0.1	Q90214.1	0.856	352	50	0	1	351	1	352	2.287E-205	625
Q9YGZ0.1	Q9YGZ5.1	0.853	353	51	0	1	351	1	353	3.133E-205	625
Q9YGZ0.1	P79898.1	0.855	351	51	0	1	351	1	351	2.074E-204	623
Q9YGZ0.1	Q90215.1	0.852	352	52	0	1	351	1	352	2.842E-204	622
Q9YGZ0.1	O13227.1	0.848	351	53	0	1	351	1	350	1.246E-202	617
Q9YGZ0.1	P79901.1	0.850	348	52	0	4	351	1	348	2.122E-201	614
Q9YGZ0.1	P79914.1	0.848	348	53	0	4	351	1	348	1.025E-200	612
Q9YGZ0.1	P79798.1	0.839	349	56	0	4	351	1	349	8.434E-199	606
Q9YGZ0.1	P79902.1	0.839	348	56	0	4	351	1	348	2.973E-198	605
Q9YGZ0.1	P79812.1	0.832	351	59	0	1	351	1	351	5.583E-198	604
Q9YGZ0.1	P79807.1	0.836	349	57	0	4	351	1	349	7.649E-198	604
Q9YGZ0.1	P79808.1	0.836	348	57	0	4	351	1	348	3.695E-197	602
Q9YGZ0.1	P49912.1	0.837	345	56	0	1	345	1	345	8.622E-196	598
Q9YGZ0.1	O62796.1	0.835	345	57	0	1	345	1	345	3.040E-195	596
Q9YGZ0.1	P79809.1	0.828	348	60	0	4	351	1	347	4.165E-195	596
Q9YGZ0.1	Q68J47.1	0.835	345	57	0	1	345	1	345	4.165E-195	596
Q9YGZ0.1	Q95KU1.1	0.831	345	58	0	1	345	1	345	3.777E-194	593
Q9YGZ0.1	P79903.1	0.823	348	61	0	4	351	1	347	1.331E-193	591
Q9YGZ0.1	P22328.1	0.816	351	64	0	1	351	1	351	2.500E-193	591
Q9YGZ0.1	P32308.1	0.828	345	59	0	1	345	1	345	4.694E-193	590
Q9YGZ0.1	P08100.1	0.828	345	59	0	1	345	1	345	4.694E-193	590
Q9YGZ0.1	P79911.1	0.821	348	62	0	4	351	1	347	6.431E-193	589
Q9YGZ0.1	P02699.1	0.827	345	60	0	1	345	1	345	6.431E-193	589
Q9YGZ0.1	Q8HY69.2	0.826	345	60	0	1	345	1	345	1.207E-192	589
Q9YGZ0.1	P52202.1	0.811	352	66	0	1	351	1	352	1.654E-192	588
Q9YGZ0.1	P56515.1	0.806	354	68	0	1	351	1	354	3.106E-192	587
Q9YGZ0.1	O18766.1	0.824	345	61	0	1	345	1	345	4.256E-192	587
Q9YGZ0.1	P51470.1	0.806	354	68	0	1	351	1	354	5.832E-192	587
Q9YGZ0.1	P31355.1	0.805	354	68	0	1	351	1	354	7.991E-192	586
Q9YGZ0.1	O93459.1	0.805	354	68	0	1	351	1	354	7.991E-192	586
Q9YGZ0.1	Q28886.1	0.822	345	61	0	1	345	1	345	1.500E-191	586
Q9YGZ0.1	Q769E8.1	0.822	345	61	0	1	345	1	345	1.500E-191	586
Q9YGZ0.1	O62791.1	0.822	345	61	0	1	345	1	345	2.056E-191	585
Q9YGZ0.1	P15409.2	0.821	345	62	0	1	345	1	345	2.817E-191	585
Q9YGZ0.1	O62794.1	0.820	345	62	0	1	345	1	345	5.289E-191	584
Q9YGZ0.1	P28681.1	0.819	345	62	0	1	345	1	345	9.929E-191	583
Q9YGZ0.1	O62798.1	0.819	345	62	0	1	345	1	345	1.360E-190	583
Q9YGZ0.1	P56514.1	0.801	354	70	0	1	351	1	354	1.360E-190	583
Q9YGZ0.1	Q6W3E1.1	0.818	345	63	0	1	345	1	345	1.864E-190	582
Q9YGZ0.1	P56516.1	0.800	354	70	0	1	351	1	354	1.864E-190	582
Q9YGZ0.1	O62795.1	0.818	345	63	0	1	345	1	345	2.554E-190	582
Q9YGZ0.1	P29403.1	0.800	354	70	0	1	351	1	354	2.554E-190	582
Q9YGZ0.1	O62793.1	0.816	345	63	0	1	345	1	345	9.003E-190	580
Q9YGZ0.1	O62792.1	0.816	345	63	0	1	345	1	345	9.003E-190	580
Q9YGZ0.1	P02700.2	0.815	345	64	0	1	345	1	345	1.690E-189	580
Q9YGZ0.1	P51489.1	0.815	345	64	0	1	345	1	345	2.316E-189	579
Q9YGZ0.1	Q90245.1	0.796	354	71	0	1	351	1	354	4.348E-189	578
Q9YGZ0.1	O93441.1	0.795	354	72	0	1	351	1	354	5.958E-189	578
Q9YGZ0.1	P41591.1	0.793	352	72	0	1	351	1	352	3.575E-187	573
Q9YGZ0.1	P79863.1	0.789	354	74	0	1	351	1	354	4.898E-187	572
Q9YGZ0.1	P22671.1	0.783	353	76	0	1	351	1	353	7.558E-185	566
Q9YGZ0.1	Q98980.1	0.775	353	79	0	1	351	1	353	1.598E-182	559
Q9YGZ0.1	P51471.1	0.706	355	103	0	1	351	1	355	1.623E-163	505
Q9YGZ0.1	P28683.1	0.706	355	103	0	1	351	1	355	1.623E-163	505
Q9YGZ0.1	P35357.1	0.700	355	105	0	1	351	1	355	1.331E-161	499
Q9YGZ0.1	Q9W6A6.2	0.698	351	105	0	1	351	1	349	2.806E-159	492
Q9YGZ0.1	Q8AYM7.1	0.696	351	106	0	1	351	1	349	1.854E-158	490
Q9YGZ0.1	P32311.1	0.688	351	109	0	1	351	1	349	3.907E-156	483
Q9YGZ0.1	P32312.1	0.686	351	109	0	1	351	1	349	1.376E-155	482
Q9YGZ0.1	P51474.1	0.685	351	110	0	1	351	4	354	2.582E-155	481
Q9YGZ0.1	Q9W6A5.2	0.677	351	112	0	1	351	1	349	3.969E-153	475
Q9YGZ0.1	Q8AYM8.1	0.671	351	114	0	1	351	1	349	2.373E-151	469
Q9YGZ0.1	P28682.1	0.531	348	160	0	9	351	14	361	5.548E-110	350
Q9YGZ0.1	P51472.1	0.537	340	156	0	9	345	12	351	6.838E-109	347
Q9YGZ0.1	P32310.1	0.534	337	157	0	9	345	11	347	5.540E-107	341
Q9YGZ0.1	P87365.1	0.522	337	161	0	9	345	13	349	1.034E-103	332
Q9YGZ0.1	Q9W6A8.1	0.511	337	164	0	9	345	14	350	1.029E-100	323
Q9YGZ0.1	P51473.1	0.501	343	170	0	9	351	7	347	9.243E-100	320
Q9YGZ0.1	P51475.1	0.521	326	148	0	2	327	11	319	1.265E-99	320
Q9YGZ0.1	O57605.1	0.484	350	178	0	1	350	1	346	4.894E-97	312
Q9YGZ0.1	P28684.1	0.506	330	162	0	18	347	13	341	4.894E-97	312
Q9YGZ0.1	P51476.1	0.537	305	140	0	23	327	18	321	1.254E-96	311
Q9YGZ0.1	O13092.1	0.485	343	173	0	5	347	7	343	2.882E-95	307
Q9YGZ0.1	P03999.2	0.480	344	175	0	4	347	2	339	4.841E-94	304
Q9YGZ0.1	P60015.1	0.480	344	175	0	4	347	5	342	4.841E-94	304
Q9YGZ0.1	P51491.1	0.470	347	180	0	1	347	1	340	2.847E-92	299
Q9YGZ0.1	P87368.1	0.474	338	173	0	6	343	2	331	8.935E-91	294
Q9YGZ0.1	Q63652.2	0.465	347	181	0	1	347	1	340	8.935E-91	294
Q9YGZ0.1	P04001.1	0.462	350	185	0	2	351	21	364	8.935E-91	294
Q9YGZ0.1	O18912.2	0.462	350	185	0	2	351	21	364	8.935E-91	294
Q9YGZ0.1	O18914.2	0.464	348	183	0	4	351	23	364	8.935E-91	294
Q9YGZ0.1	O18913.2	0.461	350	185	0	2	351	21	364	1.672E-90	293
Q9YGZ0.1	Q9BGI7.1	0.463	348	183	0	4	351	23	364	1.672E-90	293
Q9YGZ0.1	Q95170.1	0.462	348	183	0	4	351	23	364	4.279E-90	292
Q9YGZ0.1	O18910.2	0.459	350	186	0	2	351	21	364	5.854E-90	292
Q9YGZ0.1	O35476.2	0.458	350	186	0	2	351	16	359	1.498E-89	291
Q9YGZ0.1	O35478.2	0.458	350	186	0	2	351	21	364	1.498E-89	291
Q9YGZ0.1	P04000.2	0.457	350	186	0	2	351	21	364	2.803E-89	290
Q9YGZ0.1	Q9R024.1	0.456	350	187	0	2	351	21	364	5.244E-89	289
Q9YGZ0.1	P51490.1	0.480	325	167	0	23	347	21	343	1.835E-88	287
Q9YGZ0.1	O35599.1	0.454	350	187	0	2	351	16	359	1.835E-88	287
Q9YGZ0.1	Q9W6A9.2	0.466	335	175	0	11	345	6	334	1.643E-87	285
Q9YGZ0.1	P34989.1	0.454	343	183	0	2	344	14	350	2.012E-86	282
Q9YGZ0.1	P35358.1	0.447	348	190	0	4	351	22	365	5.145E-86	280
Q9YGZ0.1	Q90309.1	0.471	324	169	0	22	345	15	334	7.037E-86	280
Q9YGZ0.1	P41592.1	0.444	348	191	0	4	351	26	369	3.366E-85	278
Q9YGZ0.1	O12948.1	0.441	348	192	0	4	351	22	365	2.201E-84	276
Q9YGZ0.1	P22329.1	0.440	348	192	0	4	351	20	362	5.628E-84	274
Q9YGZ0.1	P87367.1	0.444	342	186	0	4	345	20	354	1.968E-83	273
Q9YGZ0.1	Q9W6A7.1	0.438	341	187	0	5	345	22	354	1.149E-81	268
Q9YGZ0.1	Q8AYN0.1	0.436	341	187	0	5	345	21	353	5.489E-81	266
Q9YGZ0.1	P32313.1	0.436	341	187	0	5	345	22	354	7.504E-81	265
Q9YGZ0.1	P22332.2	0.434	341	188	0	5	345	22	354	2.622E-80	264
Q9YGZ0.1	P22331.1	0.440	332	183	0	5	336	20	347	9.157E-80	262
Q9YGZ0.1	P22330.1	0.440	332	183	0	5	336	22	349	9.157E-80	262
Q9YGZ0.1	O42490.1	0.476	292	151	0	32	323	42	331	1.861E-77	256
Q9YGZ0.1	O18911.1	0.485	272	140	0	33	304	2	273	1.170E-73	244
O57605.1	O57605.1	0.963	347	13	0	1	347	1	347	5.940E-233	705
O57605.1	P28684.1	0.857	346	49	0	1	346	1	346	3.654E-202	616
O57605.1	P51490.1	0.827	346	60	0	1	346	4	348	1.109E-193	591
O57605.1	P51491.1	0.824	346	61	0	1	346	1	345	1.006E-192	589
O57605.1	P03999.2	0.828	343	59	0	4	346	3	344	3.545E-192	587
O57605.1	P60015.1	0.828	343	59	0	4	346	6	347	3.545E-192	587
O57605.1	O13092.1	0.822	346	61	0	1	346	4	348	4.858E-192	587
O57605.1	Q63652.2	0.816	346	63	0	1	346	1	345	1.553E-190	582
O57605.1	P51473.1	0.795	346	71	0	1	346	1	346	1.621E-184	565
O57605.1	Q9W6A9.2	0.656	331	112	0	10	340	8	335	4.892E-138	431
O57605.1	P87368.1	0.651	331	114	0	7	337	5	331	8.296E-137	427
O57605.1	Q90309.1	0.644	333	117	0	8	340	6	335	1.027E-135	424
O57605.1	P28682.1	0.527	349	161	0	5	346	12	360	4.238E-109	347
O57605.1	P51472.1	0.531	343	157	0	4	339	9	351	2.037E-108	345
O57605.1	P28683.1	0.517	354	167	0	1	346	1	354	7.151E-108	344
O57605.1	P35357.1	0.516	354	167	0	1	346	1	354	9.788E-108	343
O57605.1	P51471.1	0.509	354	169	0	1	346	1	354	1.086E-105	337
O57605.1	Q98980.1	0.513	346	166	0	5	346	7	352	3.429E-104	333
O57605.1	P31355.1	0.505	353	171	0	1	346	1	353	3.429E-104	333
O57605.1	P56516.1	0.504	353	171	0	1	346	1	353	6.424E-104	332
O57605.1	P22671.1	0.505	352	171	0	1	346	1	352	8.792E-104	332
O57605.1	P32310.1	0.519	339	161	0	5	339	9	347	1.647E-103	331
O57605.1	P56515.1	0.502	353	172	0	1	346	1	353	2.254E-103	331
O57605.1	Q8HY69.2	0.525	333	157	0	8	339	13	345	4.223E-103	330
O57605.1	P51470.1	0.501	353	172	0	1	346	1	353	4.223E-103	330
O57605.1	Q90245.1	0.501	353	172	0	1	346	1	353	4.223E-103	330
O57605.1	P32311.1	0.507	347	167	0	1	340	1	347	5.779E-103	329
O57605.1	P87365.1	0.542	318	145	0	22	339	33	349	1.482E-102	328
O57605.1	P79863.1	0.505	347	169	0	5	346	7	353	2.775E-102	327
O57605.1	P29403.1	0.498	353	173	0	1	346	1	353	3.798E-102	327
O57605.1	P56514.1	0.497	353	174	0	1	346	1	353	5.198E-102	327
O57605.1	Q9W6A6.2	0.503	347	168	0	1	340	1	347	9.736E-102	326
O57605.1	O93441.1	0.503	347	169	0	5	346	7	353	9.736E-102	326
O57605.1	Q8AYM7.1	0.503	347	168	0	1	340	1	347	1.332E-101	325
O57605.1	P41591.1	0.498	351	173	0	1	346	1	351	1.332E-101	325
O57605.1	P52202.1	0.498	351	173	0	1	346	1	351	1.824E-101	325
O57605.1	P32312.1	0.501	347	169	0	1	340	1	347	4.674E-101	324
O57605.1	O93459.1	0.501	347	170	0	5	346	7	353	4.674E-101	324
O57605.1	P22328.1	0.495	350	174	0	1	346	1	350	3.071E-100	321
O57605.1	Q9W6A8.1	0.504	339	166	0	5	339	12	350	2.017E-99	319
O57605.1	Q8AYM8.1	0.494	347	172	0	1	340	1	347	5.169E-99	318
O57605.1	P51474.1	0.496	344	172	0	5	346	10	353	9.680E-99	317
O57605.1	Q9W6A5.2	0.491	347	173	0	1	340	1	347	3.394E-98	316
O57605.1	P49912.1	0.492	345	172	0	1	339	1	345	4.645E-98	315
O57605.1	P02699.1	0.491	345	172	0	1	339	1	345	1.629E-97	314
O57605.1	P32308.1	0.490	345	172	0	1	339	1	345	2.228E-97	313
O57605.1	P28681.1	0.490	345	172	0	1	339	1	345	2.228E-97	313
O57605.1	P15409.2	0.490	345	172	0	1	339	1	345	3.049E-97	313
O57605.1	P51488.1	0.481	353	179	0	1	346	1	353	3.049E-97	313
O57605.1	Q28886.1	0.489	345	173	0	1	339	1	345	4.173E-97	312
O57605.1	O62793.1	0.489	345	173	0	1	339	1	345	4.173E-97	312
O57605.1	P08100.1	0.489	345	173	0	1	339	1	345	5.710E-97	312
O57605.1	O42604.1	0.480	353	179	0	1	346	1	353	5.710E-97	312
O57605.1	O62795.1	0.488	345	173	0	1	339	1	345	7.813E-97	312
O57605.1	Q95KU1.1	0.488	345	173	0	1	339	1	345	7.813E-97	312
O57605.1	Q68J47.1	0.488	345	173	0	1	339	1	345	1.069E-96	311
O57605.1	P51489.1	0.487	345	173	0	1	339	1	345	1.463E-96	311
O57605.1	O62794.1	0.487	345	173	0	1	339	1	345	1.463E-96	311
O57605.1	Q6W3E1.1	0.487	345	173	0	1	339	1	345	1.463E-96	311
O57605.1	O18766.1	0.487	345	173	0	1	339	1	345	1.463E-96	311
O57605.1	Q769E8.1	0.486	345	174	0	1	339	1	345	3.748E-96	310
O57605.1	O62791.1	0.486	345	174	0	1	339	1	345	3.748E-96	310
O57605.1	P51476.1	0.535	304	140	0	14	317	14	316	7.017E-96	309
O57605.1	O13227.1	0.479	349	180	0	1	346	1	349	2.459E-95	307
O57605.1	P32309.1	0.474	353	181	0	1	346	1	353	2.459E-95	307
O57605.1	P02700.2	0.482	345	175	0	1	339	1	345	4.604E-95	306
O57605.1	P87369.1	0.492	336	169	0	13	346	18	353	4.604E-95	306
O57605.1	P35359.2	0.473	353	182	0	1	346	1	353	4.604E-95	306
O57605.1	Q90214.1	0.475	351	181	0	1	346	1	351	6.300E-95	306
O57605.1	O62796.1	0.481	345	175	0	1	339	1	345	8.620E-95	306
O57605.1	P79756.1	0.473	353	182	0	1	346	1	353	8.620E-95	306
O57605.1	O62798.1	0.479	345	176	0	1	339	1	345	2.208E-94	304
O57605.1	P79848.1	0.470	353	183	0	1	346	1	353	5.655E-94	303
O57605.1	O62792.1	0.478	345	176	0	1	339	1	345	7.737E-94	303
O57605.1	Q9YGZ3.1	0.469	353	183	0	1	346	1	353	7.737E-94	303
O57605.1	P79807.1	0.489	334	170	0	13	346	15	348	1.448E-93	302
O57605.1	P41590.1	0.470	351	183	0	1	346	1	351	1.982E-93	302
O57605.1	Q9YGZ5.1	0.469	352	183	0	1	346	1	352	1.982E-93	302
O57605.1	Q90215.1	0.469	351	183	0	1	346	1	351	2.711E-93	301
O57605.1	Q9YGZ8.1	0.468	352	184	0	1	346	1	352	3.709E-93	301
O57605.1	Q9YGZ0.1	0.474	345	178	0	1	339	1	345	6.943E-93	300
O57605.1	Q9DGG4.1	0.466	352	184	0	1	346	1	352	1.300E-92	299
O57605.1	Q9YGZ6.1	0.466	352	184	0	1	346	1	352	1.778E-92	299
O57605.1	P79798.1	0.484	334	172	0	13	346	15	348	3.328E-92	298
O57605.1	P79914.1	0.483	334	172	0	13	346	15	347	4.552E-92	298
O57605.1	P79902.1	0.482	335	172	0	12	346	14	347	4.552E-92	298
O57605.1	Q9YH05.1	0.464	352	185	0	1	346	1	352	6.228E-92	297
O57605.1	P79812.1	0.465	350	185	0	1	346	1	350	8.521E-92	297
O57605.1	Q9YGY9.1	0.464	351	185	0	1	346	1	351	8.521E-92	297
O57605.1	P79901.1	0.481	334	172	0	13	346	15	347	2.182E-91	296
O57605.1	P79808.1	0.481	334	172	0	13	346	15	347	2.182E-91	296
O57605.1	P79898.1	0.463	350	185	0	1	346	1	350	2.985E-91	295
O57605.1	Q9YGZ2.1	0.462	351	186	0	1	346	1	351	4.083E-91	295
O57605.1	P79911.1	0.470	342	180	0	6	346	5	346	1.045E-90	294
O57605.1	P79903.1	0.469	342	181	0	6	346	5	346	1.956E-90	293
O57605.1	P51475.1	0.517	301	144	0	17	317	15	314	2.676E-90	293
O57605.1	P79809.1	0.468	342	181	0	6	346	5	346	3.661E-90	292
O57605.1	P35358.1	0.478	330	171	0	17	346	37	364	2.399E-89	290
O57605.1	P04001.1	0.465	340	179	0	7	346	28	363	8.398E-89	288
O57605.1	Q9R024.1	0.463	340	180	0	7	346	28	363	2.940E-88	287
O57605.1	O35478.2	0.462	340	180	0	7	346	28	363	4.022E-88	286
O57605.1	P04000.2	0.462	340	180	0	7	346	28	363	4.022E-88	286
O57605.1	P41592.1	0.461	340	182	0	7	346	31	368	1.029E-87	285
O57605.1	O18913.2	0.460	340	181	0	7	346	28	363	1.925E-87	284
O57605.1	P34989.1	0.467	332	175	0	7	338	21	350	4.927E-87	283
O57605.1	O35476.2	0.458	340	182	0	7	346	23	358	6.739E-87	283
O57605.1	O35599.1	0.457	340	182	0	7	346	23	358	1.724E-86	282
O57605.1	O18910.2	0.457	340	182	0	7	346	28	363	1.724E-86	282
O57605.1	O18914.2	0.467	329	173	0	18	346	39	363	3.225E-86	281
O57605.1	P22329.1	0.454	340	183	0	7	346	25	361	1.129E-85	279
O57605.1	O18912.2	0.452	340	184	0	7	346	28	363	2.887E-85	278
O57605.1	Q9BGI7.1	0.451	340	184	0	7	346	28	363	5.400E-85	277
O57605.1	Q95170.1	0.450	340	184	0	7	346	28	363	1.381E-84	276
O57605.1	P87367.1	0.468	322	169	0	18	339	36	354	1.889E-84	276
O57605.1	P22332.2	0.452	336	182	0	4	339	22	354	3.533E-84	275
O57605.1	O12948.1	0.447	340	186	0	7	346	27	364	9.035E-84	274
O57605.1	Q9W6A7.1	0.447	336	184	0	4	339	22	354	1.105E-82	271
O57605.1	P32313.1	0.447	335	184	0	5	339	22	354	1.511E-82	270
O57605.1	Q8AYN0.1	0.446	336	184	0	4	339	21	353	2.066E-82	270
O57605.1	P22331.1	0.434	336	188	0	5	340	20	353	3.764E-79	260
O57605.1	P22330.1	0.426	336	191	0	5	340	22	355	7.654E-77	254
O57605.1	O42490.1	0.441	305	170	0	12	316	25	329	9.000E-73	242
O57605.1	O18911.1	0.456	273	148	0	27	299	1	273	1.269E-67	227
P32312.1	P32312.1	0.963	349	13	0	1	349	1	349	1.486E-234	709
P32312.1	Q9W6A6.2	0.928	349	25	0	1	349	1	349	2.730E-224	680
P32312.1	P32311.1	0.911	349	31	0	1	349	1	349	1.681E-219	666
P32312.1	Q8AYM7.1	0.904	349	33	0	1	349	1	349	2.601E-217	660
P32312.1	P51474.1	0.863	347	47	0	1	347	4	349	2.592E-204	622
P32312.1	Q8AYM8.1	0.851	349	52	0	1	349	1	349	4.006E-202	616
P32312.1	Q9W6A5.2	0.822	349	62	0	1	349	1	349	8.868E-194	592
P32312.1	P28683.1	0.799	348	70	0	1	347	1	348	1.150E-186	571
P32312.1	P51471.1	0.795	348	71	0	1	347	1	348	1.429E-185	568
P32312.1	P35357.1	0.786	348	74	0	1	347	1	348	7.773E-183	560
P32312.1	P22671.1	0.779	347	76	0	1	347	1	346	2.251E-180	553
P32312.1	Q98980.1	0.770	347	79	0	1	347	1	346	8.931E-178	546
P32312.1	P56515.1	0.750	347	87	0	1	347	1	347	4.948E-172	529
P32312.1	Q95KU1.1	0.742	349	90	0	1	349	1	348	6.142E-171	526
P32312.1	P56514.1	0.746	347	88	0	1	347	1	347	6.142E-171	526
P32312.1	O18766.1	0.741	349	90	0	1	349	1	348	1.580E-170	525
P32312.1	P32308.1	0.740	349	90	0	1	349	1	348	2.164E-170	524
P32312.1	P49912.1	0.740	349	90	0	1	349	1	348	2.965E-170	524
P32312.1	P08100.1	0.737	349	91	0	1	349	1	348	1.431E-169	522
P32312.1	P51470.1	0.741	347	90	0	1	347	1	347	1.431E-169	522
P32312.1	P29403.1	0.741	347	90	0	1	347	1	347	1.431E-169	522
P32312.1	Q769E8.1	0.736	349	92	0	1	349	1	348	3.680E-169	521
P32312.1	O62791.1	0.736	349	92	0	1	349	1	348	3.680E-169	521
P32312.1	O93441.1	0.738	347	91	0	1	347	1	347	1.297E-168	519
P32312.1	O62794.1	0.734	349	92	0	1	349	1	348	1.776E-168	519
P32312.1	P02699.1	0.734	349	92	0	1	349	1	348	1.776E-168	519
P32312.1	P22328.1	0.737	347	90	0	1	347	1	344	1.776E-168	519
P32312.1	P52202.1	0.737	347	90	0	1	347	1	345	1.776E-168	519
P32312.1	Q68J47.1	0.733	349	93	0	1	349	1	348	2.434E-168	518
P32312.1	Q28886.1	0.733	349	93	0	1	349	1	348	3.334E-168	518
P32312.1	O62795.1	0.733	349	93	0	1	349	1	348	3.334E-168	518
P32312.1	P56516.1	0.736	347	91	0	1	347	1	347	3.334E-168	518
P32312.1	P31355.1	0.736	347	91	0	1	347	1	347	3.334E-168	518
P32312.1	O62796.1	0.732	349	93	0	1	349	1	348	4.568E-168	518
P32312.1	P41591.1	0.734	347	92	0	1	347	1	345	1.175E-167	516
P32312.1	Q90245.1	0.734	347	92	0	1	347	1	347	1.609E-167	516
P32312.1	O93459.1	0.734	347	92	0	1	347	1	347	1.609E-167	516
P32312.1	P15409.2	0.729	349	94	0	1	349	1	348	3.021E-167	515
P32312.1	Q6W3E1.1	0.729	349	94	0	1	349	1	348	3.021E-167	515
P32312.1	P51489.1	0.729	349	94	0	1	349	1	348	4.138E-167	515
P32312.1	O62793.1	0.729	349	94	0	1	349	1	348	4.138E-167	515
P32312.1	P02700.2	0.729	349	94	0	1	349	1	348	4.138E-167	515
P32312.1	P28681.1	0.728	349	94	0	1	349	1	348	5.670E-167	514
P32312.1	Q8HY69.2	0.727	349	95	0	1	349	1	348	1.458E-166	513
P32312.1	P79863.1	0.730	347	93	0	1	347	1	347	2.736E-166	512
P32312.1	O62798.1	0.725	349	95	0	1	349	1	348	5.136E-166	512
P32312.1	O62792.1	0.723	349	96	0	1	349	1	348	1.809E-165	510
P32312.1	Q90215.1	0.709	352	101	0	1	349	1	352	9.814E-163	502
P32312.1	Q90214.1	0.707	352	102	0	1	349	1	352	2.523E-162	501
P32312.1	O13227.1	0.708	350	102	0	1	349	1	350	1.218E-161	499
P32312.1	O42604.1	0.699	347	104	0	1	347	1	347	1.122E-157	488
P32312.1	P35359.2	0.698	347	104	0	1	347	1	347	2.883E-157	486
P32312.1	P51488.1	0.689	347	108	0	1	347	1	347	8.322E-155	479
P32312.1	Q9YGZ3.1	0.689	347	108	0	1	347	1	347	8.322E-155	479
P32312.1	P41590.1	0.681	352	111	0	1	349	1	352	1.140E-154	479
P32312.1	P79756.1	0.689	347	108	0	1	347	1	347	1.140E-154	479
P32312.1	P32309.1	0.687	347	108	0	1	347	1	347	2.931E-154	478
P32312.1	Q9YH05.1	0.687	347	108	0	1	347	1	346	4.014E-154	477
P32312.1	P87369.1	0.685	347	109	0	1	347	1	347	1.936E-153	475
P32312.1	Q9YGZ0.1	0.685	346	108	0	1	346	1	345	3.634E-153	475
P32312.1	P79848.1	0.683	347	110	0	1	347	1	347	4.978E-153	474
P32312.1	Q9DGG4.1	0.683	347	109	0	1	347	1	346	6.819E-153	474
P32312.1	Q9YGZ8.1	0.680	347	110	0	1	347	1	346	3.289E-152	472
P32312.1	P79807.1	0.684	344	108	0	4	347	1	342	8.454E-152	471
P32312.1	P79798.1	0.682	344	108	0	4	347	1	342	2.977E-151	469
P32312.1	Q9YGZ5.1	0.677	347	111	0	1	347	1	346	2.977E-151	469
P32312.1	Q9YGZ6.1	0.676	347	112	0	1	347	1	346	5.586E-151	468
P32312.1	P79898.1	0.669	351	115	0	1	349	1	351	7.651E-151	468
P32312.1	P79812.1	0.669	351	115	0	1	349	1	351	7.651E-151	468
P32312.1	Q9YGY9.1	0.675	347	112	0	1	347	1	345	1.048E-150	467
P32312.1	P79911.1	0.672	347	113	0	4	349	1	347	6.924E-150	465
P32312.1	Q9YGZ2.1	0.672	347	113	0	1	347	1	345	9.485E-150	465
P32312.1	P79903.1	0.670	347	114	0	4	349	1	347	2.438E-149	464
P32312.1	P79901.1	0.669	348	114	0	4	349	1	348	2.438E-149	464
P32312.1	P79808.1	0.668	348	115	0	4	349	1	348	3.339E-149	463
P32312.1	P79809.1	0.669	347	114	0	4	349	1	347	6.265E-149	462
P32312.1	P79914.1	0.667	348	115	0	4	349	1	348	8.582E-149	462
P32312.1	P79902.1	0.662	348	117	0	4	349	1	348	1.457E-147	458
P32312.1	P28682.1	0.591	341	138	0	9	347	14	354	1.761E-124	392
P32312.1	P51472.1	0.584	342	141	0	9	348	12	353	7.653E-123	387
P32312.1	P32310.1	0.558	340	149	0	9	348	11	349	1.178E-114	363
P32312.1	Q9W6A8.1	0.549	340	152	0	9	348	14	352	3.360E-112	356
P32312.1	P87365.1	0.527	338	158	0	11	348	17	351	1.613E-105	337
P32312.1	P51473.1	0.540	326	149	0	22	347	17	340	1.060E-104	334
P32312.1	O57605.1	0.506	347	167	0	1	347	1	340	2.199E-102	328
P32312.1	P28684.1	0.519	330	157	0	18	347	13	340	1.777E-100	322
P32312.1	Q90309.1	0.523	326	153	0	22	347	15	335	3.328E-100	321
P32312.1	O13092.1	0.524	325	153	0	23	347	21	342	4.555E-100	321
P32312.1	Q9W6A9.2	0.522	326	153	0	22	347	15	335	6.233E-100	321
P32312.1	P03999.2	0.521	325	154	0	23	347	17	338	1.597E-99	319
P32312.1	P60015.1	0.521	325	154	0	23	347	20	341	1.597E-99	319
P32312.1	P51490.1	0.517	325	155	0	23	347	21	342	1.964E-98	316
P32312.1	P51491.1	0.515	325	156	0	23	347	18	339	9.422E-98	314
P32312.1	P51476.1	0.528	307	144	0	23	329	18	323	3.643E-95	307
P32312.1	Q63652.2	0.504	325	159	0	23	347	18	339	6.820E-95	306
P32312.1	P87368.1	0.506	322	156	0	23	344	16	331	2.390E-94	304
P32312.1	P51475.1	0.524	305	144	0	23	327	16	319	1.567E-93	302
P32312.1	Q8AYN0.1	0.463	346	181	0	4	349	19	356	5.415E-90	292
P32312.1	P87367.1	0.455	346	184	0	4	349	20	357	8.131E-88	286
P32312.1	Q9W6A7.1	0.464	336	175	0	14	349	30	357	2.845E-87	284
P32312.1	P32313.1	0.453	341	182	0	9	349	25	357	1.219E-85	279
P32312.1	P04000.2	0.448	346	188	0	4	349	23	364	1.219E-85	279
P32312.1	P35358.1	0.450	344	185	0	4	347	22	358	1.219E-85	279
P32312.1	P04001.1	0.447	346	189	0	4	349	23	364	2.280E-85	278
P32312.1	P22329.1	0.456	334	177	0	14	347	30	355	1.491E-84	276
P32312.1	P22332.2	0.453	336	179	0	14	349	30	357	2.039E-84	276
P32312.1	P41592.1	0.455	334	178	0	14	347	36	362	2.789E-84	275
P32312.1	O18914.2	0.442	346	190	0	4	349	23	364	5.215E-84	274
P32312.1	O12948.1	0.443	344	187	0	4	347	22	358	9.752E-84	274
P32312.1	Q95170.1	0.440	346	191	0	4	349	23	364	2.494E-83	273
P32312.1	O18913.2	0.452	333	181	0	17	349	33	364	3.410E-83	272
P32312.1	O18912.2	0.454	330	179	0	20	349	36	364	4.663E-83	272
P32312.1	P34989.1	0.442	342	186	0	4	345	16	350	6.376E-83	271
P32312.1	Q9R024.1	0.438	346	192	0	4	349	23	364	6.376E-83	271
P32312.1	O42490.1	0.483	304	155	0	20	323	31	331	6.376E-83	271
P32312.1	Q9BGI7.1	0.436	346	192	0	4	349	23	364	2.229E-82	270
P32312.1	P22331.1	0.453	328	176	0	20	347	31	353	4.167E-82	269
P32312.1	O35476.2	0.437	344	189	0	4	347	18	354	4.167E-82	269
P32312.1	O35478.2	0.434	346	193	0	4	349	23	364	7.791E-82	268
P32312.1	O35599.1	0.434	344	190	0	4	347	18	354	3.723E-81	266
P32312.1	O18910.2	0.430	346	194	0	4	349	23	364	1.301E-80	265
P32312.1	P22330.1	0.446	328	178	0	20	347	33	355	3.325E-80	263
P32312.1	O18911.1	0.457	273	148	0	32	304	1	273	9.974E-68	227
O12948.1	O12948.1	0.975	365	9	0	1	365	1	365	5.215E-249	752
O12948.1	P41592.1	0.878	358	44	0	8	365	12	369	2.390E-215	655
O12948.1	P22329.1	0.872	359	46	0	7	365	5	362	4.070E-214	651
O12948.1	P32313.1	0.837	357	58	0	1	357	1	354	1.261E-202	618
O12948.1	P87367.1	0.835	357	58	0	1	357	1	354	6.088E-202	616
O12948.1	P22332.2	0.833	357	59	0	1	357	1	354	1.566E-201	615
O12948.1	P35358.1	0.816	365	67	0	1	365	1	365	5.520E-201	614
O12948.1	Q9W6A7.1	0.829	357	60	0	1	357	1	354	2.666E-200	612
O12948.1	P04000.2	0.809	365	69	0	1	365	1	364	6.218E-199	608
O12948.1	P04001.1	0.806	365	70	0	1	365	1	364	3.003E-198	606
O12948.1	O18913.2	0.839	347	55	0	19	365	20	364	2.723E-197	603
O12948.1	P34989.1	0.857	338	48	0	19	356	13	350	9.596E-197	601
O12948.1	Q8AYN0.1	0.813	357	66	0	1	357	1	353	1.633E-195	598
O12948.1	Q9R024.1	0.832	347	58	0	19	365	20	364	2.238E-195	597
O12948.1	O18914.2	0.829	347	59	0	19	365	20	364	2.028E-194	595
O12948.1	O35478.2	0.828	347	59	0	19	365	20	364	5.218E-194	593
O12948.1	P22331.1	0.816	352	64	0	7	358	5	353	1.342E-193	592
O12948.1	Q9BGI7.1	0.826	347	60	0	19	365	20	364	1.839E-193	592
O12948.1	O35476.2	0.824	347	61	0	19	365	15	359	6.480E-193	590
O12948.1	O18912.2	0.824	347	61	0	19	365	20	364	6.480E-193	590
O12948.1	Q95170.1	0.824	347	61	0	19	365	20	364	6.480E-193	590
O12948.1	O18910.2	0.821	347	62	0	19	365	20	364	4.287E-192	588
O12948.1	P22330.1	0.799	358	71	0	1	358	1	355	5.874E-192	587
O12948.1	O35599.1	0.819	347	62	0	19	365	15	359	2.070E-191	586
O12948.1	O18911.1	0.834	273	45	0	47	319	1	273	9.088E-152	471
O12948.1	P51476.1	0.545	301	136	0	35	335	15	314	6.221E-97	313
O12948.1	P51475.1	0.535	303	140	0	33	335	11	312	3.653E-95	308
O12948.1	Q9W6A9.2	0.491	321	162	0	38	358	16	335	7.350E-90	292
O12948.1	P51490.1	0.473	329	172	0	37	364	20	348	1.502E-87	286
O12948.1	Q63652.2	0.471	329	173	0	37	364	17	345	7.179E-87	284
O12948.1	Q90309.1	0.463	333	178	0	26	358	3	335	6.412E-86	281
O12948.1	P28683.1	0.461	335	177	0	36	365	21	355	6.412E-86	281
O12948.1	P32311.1	0.451	344	184	0	22	358	4	347	1.199E-85	280
O12948.1	O13092.1	0.466	329	175	0	37	364	20	348	1.639E-85	280
O12948.1	P22671.1	0.461	333	177	0	36	365	21	353	1.639E-85	280
O12948.1	O57605.1	0.463	330	176	0	37	364	17	346	3.063E-85	279
O12948.1	P35359.2	0.442	351	191	0	22	365	4	354	4.188E-85	278
O12948.1	Q9W6A6.2	0.448	344	185	0	22	358	4	347	5.725E-85	278
O12948.1	P22328.1	0.443	348	191	0	22	365	4	351	1.070E-84	277
O12948.1	O13227.1	0.460	330	178	0	36	365	21	350	2.000E-84	276
O12948.1	P51471.1	0.455	335	179	0	36	365	21	355	2.000E-84	276
O12948.1	P51491.1	0.461	329	176	0	37	364	17	345	2.734E-84	276
O12948.1	P56515.1	0.456	334	179	0	36	365	21	354	2.734E-84	276
O12948.1	Q8AYM7.1	0.445	344	186	0	22	358	4	347	3.738E-84	276
O12948.1	Q90215.1	0.457	332	179	0	36	365	21	352	3.738E-84	276
O12948.1	P87368.1	0.470	319	167	0	37	355	15	331	6.985E-84	275
O12948.1	P52202.1	0.456	332	179	0	36	365	21	352	6.985E-84	275
O12948.1	Q98980.1	0.455	333	179	0	36	365	21	353	6.985E-84	275
O12948.1	P56516.1	0.454	334	180	0	36	365	21	354	6.985E-84	275
O12948.1	P51470.1	0.454	334	180	0	36	365	21	354	6.985E-84	275
O12948.1	P29403.1	0.453	334	180	0	36	365	21	354	1.305E-83	274
O12948.1	P32312.1	0.443	344	187	0	22	358	4	347	1.785E-83	274
O12948.1	P56514.1	0.453	334	180	0	36	365	21	354	1.785E-83	274
O12948.1	P03999.2	0.457	329	178	0	37	364	16	344	2.439E-83	273
O12948.1	P60015.1	0.457	329	178	0	37	364	19	347	2.439E-83	273
O12948.1	P51488.1	0.436	351	193	0	22	365	4	354	2.439E-83	273
O12948.1	Q90245.1	0.452	334	180	0	36	365	21	354	2.439E-83	273
O12948.1	P31355.1	0.452	334	180	0	36	365	21	354	3.335E-83	273
O12948.1	Q8HY69.2	0.452	333	180	0	29	357	13	345	4.559E-83	273
O12948.1	P79863.1	0.434	351	194	0	22	365	4	354	6.231E-83	272
O12948.1	P87369.1	0.450	334	181	0	36	365	21	354	8.518E-83	272
O12948.1	P32309.1	0.433	351	194	0	22	365	4	354	1.592E-82	271
O12948.1	Q9YGZ6.1	0.450	333	181	0	36	365	21	353	2.176E-82	271
O12948.1	Q9YGZ8.1	0.450	333	181	0	36	365	21	353	2.176E-82	271
O12948.1	Q9YGZ2.1	0.450	332	181	0	36	365	21	352	2.974E-82	270
O12948.1	P79807.1	0.450	332	181	0	36	365	18	349	4.065E-82	270
O12948.1	Q90214.1	0.450	332	181	0	36	365	21	352	4.065E-82	270
O12948.1	P79848.1	0.448	334	182	0	36	365	21	354	4.065E-82	270
O12948.1	P35357.1	0.447	335	182	0	36	365	21	355	4.065E-82	270
O12948.1	P79756.1	0.447	334	182	0	36	365	21	354	5.556E-82	269
O12948.1	P02699.1	0.456	325	175	0	36	357	21	345	7.595E-82	269
O12948.1	P08100.1	0.456	325	175	0	36	357	21	345	1.038E-81	269
O12948.1	Q9YGY9.1	0.448	332	182	0	36	365	21	352	1.038E-81	269
O12948.1	P28681.1	0.455	325	175	0	36	357	21	345	1.419E-81	268
O12948.1	Q9YGZ0.1	0.449	331	181	0	36	365	21	351	1.419E-81	268
O12948.1	O42604.1	0.445	334	183	0	36	365	21	354	1.939E-81	268
O12948.1	Q28886.1	0.454	325	175	0	36	357	21	345	2.651E-81	267
O12948.1	Q95KU1.1	0.454	325	175	0	36	357	21	345	2.651E-81	267
O12948.1	O18766.1	0.454	325	175	0	36	357	21	345	2.651E-81	267
O12948.1	P41590.1	0.447	332	182	0	36	365	21	352	2.651E-81	267
O12948.1	P49912.1	0.453	325	176	0	36	357	21	345	3.623E-81	267
O12948.1	Q9W6A5.2	0.435	344	190	0	22	358	4	347	3.623E-81	267
O12948.1	O93441.1	0.428	351	196	0	22	365	4	354	3.623E-81	267
O12948.1	Q769E8.1	0.452	325	176	0	36	357	21	345	9.251E-81	266
O12948.1	P79808.1	0.446	331	182	0	36	365	18	348	9.251E-81	266
O12948.1	P32308.1	0.451	325	176	0	36	357	21	345	1.728E-80	265
O12948.1	O62794.1	0.450	325	177	0	36	357	21	345	2.362E-80	265
O12948.1	P51489.1	0.450	325	177	0	36	357	21	345	3.228E-80	264
O12948.1	O62796.1	0.450	325	177	0	36	357	21	345	3.228E-80	264
O12948.1	P02700.2	0.450	325	177	0	36	357	21	345	3.228E-80	264
O12948.1	Q8AYM8.1	0.431	344	191	0	22	358	4	347	3.228E-80	264
O12948.1	P41591.1	0.427	349	197	0	22	365	4	352	3.228E-80	264
O12948.1	Q9YGZ3.1	0.441	334	184	0	36	365	21	354	3.228E-80	264
O12948.1	O93459.1	0.425	351	197	0	22	365	4	354	3.228E-80	264
O12948.1	P28684.1	0.435	339	190	0	27	364	8	346	4.412E-80	264
O12948.1	O62795.1	0.449	325	177	0	36	357	21	345	4.412E-80	264
O12948.1	P79902.1	0.443	331	183	0	36	365	18	348	4.412E-80	264
O12948.1	P15409.2	0.449	325	177	0	36	357	21	345	4.412E-80	264
O12948.1	P79903.1	0.444	330	183	0	36	365	18	347	6.030E-80	263
O12948.1	Q9DGG4.1	0.441	333	184	0	36	365	21	353	6.030E-80	263
O12948.1	P79812.1	0.442	331	184	0	36	365	21	351	8.241E-80	263
O12948.1	O62793.1	0.441	332	182	0	32	357	14	345	1.126E-79	263
O12948.1	Q9YGZ5.1	0.440	333	184	0	36	365	21	353	1.126E-79	263
O12948.1	P79911.1	0.441	330	184	0	36	365	18	347	2.875E-79	261
O12948.1	P79901.1	0.440	331	184	0	36	365	18	348	2.875E-79	261
O12948.1	P79798.1	0.439	332	185	0	36	365	18	349	2.875E-79	261
O12948.1	Q9YH05.1	0.438	333	185	0	36	365	21	353	2.875E-79	261
O12948.1	Q6W3E1.1	0.446	325	178	0	36	357	21	345	3.929E-79	261
O12948.1	P79809.1	0.440	330	184	0	36	365	18	347	7.337E-79	260
O12948.1	P51472.1	0.438	332	184	0	30	357	20	351	7.337E-79	260
O12948.1	P79898.1	0.438	331	185	0	36	365	21	351	1.003E-78	260
O12948.1	O62791.1	0.444	325	178	0	36	357	21	345	1.370E-78	259
O12948.1	P28682.1	0.437	332	184	0	38	365	30	361	1.370E-78	259
O12948.1	P79914.1	0.437	331	185	0	36	365	18	348	1.872E-78	259
O12948.1	Q68J47.1	0.443	325	179	0	36	357	21	345	1.872E-78	259
O12948.1	P51473.1	0.428	340	193	0	27	365	8	347	2.559E-78	259
O12948.1	P32310.1	0.447	321	176	0	38	357	27	347	2.559E-78	259
O12948.1	Q9W6A8.1	0.446	321	177	0	38	357	30	350	4.778E-78	258
O12948.1	O62798.1	0.440	325	180	0	36	357	21	345	1.666E-77	256
O12948.1	O62792.1	0.438	325	180	0	36	357	21	345	5.807E-77	255
O12948.1	P51474.1	0.431	331	187	0	36	365	24	354	7.934E-77	254
O12948.1	O42490.1	0.450	313	171	0	24	335	16	328	7.934E-77	254
O12948.1	P87365.1	0.424	329	188	0	30	357	21	349	2.182E-74	247
Q28886.1	Q28886.1	0.971	348	10	0	1	348	1	348	6.070E-236	713
Q28886.1	P08100.1	0.955	348	16	0	1	348	1	348	1.993E-231	700
Q28886.1	Q95KU1.1	0.950	348	17	0	1	348	1	348	4.657E-230	696
Q28886.1	P32308.1	0.945	348	19	0	1	348	1	348	1.088E-228	692
Q28886.1	P49912.1	0.945	348	19	0	1	348	1	348	1.491E-228	692
Q28886.1	O62796.1	0.944	348	19	0	1	348	1	348	2.800E-228	691
Q28886.1	O62794.1	0.942	348	20	0	1	348	1	348	9.877E-228	690
Q28886.1	O18766.1	0.941	348	20	0	1	348	1	348	1.855E-227	689
Q28886.1	P15409.2	0.941	348	20	0	1	348	1	348	2.542E-227	689
Q28886.1	P51489.1	0.938	348	22	0	1	348	1	348	1.229E-226	687
Q28886.1	P28681.1	0.938	348	22	0	1	348	1	348	1.684E-226	686
Q28886.1	O62795.1	0.937	348	22	0	1	348	1	348	3.162E-226	685
Q28886.1	Q769E8.1	0.935	348	23	0	1	348	1	348	8.139E-226	684
Q28886.1	P02700.2	0.930	348	24	0	1	348	1	348	3.571E-224	679
Q28886.1	O62791.1	0.924	348	26	0	1	348	1	348	1.143E-222	675
Q28886.1	Q6W3E1.1	0.923	348	27	0	1	348	1	348	2.942E-222	674
Q28886.1	P02699.1	0.922	348	27	0	1	348	1	348	5.525E-222	673
Q28886.1	Q68J47.1	0.922	348	27	0	1	348	1	348	5.525E-222	673
Q28886.1	O62798.1	0.915	348	29	0	1	348	1	348	6.237E-220	667
Q28886.1	O62793.1	0.913	348	30	0	1	348	1	348	2.200E-219	666
Q28886.1	O62792.1	0.913	348	30	0	1	348	1	348	2.200E-219	666
Q28886.1	Q8HY69.2	0.893	348	37	0	1	348	1	348	1.229E-213	649
Q28886.1	P22328.1	0.882	345	40	0	1	345	1	343	1.420E-208	634
Q28886.1	P52202.1	0.880	345	41	0	1	345	1	344	3.653E-208	633
Q28886.1	Q90245.1	0.875	346	43	0	1	345	1	346	2.419E-207	631
Q28886.1	P56515.1	0.870	346	45	0	1	345	1	346	7.739E-206	627
Q28886.1	P51470.1	0.850	354	52	0	1	348	1	354	7.021E-205	624
Q28886.1	P31355.1	0.849	354	52	0	1	348	1	354	9.621E-205	623
Q28886.1	P29403.1	0.864	346	47	0	1	345	1	346	4.648E-204	621
Q28886.1	P56516.1	0.845	354	54	0	1	348	1	354	1.196E-203	620
Q28886.1	P56514.1	0.858	346	49	0	1	345	1	346	2.792E-202	616
Q28886.1	Q90215.1	0.854	346	50	0	1	345	1	346	2.533E-201	614
Q28886.1	O13227.1	0.852	345	51	0	1	345	1	344	4.314E-200	610
Q28886.1	Q90214.1	0.848	346	52	0	1	345	1	346	1.521E-199	608
Q28886.1	O93459.1	0.826	354	60	0	1	348	1	354	6.666E-198	604
Q28886.1	P41591.1	0.842	345	54	0	1	345	1	344	3.220E-197	602
Q28886.1	P22671.1	0.840	345	55	0	1	345	1	345	1.556E-196	600
Q28886.1	P35359.2	0.835	346	57	0	1	345	1	346	7.515E-196	598
Q28886.1	Q98980.1	0.816	353	64	0	1	348	1	353	1.754E-194	594
Q28886.1	P79863.1	0.809	354	66	0	1	348	1	354	4.092E-193	590
Q28886.1	P51488.1	0.823	346	61	0	1	345	1	346	2.708E-192	587
Q28886.1	O93441.1	0.818	346	63	0	1	345	1	346	6.319E-191	584
Q28886.1	Q9YH05.1	0.818	345	63	0	1	345	1	345	2.227E-190	582
Q28886.1	P32309.1	0.813	346	64	0	1	345	1	346	1.076E-189	580
Q28886.1	Q9YGZ0.1	0.815	345	64	0	1	345	1	345	2.020E-189	579
Q28886.1	O42604.1	0.812	346	65	0	1	345	1	346	2.768E-189	579
Q28886.1	P41590.1	0.807	346	66	0	1	345	1	346	8.847E-188	574
Q28886.1	Q9YGZ6.1	0.807	345	66	0	1	345	1	345	2.276E-187	573
Q28886.1	Q9DGG4.1	0.807	345	66	0	1	345	1	345	2.276E-187	573
Q28886.1	P79848.1	0.802	346	68	0	1	345	1	346	1.506E-186	571
Q28886.1	Q9YGZ8.1	0.802	345	68	0	1	345	1	345	5.309E-186	569
Q28886.1	P87369.1	0.799	346	69	0	1	345	1	346	1.871E-185	568
Q28886.1	Q9YGZ2.1	0.798	345	69	0	1	345	1	344	9.036E-185	566
Q28886.1	Q9YGY9.1	0.796	345	70	0	1	345	1	344	4.364E-184	564
Q28886.1	Q9YGZ3.1	0.793	346	71	0	1	345	1	346	5.979E-184	563
Q28886.1	P79756.1	0.793	346	71	0	1	345	1	346	8.193E-184	563
Q28886.1	Q9YGZ5.1	0.798	343	69	0	1	343	1	343	1.123E-183	563
Q28886.1	P79898.1	0.787	343	73	0	1	343	1	343	2.151E-180	553
Q28886.1	P79812.1	0.786	343	73	0	1	343	1	343	4.039E-180	552
Q28886.1	P79807.1	0.790	340	71	0	4	343	1	339	1.423E-179	551
Q28886.1	P79901.1	0.789	340	72	0	4	343	1	340	2.672E-179	550
Q28886.1	P79798.1	0.789	340	71	0	4	343	1	339	2.672E-179	550
Q28886.1	P79808.1	0.784	340	73	0	4	343	1	340	4.547E-178	546
Q28886.1	P79914.1	0.782	340	74	0	4	343	1	340	1.602E-177	545
Q28886.1	P79902.1	0.779	340	75	0	4	343	1	340	1.060E-176	542
Q28886.1	P79911.1	0.776	340	76	0	4	343	1	339	7.012E-176	540
Q28886.1	P79903.1	0.775	340	76	0	4	343	1	339	2.471E-175	539
Q28886.1	P79809.1	0.774	340	76	0	4	343	1	339	3.386E-175	538
Q28886.1	P28683.1	0.743	355	89	0	1	348	1	355	2.239E-174	536
Q28886.1	P35357.1	0.743	355	89	0	1	348	1	355	3.068E-174	535
Q28886.1	P32311.1	0.746	349	88	0	1	348	1	349	4.730E-172	529
Q28886.1	P51471.1	0.732	355	93	0	1	348	1	355	4.286E-171	526
Q28886.1	Q9W6A6.2	0.739	349	91	0	1	348	1	349	5.321E-170	523
Q28886.1	Q8AYM7.1	0.734	349	92	0	1	348	1	349	1.240E-168	519
Q28886.1	P32312.1	0.733	349	93	0	1	348	1	349	3.188E-168	518
Q28886.1	P51474.1	0.718	345	97	0	1	345	4	348	6.205E-162	500
Q28886.1	Q8AYM8.1	0.709	349	101	0	1	348	1	349	1.595E-161	499
Q28886.1	Q9W6A5.2	0.703	349	103	0	1	348	1	349	1.308E-159	493
Q28886.1	P28682.1	0.555	349	151	0	8	348	13	361	2.889E-117	371
Q28886.1	P51472.1	0.551	343	152	0	8	347	11	353	5.434E-114	361
Q28886.1	P32310.1	0.539	340	156	0	8	347	10	349	1.722E-109	348
Q28886.1	P87365.1	0.522	340	162	0	8	347	12	351	1.018E-104	334
Q28886.1	Q9W6A8.1	0.519	340	163	0	8	347	13	352	6.691E-104	332
Q28886.1	P51473.1	0.501	345	171	0	5	348	3	347	2.336E-100	322
Q28886.1	P28684.1	0.505	338	165	0	8	345	6	339	2.100E-99	319
Q28886.1	O57605.1	0.495	345	171	0	1	345	1	339	1.008E-98	317
Q28886.1	P51491.1	0.486	345	173	0	1	345	1	338	3.900E-96	310
Q28886.1	P51475.1	0.525	312	147	0	23	334	16	326	5.336E-96	309
Q28886.1	O13092.1	0.487	343	175	0	5	347	6	348	7.302E-96	309
Q28886.1	P03999.2	0.493	337	168	0	9	345	6	337	9.991E-96	308
Q28886.1	P60015.1	0.493	337	168	0	9	345	9	340	9.991E-96	308
Q28886.1	P51476.1	0.524	307	145	0	23	329	18	323	3.143E-94	304
Q28886.1	Q63652.2	0.477	345	176	0	1	345	1	338	1.101E-93	302
Q28886.1	Q9W6A9.2	0.483	335	170	0	11	345	6	334	1.849E-92	299
Q28886.1	Q90309.1	0.485	333	168	0	13	345	8	334	3.461E-92	298
Q28886.1	P51490.1	0.476	336	173	0	10	345	10	341	7.946E-91	294
Q28886.1	P87368.1	0.466	338	176	0	6	343	2	331	1.194E-88	288
Q28886.1	Q9BGI7.1	0.457	342	182	0	4	345	23	358	2.738E-87	284
Q28886.1	O18912.2	0.457	342	182	0	4	345	23	358	3.744E-87	284
Q28886.1	Q95170.1	0.455	342	183	0	4	345	23	358	1.310E-86	282
Q28886.1	O18914.2	0.455	342	183	0	4	345	23	358	1.310E-86	282
Q28886.1	P04001.1	0.453	342	183	0	4	345	23	358	6.270E-86	280
Q28886.1	P35358.1	0.465	329	174	0	17	345	32	357	1.173E-85	279
Q28886.1	O18913.2	0.461	332	175	0	14	345	33	358	1.604E-85	279
Q28886.1	O18910.2	0.451	342	184	0	4	345	23	358	2.194E-85	278
Q28886.1	P04000.2	0.449	342	185	0	4	345	23	358	7.674E-85	277
Q28886.1	P34989.1	0.450	340	183	0	4	343	16	349	1.049E-84	276
Q28886.1	O35476.2	0.448	342	185	0	4	345	18	353	1.435E-84	276
Q28886.1	O35478.2	0.448	342	185	0	4	345	23	358	1.435E-84	276
Q28886.1	P87367.1	0.444	345	187	0	4	348	20	357	1.963E-84	276
Q28886.1	O35599.1	0.455	332	177	0	14	345	28	353	9.387E-84	274
Q28886.1	Q9R024.1	0.445	342	186	0	4	345	23	358	9.387E-84	274
Q28886.1	O42490.1	0.477	310	160	0	14	323	25	331	2.400E-83	273
Q28886.1	Q9W6A7.1	0.445	336	183	0	13	348	27	357	2.934E-82	269
Q28886.1	P41592.1	0.448	333	181	0	13	345	33	361	2.934E-82	269
Q28886.1	Q8AYN0.1	0.444	336	183	0	13	348	26	356	5.486E-82	269
Q28886.1	P22329.1	0.446	333	181	0	13	345	27	354	1.026E-81	268
Q28886.1	O12948.1	0.446	333	182	0	13	345	29	357	1.402E-81	267
Q28886.1	P22332.2	0.442	336	184	0	13	348	27	357	1.918E-81	267
Q28886.1	P32313.1	0.441	336	184	0	13	348	27	357	3.585E-81	266
Q28886.1	P22330.1	0.436	330	184	0	13	342	27	353	4.767E-78	257
Q28886.1	P22331.1	0.434	330	185	0	13	342	25	351	1.218E-77	256
Q28886.1	O18911.1	0.474	273	143	0	32	304	1	273	1.550E-71	238
Q9BGI7.1	Q9BGI7.1	0.977	364	8	0	1	364	1	364	9.345E-249	751
Q9BGI7.1	Q95170.1	0.970	364	11	0	1	364	1	364	7.701E-247	746
Q9BGI7.1	O18912.2	0.947	364	19	0	1	364	1	364	1.006E-239	725
Q9BGI7.1	O18914.2	0.938	364	23	0	1	364	1	364	2.924E-237	718
Q9BGI7.1	O18913.2	0.929	364	26	0	1	364	1	364	2.186E-234	710
Q9BGI7.1	O35478.2	0.912	364	32	0	1	364	1	364	1.844E-229	696
Q9BGI7.1	O18910.2	0.910	364	33	0	1	364	1	364	8.909E-229	694
Q9BGI7.1	P04000.2	0.906	364	34	0	1	364	1	364	1.518E-227	690
Q9BGI7.1	P04001.1	0.901	364	36	0	1	364	1	364	4.858E-226	686
Q9BGI7.1	Q9R024.1	0.890	364	40	0	1	364	1	364	1.280E-222	676
Q9BGI7.1	P34989.1	0.922	349	27	0	9	357	2	350	2.403E-222	675
Q9BGI7.1	O35476.2	0.903	357	35	0	8	364	3	359	4.512E-222	674
Q9BGI7.1	O35599.1	0.898	357	36	0	8	364	3	359	1.443E-220	670
Q9BGI7.1	P41592.1	0.864	347	47	0	20	364	23	369	2.749E-204	623
Q9BGI7.1	P22329.1	0.861	346	48	0	20	364	17	362	4.681E-203	619
Q9BGI7.1	P87367.1	0.813	358	66	0	1	358	1	354	4.428E-196	599
Q9BGI7.1	P32313.1	0.808	358	68	0	1	358	1	354	7.536E-195	596
Q9BGI7.1	O12948.1	0.829	347	59	0	20	364	19	365	2.656E-194	594
Q9BGI7.1	Q9W6A7.1	0.804	358	69	0	1	358	1	354	1.757E-193	592
Q9BGI7.1	P22332.2	0.796	358	72	0	1	358	1	354	3.714E-191	585
Q9BGI7.1	Q8AYN0.1	0.831	339	57	0	20	358	16	353	2.457E-190	583
Q9BGI7.1	P35358.1	0.780	365	80	0	1	364	1	365	3.366E-190	582
Q9BGI7.1	O18911.1	0.973	273	7	0	48	320	1	273	5.955E-183	561
Q9BGI7.1	P22331.1	0.800	340	68	0	20	359	15	353	3.938E-182	559
Q9BGI7.1	P22330.1	0.791	340	71	0	20	359	17	355	1.560E-179	552
Q9BGI7.1	P51476.1	0.563	302	131	0	35	336	14	314	1.029E-101	327
Q9BGI7.1	P51475.1	0.553	303	135	0	34	336	11	312	8.289E-100	321
Q9BGI7.1	Q9W6A9.2	0.499	321	160	0	39	359	16	335	4.723E-92	299
Q9BGI7.1	O13227.1	0.467	347	182	0	23	364	4	350	3.091E-91	296
Q9BGI7.1	Q90215.1	0.463	349	183	0	23	364	4	352	1.081E-90	295
Q9BGI7.1	P35359.2	0.459	351	184	0	23	364	4	354	3.782E-90	293
Q9BGI7.1	Q90214.1	0.457	349	185	0	23	364	4	352	8.651E-89	289
Q9BGI7.1	P79808.1	0.455	348	186	0	23	364	1	348	5.656E-88	287
Q9BGI7.1	Q8HY69.2	0.461	342	181	0	23	358	4	345	5.656E-88	287
Q9BGI7.1	P56515.1	0.452	351	187	0	23	364	4	354	5.656E-88	287
Q9BGI7.1	O13092.1	0.476	327	170	0	35	360	17	343	7.734E-88	286
Q9BGI7.1	Q9YGZ0.1	0.454	348	186	0	23	364	4	351	7.734E-88	286
Q9BGI7.1	P22671.1	0.452	350	187	0	23	364	4	353	7.734E-88	286
Q9BGI7.1	P79903.1	0.455	347	186	0	23	364	1	347	1.058E-87	286
Q9BGI7.1	P79807.1	0.453	349	187	0	23	364	1	349	1.058E-87	286
Q9BGI7.1	P41590.1	0.453	349	187	0	23	364	4	352	1.058E-87	286
Q9BGI7.1	Q63652.2	0.462	339	182	0	22	360	2	340	1.446E-87	286
Q9BGI7.1	Q28886.1	0.458	342	182	0	23	358	4	345	2.704E-87	285
Q9BGI7.1	P79901.1	0.452	348	187	0	23	364	1	348	2.704E-87	285
Q9BGI7.1	P51490.1	0.479	323	167	0	39	360	21	343	2.704E-87	285
Q9BGI7.1	Q90309.1	0.468	332	176	0	28	359	4	335	3.697E-87	284
Q9BGI7.1	P79902.1	0.452	348	187	0	23	364	1	348	3.697E-87	284
Q9BGI7.1	P79911.1	0.452	347	187	0	23	364	1	347	5.055E-87	284
Q9BGI7.1	P79809.1	0.466	334	177	0	33	364	14	347	5.055E-87	284
Q9BGI7.1	P79812.1	0.451	348	187	0	23	364	4	351	5.055E-87	284
Q9BGI7.1	P49912.1	0.457	342	182	0	23	358	4	345	6.912E-87	284
Q9BGI7.1	P08100.1	0.457	342	182	0	23	358	4	345	6.912E-87	284
Q9BGI7.1	O93441.1	0.448	351	188	0	23	364	4	354	6.912E-87	284
Q9BGI7.1	P32309.1	0.448	351	188	0	23	364	4	354	9.451E-87	283
Q9BGI7.1	P79863.1	0.448	351	188	0	23	364	4	354	9.451E-87	283
Q9BGI7.1	P51488.1	0.447	351	189	0	23	364	4	354	1.292E-86	283
Q9BGI7.1	P79848.1	0.447	351	189	0	23	364	4	354	1.292E-86	283
Q9BGI7.1	P79914.1	0.450	348	188	0	23	364	1	348	1.767E-86	282
Q9BGI7.1	O62796.1	0.455	342	183	0	23	358	4	345	1.767E-86	282
Q9BGI7.1	P29403.1	0.447	351	189	0	23	364	4	354	1.767E-86	282
Q9BGI7.1	O57605.1	0.469	329	172	0	39	363	18	346	2.416E-86	282
Q9BGI7.1	P32308.1	0.455	342	183	0	23	358	4	345	2.416E-86	282
Q9BGI7.1	P79898.1	0.449	348	188	0	23	364	4	351	2.416E-86	282
Q9BGI7.1	P28683.1	0.445	352	189	0	23	364	4	355	2.416E-86	282
Q9BGI7.1	P02699.1	0.454	342	183	0	23	358	4	345	4.516E-86	281
Q9BGI7.1	Q98980.1	0.446	350	189	0	23	364	4	353	4.516E-86	281
Q9BGI7.1	P51470.1	0.445	351	189	0	23	364	4	354	4.516E-86	281
Q9BGI7.1	P51489.1	0.454	342	183	0	23	358	4	345	6.175E-86	281
Q9BGI7.1	O93459.1	0.445	351	189	0	23	364	4	354	6.175E-86	281
Q9BGI7.1	P02700.2	0.453	342	183	0	23	358	4	345	8.442E-86	280
Q9BGI7.1	Q769E8.1	0.453	342	183	0	23	358	4	345	1.154E-85	280
Q9BGI7.1	Q95KU1.1	0.453	342	183	0	23	358	4	345	1.154E-85	280
Q9BGI7.1	P22328.1	0.447	348	189	0	23	364	4	351	1.154E-85	280
Q9BGI7.1	P03999.2	0.468	327	173	0	35	360	13	339	1.578E-85	280
Q9BGI7.1	P60015.1	0.468	327	173	0	35	360	16	342	1.578E-85	280
Q9BGI7.1	P79756.1	0.443	351	190	0	23	364	4	354	1.578E-85	280
Q9BGI7.1	P31355.1	0.443	351	190	0	23	364	4	354	1.578E-85	280
Q9BGI7.1	O18766.1	0.452	342	184	0	23	358	4	345	2.158E-85	279
Q9BGI7.1	P56514.1	0.443	351	190	0	23	364	4	354	2.158E-85	279
Q9BGI7.1	Q9W6A6.2	0.449	344	185	0	23	359	4	347	4.033E-85	278
Q9BGI7.1	Q9YGZ2.1	0.444	349	190	0	23	364	4	352	4.033E-85	278
Q9BGI7.1	P87369.1	0.442	351	190	0	23	364	4	354	4.033E-85	278
Q9BGI7.1	P28681.1	0.450	342	184	0	23	358	4	345	5.514E-85	278
Q9BGI7.1	P32311.1	0.448	344	185	0	23	359	4	347	5.514E-85	278
Q9BGI7.1	P56516.1	0.441	351	191	0	23	364	4	354	5.514E-85	278
Q9BGI7.1	P52202.1	0.443	349	190	0	23	364	4	352	7.538E-85	278
Q9BGI7.1	Q9YH05.1	0.442	350	190	0	23	364	4	353	7.538E-85	278
Q9BGI7.1	Q9YGZ8.1	0.442	350	190	0	23	364	4	353	7.538E-85	278
Q9BGI7.1	O62794.1	0.449	342	185	0	23	358	4	345	1.031E-84	277
Q9BGI7.1	Q9DGG4.1	0.441	350	191	0	23	364	4	353	1.031E-84	277
Q9BGI7.1	O42604.1	0.441	351	191	0	23	364	4	354	1.031E-84	277
Q9BGI7.1	Q9YGY9.1	0.442	349	190	0	23	364	4	352	1.409E-84	277
Q9BGI7.1	Q9YGZ6.1	0.441	350	191	0	23	364	4	353	1.409E-84	277
Q9BGI7.1	P28684.1	0.450	340	186	0	22	360	2	341	1.926E-84	276
Q9BGI7.1	O62795.1	0.448	342	185	0	23	358	4	345	1.926E-84	276
Q9BGI7.1	Q9YGZ3.1	0.440	351	191	0	23	364	4	354	1.926E-84	276
Q9BGI7.1	Q90245.1	0.439	351	191	0	23	364	4	354	2.633E-84	276
Q9BGI7.1	P35357.1	0.438	352	192	0	23	364	4	355	2.633E-84	276
Q9BGI7.1	P15409.2	0.447	342	185	0	23	358	4	345	3.600E-84	276
Q9BGI7.1	P79798.1	0.441	349	191	0	23	364	1	349	3.600E-84	276
Q9BGI7.1	P41591.1	0.441	349	191	0	23	364	4	352	3.600E-84	276
Q9BGI7.1	Q6W3E1.1	0.446	342	186	0	23	358	4	345	6.728E-84	275
Q9BGI7.1	P51491.1	0.449	339	186	0	22	360	2	340	9.198E-84	274
Q9BGI7.1	Q8AYM7.1	0.443	344	187	0	23	359	4	347	1.257E-83	274
Q9BGI7.1	Q9YGZ5.1	0.438	350	192	0	23	364	4	353	1.257E-83	274
Q9BGI7.1	Q68J47.1	0.444	342	186	0	23	358	4	345	3.212E-83	273
Q9BGI7.1	P32310.1	0.457	328	177	0	32	358	20	347	4.391E-83	273
Q9BGI7.1	O62791.1	0.443	342	187	0	23	358	4	345	6.003E-83	272
Q9BGI7.1	O62793.1	0.442	342	187	0	23	358	4	345	8.206E-83	272
Q9BGI7.1	P51472.1	0.436	348	194	0	14	358	4	351	1.533E-82	271
Q9BGI7.1	P28682.1	0.451	332	178	0	39	364	30	361	1.533E-82	271
Q9BGI7.1	P32312.1	0.439	344	188	0	23	359	4	347	2.096E-82	271
Q9BGI7.1	P87368.1	0.450	332	181	0	25	356	2	331	2.865E-82	270
Q9BGI7.1	P51471.1	0.430	352	194	0	23	364	4	355	5.354E-82	269
Q9BGI7.1	O62798.1	0.439	342	188	0	23	358	4	345	7.318E-82	269
Q9BGI7.1	P51474.1	0.434	347	192	0	24	364	8	354	7.318E-82	269
Q9BGI7.1	Q9W6A8.1	0.456	325	176	0	35	358	26	350	7.318E-82	269
Q9BGI7.1	Q9W6A5.2	0.437	344	189	0	23	359	4	347	1.000E-81	269
Q9BGI7.1	O62792.1	0.436	342	189	0	23	358	4	345	4.772E-81	267
Q9BGI7.1	Q8AYM8.1	0.433	344	191	0	23	359	4	347	1.219E-80	265
Q9BGI7.1	P51473.1	0.442	334	184	0	35	364	14	347	1.665E-80	265
Q9BGI7.1	P87365.1	0.437	329	184	0	31	358	21	349	6.295E-78	258
Q9BGI7.1	O42490.1	0.469	299	157	0	38	336	33	328	1.175E-77	257
P32309.1	P32309.1	0.986	354	5	0	1	354	1	354	1.919E-244	738
P32309.1	P51488.1	0.954	354	16	0	1	354	1	354	3.886E-235	711
P32309.1	P35359.2	0.927	354	26	0	1	354	1	354	3.363E-227	689
P32309.1	P79848.1	0.882	354	42	0	1	354	1	354	3.357E-214	651
P32309.1	P87369.1	0.876	354	44	0	1	354	1	354	2.017E-212	646
P32309.1	Q9YGY9.1	0.871	354	45	0	1	354	1	352	4.709E-211	642
P32309.1	Q9DGG4.1	0.871	354	45	0	1	354	1	353	4.709E-211	642
P32309.1	P79756.1	0.871	354	46	0	1	354	1	354	6.453E-211	642
P32309.1	Q9YGZ0.1	0.868	354	46	0	1	354	1	351	4.272E-210	639
P32309.1	Q9YGZ2.1	0.868	354	46	0	1	354	1	352	4.272E-210	639
P32309.1	Q9YGZ3.1	0.868	354	47	0	1	354	1	354	4.272E-210	639
P32309.1	P41590.1	0.865	354	47	0	1	354	1	352	2.829E-209	637
P32309.1	O42604.1	0.865	354	48	0	1	354	1	354	2.829E-209	637
P32309.1	Q9YGZ6.1	0.856	354	51	0	1	354	1	353	1.541E-206	629
P32309.1	Q9YH05.1	0.856	354	51	0	1	354	1	353	1.541E-206	629
P32309.1	Q9YGZ8.1	0.852	354	52	0	1	354	1	353	1.916E-205	626
P32309.1	Q9YGZ5.1	0.846	354	54	0	1	354	1	353	8.396E-204	621
P32309.1	Q90215.1	0.843	354	55	0	1	354	1	352	7.615E-203	618
P32309.1	Q90214.1	0.838	354	57	0	1	354	1	352	1.777E-201	614
P32309.1	P79807.1	0.840	351	56	0	4	354	1	349	4.147E-200	610
P32309.1	O13227.1	0.829	354	60	0	1	354	1	350	9.677E-199	606
P32309.1	P79898.1	0.827	354	61	0	1	354	1	351	3.411E-198	605
P32309.1	P79798.1	0.833	351	58	0	4	354	1	349	4.674E-198	604
P32309.1	P79901.1	0.824	351	61	0	4	354	1	348	1.857E-195	597
P32309.1	P79914.1	0.822	351	62	0	4	354	1	348	4.777E-195	596
P32309.1	P79902.1	0.821	351	62	0	4	354	1	348	1.229E-194	595
P32309.1	P79812.1	0.815	354	65	0	1	354	1	351	1.229E-194	595
P32309.1	O93459.1	0.814	354	66	0	1	354	1	354	3.162E-194	593
P32309.1	P79808.1	0.817	351	64	0	4	354	1	348	1.527E-193	591
P32309.1	O62796.1	0.826	346	60	0	1	346	1	345	2.867E-193	591
P32309.1	Q769E8.1	0.825	346	60	0	1	346	1	345	7.375E-193	589
P32309.1	P79863.1	0.809	354	67	0	1	354	1	354	7.375E-193	589
P32309.1	P79809.1	0.811	351	65	0	4	354	1	347	1.256E-191	586
P32309.1	P02699.1	0.820	346	62	0	1	346	1	345	1.720E-191	586
P32309.1	Q95KU1.1	0.820	346	62	0	1	346	1	345	2.357E-191	585
P32309.1	O93441.1	0.803	354	70	0	1	354	1	354	3.230E-191	585
P32309.1	P52202.1	0.802	354	69	0	1	354	1	352	6.064E-191	584
P32309.1	P32308.1	0.818	346	63	0	1	346	1	345	8.308E-191	584
P32309.1	P49912.1	0.817	346	63	0	1	346	1	345	1.138E-190	583
P32309.1	P51489.1	0.817	346	63	0	1	346	1	345	1.560E-190	583
P32309.1	P22328.1	0.800	354	70	0	1	354	1	351	2.137E-190	582
P32309.1	P51470.1	0.800	354	71	0	1	354	1	354	2.137E-190	582
P32309.1	Q68J47.1	0.815	346	64	0	1	346	1	345	5.498E-190	581
P32309.1	P79903.1	0.804	351	68	0	4	354	1	347	7.533E-190	581
P32309.1	P56515.1	0.799	354	71	0	1	354	1	354	7.533E-190	581
P32309.1	Q28886.1	0.814	346	64	0	1	346	1	345	1.032E-189	580
P32309.1	P28681.1	0.814	346	64	0	1	346	1	345	1.032E-189	580
P32309.1	O18766.1	0.814	346	64	0	1	346	1	345	1.032E-189	580
P32309.1	P31355.1	0.798	354	71	0	1	354	1	354	1.032E-189	580
P32309.1	P15409.2	0.813	346	64	0	1	346	1	345	1.414E-189	580
P32309.1	P29403.1	0.798	354	71	0	1	354	1	354	1.414E-189	580
P32309.1	O62794.1	0.812	346	65	0	1	346	1	345	2.655E-189	579
P32309.1	P79911.1	0.802	351	69	0	4	354	1	347	3.638E-189	579
P32309.1	P08100.1	0.812	346	65	0	1	346	1	345	3.638E-189	579
P32309.1	Q90245.1	0.795	354	72	0	1	354	1	354	9.358E-189	578
P32309.1	O62795.1	0.810	346	65	0	1	346	1	345	1.282E-188	577
P32309.1	Q6W3E1.1	0.809	346	66	0	1	346	1	345	2.407E-188	576
P32309.1	O62791.1	0.808	346	66	0	1	346	1	345	6.192E-188	575
P32309.1	O62798.1	0.807	346	66	0	1	346	1	345	1.162E-187	574
P32309.1	P56516.1	0.790	354	74	0	1	354	1	354	2.182E-187	574
P32309.1	P56514.1	0.790	354	74	0	1	354	1	354	2.990E-187	573
P32309.1	P02700.2	0.804	346	67	0	1	346	1	345	5.614E-187	572
P32309.1	O62792.1	0.804	346	67	0	1	346	1	345	7.691E-187	572
P32309.1	Q8HY69.2	0.802	346	68	0	1	346	1	345	1.978E-186	571
P32309.1	P41591.1	0.786	354	75	0	1	354	1	352	3.714E-186	570
P32309.1	Q98980.1	0.785	354	76	0	1	354	1	353	6.973E-186	569
P32309.1	O62793.1	0.800	346	69	0	1	346	1	345	1.309E-185	569
P32309.1	P22671.1	0.783	354	76	0	1	354	1	353	3.367E-185	567
P32309.1	P28683.1	0.714	355	101	0	1	354	1	355	1.205E-165	511
P32309.1	P51471.1	0.711	355	102	0	1	354	1	355	1.091E-164	508
P32309.1	P35357.1	0.696	355	107	0	1	354	1	355	1.886E-160	496
P32309.1	Q9W6A6.2	0.700	347	104	0	1	347	1	347	7.458E-158	488
P32309.1	Q8AYM7.1	0.697	347	105	0	1	347	1	347	9.248E-157	485
P32309.1	P32311.1	0.688	347	108	0	1	347	1	347	1.947E-154	479
P32309.1	P32312.1	0.688	347	108	0	1	347	1	347	1.947E-154	479
P32309.1	Q9W6A5.2	0.684	347	109	0	1	347	1	347	3.307E-153	475
P32309.1	P51474.1	0.663	354	118	0	1	354	4	354	1.788E-150	467
P32309.1	Q8AYM8.1	0.673	347	113	0	1	347	1	347	6.295E-150	466
P32309.1	P28682.1	0.537	348	160	0	9	354	14	361	1.060E-111	355
P32309.1	P51472.1	0.540	340	155	0	9	346	12	351	1.176E-109	349
P32309.1	P32310.1	0.531	338	158	0	9	346	11	347	2.197E-106	340
P32309.1	P51473.1	0.491	350	175	0	5	354	3	347	3.654E-99	319
P32309.1	Q9W6A8.1	0.504	338	167	0	9	346	14	350	5.000E-99	318
P32309.1	P87365.1	0.498	340	170	0	7	346	11	349	8.405E-98	315
P32309.1	P28684.1	0.487	347	175	0	7	353	5	346	4.030E-97	313
P32309.1	O57605.1	0.498	336	167	0	18	353	13	346	1.032E-96	312
P32309.1	P51475.1	0.533	305	142	0	23	327	16	319	1.734E-95	308
P32309.1	P51476.1	0.523	305	145	0	23	327	18	321	3.571E-93	301
P32309.1	P51491.1	0.473	347	179	0	7	353	5	345	4.885E-93	301
P32309.1	O13092.1	0.469	349	182	0	5	353	6	348	1.711E-92	299
P32309.1	P03999.2	0.485	331	168	0	23	353	17	344	1.121E-91	297
P32309.1	Q63652.2	0.468	347	181	0	7	353	5	345	1.121E-91	297
P32309.1	P60015.1	0.485	331	168	0	23	353	20	347	1.121E-91	297
P32309.1	P51490.1	0.476	331	171	0	23	353	21	348	3.149E-89	290
P32309.1	O18912.2	0.448	353	189	0	2	354	21	364	1.349E-87	285
P32309.1	O18914.2	0.450	351	188	0	4	354	23	364	1.349E-87	285
P32309.1	Q9BGI7.1	0.449	351	188	0	4	354	23	364	2.523E-87	284
P32309.1	O18913.2	0.445	353	190	0	2	354	21	364	8.825E-87	283
P32309.1	Q95170.1	0.447	351	189	0	4	354	23	364	1.207E-86	282
P32309.1	P04001.1	0.444	353	191	0	2	354	21	364	1.650E-86	282
P32309.1	Q9W6A9.2	0.456	341	181	0	7	347	2	335	2.257E-86	282
P32309.1	P35358.1	0.442	351	191	0	4	354	22	365	2.760E-85	278
P32309.1	O35478.2	0.439	353	192	0	2	354	21	364	5.161E-85	278
P32309.1	P04000.2	0.439	353	192	0	2	354	21	364	5.161E-85	278
P32309.1	Q9R024.1	0.438	353	193	0	2	354	21	364	1.320E-84	276
P32309.1	O35476.2	0.437	353	193	0	2	354	16	359	2.467E-84	276
P32309.1	O18910.2	0.437	353	193	0	2	354	21	364	2.467E-84	276
P32309.1	P87368.1	0.450	339	181	0	6	344	2	331	3.374E-84	275
P32309.1	P34989.1	0.443	344	187	0	2	345	14	350	8.626E-84	274
P32309.1	Q90309.1	0.461	326	172	0	22	347	15	335	1.179E-83	274
P32309.1	O12948.1	0.435	351	194	0	4	354	22	365	2.205E-83	273
P32309.1	O35599.1	0.433	353	194	0	2	354	16	359	3.015E-83	273
P32309.1	P41592.1	0.432	351	195	0	4	354	26	369	1.970E-82	270
P32309.1	P22329.1	0.430	351	195	0	4	354	20	362	6.882E-82	269
P32309.1	P87367.1	0.432	343	190	0	4	346	20	354	2.146E-80	264
P32309.1	Q8AYN0.1	0.430	343	190	0	4	346	19	353	7.493E-80	263
P32309.1	P32313.1	0.429	343	191	0	4	346	20	354	1.914E-79	261
P32309.1	Q9W6A7.1	0.425	343	192	0	4	346	20	354	1.707E-78	259
P32309.1	P22332.2	0.440	326	179	0	21	346	34	354	5.957E-78	257
P32309.1	O42490.1	0.470	292	153	0	32	323	42	331	3.459E-76	252
P32309.1	P22331.1	0.429	327	183	0	21	347	32	353	2.253E-75	250
P32309.1	P22330.1	0.428	327	184	0	21	347	34	355	5.749E-75	248
P32309.1	O18911.1	0.484	269	138	0	35	303	4	272	1.584E-72	241
O35476.2	O35476.2	0.973	359	10	0	1	359	1	359	4.558E-244	737
O35476.2	O35599.1	0.964	359	13	0	1	359	1	359	1.816E-241	730
O35476.2	O35478.2	0.917	357	30	0	3	359	8	364	2.811E-226	686
O35476.2	O18910.2	0.916	357	30	0	3	359	8	364	7.233E-226	685
O35476.2	Q9R024.1	0.917	355	29	0	5	359	10	364	4.790E-225	683
O35476.2	Q95170.1	0.907	357	33	0	3	359	8	364	2.878E-223	677
O35476.2	O18912.2	0.905	357	34	0	3	359	8	364	1.015E-222	676
O35476.2	Q9BGI7.1	0.904	357	34	0	3	359	8	364	1.906E-222	675
O35476.2	P04000.2	0.902	357	35	0	3	359	8	364	9.210E-222	673
O35476.2	O18914.2	0.900	357	36	0	3	359	8	364	2.370E-221	672
O35476.2	O18913.2	0.900	357	36	0	3	359	8	364	3.248E-221	672
O35476.2	P04001.1	0.899	357	36	0	3	359	8	364	4.450E-221	671
O35476.2	P34989.1	0.907	348	32	0	5	352	3	350	1.606E-217	661
O35476.2	P22329.1	0.859	346	49	0	15	359	17	362	2.464E-202	617
O35476.2	P41592.1	0.855	347	50	0	15	359	23	369	4.627E-202	616
O35476.2	O12948.1	0.828	347	59	0	15	359	19	365	2.898E-194	594
O35476.2	P87367.1	0.835	339	56	0	15	353	17	354	1.576E-191	586
O35476.2	P32313.1	0.835	339	56	0	15	353	17	354	1.576E-191	586
O35476.2	P35358.1	0.815	347	64	0	15	359	19	365	1.429E-190	583
O35476.2	Q9W6A7.1	0.831	339	57	0	15	353	17	354	2.683E-190	582
O35476.2	Q8AYN0.1	0.825	339	59	0	15	353	16	353	1.609E-188	577
O35476.2	P22332.2	0.823	339	60	0	15	353	17	354	4.139E-188	576
O35476.2	P22331.1	0.791	342	71	0	13	354	13	353	1.004E-180	555
O35476.2	P22330.1	0.782	340	74	0	15	354	17	355	3.605E-177	544
O35476.2	O18911.1	0.930	273	19	0	43	315	1	273	1.772E-173	534
O35476.2	P51476.1	0.570	302	129	0	30	331	14	314	1.044E-103	332
O35476.2	P51475.1	0.562	303	132	0	29	331	11	312	6.159E-102	327
O35476.2	O13092.1	0.492	327	165	0	30	355	17	343	3.890E-92	299
O35476.2	Q9W6A9.2	0.494	321	161	0	34	354	16	335	6.518E-91	295
O35476.2	P51490.1	0.490	324	164	0	33	355	20	343	1.219E-90	294
O35476.2	O13227.1	0.461	347	184	0	18	359	4	350	1.493E-89	291
O35476.2	Q63652.2	0.481	327	169	0	30	355	14	340	2.792E-89	290
O35476.2	O57605.1	0.472	335	174	0	28	358	12	346	3.819E-89	290
O35476.2	P03999.2	0.480	327	169	0	30	355	13	339	5.223E-89	289
O35476.2	P60015.1	0.480	327	169	0	30	355	16	342	5.223E-89	289
O35476.2	P28684.1	0.466	335	178	0	22	355	7	341	1.634E-87	285
O35476.2	Q9YGZ0.1	0.453	348	187	0	18	359	4	351	1.634E-87	285
O35476.2	Q8HY69.2	0.467	333	175	0	25	353	13	345	4.179E-87	284
O35476.2	Q90214.1	0.451	349	187	0	18	359	4	352	4.179E-87	284
O35476.2	Q90215.1	0.450	349	188	0	18	359	4	352	7.814E-87	283
O35476.2	P79903.1	0.468	330	174	0	32	359	18	347	1.461E-86	282
O35476.2	Q90309.1	0.465	332	177	0	23	354	4	335	2.732E-86	282
O35476.2	P35359.2	0.445	351	189	0	18	359	4	354	3.736E-86	281
O35476.2	P22671.1	0.446	350	189	0	18	359	4	353	5.108E-86	281
O35476.2	P51491.1	0.469	327	173	0	30	355	14	340	6.985E-86	280
O35476.2	P79911.1	0.465	330	175	0	32	359	18	347	6.985E-86	280
O35476.2	P56515.1	0.443	351	190	0	18	359	4	354	1.306E-85	280
O35476.2	P28682.1	0.462	332	175	0	34	359	30	361	1.786E-85	279
O35476.2	P49912.1	0.451	342	184	0	18	353	4	345	2.442E-85	279
O35476.2	P08100.1	0.461	332	175	0	28	353	14	345	2.442E-85	279
O35476.2	P32310.1	0.466	328	174	0	27	353	20	347	2.442E-85	279
O35476.2	P51470.1	0.442	351	190	0	18	359	4	354	2.442E-85	279
O35476.2	Q28886.1	0.461	332	175	0	28	353	14	345	3.338E-85	278
O35476.2	Q9W6A6.2	0.449	344	185	0	18	354	4	347	3.338E-85	278
O35476.2	P41590.1	0.444	349	190	0	18	359	4	352	3.338E-85	278
O35476.2	P28683.1	0.450	342	182	0	28	359	14	355	4.565E-85	278
O35476.2	P28681.1	0.460	332	175	0	28	353	14	345	6.241E-85	278
O35476.2	P31355.1	0.441	351	191	0	18	359	4	354	6.241E-85	278
O35476.2	Q95KU1.1	0.459	332	176	0	28	353	14	345	8.534E-85	277
O35476.2	Q8AYM7.1	0.447	344	186	0	18	354	4	347	8.534E-85	277
O35476.2	P51472.1	0.459	332	177	0	26	353	20	351	8.534E-85	277
O35476.2	P51489.1	0.466	325	171	0	32	353	21	345	1.167E-84	277
O35476.2	P02699.1	0.459	332	176	0	28	353	14	345	1.167E-84	277
O35476.2	P32308.1	0.458	332	176	0	28	353	14	345	1.595E-84	276
O35476.2	P79914.1	0.459	331	177	0	32	359	18	348	1.595E-84	276
O35476.2	P79901.1	0.459	331	177	0	32	359	18	348	1.595E-84	276
O35476.2	P79807.1	0.441	349	191	0	18	359	1	349	1.595E-84	276
O35476.2	Q98980.1	0.441	350	191	0	18	359	4	353	1.595E-84	276
O35476.2	O62796.1	0.458	332	176	0	28	353	14	345	2.181E-84	276
O35476.2	P79808.1	0.459	331	177	0	32	359	18	348	2.181E-84	276
O35476.2	O18766.1	0.458	332	176	0	28	353	14	345	2.181E-84	276
O35476.2	P32311.1	0.446	344	186	0	18	354	4	347	2.181E-84	276
O35476.2	P51488.1	0.439	351	191	0	18	359	4	354	2.181E-84	276
O35476.2	P56516.1	0.439	351	191	0	18	359	4	354	2.982E-84	276
O35476.2	P32309.1	0.439	351	191	0	18	359	4	354	2.982E-84	276
O35476.2	P79848.1	0.455	334	178	0	32	359	21	354	2.982E-84	276
O35476.2	P41591.1	0.440	349	191	0	18	359	4	352	4.077E-84	275
O35476.2	P87368.1	0.458	330	177	0	22	351	5	331	5.575E-84	275
O35476.2	P79809.1	0.454	334	181	0	28	359	14	347	5.575E-84	275
O35476.2	Q769E8.1	0.456	332	177	0	28	353	14	345	5.575E-84	275
O35476.2	P02700.2	0.456	332	177	0	28	353	14	345	5.575E-84	275
O35476.2	P29403.1	0.438	351	192	0	18	359	4	354	5.575E-84	275
O35476.2	P51473.1	0.454	334	180	0	30	359	14	347	7.622E-84	274
O35476.2	P79902.1	0.453	335	181	0	28	359	14	348	7.622E-84	274
O35476.2	O93441.1	0.437	351	192	0	18	359	4	354	1.042E-83	274
O35476.2	P79898.1	0.439	348	191	0	18	359	4	351	1.425E-83	274
O35476.2	P52202.1	0.448	339	183	0	28	359	14	352	1.425E-83	274
O35476.2	P15409.2	0.462	325	173	0	32	353	21	345	1.948E-83	273
O35476.2	P79812.1	0.455	331	178	0	32	359	21	351	1.948E-83	273
O35476.2	P79863.1	0.436	351	192	0	18	359	4	354	1.948E-83	273
O35476.2	O62794.1	0.454	332	177	0	28	353	14	345	2.663E-83	273
O35476.2	P56514.1	0.435	351	193	0	18	359	4	354	3.641E-83	273
O35476.2	P79756.1	0.451	334	180	0	32	359	21	354	3.641E-83	273
O35476.2	Q90245.1	0.447	338	183	0	28	359	17	354	3.641E-83	273
O35476.2	O62795.1	0.453	332	178	0	28	353	14	345	4.977E-83	272
O35476.2	P22328.1	0.437	348	192	0	18	359	4	351	4.977E-83	272
O35476.2	P87369.1	0.434	351	193	0	18	359	4	354	4.977E-83	272
O35476.2	P32312.1	0.440	344	188	0	18	354	4	347	6.805E-83	272
O35476.2	Q9YGZ8.1	0.451	333	180	0	32	359	21	353	6.805E-83	272
O35476.2	O42604.1	0.450	334	180	0	32	359	21	354	6.805E-83	272
O35476.2	Q68J47.1	0.451	332	178	0	28	353	14	345	1.272E-82	271
O35476.2	Q9YGZ6.1	0.450	333	180	0	32	359	21	353	1.739E-82	271
O35476.2	Q9W6A8.1	0.437	346	194	0	8	353	5	350	1.739E-82	271
O35476.2	O62791.1	0.450	332	179	0	28	353	14	345	2.377E-82	270
O35476.2	O93459.1	0.432	351	194	0	18	359	4	354	2.377E-82	270
O35476.2	O62793.1	0.450	332	179	0	28	353	14	345	3.249E-82	270
O35476.2	Q9YH05.1	0.432	350	194	0	18	359	4	353	3.249E-82	270
O35476.2	Q9DGG4.1	0.432	350	194	0	18	359	4	353	3.249E-82	270
O35476.2	P79798.1	0.433	349	193	0	18	359	1	349	4.442E-82	269
O35476.2	P35357.1	0.439	342	186	0	28	359	14	355	4.442E-82	269
O35476.2	Q6W3E1.1	0.449	332	179	0	28	353	14	345	6.073E-82	269
O35476.2	Q9YGZ2.1	0.432	349	194	0	18	359	4	352	6.073E-82	269
O35476.2	O62798.1	0.448	332	179	0	28	353	14	345	1.135E-81	268
O35476.2	Q9YGZ5.1	0.446	333	181	0	32	359	21	353	1.551E-81	268
O35476.2	P51471.1	0.437	342	186	0	28	359	14	355	2.121E-81	267
O35476.2	O62792.1	0.446	332	180	0	28	353	14	345	3.963E-81	267
O35476.2	Q9W6A5.2	0.434	344	190	0	18	354	4	347	3.963E-81	267
O35476.2	Q9YGY9.1	0.430	349	194	0	18	359	4	352	3.963E-81	267
O35476.2	Q9YGZ3.1	0.443	334	182	0	32	359	21	354	7.405E-81	266
O35476.2	P87365.1	0.442	329	182	0	26	353	21	349	2.304E-79	261
O35476.2	Q8AYM8.1	0.427	344	193	0	18	354	4	347	4.305E-79	261
O35476.2	P51474.1	0.433	338	188	0	28	359	17	354	4.305E-79	261
O35476.2	O42490.1	0.464	307	163	0	26	331	22	328	8.042E-79	260
O18913.2	O18913.2	0.977	364	8	0	1	364	1	364	9.345E-249	751
O18913.2	O18912.2	0.946	364	20	0	1	364	1	364	1.379E-239	725
O18913.2	O18914.2	0.945	364	20	0	1	364	1	364	2.590E-239	724
O18913.2	Q9BGI7.1	0.930	364	25	0	1	364	1	364	1.164E-234	711
O18913.2	Q95170.1	0.929	364	26	0	1	364	1	364	1.595E-234	710
O18913.2	O18910.2	0.917	364	30	0	1	364	1	364	7.895E-231	700
O18913.2	O35478.2	0.917	364	30	0	1	364	1	364	1.082E-230	699
O18913.2	P04000.2	0.915	364	31	0	1	364	1	364	3.815E-230	698
O18913.2	P04001.1	0.908	364	33	0	1	364	1	364	3.142E-228	692
O18913.2	Q9R024.1	0.891	364	40	0	1	364	1	364	6.814E-223	677
O18913.2	P34989.1	0.924	349	26	0	9	357	2	350	9.337E-223	676
O18913.2	O35476.2	0.900	357	36	0	8	364	3	359	2.987E-221	672
O18913.2	O35599.1	0.897	357	37	0	8	364	3	359	2.710E-220	669
O18913.2	P41592.1	0.878	347	42	0	20	364	23	369	1.580E-208	635
O18913.2	P22329.1	0.870	346	45	0	20	364	17	362	1.615E-205	627
O18913.2	O12948.1	0.842	347	54	0	20	364	19	365	5.387E-198	605
O18913.2	P87367.1	0.807	364	69	0	1	364	1	357	7.381E-198	604
O18913.2	P32313.1	0.801	364	71	0	1	364	1	357	6.067E-196	599
O18913.2	Q9W6A7.1	0.798	364	72	0	1	364	1	357	2.930E-195	597
O18913.2	P35358.1	0.785	365	78	0	1	364	1	365	7.691E-192	587
O18913.2	Q8AYN0.1	0.824	345	60	0	20	364	16	356	1.054E-191	587
O18913.2	P22332.2	0.786	364	76	0	1	364	1	357	1.054E-191	587
O18913.2	P22331.1	0.810	340	64	0	20	359	15	353	5.293E-185	567
O18913.2	P22330.1	0.791	340	71	0	20	359	17	355	1.139E-179	552
O18913.2	O18911.1	0.954	273	13	0	48	320	1	273	7.532E-179	550
O18913.2	P51475.1	0.559	303	133	0	34	336	11	312	3.606E-101	325
O18913.2	P51476.1	0.560	302	132	0	35	336	14	314	4.934E-101	325
O18913.2	O13227.1	0.468	349	182	0	21	364	2	350	4.723E-92	299
O18913.2	Q9W6A9.2	0.489	326	166	0	34	359	10	335	7.907E-91	295
O18913.2	Q90215.1	0.458	351	186	0	21	364	2	352	9.674E-90	292
O18913.2	O13092.1	0.483	324	166	0	38	360	20	343	8.651E-89	289
O18913.2	Q90214.1	0.455	351	187	0	21	364	2	352	8.651E-89	289
O18913.2	O57605.1	0.476	330	170	0	38	363	17	346	1.618E-88	288
O18913.2	P41590.1	0.454	351	187	0	21	364	2	352	1.618E-88	288
O18913.2	P79903.1	0.471	334	175	0	33	364	14	347	2.212E-88	288
O18913.2	P79808.1	0.474	331	172	0	37	364	18	348	2.212E-88	288
O18913.2	P35359.2	0.451	353	188	0	21	364	2	354	3.025E-88	287
O18913.2	P79902.1	0.469	335	176	0	33	364	14	348	4.136E-88	287
O18913.2	Q8HY69.2	0.470	333	174	0	30	358	13	345	5.656E-88	287
O18913.2	Q9YGZ0.1	0.452	350	188	0	21	364	2	351	7.734E-88	286
O18913.2	P79911.1	0.468	334	176	0	33	364	14	347	1.058E-87	286
O18913.2	P79807.1	0.453	349	187	0	23	364	1	349	1.058E-87	286
O18913.2	P79812.1	0.467	335	176	0	33	364	17	351	1.446E-87	286
O18913.2	P51490.1	0.478	324	168	0	38	360	20	343	2.704E-87	285
O18913.2	Q90309.1	0.468	332	176	0	28	359	4	335	5.055E-87	284
O18913.2	P79809.1	0.465	334	177	0	33	364	14	347	9.451E-87	283
O18913.2	P79898.1	0.448	350	189	0	21	364	2	351	1.292E-86	283
O18913.2	P22671.1	0.446	352	190	0	21	364	2	353	1.292E-86	283
O18913.2	P79914.1	0.467	331	174	0	37	364	18	348	1.767E-86	282
O18913.2	P51488.1	0.445	353	190	0	21	364	2	354	1.767E-86	282
O18913.2	O93441.1	0.445	353	190	0	21	364	2	354	1.767E-86	282
O18913.2	Q63652.2	0.474	324	169	0	38	360	17	340	2.416E-86	282
O18913.2	P79901.1	0.466	331	175	0	37	364	18	348	2.416E-86	282
O18913.2	P79848.1	0.444	353	191	0	21	364	2	354	3.303E-86	282
O18913.2	P32309.1	0.443	353	191	0	21	364	2	354	4.516E-86	281
O18913.2	P56515.1	0.443	353	191	0	21	364	2	354	6.175E-86	281
O18913.2	P60015.1	0.453	342	187	0	19	360	1	342	1.154E-85	280
O18913.2	Q98980.1	0.443	352	191	0	21	364	2	353	1.154E-85	280
O18913.2	P03999.2	0.471	324	170	0	38	360	16	339	1.578E-85	280
O18913.2	P28684.1	0.454	340	185	0	22	360	2	341	2.158E-85	279
O18913.2	P08100.1	0.450	344	185	0	21	358	2	345	2.158E-85	279
O18913.2	P22328.1	0.444	350	191	0	21	364	2	351	2.158E-85	279
O18913.2	P51470.1	0.441	353	192	0	21	364	2	354	2.158E-85	279
O18913.2	P51489.1	0.449	344	186	0	21	358	2	345	2.950E-85	279
O18913.2	Q28886.1	0.449	344	186	0	21	358	2	345	2.950E-85	279
O18913.2	P49912.1	0.449	344	186	0	21	358	2	345	4.033E-85	278
O18913.2	P79863.1	0.440	353	192	0	21	364	2	354	4.033E-85	278
O18913.2	P79756.1	0.440	353	192	0	21	364	2	354	4.033E-85	278
O18913.2	P31355.1	0.440	353	192	0	21	364	2	354	4.033E-85	278
O18913.2	O93459.1	0.439	353	192	0	21	364	2	354	7.538E-85	278
O18913.2	P32308.1	0.447	344	186	0	21	358	2	345	1.031E-84	277
O18913.2	P02699.1	0.447	344	186	0	21	358	2	345	1.031E-84	277
O18913.2	P32311.1	0.443	348	191	0	21	364	2	349	1.031E-84	277
O18913.2	P87369.1	0.439	353	192	0	21	364	2	354	1.031E-84	277
O18913.2	Q95KU1.1	0.447	344	186	0	21	358	2	345	1.409E-84	277
O18913.2	P28681.1	0.447	344	186	0	21	358	2	345	1.409E-84	277
O18913.2	Q9W6A6.2	0.443	348	191	0	21	364	2	349	1.409E-84	277
O18913.2	P29403.1	0.438	353	193	0	21	364	2	354	1.409E-84	277
O18913.2	Q769E8.1	0.446	344	187	0	21	358	2	345	1.926E-84	276
O18913.2	P28683.1	0.437	354	193	0	21	364	2	355	1.926E-84	276
O18913.2	P32310.1	0.462	328	175	0	32	358	20	347	3.600E-84	276
O18913.2	P56516.1	0.437	353	193	0	21	364	2	354	3.600E-84	276
O18913.2	O62794.1	0.444	344	187	0	21	358	2	345	6.728E-84	275
O18913.2	P79798.1	0.440	349	191	0	23	364	1	349	6.728E-84	275
O18913.2	P87368.1	0.458	330	177	0	27	356	5	331	9.198E-84	274
O18913.2	O18766.1	0.444	344	187	0	21	358	2	345	9.198E-84	274
O18913.2	P52202.1	0.437	351	193	0	21	364	2	352	9.198E-84	274
O18913.2	Q9YH05.1	0.436	352	193	0	21	364	2	353	9.198E-84	274
O18913.2	O62795.1	0.443	344	188	0	21	358	2	345	1.257E-83	274
O18913.2	P15409.2	0.443	344	188	0	21	358	2	345	1.257E-83	274
O18913.2	P02700.2	0.443	344	188	0	21	358	2	345	1.257E-83	274
O18913.2	Q9YGZ2.1	0.437	351	193	0	21	364	2	352	1.257E-83	274
O18913.2	O42604.1	0.453	334	179	0	37	364	21	354	1.257E-83	274
O18913.2	O62796.1	0.471	317	166	0	21	334	2	318	1.719E-83	274
O18913.2	Q8AYM7.1	0.439	348	192	0	21	364	2	349	2.350E-83	273
O18913.2	Q9YGZ3.1	0.434	353	194	0	21	364	2	354	2.350E-83	273
O18913.2	P41591.1	0.435	351	194	0	21	364	2	352	3.212E-83	273
O18913.2	Q9YGZ6.1	0.434	352	194	0	21	364	2	353	3.212E-83	273
O18913.2	Q9YGY9.1	0.435	351	194	0	21	364	2	352	4.391E-83	273
O18913.2	Q9YGZ8.1	0.434	352	194	0	21	364	2	353	4.391E-83	273
O18913.2	Q9DGG4.1	0.434	352	194	0	21	364	2	353	4.391E-83	273
O18913.2	P51472.1	0.451	334	182	0	31	363	20	353	4.391E-83	273
O18913.2	P51491.1	0.461	324	174	0	38	360	17	340	6.003E-83	272
O18913.2	Q6W3E1.1	0.441	344	188	0	21	358	2	345	6.003E-83	272
O18913.2	P56514.1	0.433	353	194	0	21	364	2	354	6.003E-83	272
O18913.2	Q90245.1	0.447	338	183	0	33	364	17	354	6.003E-83	272
O18913.2	P32312.1	0.437	348	193	0	21	364	2	349	8.206E-83	272
O18913.2	P35357.1	0.431	354	195	0	21	364	2	355	8.206E-83	272
O18913.2	Q9W6A8.1	0.463	321	171	0	39	358	30	350	1.122E-82	271
O18913.2	O62791.1	0.439	344	189	0	21	358	2	345	1.533E-82	271
O18913.2	Q68J47.1	0.439	344	189	0	21	358	2	345	2.096E-82	271
O18913.2	Q9YGZ5.1	0.431	352	195	0	21	364	2	353	3.917E-82	270
O18913.2	P28682.1	0.449	332	179	0	39	364	30	361	5.354E-82	269
O18913.2	O62793.1	0.451	330	179	0	32	358	16	345	7.318E-82	269
O18913.2	O62798.1	0.436	344	190	0	21	358	2	345	1.869E-81	268
O18913.2	P51471.1	0.426	354	197	0	21	364	2	355	3.492E-81	267
O18913.2	P51473.1	0.448	330	179	0	39	364	18	347	4.772E-81	267
O18913.2	O62792.1	0.433	344	191	0	21	358	2	345	1.219E-80	265
O18913.2	P51474.1	0.438	338	186	0	33	364	17	354	1.665E-80	265
O18913.2	Q9W6A5.2	0.428	348	196	0	21	364	2	349	3.111E-80	264
O18913.2	Q8AYM8.1	0.427	348	197	0	21	364	2	349	5.812E-80	263
O18913.2	O42490.1	0.423	347	197	0	22	363	13	359	9.666E-79	260
O18913.2	P87365.1	0.440	329	183	0	31	358	21	349	1.321E-78	259
P15409.2	P15409.2	0.970	348	10	0	1	348	1	348	1.140E-235	713
P15409.2	P51489.1	0.954	348	16	0	1	348	1	348	3.743E-231	700
P15409.2	Q95KU1.1	0.950	348	17	0	1	348	1	348	6.382E-230	696
P15409.2	P28681.1	0.950	348	17	0	1	348	1	348	6.382E-230	696
P15409.2	P32308.1	0.942	348	20	0	1	348	1	348	9.877E-228	690
P15409.2	Q28886.1	0.941	348	20	0	1	348	1	348	2.542E-227	689
P15409.2	O62794.1	0.941	348	20	0	1	348	1	348	2.542E-227	689
P15409.2	P49912.1	0.940	348	21	0	1	348	1	348	3.484E-227	688
P15409.2	P08100.1	0.939	348	21	0	1	348	1	348	6.543E-227	687
P15409.2	Q769E8.1	0.939	348	21	0	1	348	1	348	8.966E-227	687
P15409.2	O18766.1	0.935	348	23	0	1	348	1	348	1.115E-225	684
P15409.2	O62795.1	0.934	348	23	0	1	348	1	348	1.528E-225	683
P15409.2	Q6W3E1.1	0.934	348	23	0	1	348	1	348	2.095E-225	683
P15409.2	O62796.1	0.932	348	24	0	1	348	1	348	7.388E-225	681
P15409.2	P02700.2	0.931	348	24	0	1	348	1	348	1.387E-224	681
P15409.2	P02699.1	0.923	348	27	0	1	348	1	348	2.147E-222	674
P15409.2	O62791.1	0.923	348	27	0	1	348	1	348	2.147E-222	674
P15409.2	Q68J47.1	0.920	348	28	0	1	348	1	348	1.948E-221	672
P15409.2	O62798.1	0.914	348	30	0	1	348	1	348	1.171E-219	666
P15409.2	O62793.1	0.912	348	31	0	1	348	1	348	4.131E-219	665
P15409.2	O62792.1	0.911	348	31	0	1	348	1	348	7.757E-219	664
P15409.2	Q8HY69.2	0.892	348	37	0	1	348	1	348	2.308E-213	648
P15409.2	P52202.1	0.883	345	40	0	1	345	1	344	7.560E-209	635
P15409.2	P22328.1	0.876	345	42	0	1	345	1	343	6.224E-207	630
P15409.2	P56515.1	0.872	346	44	0	1	345	1	346	1.602E-206	629
P15409.2	P51470.1	0.852	354	51	0	1	348	1	354	1.060E-205	626
P15409.2	P31355.1	0.852	354	51	0	1	348	1	354	1.453E-205	626
P15409.2	Q90245.1	0.869	346	45	0	1	345	1	346	1.453E-205	626
P15409.2	P29403.1	0.867	346	46	0	1	345	1	346	7.021E-205	624
P15409.2	P56516.1	0.848	354	53	0	1	348	1	354	1.807E-204	623
P15409.2	P56514.1	0.864	346	47	0	1	345	1	346	4.648E-204	621
P15409.2	Q90215.1	0.848	346	52	0	1	345	1	346	2.084E-199	608
P15409.2	Q90214.1	0.846	346	53	0	1	345	1	346	5.363E-199	607
P15409.2	O13227.1	0.843	345	54	0	1	345	1	344	1.252E-197	603
P15409.2	O93459.1	0.822	354	62	0	1	348	1	354	8.285E-197	601
P15409.2	P41591.1	0.840	345	55	0	1	345	1	344	1.556E-196	600
P15409.2	P22671.1	0.839	345	55	0	1	345	1	345	2.132E-196	599
P15409.2	P35359.2	0.836	346	56	0	1	345	1	346	2.921E-196	599
P15409.2	Q98980.1	0.816	353	64	0	1	348	1	353	1.280E-194	594
P15409.2	P51488.1	0.824	346	61	0	1	345	1	346	1.443E-192	588
P15409.2	P79863.1	0.806	354	67	0	1	348	1	354	2.708E-192	587
P15409.2	Q9YH05.1	0.821	345	62	0	1	345	1	345	3.366E-191	584
P15409.2	O93441.1	0.818	346	63	0	1	345	1	346	4.612E-191	584
P15409.2	P32309.1	0.813	346	64	0	1	345	1	346	1.474E-189	580
P15409.2	Q9YGZ0.1	0.814	345	64	0	1	345	1	345	3.792E-189	578
P15409.2	O42604.1	0.811	346	65	0	1	345	1	346	7.120E-189	578
P15409.2	P41590.1	0.810	346	65	0	1	345	1	346	1.337E-188	577
P15409.2	P87369.1	0.806	346	67	0	1	345	1	346	1.212E-187	574
P15409.2	Q9DGG4.1	0.808	345	66	0	1	345	1	345	1.661E-187	574
P15409.2	Q9YGZ6.1	0.806	345	67	0	1	345	1	345	4.273E-187	572
P15409.2	P79848.1	0.803	346	68	0	1	345	1	346	8.022E-187	572
P15409.2	Q9YGZ2.1	0.800	345	69	0	1	345	1	344	3.513E-185	567
P15409.2	Q9YGZ8.1	0.800	345	69	0	1	345	1	345	3.513E-185	567
P15409.2	Q9YGZ3.1	0.797	346	70	0	1	345	1	346	4.813E-185	567
P15409.2	P79756.1	0.797	346	70	0	1	345	1	346	6.595E-185	566
P15409.2	Q9YGY9.1	0.797	345	70	0	1	345	1	344	1.696E-184	565
P15409.2	Q9YGZ5.1	0.794	345	71	0	1	345	1	345	1.538E-183	562
P15409.2	P79898.1	0.786	345	74	0	1	345	1	345	3.252E-181	556
P15409.2	P79812.1	0.785	345	74	0	1	345	1	345	6.105E-181	555
P15409.2	P79798.1	0.790	342	71	0	4	345	1	341	1.146E-180	554
P15409.2	P79807.1	0.788	342	72	0	4	345	1	341	2.948E-180	553
P15409.2	P79901.1	0.787	342	73	0	4	345	1	342	7.582E-180	552
P15409.2	P79808.1	0.783	342	74	0	4	345	1	342	6.873E-179	549
P15409.2	P79914.1	0.781	342	75	0	4	345	1	342	2.422E-178	547
P15409.2	P79902.1	0.778	342	76	0	4	345	1	342	1.602E-177	545
P15409.2	P79911.1	0.765	347	81	0	4	348	1	347	2.726E-176	541
P15409.2	P79809.1	0.772	342	78	0	4	345	1	341	9.608E-176	540
P15409.2	P79903.1	0.763	347	82	0	4	348	1	347	9.608E-176	540
P15409.2	P35357.1	0.738	355	91	0	1	348	1	355	9.798E-173	531
P15409.2	P28683.1	0.734	355	92	0	1	348	1	355	1.216E-171	528
P15409.2	P51471.1	0.729	355	94	0	1	348	1	355	3.884E-170	524
P15409.2	Q9W6A6.2	0.738	349	91	0	1	348	1	349	7.290E-170	523
P15409.2	P32311.1	0.737	349	91	0	1	348	1	349	1.875E-169	522
P15409.2	Q8AYM7.1	0.735	349	92	0	1	348	1	349	6.605E-169	520
P15409.2	P32312.1	0.729	349	94	0	1	348	1	349	2.888E-167	515
P15409.2	P51474.1	0.718	345	97	0	1	345	4	348	6.205E-162	500
P15409.2	Q8AYM8.1	0.702	349	103	0	1	348	1	349	1.793E-159	493
P15409.2	Q9W6A5.2	0.697	349	105	0	1	348	1	349	7.832E-158	488
P15409.2	P28682.1	0.565	341	147	0	8	345	13	353	5.416E-117	370
P15409.2	P51472.1	0.549	343	153	0	8	347	11	353	2.613E-113	359
P15409.2	P32310.1	0.538	340	157	0	8	347	10	349	3.226E-109	347
P15409.2	P87365.1	0.526	340	161	0	8	347	12	351	8.264E-106	338
P15409.2	Q9W6A8.1	0.522	340	162	0	8	347	13	352	7.437E-105	335
P15409.2	P51473.1	0.505	345	170	0	5	348	3	347	1.014E-101	326
P15409.2	P28684.1	0.505	338	165	0	8	345	6	339	2.873E-99	319
P15409.2	O57605.1	0.495	345	171	0	1	345	1	339	7.363E-99	317
P15409.2	P51491.1	0.487	345	173	0	1	345	1	338	2.083E-96	310
P15409.2	O13092.1	0.490	341	171	0	5	345	6	341	3.900E-96	310
P15409.2	P51475.1	0.534	305	141	0	23	327	16	319	7.302E-96	309
P15409.2	P03999.2	0.491	337	168	0	9	345	6	337	4.791E-95	306
P15409.2	P60015.1	0.491	337	168	0	9	345	9	340	4.791E-95	306
P15409.2	P51476.1	0.525	307	145	0	23	329	18	323	2.297E-94	304
P15409.2	Q63652.2	0.477	345	176	0	1	345	1	338	1.101E-93	302
P15409.2	Q9W6A9.2	0.480	335	171	0	11	345	6	334	1.659E-91	296
P15409.2	Q90309.1	0.482	333	169	0	13	345	8	334	1.659E-91	296
P15409.2	P51490.1	0.476	336	173	0	10	345	10	341	1.087E-90	294
P15409.2	P87368.1	0.468	338	175	0	6	343	2	331	4.667E-89	289
P15409.2	P04001.1	0.446	344	187	0	2	345	21	358	1.049E-84	276
P15409.2	O18914.2	0.448	342	185	0	4	345	23	358	1.435E-84	276
P15409.2	P35358.1	0.461	329	175	0	17	345	32	357	1.435E-84	276
P15409.2	Q9BGI7.1	0.447	342	185	0	4	345	23	358	2.684E-84	275
P15409.2	O18913.2	0.444	344	187	0	2	345	21	358	3.670E-84	275
P15409.2	O18912.2	0.444	344	187	0	2	345	21	358	3.670E-84	275
P15409.2	P04000.2	0.442	344	188	0	2	345	21	358	1.284E-83	273
P15409.2	Q95170.1	0.444	342	186	0	4	345	23	358	1.284E-83	273
P15409.2	P34989.1	0.443	342	187	0	2	343	14	349	2.400E-83	273
P15409.2	P87367.1	0.440	345	189	0	4	348	20	357	3.282E-83	272
P15409.2	O35476.2	0.440	344	189	0	2	345	16	353	4.488E-83	272
P15409.2	O18910.2	0.440	344	189	0	2	345	21	358	4.488E-83	272
P15409.2	O35478.2	0.439	344	189	0	2	345	21	358	1.148E-82	271
P15409.2	O42490.1	0.474	310	161	0	14	323	25	331	1.569E-82	270
P15409.2	O35599.1	0.438	344	189	0	2	345	16	353	2.934E-82	269
P15409.2	Q9R024.1	0.438	344	189	0	2	345	21	358	2.934E-82	269
P15409.2	P41592.1	0.452	325	176	0	21	345	40	361	3.585E-81	266
P15409.2	Q9W6A7.1	0.449	328	178	0	21	348	34	357	4.902E-81	266
P15409.2	Q8AYN0.1	0.448	328	178	0	21	348	33	356	9.163E-81	265
P15409.2	P22329.1	0.450	325	176	0	21	345	34	354	1.713E-80	264
P15409.2	O12948.1	0.450	325	177	0	21	345	36	357	1.713E-80	264
P15409.2	P22332.2	0.446	328	179	0	21	348	34	357	3.202E-80	263
P15409.2	P32313.1	0.445	328	179	0	21	348	34	357	5.985E-80	263
P15409.2	P22330.1	0.437	323	179	0	21	343	34	352	2.029E-76	252
P15409.2	P22331.1	0.435	323	180	0	21	343	32	350	7.080E-76	251
P15409.2	O18911.1	0.465	273	146	0	32	304	1	273	1.671E-69	232
P51471.1	P51471.1	0.973	355	10	0	1	355	1	355	2.063E-241	730
P51471.1	P28683.1	0.931	355	24	0	1	355	1	355	3.121E-229	694
P51471.1	P35357.1	0.861	355	49	0	1	355	1	355	1.044E-208	635
P51471.1	Q98980.1	0.798	355	71	0	1	355	1	353	4.199E-190	582
P51471.1	P32311.1	0.809	348	66	0	1	348	1	347	1.480E-189	580
P51471.1	P22671.1	0.793	355	73	0	1	355	1	353	7.148E-189	578
P51471.1	Q9W6A6.2	0.800	348	69	0	1	348	1	347	5.874E-187	572
P51471.1	P32312.1	0.798	348	70	0	1	348	1	347	2.070E-186	571
P51471.1	Q8AYM7.1	0.798	348	70	0	1	348	1	347	2.070E-186	571
P51471.1	P56515.1	0.771	355	81	0	1	355	1	354	1.915E-182	559
P51471.1	P56514.1	0.766	355	83	0	1	355	1	354	6.116E-181	555
P51471.1	P51474.1	0.764	355	83	0	1	355	4	354	2.953E-180	553
P51471.1	P29403.1	0.761	355	84	0	1	355	1	354	1.426E-179	551
P51471.1	P51470.1	0.758	355	85	0	1	355	1	354	1.292E-178	548
P51471.1	P22328.1	0.758	355	85	0	1	355	1	351	1.770E-178	548
P51471.1	P52202.1	0.757	355	85	0	1	355	1	352	3.323E-178	547
P51471.1	P79863.1	0.755	355	86	0	1	355	1	354	1.171E-177	546
P51471.1	P31355.1	0.754	355	87	0	1	355	1	354	3.011E-177	544
P51471.1	Q8AYM8.1	0.766	348	81	0	1	348	1	347	4.125E-177	544
P51471.1	P56516.1	0.751	355	88	0	1	355	1	354	1.453E-176	542
P51471.1	O93459.1	0.751	355	88	0	1	355	1	354	1.453E-176	542
P51471.1	P41591.1	0.751	355	87	0	1	355	1	352	1.991E-176	542
P51471.1	Q90245.1	0.751	355	88	0	1	355	1	354	1.991E-176	542
P51471.1	Q9W6A5.2	0.758	348	84	0	1	348	1	347	8.710E-175	537
P51471.1	P32308.1	0.745	355	88	0	1	355	1	348	1.193E-174	537
P51471.1	P49912.1	0.740	355	90	0	1	355	1	348	3.809E-173	533
P51471.1	Q95KU1.1	0.754	347	85	0	1	347	1	345	5.219E-173	532
P51471.1	O62796.1	0.738	355	91	0	1	355	1	348	9.795E-173	531
P51471.1	O62794.1	0.737	355	91	0	1	355	1	348	2.519E-172	530
P51471.1	O62791.1	0.737	355	91	0	1	355	1	348	2.519E-172	530
P51471.1	O18766.1	0.736	355	92	0	1	355	1	348	4.728E-172	529
P51471.1	P08100.1	0.735	355	92	0	1	355	1	348	6.477E-172	529
P51471.1	O93441.1	0.735	355	94	0	1	355	1	354	6.477E-172	529
P51471.1	O62795.1	0.735	355	92	0	1	355	1	348	8.874E-172	529
P51471.1	Q28886.1	0.734	355	92	0	1	355	1	348	1.216E-171	528
P51471.1	P02699.1	0.732	355	93	0	1	355	1	348	5.868E-171	526
P51471.1	P02700.2	0.732	355	93	0	1	355	1	348	8.039E-171	526
P51471.1	P15409.2	0.731	355	93	0	1	355	1	348	1.101E-170	526
P51471.1	Q68J47.1	0.744	347	88	0	1	347	1	345	2.067E-170	525
P51471.1	P28681.1	0.729	355	94	0	1	355	1	348	3.880E-170	524
P51471.1	O62793.1	0.729	355	94	0	1	355	1	348	3.880E-170	524
P51471.1	Q8HY69.2	0.729	355	94	0	1	355	1	348	5.315E-170	524
P51471.1	Q769E8.1	0.728	355	94	0	1	355	1	348	9.976E-170	523
P51471.1	O62798.1	0.726	355	95	0	1	355	1	348	3.514E-169	521
P51471.1	Q90215.1	0.725	355	97	0	1	355	1	352	4.815E-169	521
P51471.1	Q6W3E1.1	0.725	355	95	0	1	355	1	348	6.596E-169	520
P51471.1	P51488.1	0.724	355	97	0	1	355	1	354	1.238E-168	520
P51471.1	O62792.1	0.723	355	96	0	1	355	1	348	2.324E-168	519
P51471.1	P51489.1	0.722	355	96	0	1	355	1	348	4.361E-168	518
P51471.1	P35359.2	0.721	355	98	0	1	355	1	354	8.185E-168	517
P51471.1	P32309.1	0.714	355	101	0	1	355	1	354	1.260E-165	511
P51471.1	O13227.1	0.711	355	101	0	1	355	1	350	6.080E-165	509
P51471.1	Q90214.1	0.711	355	101	0	1	355	1	352	1.141E-164	508
P51471.1	P41590.1	0.709	355	102	0	1	355	1	352	2.934E-164	507
P51471.1	P79848.1	0.708	355	103	0	1	355	1	354	5.506E-164	506
P51471.1	P79756.1	0.708	355	103	0	1	355	1	354	7.543E-164	506
P51471.1	P87369.1	0.707	355	103	0	1	355	1	354	1.033E-163	505
P51471.1	Q9YGY9.1	0.704	355	104	0	1	355	1	352	9.356E-163	503
P51471.1	O42604.1	0.704	355	104	0	1	355	1	354	9.356E-163	503
P51471.1	Q9YGZ2.1	0.703	355	104	0	1	355	1	352	1.282E-162	502
P51471.1	Q9YH05.1	0.702	355	105	0	1	355	1	353	4.514E-162	501
P51471.1	Q9YGZ5.1	0.702	355	105	0	1	355	1	353	4.514E-162	501
P51471.1	Q9YGZ3.1	0.701	355	106	0	1	355	1	354	8.472E-162	500
P51471.1	Q9YGZ0.1	0.700	355	105	0	1	355	1	351	1.161E-161	499
P51471.1	Q9YGZ8.1	0.699	355	106	0	1	355	1	353	2.178E-161	499
P51471.1	Q9DGG4.1	0.698	355	106	0	1	355	1	353	5.599E-161	497
P51471.1	Q9YGZ6.1	0.694	355	108	0	1	355	1	353	6.944E-160	494
P51471.1	P79807.1	0.695	352	106	0	4	355	1	349	1.180E-158	491
P51471.1	P79898.1	0.685	355	110	0	1	355	1	351	3.760E-157	486
P51471.1	P79812.1	0.682	355	111	0	1	355	1	351	1.814E-156	484
P51471.1	P79798.1	0.685	352	110	0	4	355	1	349	6.386E-156	483
P51471.1	P79903.1	0.683	352	110	0	4	355	1	347	3.080E-155	481
P51471.1	P79901.1	0.683	352	110	0	4	355	1	348	3.080E-155	481
P51471.1	P79808.1	0.683	352	110	0	4	355	1	348	3.080E-155	481
P51471.1	P79902.1	0.681	352	111	0	4	355	1	348	1.084E-154	479
P51471.1	P79911.1	0.681	352	110	0	4	355	1	347	1.486E-154	479
P51471.1	P79914.1	0.676	352	112	0	4	355	1	348	2.522E-153	475
P51471.1	P79809.1	0.675	352	112	0	4	355	1	347	6.483E-153	474
P51471.1	P28682.1	0.575	349	147	0	8	355	13	361	9.857E-123	387
P51471.1	P51472.1	0.565	341	147	0	8	347	11	351	5.298E-117	370
P51471.1	P32310.1	0.548	340	152	0	8	347	10	347	5.893E-112	356
P51471.1	P51473.1	0.553	334	148	0	22	355	17	347	5.306E-111	353
P51471.1	Q9W6A8.1	0.542	340	154	0	8	347	13	350	3.490E-110	351
P51471.1	O57605.1	0.517	354	167	0	1	354	1	346	7.249E-108	344
P51471.1	O13092.1	0.529	332	154	0	23	354	21	348	6.493E-104	332
P51471.1	P28684.1	0.520	337	160	0	18	354	13	346	5.836E-103	330
P51471.1	P51490.1	0.523	332	156	0	23	354	21	348	2.801E-102	328
P51471.1	P87365.1	0.513	340	164	0	8	347	12	349	3.833E-102	327
P51471.1	P51491.1	0.519	332	157	0	23	354	18	345	3.444E-101	325
P51471.1	P03999.2	0.513	332	159	0	23	354	17	344	1.484E-99	320
P51471.1	P60015.1	0.513	332	159	0	23	354	20	347	1.484E-99	320
P51471.1	Q63652.2	0.510	332	160	0	23	354	18	345	1.333E-98	317
P51471.1	P51476.1	0.531	307	143	0	23	329	18	323	7.044E-96	309
P51471.1	Q90309.1	0.505	327	158	0	22	348	15	335	1.318E-95	308
P51471.1	P51475.1	0.528	305	143	0	23	327	16	319	3.028E-94	304
P51471.1	Q9W6A9.2	0.495	327	162	0	22	348	15	335	6.950E-93	301
P51471.1	P87368.1	0.490	323	161	0	23	345	16	331	2.672E-90	293
P51471.1	P22329.1	0.452	342	182	0	14	355	30	362	1.121E-85	280
P51471.1	O12948.1	0.452	342	182	0	14	355	32	365	1.121E-85	280
P51471.1	P04001.1	0.440	354	192	0	2	355	21	364	1.533E-85	279
P51471.1	P41592.1	0.450	342	183	0	14	355	36	369	5.362E-85	278
P51471.1	P04000.2	0.438	354	193	0	2	355	21	364	7.332E-85	277
P51471.1	O42490.1	0.490	304	153	0	20	323	31	331	1.874E-84	276
P51471.1	O35478.2	0.435	354	194	0	2	355	21	364	3.505E-84	275
P51471.1	P87367.1	0.444	344	186	0	4	347	20	354	6.552E-84	274
P51471.1	O18914.2	0.435	352	193	0	4	355	23	364	1.225E-83	274
P51471.1	Q9R024.1	0.433	354	194	0	2	355	21	364	1.675E-83	273
P51471.1	O18912.2	0.449	335	180	0	21	355	37	364	5.853E-83	272
P51471.1	Q9BGI7.1	0.433	352	193	0	4	355	23	364	8.003E-83	271
P51471.1	P35358.1	0.432	352	195	0	4	355	22	365	1.094E-82	271
P51471.1	O18910.2	0.430	354	196	0	2	355	21	364	1.496E-82	271
P51471.1	Q95170.1	0.431	352	194	0	4	355	23	364	2.045E-82	270
P51471.1	Q8AYN0.1	0.448	334	179	0	14	347	29	353	2.796E-82	270
P51471.1	P34989.1	0.437	345	189	0	2	346	14	350	3.823E-82	269
P51471.1	O18913.2	0.439	342	186	0	14	355	33	364	3.823E-82	269
P51471.1	Q9W6A7.1	0.446	334	179	0	14	347	30	354	7.146E-82	269
P51471.1	O35476.2	0.427	354	197	0	2	355	16	359	1.336E-81	268
P51471.1	P22332.2	0.445	334	180	0	14	347	30	354	1.826E-81	267
P51471.1	P32313.1	0.444	334	180	0	14	347	30	354	3.412E-81	267
P51471.1	O35599.1	0.434	342	187	0	14	355	28	359	1.192E-80	265
P51471.1	P22331.1	0.434	328	182	0	21	348	32	353	5.507E-77	254
P51471.1	P22330.1	0.432	328	182	0	21	348	34	355	1.921E-76	253
P51471.1	O18911.1	0.452	273	149	0	32	304	1	273	1.488E-66	224
P22671.1	P22671.1	0.968	353	11	0	1	353	1	353	1.405E-238	721
P22671.1	Q98980.1	0.925	353	26	0	1	353	1	353	3.993E-226	685
P22671.1	P52202.1	0.842	353	55	0	1	353	1	352	6.598E-202	616
P22671.1	P56515.1	0.837	354	57	0	1	353	1	354	3.187E-201	614
P22671.1	P32308.1	0.855	345	50	0	1	345	1	345	5.984E-201	613
P22671.1	P29403.1	0.836	354	58	0	1	353	1	354	1.124E-200	612
P22671.1	P22328.1	0.837	353	57	0	1	353	1	351	2.110E-200	611
P22671.1	P51470.1	0.833	354	59	0	1	353	1	354	7.438E-200	610
P22671.1	Q95KU1.1	0.849	345	52	0	1	345	1	345	4.923E-199	607
P22671.1	P41591.1	0.831	353	59	0	1	353	1	352	9.244E-199	606
P22671.1	P31355.1	0.828	354	61	0	1	353	1	354	1.736E-198	606
P22671.1	P49912.1	0.845	345	53	0	1	345	1	345	4.465E-198	604
P22671.1	P08100.1	0.845	345	53	0	1	345	1	345	6.118E-198	604
P22671.1	O18766.1	0.845	345	53	0	1	345	1	345	6.118E-198	604
P22671.1	Q90245.1	0.826	354	61	0	1	353	1	354	6.118E-198	604
P22671.1	O62794.1	0.843	345	54	0	1	345	1	345	2.157E-197	602
P22671.1	O62791.1	0.843	345	54	0	1	345	1	345	2.157E-197	602
P22671.1	P56516.1	0.824	354	62	0	1	353	1	354	2.157E-197	602
P22671.1	P56514.1	0.822	354	63	0	1	353	1	354	7.603E-197	601
P22671.1	O62795.1	0.841	345	55	0	1	345	1	345	1.042E-196	601
P22671.1	O62793.1	0.840	345	55	0	1	345	1	345	1.956E-196	600
P22671.1	Q8HY69.2	0.839	345	55	0	1	345	1	345	3.673E-196	599
P22671.1	P02699.1	0.838	345	56	0	1	345	1	345	5.032E-196	599
P22671.1	P28681.1	0.838	345	56	0	1	345	1	345	5.032E-196	599
P22671.1	Q28886.1	0.838	345	56	0	1	345	1	345	6.895E-196	598
P22671.1	P15409.2	0.837	345	56	0	1	345	1	345	9.448E-196	598
P22671.1	O62796.1	0.837	345	56	0	1	345	1	345	1.295E-195	597
P22671.1	P02700.2	0.836	345	56	0	1	345	1	345	2.431E-195	597
P22671.1	Q769E8.1	0.834	345	57	0	1	345	1	345	6.253E-195	595
P22671.1	Q68J47.1	0.834	345	57	0	1	345	1	345	8.568E-195	595
P22671.1	Q6W3E1.1	0.832	345	58	0	1	345	1	345	2.204E-194	594
P22671.1	O62798.1	0.832	345	58	0	1	345	1	345	3.020E-194	593
P22671.1	P51489.1	0.831	345	58	0	1	345	1	345	5.671E-194	593
P22671.1	O62792.1	0.829	345	59	0	1	345	1	345	1.999E-193	591
P22671.1	O93459.1	0.800	354	70	0	1	353	1	354	2.042E-190	582
P22671.1	P79863.1	0.795	354	72	0	1	353	1	354	8.942E-189	578
P22671.1	O93441.1	0.794	354	73	0	1	353	1	354	1.679E-188	577
P22671.1	Q90215.1	0.795	353	72	0	1	353	1	352	3.152E-188	576
P22671.1	P51471.1	0.789	355	74	0	1	353	1	355	1.111E-187	574
P22671.1	P35359.2	0.789	354	74	0	1	353	1	354	5.364E-187	572
P22671.1	P28683.1	0.785	355	76	0	1	353	1	355	1.380E-186	571
P22671.1	Q9YH05.1	0.788	353	75	0	1	353	1	353	2.590E-186	571
P22671.1	O42604.1	0.785	354	76	0	1	353	1	354	6.663E-186	569
P22671.1	Q9YGY9.1	0.786	353	75	0	1	353	1	352	1.251E-185	569
P22671.1	P51488.1	0.783	354	76	0	1	353	1	354	2.348E-185	568
P22671.1	Q90214.1	0.784	353	76	0	1	353	1	352	3.218E-185	567
P22671.1	Q9YGZ8.1	0.783	353	76	0	1	353	1	353	8.276E-185	566
P22671.1	P32309.1	0.781	354	77	0	1	353	1	354	8.276E-185	566
P22671.1	Q9YGZ6.1	0.783	353	76	0	1	353	1	353	1.134E-184	566
P22671.1	Q9YGZ2.1	0.782	353	77	0	1	353	1	352	1.554E-184	565
P22671.1	Q9DGG4.1	0.782	353	77	0	1	353	1	353	1.554E-184	565
P22671.1	P87369.1	0.780	354	77	0	1	353	1	354	1.554E-184	565
P22671.1	P35357.1	0.776	355	79	0	1	353	1	355	5.476E-184	564
P22671.1	Q9W6A6.2	0.789	347	73	0	1	346	1	347	2.644E-183	562
P22671.1	O13227.1	0.776	353	78	0	1	353	1	350	6.801E-183	561
P22671.1	P79848.1	0.773	354	80	0	1	353	1	354	1.749E-182	559
P22671.1	Q9YGZ3.1	0.772	354	80	0	1	353	1	354	4.499E-182	558
P22671.1	P32311.1	0.785	347	74	0	1	346	1	347	6.165E-182	558
P22671.1	Q9YGZ0.1	0.772	353	80	0	1	353	1	351	1.157E-181	557
P22671.1	P41590.1	0.770	353	81	0	1	353	1	352	4.078E-181	556
P22671.1	P79756.1	0.768	354	82	0	1	353	1	354	4.078E-181	556
P22671.1	Q9YGZ5.1	0.768	353	82	0	1	353	1	353	1.437E-180	554
P22671.1	P32312.1	0.777	347	77	0	1	346	1	347	6.939E-180	552
P22671.1	P79807.1	0.771	350	80	0	4	353	1	349	1.303E-179	551
P22671.1	Q8AYM7.1	0.776	347	77	0	1	346	1	347	1.303E-179	551
P22671.1	P79898.1	0.759	353	84	0	1	353	1	351	7.808E-178	546
P22671.1	P79812.1	0.758	353	85	0	1	353	1	351	2.008E-177	545
P22671.1	P51474.1	0.758	353	85	0	1	353	4	354	2.008E-177	545
P22671.1	P79798.1	0.761	350	83	0	4	353	1	349	7.076E-177	543
P22671.1	P79808.1	0.760	350	83	0	4	353	1	348	1.820E-176	542
P22671.1	P79901.1	0.757	350	84	0	4	353	1	348	8.785E-176	540
P22671.1	P79902.1	0.757	350	84	0	4	353	1	348	1.204E-175	540
P22671.1	P79914.1	0.757	350	84	0	4	353	1	348	1.649E-175	539
P22671.1	P79903.1	0.745	350	88	0	4	353	1	347	3.155E-172	530
P22671.1	P79809.1	0.745	350	88	0	4	353	1	347	4.322E-172	529
P22671.1	Q8AYM8.1	0.750	347	86	0	1	346	1	347	4.322E-172	529
P22671.1	P79911.1	0.743	350	89	0	4	353	1	347	1.523E-171	528
P22671.1	Q9W6A5.2	0.734	347	92	0	1	346	1	347	1.405E-167	516
P22671.1	P28682.1	0.578	350	146	0	7	353	12	361	3.912E-124	391
P22671.1	P51472.1	0.577	342	143	0	7	345	10	351	1.010E-120	381
P22671.1	P32310.1	0.581	339	142	0	7	345	9	347	1.382E-120	381
P22671.1	Q9W6A8.1	0.557	339	150	0	7	345	12	350	4.885E-114	362
P22671.1	P51473.1	0.529	349	162	0	5	353	3	347	1.545E-109	349
P22671.1	P87365.1	0.538	339	156	0	7	345	11	349	1.016E-108	346
P22671.1	O57605.1	0.509	352	169	0	1	352	1	346	4.865E-105	336
P22671.1	P28684.1	0.513	346	166	0	7	352	5	346	4.375E-104	333
P22671.1	O13092.1	0.507	348	169	0	5	352	6	348	5.384E-103	330
P22671.1	P03999.2	0.505	346	168	0	7	352	4	344	9.064E-102	326
P22671.1	P60015.1	0.505	346	168	0	7	352	7	347	9.064E-102	326
P22671.1	P51491.1	0.503	346	169	0	7	352	5	345	3.179E-101	325
P22671.1	Q63652.2	0.493	346	172	0	7	352	5	345	2.304E-98	316
P22671.1	P51490.1	0.511	330	160	0	23	352	21	348	2.304E-98	316
P22671.1	Q90309.1	0.496	340	168	0	7	346	2	335	2.831E-97	313
P22671.1	P51476.1	0.535	307	142	0	23	329	18	323	9.921E-97	312
P22671.1	P51475.1	0.536	305	141	0	23	327	16	319	2.541E-96	310
P22671.1	Q9W6A9.2	0.487	340	171	0	7	346	2	335	5.839E-95	306
P22671.1	P87368.1	0.483	338	170	0	6	343	2	331	3.434E-93	301
P22671.1	P04001.1	0.452	350	187	0	4	353	23	364	6.938E-88	286
P22671.1	P04000.2	0.450	350	188	0	4	353	23	364	1.775E-87	285
P22671.1	Q9BGI7.1	0.450	350	188	0	4	353	23	364	1.775E-87	285
P22671.1	P22329.1	0.450	350	188	0	4	353	20	362	2.428E-87	284
P22671.1	O18912.2	0.448	350	188	0	4	353	23	364	8.492E-87	283
P22671.1	Q95170.1	0.448	350	188	0	4	353	23	364	8.492E-87	283
P22671.1	P35358.1	0.448	350	189	0	4	353	22	365	8.492E-87	283
P22671.1	O18914.2	0.448	350	188	0	4	353	23	364	1.161E-86	282
P22671.1	O18913.2	0.446	350	189	0	4	353	23	364	2.970E-86	281
P22671.1	P41592.1	0.446	350	190	0	4	353	26	369	4.062E-86	281
P22671.1	O12948.1	0.444	350	191	0	4	353	22	365	1.039E-85	280
P22671.1	P34989.1	0.452	341	183	0	4	344	16	350	2.657E-85	278
P22671.1	P87367.1	0.451	342	183	0	4	345	20	354	2.657E-85	278
P22671.1	O35476.2	0.442	350	190	0	4	353	18	359	4.968E-85	278
P22671.1	Q8AYN0.1	0.449	342	184	0	4	345	19	353	6.794E-85	277
P22671.1	Q9R024.1	0.441	350	191	0	4	353	23	364	1.270E-84	276
P22671.1	O18910.2	0.439	350	191	0	4	353	23	364	4.441E-84	275
P22671.1	O35599.1	0.438	350	192	0	4	353	18	359	6.073E-84	274
P22671.1	O35478.2	0.438	350	192	0	4	353	23	364	6.073E-84	274
P22671.1	Q9W6A7.1	0.455	332	177	0	14	345	30	354	8.304E-84	274
P22671.1	P22332.2	0.448	332	179	0	14	345	30	354	6.627E-82	269
P22671.1	P32313.1	0.438	342	188	0	4	345	20	354	9.061E-82	268
P22671.1	O42490.1	0.476	302	156	0	22	323	33	331	2.067E-80	264
P22671.1	P22331.1	0.429	343	191	0	4	346	18	353	1.844E-79	261
P22671.1	P22330.1	0.425	343	193	0	4	346	20	355	2.248E-78	258
P22671.1	O18911.1	0.473	273	143	0	32	304	1	273	3.462E-71	237
O18912.2	O18912.2	0.971	364	11	0	1	364	1	364	4.100E-247	747
O18912.2	Q95170.1	0.944	364	20	0	1	364	1	364	6.665E-239	723
O18912.2	Q9BGI7.1	0.943	364	21	0	1	364	1	364	9.134E-239	722
O18912.2	O18914.2	0.943	364	21	0	1	364	1	364	1.715E-238	722
O18912.2	O18913.2	0.942	364	21	0	1	364	1	364	2.351E-238	721
O18912.2	O35478.2	0.914	364	31	0	1	364	1	364	7.164E-230	697
O18912.2	O18910.2	0.910	364	33	0	1	364	1	364	8.909E-229	694
O18912.2	P04000.2	0.905	364	34	0	1	364	1	364	3.907E-227	689
O18912.2	P04001.1	0.904	364	35	0	1	364	1	364	5.353E-227	689
O18912.2	Q9R024.1	0.892	364	39	0	1	364	1	364	1.932E-223	678
O18912.2	O35476.2	0.902	357	35	0	8	364	3	359	1.161E-221	673
O18912.2	O35599.1	0.895	357	37	0	8	364	3	359	9.556E-220	668
O18912.2	P34989.1	0.911	349	31	0	9	357	2	350	4.617E-219	666
O18912.2	P41592.1	0.860	347	48	0	20	364	23	369	2.493E-203	620
O18912.2	P22329.1	0.857	346	49	0	20	364	17	362	7.969E-202	616
O18912.2	P87367.1	0.808	358	68	0	1	358	1	354	1.032E-194	595
O18912.2	P32313.1	0.805	358	69	0	1	358	1	354	9.360E-194	593
O18912.2	O12948.1	0.825	347	60	0	20	364	19	365	3.299E-193	591
O18912.2	Q9W6A7.1	0.802	358	70	0	1	358	1	354	6.193E-193	590
O18912.2	Q8AYN0.1	0.833	339	56	0	20	358	16	353	9.552E-191	584
O18912.2	P22332.2	0.790	358	74	0	1	358	1	354	1.625E-189	580
O18912.2	P35358.1	0.805	347	67	0	20	364	19	365	1.829E-187	574
O18912.2	P22331.1	0.806	340	66	0	20	359	15	353	9.004E-184	564
O18912.2	O18911.1	0.962	273	10	0	48	320	1	273	1.257E-180	555
O18912.2	P22330.1	0.790	340	71	0	20	359	17	355	2.929E-179	551
O18912.2	P51475.1	0.559	303	133	0	34	336	11	312	3.606E-101	325
O18912.2	P51476.1	0.557	304	134	0	33	336	12	314	4.934E-101	325
O18912.2	Q9W6A9.2	0.492	326	165	0	34	359	10	335	8.834E-92	298
O18912.2	O13227.1	0.463	349	184	0	21	364	2	350	1.479E-90	294
O18912.2	Q90215.1	0.459	351	186	0	21	364	2	352	7.074E-90	292
O18912.2	Q8HY69.2	0.471	333	174	0	30	358	13	345	4.136E-88	287
O18912.2	P35359.2	0.450	353	189	0	21	364	2	354	4.136E-88	287
O18912.2	Q9YGZ0.1	0.452	350	188	0	21	364	2	351	1.058E-87	286
O18912.2	Q90214.1	0.451	351	188	0	21	364	2	352	1.058E-87	286
O18912.2	O13092.1	0.473	329	172	0	33	360	15	343	1.446E-87	286
O18912.2	P79807.1	0.451	349	187	0	23	364	1	349	3.697E-87	284
O18912.2	Q90309.1	0.467	332	176	0	28	359	4	335	9.451E-87	283
O18912.2	Q28886.1	0.454	344	184	0	21	358	2	345	9.451E-87	283
O18912.2	P51490.1	0.477	323	168	0	39	360	21	343	9.451E-87	283
O18912.2	P22671.1	0.447	352	190	0	21	364	2	353	9.451E-87	283
O18912.2	P56515.1	0.446	353	190	0	21	364	2	354	9.451E-87	283
O18912.2	P79902.1	0.463	335	178	0	33	364	14	348	1.292E-86	283
O18912.2	P41590.1	0.447	351	190	0	21	364	2	352	1.767E-86	282
O18912.2	P32309.1	0.445	353	190	0	21	364	2	354	1.767E-86	282
O18912.2	P08100.1	0.453	344	184	0	21	358	2	345	2.416E-86	282
O18912.2	P51488.1	0.444	353	191	0	21	364	2	354	2.416E-86	282
O18912.2	Q63652.2	0.468	329	174	0	33	360	12	340	3.303E-86	282
O18912.2	P79903.1	0.467	330	174	0	37	364	18	347	3.303E-86	282
O18912.2	O93441.1	0.444	353	191	0	21	364	2	354	3.303E-86	282
O18912.2	P79808.1	0.465	331	175	0	37	364	18	348	4.516E-86	281
O18912.2	O57605.1	0.461	335	178	0	33	363	12	346	6.175E-86	281
O18912.2	P49912.1	0.451	344	185	0	21	358	2	345	8.442E-86	280
O18912.2	P79901.1	0.464	331	175	0	37	364	18	348	8.442E-86	280
O18912.2	Q98980.1	0.443	352	191	0	21	364	2	353	8.442E-86	280
O18912.2	P32311.1	0.449	346	186	0	21	359	2	347	1.154E-85	280
O18912.2	P51470.1	0.442	353	191	0	21	364	2	354	1.154E-85	280
O18912.2	P79911.1	0.464	330	175	0	37	364	18	347	1.578E-85	280
O18912.2	O62796.1	0.450	344	185	0	21	358	2	345	2.158E-85	279
O18912.2	P02699.1	0.450	344	185	0	21	358	2	345	2.158E-85	279
O18912.2	P79863.1	0.441	353	192	0	21	364	2	354	2.158E-85	279
O18912.2	P31355.1	0.441	353	192	0	21	364	2	354	2.158E-85	279
O18912.2	P79848.1	0.441	353	192	0	21	364	2	354	2.158E-85	279
O18912.2	P79809.1	0.463	330	176	0	37	364	18	347	2.950E-85	279
O18912.2	P32308.1	0.449	344	186	0	21	358	2	345	2.950E-85	279
O18912.2	Q9W6A6.2	0.447	346	187	0	21	359	2	347	2.950E-85	279
O18912.2	P79898.1	0.443	350	191	0	21	364	2	351	2.950E-85	279
O18912.2	P79812.1	0.443	350	191	0	21	364	2	351	2.950E-85	279
O18912.2	P28683.1	0.440	354	192	0	21	364	2	355	2.950E-85	279
O18912.2	P51489.1	0.449	344	186	0	21	358	2	345	4.033E-85	278
O18912.2	P79914.1	0.462	331	176	0	37	364	18	348	4.033E-85	278
O18912.2	P29403.1	0.439	353	192	0	21	364	2	354	7.538E-85	278
O18912.2	O93459.1	0.439	353	192	0	21	364	2	354	1.031E-84	277
O18912.2	Q95KU1.1	0.447	344	186	0	21	358	2	345	1.409E-84	277
O18912.2	P02700.2	0.447	344	186	0	21	358	2	345	1.409E-84	277
O18912.2	P28681.1	0.446	344	187	0	21	358	2	345	1.926E-84	276
O18912.2	P56516.1	0.438	353	193	0	21	364	2	354	1.926E-84	276
O18912.2	P03999.2	0.461	329	176	0	33	360	11	339	2.633E-84	276
O18912.2	P60015.1	0.461	329	176	0	33	360	14	342	2.633E-84	276
O18912.2	P22328.1	0.440	350	192	0	21	364	2	351	2.633E-84	276
O18912.2	P79756.1	0.437	353	193	0	21	364	2	354	2.633E-84	276
O18912.2	Q769E8.1	0.445	344	187	0	21	358	2	345	3.600E-84	276
O18912.2	O18766.1	0.445	344	187	0	21	358	2	345	3.600E-84	276
O18912.2	Q9YGZ2.1	0.439	351	192	0	21	364	2	352	3.600E-84	276
O18912.2	P87369.1	0.437	353	193	0	21	364	2	354	3.600E-84	276
O18912.2	P32310.1	0.461	328	176	0	32	358	20	347	4.922E-84	275
O18912.2	P56514.1	0.436	353	193	0	21	364	2	354	4.922E-84	275
O18912.2	Q9YGZ8.1	0.437	352	193	0	21	364	2	353	6.728E-84	275
O18912.2	P28684.1	0.448	340	187	0	22	360	2	341	9.198E-84	274
O18912.2	Q8AYM7.1	0.442	346	189	0	21	359	2	347	9.198E-84	274
O18912.2	Q9YH05.1	0.436	352	193	0	21	364	2	353	9.198E-84	274
O18912.2	Q9DGG4.1	0.436	352	193	0	21	364	2	353	9.198E-84	274
O18912.2	O62794.1	0.443	344	188	0	21	358	2	345	1.257E-83	274
O18912.2	Q9YGY9.1	0.437	351	193	0	21	364	2	352	1.257E-83	274
O18912.2	Q9YGZ6.1	0.436	352	193	0	21	364	2	353	1.257E-83	274
O18912.2	O42604.1	0.453	334	179	0	37	364	21	354	1.257E-83	274
O18912.2	P15409.2	0.443	344	188	0	21	358	2	345	1.719E-83	274
O18912.2	P52202.1	0.436	351	193	0	21	364	2	352	1.719E-83	274
O18912.2	Q90245.1	0.449	338	182	0	33	364	17	354	1.719E-83	274
O18912.2	P35357.1	0.452	335	179	0	37	364	21	355	1.719E-83	274
O18912.2	O62795.1	0.442	344	188	0	21	358	2	345	2.350E-83	273
O18912.2	P79798.1	0.438	349	192	0	23	364	1	349	2.350E-83	273
O18912.2	P41591.1	0.435	351	194	0	21	364	2	352	3.212E-83	273
O18912.2	P51491.1	0.456	329	178	0	33	360	12	340	4.391E-83	273
O18912.2	Q9W6A8.1	0.444	340	188	0	19	358	11	350	8.206E-83	272
O18912.2	Q9YGZ3.1	0.432	353	195	0	21	364	2	354	8.206E-83	272
O18912.2	P51472.1	0.440	344	190	0	19	358	8	351	8.206E-83	272
O18912.2	Q6W3E1.1	0.440	344	189	0	21	358	2	345	1.122E-82	271
O18912.2	P32312.1	0.438	346	190	0	21	359	2	347	1.122E-82	271
O18912.2	Q9YGZ5.1	0.433	352	194	0	21	364	2	353	1.122E-82	271
O18912.2	P28682.1	0.445	338	184	0	33	364	24	361	1.533E-82	271
O18912.2	O62791.1	0.458	325	174	0	37	358	21	345	2.096E-82	271
O18912.2	Q68J47.1	0.438	344	189	0	21	358	2	345	3.917E-82	270
O18912.2	P87368.1	0.464	318	169	0	39	356	16	331	5.354E-82	269
O18912.2	O62793.1	0.456	325	175	0	37	358	21	345	1.000E-81	269
O18912.2	P51474.1	0.449	331	180	0	37	364	24	354	1.000E-81	269
O18912.2	P51471.1	0.445	335	181	0	37	364	21	355	1.367E-81	268
O18912.2	O62798.1	0.454	325	175	0	37	358	21	345	2.554E-81	267
O18912.2	P51473.1	0.440	336	185	0	33	364	12	347	1.219E-80	265
O18912.2	Q9W6A5.2	0.431	346	192	0	21	359	2	347	1.219E-80	265
O18912.2	O62792.1	0.451	325	176	0	37	358	21	345	1.665E-80	265
O18912.2	Q8AYM8.1	0.429	346	193	0	21	359	2	347	4.252E-80	264
O18912.2	P87365.1	0.431	341	193	0	19	358	9	349	2.771E-79	261
O18912.2	O42490.1	0.452	316	172	0	22	336	13	328	2.467E-78	259
P22328.1	P22328.1	0.968	351	11	0	1	351	1	351	4.098E-237	717
P22328.1	P52202.1	0.910	352	31	0	1	351	1	352	4.207E-221	671
P22328.1	Q90245.1	0.875	354	44	0	1	351	1	354	4.518E-212	645
P22328.1	P56515.1	0.874	354	44	0	1	351	1	354	8.484E-212	644
P22328.1	P32308.1	0.880	351	42	0	1	351	1	348	1.163E-211	644
P22328.1	P49912.1	0.889	345	38	0	1	343	1	345	1.446E-210	640
P22328.1	Q95KU1.1	0.887	345	39	0	1	343	1	345	5.097E-210	639
P22328.1	O18766.1	0.873	351	44	0	1	351	1	348	6.985E-210	638
P22328.1	P51470.1	0.867	354	47	0	1	351	1	354	6.985E-210	638
P22328.1	P29403.1	0.866	354	47	0	1	351	1	354	1.797E-209	637
P22328.1	P41591.1	0.869	352	46	0	1	351	1	352	2.463E-209	637
P22328.1	P31355.1	0.864	354	48	0	1	351	1	354	6.337E-209	636
P22328.1	P56516.1	0.863	354	48	0	1	351	1	354	8.684E-209	635
P22328.1	Q28886.1	0.882	345	40	0	1	343	1	345	1.631E-208	634
P22328.1	O62796.1	0.868	351	46	0	1	351	1	348	2.235E-208	634
P22328.1	O62794.1	0.867	351	46	0	1	351	1	348	4.196E-208	633
P22328.1	O62791.1	0.880	345	41	0	1	343	1	345	5.750E-208	633
P22328.1	P56514.1	0.860	354	49	0	1	351	1	354	7.879E-208	632
P22328.1	O62795.1	0.865	351	47	0	1	351	1	348	2.027E-207	631
P22328.1	P08100.1	0.878	345	42	0	1	343	1	345	2.027E-207	631
P22328.1	Q769E8.1	0.878	345	42	0	1	343	1	345	2.778E-207	631
P22328.1	Q68J47.1	0.864	351	47	0	1	351	1	348	2.778E-207	631
P22328.1	P15409.2	0.876	345	42	0	1	343	1	345	9.795E-207	629
P22328.1	P02699.1	0.861	351	48	0	1	351	1	348	3.454E-206	628
P22328.1	P02700.2	0.861	351	48	0	1	351	1	348	3.454E-206	628
P22328.1	Q8HY69.2	0.872	345	44	0	1	343	1	345	8.887E-206	627
P22328.1	P28681.1	0.870	345	44	0	1	343	1	345	3.133E-205	625
P22328.1	O62798.1	0.870	345	44	0	1	343	1	345	3.133E-205	625
P22328.1	Q6W3E1.1	0.870	345	44	0	1	343	1	345	4.293E-205	625
P22328.1	O62793.1	0.867	345	45	0	1	343	1	345	2.074E-204	623
P22328.1	O62792.1	0.867	345	45	0	1	343	1	345	2.074E-204	623
P22328.1	P51489.1	0.866	345	46	0	1	343	1	345	5.337E-204	621
P22328.1	O93459.1	0.845	354	54	0	1	351	1	354	1.882E-203	620
P22328.1	P22671.1	0.839	353	56	0	1	351	1	353	3.984E-201	613
P22328.1	Q90214.1	0.835	352	58	0	1	351	1	352	2.392E-199	608
P22328.1	Q98980.1	0.832	353	59	0	1	351	1	353	3.278E-199	608
P22328.1	O93441.1	0.829	354	60	0	1	351	1	354	1.156E-198	606
P22328.1	Q90215.1	0.832	352	59	0	1	351	1	352	1.584E-198	606
P22328.1	P79863.1	0.827	354	61	0	1	351	1	354	4.074E-198	604
P22328.1	O13227.1	0.832	351	59	0	1	351	1	350	5.583E-198	604
P22328.1	P35359.2	0.822	354	62	0	1	351	1	354	9.507E-197	601
P22328.1	O42604.1	0.809	354	67	0	1	351	1	354	4.694E-193	590
P22328.1	P51488.1	0.809	354	67	0	1	351	1	354	6.431E-193	589
P22328.1	Q9YH05.1	0.809	353	67	0	1	351	1	353	2.267E-192	588
P22328.1	P32309.1	0.803	354	69	0	1	351	1	354	3.860E-191	584
P22328.1	Q9YGZ0.1	0.808	351	67	0	1	351	1	351	7.246E-191	584
P22328.1	P41590.1	0.806	352	68	0	1	351	1	352	7.246E-191	584
P22328.1	P87369.1	0.800	354	70	0	1	351	1	354	2.554E-190	582
P22328.1	Q9DGG4.1	0.799	353	70	0	1	351	1	353	1.690E-189	580
P22328.1	Q9YGZ6.1	0.798	353	71	0	1	351	1	353	3.173E-189	579
P22328.1	Q9YGZ2.1	0.800	352	70	0	1	351	1	352	4.348E-189	578
P22328.1	Q9YGY9.1	0.799	352	70	0	1	351	1	352	5.958E-189	578
P22328.1	Q9YGZ3.1	0.795	354	72	0	1	351	1	354	5.958E-189	578
P22328.1	P79756.1	0.792	354	73	0	1	351	1	354	3.943E-188	576
P22328.1	P79848.1	0.791	354	73	0	1	351	1	354	7.402E-188	575
P22328.1	Q9YGZ8.1	0.793	353	72	0	1	351	1	353	1.014E-187	574
P22328.1	Q9YGZ5.1	0.791	353	73	0	1	351	1	353	3.575E-187	573
P22328.1	P79812.1	0.774	351	79	0	1	351	1	351	3.725E-181	556
P22328.1	P79798.1	0.777	349	77	0	4	351	1	349	6.993E-181	555
P22328.1	P79898.1	0.773	351	79	0	1	351	1	351	6.993E-181	555
P22328.1	P79807.1	0.776	349	78	0	4	351	1	349	9.582E-181	554
P22328.1	P28683.1	0.764	355	83	0	1	351	1	355	1.799E-180	554
P22328.1	P79808.1	0.773	348	79	0	4	351	1	348	4.193E-179	550
P22328.1	P79901.1	0.772	348	79	0	4	351	1	348	7.872E-179	549
P22328.1	P79914.1	0.771	348	79	0	4	351	1	348	1.079E-178	548
P22328.1	P51471.1	0.756	355	85	0	1	351	1	355	3.801E-178	547
P22328.1	P79902.1	0.769	348	80	0	4	351	1	348	5.207E-178	546
P22328.1	P79911.1	0.768	348	80	0	4	351	1	347	9.775E-178	546
P22328.1	P79903.1	0.766	348	81	0	4	351	1	347	3.445E-177	544
P22328.1	P79809.1	0.766	348	81	0	4	351	1	347	4.719E-177	544
P22328.1	P35357.1	0.752	355	87	0	1	351	1	355	8.859E-177	543
P22328.1	P32311.1	0.752	347	85	0	1	344	1	347	1.536E-172	531
P22328.1	Q9W6A6.2	0.744	347	88	0	1	344	1	347	1.728E-170	525
P22328.1	P32312.1	0.738	347	90	0	1	344	1	347	1.418E-168	519
P22328.1	Q8AYM7.1	0.736	347	91	0	1	344	1	347	4.996E-168	518
P22328.1	P51474.1	0.716	351	99	0	1	351	4	354	2.455E-164	507
P22328.1	Q8AYM8.1	0.719	347	96	0	1	344	1	347	4.173E-163	503
P22328.1	Q9W6A5.2	0.710	347	99	0	1	344	1	347	8.798E-161	497
P22328.1	P28682.1	0.556	350	153	0	7	351	12	361	6.809E-118	373
P22328.1	P51472.1	0.542	340	154	0	7	344	10	349	2.163E-110	351
P22328.1	P32310.1	0.538	339	155	0	7	343	9	347	6.838E-109	347
P22328.1	P51473.1	0.511	347	168	0	5	351	3	347	5.522E-104	332
P22328.1	O57605.1	0.502	350	172	0	1	350	1	346	2.384E-102	328
P22328.1	Q9W6A8.1	0.515	339	163	0	7	343	12	350	2.384E-102	328
P22328.1	P87365.1	0.513	338	163	0	8	343	12	349	2.143E-101	325
P22328.1	P28684.1	0.503	343	169	0	8	350	6	346	1.926E-100	322
P22328.1	O13092.1	0.497	346	172	0	5	350	6	348	1.731E-99	319
P22328.1	P03999.2	0.496	344	171	0	7	350	4	344	8.304E-99	317
P22328.1	P60015.1	0.496	344	171	0	7	350	7	347	8.304E-99	317
P22328.1	P51491.1	0.491	345	174	0	6	350	3	345	1.396E-97	314
P22328.1	P51476.1	0.529	307	144	0	23	329	18	323	2.882E-95	307
P22328.1	P51475.1	0.531	305	142	0	23	327	16	319	2.882E-95	307
P22328.1	Q63652.2	0.482	345	177	0	6	350	3	345	5.396E-95	306
P22328.1	P51490.1	0.490	328	167	0	23	350	21	348	3.894E-92	298
P22328.1	Q90309.1	0.488	323	164	0	22	344	15	335	5.854E-90	292
P22328.1	Q9W6A9.2	0.485	323	165	0	22	344	15	335	2.803E-89	290
P22328.1	P04001.1	0.453	350	188	0	2	351	21	364	3.433E-88	287
P22328.1	P04000.2	0.452	350	188	0	2	351	21	364	6.423E-88	286
P22328.1	P35358.1	0.453	348	188	0	4	351	22	365	8.785E-88	286
P22328.1	P41592.1	0.458	338	180	0	14	351	36	369	2.751E-86	281
P22328.1	Q9BGI7.1	0.447	348	189	0	4	351	23	364	5.145E-86	280
P22328.1	P87368.1	0.456	339	181	0	6	344	2	334	7.037E-86	280
P22328.1	O18913.2	0.445	350	190	0	2	351	21	364	7.037E-86	280
P22328.1	O12948.1	0.446	348	190	0	4	351	22	365	9.623E-86	280
P22328.1	P22329.1	0.446	348	189	0	4	351	20	362	1.316E-85	279
P22328.1	Q95170.1	0.445	348	189	0	4	351	23	364	2.461E-85	278
P22328.1	O18914.2	0.445	348	189	0	4	351	23	364	2.461E-85	278
P22328.1	P34989.1	0.451	341	184	0	2	342	14	350	3.366E-85	278
P22328.1	O18912.2	0.442	350	191	0	2	351	21	364	3.366E-85	278
P22328.1	O35478.2	0.441	350	192	0	2	351	21	364	8.607E-85	277
P22328.1	O18910.2	0.441	350	192	0	2	351	21	364	1.177E-84	276
P22328.1	Q9R024.1	0.440	350	192	0	2	351	21	364	1.610E-84	276
P22328.1	P87367.1	0.446	340	185	0	4	343	20	354	1.968E-83	273
P22328.1	O42490.1	0.484	305	155	0	19	323	30	331	1.968E-83	273
P22328.1	O35476.2	0.434	350	194	0	2	351	16	359	6.879E-83	271
P22328.1	O35599.1	0.431	350	195	0	2	351	16	359	8.403E-82	268
P22328.1	Q8AYN0.1	0.438	340	188	0	4	343	19	353	2.936E-81	267
P22328.1	Q9W6A7.1	0.448	330	179	0	14	343	30	354	2.936E-81	267
P22328.1	P32313.1	0.438	335	185	0	9	343	25	354	4.900E-80	263
P22328.1	P22332.2	0.439	330	182	0	14	343	30	354	8.170E-79	259
P22328.1	P22331.1	0.427	341	192	0	4	344	18	353	1.527E-78	259
P22328.1	P22330.1	0.426	341	192	0	4	344	20	355	2.853E-78	258
P22328.1	O18911.1	0.469	273	144	0	32	304	1	273	2.095E-70	235
Q9W6A6.2	Q9W6A6.2	0.964	349	13	0	1	349	1	349	7.915E-235	710
Q9W6A6.2	P32312.1	0.924	349	26	0	1	349	1	349	2.478E-223	677
Q9W6A6.2	Q8AYM7.1	0.922	349	27	0	1	349	1	349	1.641E-222	675
Q9W6A6.2	P32311.1	0.909	349	32	0	1	349	1	349	8.126E-219	664
Q9W6A6.2	Q8AYM8.1	0.854	349	51	0	1	349	1	349	4.416E-203	619
Q9W6A6.2	P51474.1	0.848	351	53	0	1	349	4	354	1.136E-202	617
Q9W6A6.2	Q9W6A5.2	0.832	349	58	0	1	349	1	349	8.674E-197	601
Q9W6A6.2	P28683.1	0.796	348	71	0	1	347	1	348	1.043E-185	569
Q9W6A6.2	P51471.1	0.793	348	72	0	1	347	1	348	5.037E-185	567
Q9W6A6.2	P22671.1	0.787	347	73	0	1	347	1	346	1.065E-182	560
Q9W6A6.2	P35357.1	0.783	348	75	0	1	347	1	348	5.143E-182	558
Q9W6A6.2	Q98980.1	0.775	347	78	0	1	347	1	346	3.831E-179	550
Q9W6A6.2	Q95KU1.1	0.748	349	87	0	1	349	1	348	1.404E-172	531
Q9W6A6.2	P56515.1	0.752	347	86	0	1	347	1	347	1.404E-172	531
Q9W6A6.2	P56514.1	0.752	347	86	0	1	347	1	347	1.404E-172	531
Q9W6A6.2	P49912.1	0.746	349	88	0	1	349	1	348	6.779E-172	529
Q9W6A6.2	P32308.1	0.745	349	88	0	1	349	1	348	9.287E-172	528
Q9W6A6.2	O18766.1	0.745	349	88	0	1	349	1	348	9.287E-172	528
Q9W6A6.2	O62791.1	0.742	349	90	0	1	349	1	348	6.142E-171	526
Q9W6A6.2	P08100.1	0.741	349	90	0	1	349	1	348	1.153E-170	525
Q9W6A6.2	O93459.1	0.744	347	89	0	1	347	1	347	2.164E-170	524
Q9W6A6.2	P52202.1	0.743	347	88	0	1	347	1	345	2.965E-170	524
Q9W6A6.2	Q769E8.1	0.739	349	91	0	1	349	1	348	4.062E-170	524
Q9W6A6.2	P02699.1	0.739	349	91	0	1	349	1	348	4.062E-170	524
Q9W6A6.2	P56516.1	0.743	347	89	0	1	347	1	347	4.062E-170	524
Q9W6A6.2	O93441.1	0.742	347	89	0	1	347	1	347	7.624E-170	523
Q9W6A6.2	P29403.1	0.742	347	89	0	1	347	1	347	1.045E-169	522
Q9W6A6.2	O62794.1	0.737	349	91	0	1	349	1	348	2.686E-169	521
Q9W6A6.2	P22328.1	0.740	347	89	0	1	347	1	344	2.686E-169	521
Q9W6A6.2	Q90245.1	0.740	347	90	0	1	347	1	347	2.686E-169	521
Q9W6A6.2	Q28886.1	0.736	349	92	0	1	349	1	348	5.042E-169	520
Q9W6A6.2	O62795.1	0.736	349	92	0	1	349	1	348	5.042E-169	520
Q9W6A6.2	Q68J47.1	0.736	349	92	0	1	349	1	348	5.042E-169	520
Q9W6A6.2	P15409.2	0.735	349	92	0	1	349	1	348	6.908E-169	520
Q9W6A6.2	Q8HY69.2	0.735	349	92	0	1	349	1	348	6.908E-169	520
Q9W6A6.2	O62793.1	0.735	349	92	0	1	349	1	348	6.908E-169	520
Q9W6A6.2	P51470.1	0.739	347	90	0	1	347	1	347	6.908E-169	520
Q9W6A6.2	P51489.1	0.735	349	92	0	1	349	1	348	9.464E-169	520
Q9W6A6.2	P02700.2	0.735	349	92	0	1	349	1	348	9.464E-169	520
Q9W6A6.2	P31355.1	0.738	347	91	0	1	347	1	347	9.464E-169	520
Q9W6A6.2	P28681.1	0.734	349	92	0	1	349	1	348	1.297E-168	519
Q9W6A6.2	O62796.1	0.734	349	92	0	1	349	1	348	1.776E-168	519
Q9W6A6.2	Q6W3E1.1	0.732	349	93	0	1	349	1	348	4.568E-168	518
Q9W6A6.2	O62798.1	0.731	349	93	0	1	349	1	348	8.574E-168	517
Q9W6A6.2	P41591.1	0.726	352	95	0	1	349	1	352	1.175E-167	516
Q9W6A6.2	O62792.1	0.729	349	94	0	1	349	1	348	3.021E-167	515
Q9W6A6.2	P79863.1	0.730	347	93	0	1	347	1	347	1.997E-166	513
Q9W6A6.2	Q90214.1	0.716	352	99	0	1	349	1	352	6.374E-165	509
Q9W6A6.2	Q90215.1	0.716	352	99	0	1	349	1	352	6.374E-165	509
Q9W6A6.2	O13227.1	0.714	350	100	0	1	349	1	350	2.034E-163	504
Q9W6A6.2	O42604.1	0.709	347	101	0	1	347	1	347	2.069E-160	496
Q9W6A6.2	P35359.2	0.707	347	101	0	1	347	1	347	7.289E-160	494
Q9W6A6.2	P51488.1	0.699	347	104	0	1	347	1	347	1.122E-157	488
Q9W6A6.2	Q9YGZ3.1	0.699	347	104	0	1	347	1	347	1.536E-157	487
Q9W6A6.2	P41590.1	0.690	352	108	0	1	349	1	352	2.105E-157	487
Q9W6A6.2	P79756.1	0.698	347	104	0	1	347	1	347	2.105E-157	487
Q9W6A6.2	Q9YH05.1	0.696	347	105	0	1	347	1	346	1.391E-156	484
Q9W6A6.2	P32309.1	0.696	347	105	0	1	347	1	347	1.391E-156	484
Q9W6A6.2	P87369.1	0.695	347	106	0	1	347	1	347	2.610E-156	484
Q9W6A6.2	P79848.1	0.694	347	106	0	1	347	1	347	4.899E-156	483
Q9W6A6.2	Q9YGZ0.1	0.687	351	109	0	1	349	1	351	6.711E-156	482
Q9W6A6.2	Q9DGG4.1	0.692	347	106	0	1	347	1	346	1.259E-155	482
Q9W6A6.2	Q9YGZ8.1	0.689	347	107	0	1	347	1	346	1.140E-154	479
Q9W6A6.2	Q9YGZ5.1	0.688	347	108	0	1	347	1	346	1.562E-154	479
Q9W6A6.2	P79807.1	0.692	344	105	0	4	347	1	342	2.931E-154	478
Q9W6A6.2	P79798.1	0.692	344	105	0	4	347	1	342	5.499E-154	477
Q9W6A6.2	P79812.1	0.679	351	112	0	1	349	1	351	1.032E-153	476
Q9W6A6.2	Q9YGZ6.1	0.686	347	108	0	1	347	1	346	1.032E-153	476
Q9W6A6.2	P79898.1	0.679	351	112	0	1	349	1	351	1.414E-153	476
Q9W6A6.2	Q9YGY9.1	0.685	347	108	0	1	347	1	345	1.414E-153	476
Q9W6A6.2	P79911.1	0.682	347	110	0	4	349	1	347	9.341E-153	473
Q9W6A6.2	P79901.1	0.680	348	110	0	4	349	1	348	1.753E-152	473
Q9W6A6.2	Q9YGZ2.1	0.681	347	110	0	1	347	1	345	2.401E-152	472
Q9W6A6.2	P79903.1	0.680	347	110	0	4	349	1	347	3.289E-152	472
Q9W6A6.2	P79808.1	0.679	348	111	0	4	349	1	348	3.289E-152	472
Q9W6A6.2	P79809.1	0.678	347	111	0	4	349	1	347	1.586E-151	470
Q9W6A6.2	P79914.1	0.676	348	112	0	4	349	1	348	2.173E-151	469
Q9W6A6.2	P79902.1	0.673	348	113	0	4	349	1	348	1.048E-150	467
Q9W6A6.2	P28682.1	0.583	341	141	0	9	347	14	354	3.684E-122	385
Q9W6A6.2	P51472.1	0.574	342	144	0	9	348	12	353	5.622E-120	379
Q9W6A6.2	P32310.1	0.552	340	151	0	9	348	11	349	5.105E-113	359
Q9W6A6.2	Q9W6A8.1	0.537	340	156	0	9	348	14	352	6.299E-109	347
Q9W6A6.2	P51473.1	0.519	343	162	0	5	347	3	340	5.659E-105	335
Q9W6A6.2	P87365.1	0.522	339	160	0	11	349	17	352	2.718E-104	333
Q9W6A6.2	O57605.1	0.505	347	168	0	1	347	1	340	4.118E-102	327
Q9W6A6.2	Q9W6A9.2	0.525	326	152	0	22	347	15	335	9.490E-101	323
Q9W6A6.2	P28684.1	0.517	330	158	0	18	347	13	340	6.233E-100	321
Q9W6A6.2	P03999.2	0.521	325	154	0	23	347	17	338	2.186E-99	319
Q9W6A6.2	P60015.1	0.521	325	154	0	23	347	20	341	2.186E-99	319
Q9W6A6.2	Q90309.1	0.519	326	154	0	22	347	15	335	4.093E-99	318
Q9W6A6.2	O13092.1	0.518	325	155	0	23	347	21	342	1.435E-98	317
Q9W6A6.2	P51476.1	0.536	307	142	0	23	329	18	323	3.303E-97	313
Q9W6A6.2	P51490.1	0.512	325	157	0	23	347	21	342	6.184E-97	312
Q9W6A6.2	P51491.1	0.508	325	158	0	23	347	18	339	7.598E-96	309
Q9W6A6.2	P51475.1	0.533	305	142	0	23	327	16	319	1.040E-95	308
Q9W6A6.2	P87368.1	0.502	322	157	0	23	344	16	331	2.144E-93	302
Q9W6A6.2	Q63652.2	0.497	325	161	0	23	347	18	339	4.014E-93	301
Q9W6A6.2	Q8AYN0.1	0.460	346	182	0	4	349	19	356	4.852E-89	289
Q9W6A6.2	P87367.1	0.459	346	182	0	4	349	20	357	6.637E-89	289
Q9W6A6.2	P04000.2	0.454	344	183	0	4	347	23	359	5.323E-87	283
Q9W6A6.2	P04001.1	0.454	344	183	0	4	347	23	359	5.323E-87	283
Q9W6A6.2	Q9W6A7.1	0.462	336	176	0	14	349	30	357	9.957E-87	282
Q9W6A6.2	P35358.1	0.453	344	184	0	4	347	22	358	9.957E-87	282
Q9W6A6.2	P41592.1	0.461	334	176	0	14	347	36	362	4.765E-86	280
Q9W6A6.2	P22329.1	0.460	334	175	0	14	347	30	355	1.219E-85	279
Q9W6A6.2	O18914.2	0.447	346	189	0	4	349	23	364	1.667E-85	279
Q9W6A6.2	P32313.1	0.451	341	182	0	9	349	25	357	4.263E-85	278
Q9W6A6.2	P34989.1	0.449	342	184	0	4	345	16	350	5.830E-85	277
Q9W6A6.2	O18912.2	0.445	346	189	0	4	349	23	364	5.830E-85	277
Q9W6A6.2	Q95170.1	0.444	346	190	0	4	349	23	364	1.090E-84	276
Q9W6A6.2	Q9BGI7.1	0.443	346	190	0	4	349	23	364	2.039E-84	276
Q9W6A6.2	O12948.1	0.445	344	186	0	4	347	22	358	2.039E-84	276
Q9W6A6.2	O18913.2	0.443	346	190	0	4	349	23	364	2.789E-84	275
Q9W6A6.2	P22332.2	0.451	336	180	0	14	349	30	357	7.131E-84	274
Q9W6A6.2	Q9R024.1	0.441	346	191	0	4	349	23	364	7.131E-84	274
Q9W6A6.2	O35476.2	0.442	344	187	0	4	347	18	354	1.334E-83	273
Q9W6A6.2	O35478.2	0.440	346	191	0	4	349	23	364	1.334E-83	273
Q9W6A6.2	O35599.1	0.439	344	188	0	4	347	18	354	1.192E-82	271
Q9W6A6.2	O42490.1	0.481	302	155	0	22	323	33	331	1.065E-81	268
Q9W6A6.2	O18910.2	0.433	346	193	0	4	349	23	364	1.457E-81	267
Q9W6A6.2	P22331.1	0.445	327	178	0	21	347	32	353	1.161E-79	262
Q9W6A6.2	P22330.1	0.438	327	180	0	21	347	34	355	6.764E-78	257
Q9W6A6.2	O18911.1	0.462	273	146	0	32	304	1	273	8.234E-69	230
Q9YGY9.1	Q9YGY9.1	0.985	352	5	0	1	352	1	352	7.668E-243	734
Q9YGY9.1	Q9YGZ2.1	0.975	352	9	0	1	352	1	352	7.865E-240	725
Q9YGY9.1	Q9YGZ3.1	0.934	354	23	0	1	352	1	354	1.980E-229	695
Q9YGY9.1	P79848.1	0.927	354	26	0	1	352	1	354	2.236E-227	689
Q9YGY9.1	Q9YH05.1	0.927	353	26	0	1	352	1	353	1.081E-226	687
Q9YGY9.1	Q9YGZ8.1	0.927	353	26	0	1	352	1	353	1.081E-226	687
Q9YGY9.1	P79756.1	0.923	354	27	0	1	352	1	354	3.811E-226	685
Q9YGY9.1	Q9YGZ6.1	0.924	353	27	0	1	352	1	353	9.807E-226	684
Q9YGY9.1	Q9DGG4.1	0.923	353	27	0	1	352	1	353	1.842E-225	683
Q9YGY9.1	P87369.1	0.919	354	28	0	1	352	1	354	4.740E-225	682
Q9YGY9.1	O42604.1	0.905	354	33	0	1	352	1	354	4.407E-221	671
Q9YGY9.1	P79898.1	0.906	352	33	0	1	352	1	351	5.481E-220	668
Q9YGY9.1	Q9YGZ5.1	0.898	353	36	0	1	352	1	353	2.404E-218	663
Q9YGY9.1	P79901.1	0.903	349	34	0	4	352	1	348	5.613E-217	659
Q9YGY9.1	P51488.1	0.890	354	39	0	1	352	1	354	1.979E-216	657
Q9YGY9.1	P79914.1	0.897	349	36	0	4	352	1	348	1.796E-215	655
Q9YGY9.1	P79902.1	0.896	349	36	0	4	352	1	348	3.373E-215	654
Q9YGY9.1	P35359.2	0.883	354	41	0	1	352	1	354	1.630E-214	652
Q9YGY9.1	P79807.1	0.892	349	38	0	4	352	1	349	7.876E-214	650
Q9YGY9.1	P79812.1	0.884	352	41	0	1	352	1	351	1.479E-213	649
Q9YGY9.1	P32309.1	0.879	354	42	0	1	352	1	354	2.027E-213	649
Q9YGY9.1	P79808.1	0.888	349	39	0	4	352	1	348	7.146E-213	647
Q9YGY9.1	P79798.1	0.887	349	39	0	4	352	1	349	1.839E-212	646
Q9YGY9.1	P41590.1	0.878	352	43	0	1	352	1	352	8.886E-212	644
Q9YGY9.1	Q9YGZ0.1	0.877	352	43	0	1	352	1	351	1.669E-211	643
Q9YGY9.1	P79809.1	0.875	349	43	0	4	352	1	347	3.534E-209	636
Q9YGY9.1	P79903.1	0.875	349	43	0	4	352	1	347	4.843E-209	636
Q9YGY9.1	P79911.1	0.873	349	44	0	4	352	1	347	2.340E-208	634
Q9YGY9.1	O13227.1	0.851	352	52	0	1	352	1	350	5.589E-204	621
Q9YGY9.1	Q90214.1	0.846	352	54	0	1	352	1	352	1.787E-202	617
Q9YGY9.1	Q90215.1	0.845	352	54	0	1	352	1	352	2.449E-202	617
Q9YGY9.1	O62796.1	0.819	345	62	0	1	344	1	345	1.039E-190	583
Q9YGY9.1	P22328.1	0.805	352	68	0	1	352	1	351	1.039E-190	583
Q9YGY9.1	P52202.1	0.804	352	69	0	1	352	1	352	1.951E-190	582
Q9YGY9.1	P51470.1	0.799	354	71	0	1	352	1	354	6.877E-190	581
Q9YGY9.1	P56515.1	0.798	354	71	0	1	352	1	354	9.423E-190	580
Q9YGY9.1	O93459.1	0.798	354	71	0	1	352	1	354	9.423E-190	580
Q9YGY9.1	P32308.1	0.815	345	63	0	1	344	1	345	1.769E-189	580
Q9YGY9.1	P49912.1	0.814	345	64	0	1	344	1	345	3.321E-189	579
Q9YGY9.1	Q95KU1.1	0.813	345	64	0	1	344	1	345	8.544E-189	578
Q9YGY9.1	P56514.1	0.794	354	72	0	1	352	1	354	1.171E-188	577
Q9YGY9.1	P31355.1	0.794	354	72	0	1	352	1	354	1.604E-188	577
Q9YGY9.1	O18766.1	0.811	345	65	0	1	344	1	345	2.198E-188	576
Q9YGY9.1	P22671.1	0.795	353	72	0	1	352	1	353	2.198E-188	576
Q9YGY9.1	Q90245.1	0.793	354	73	0	1	352	1	354	2.198E-188	576
Q9YGY9.1	O93441.1	0.793	354	73	0	1	352	1	354	2.198E-188	576
Q9YGY9.1	P29403.1	0.793	354	73	0	1	352	1	354	3.011E-188	576
Q9YGY9.1	P02699.1	0.810	345	65	0	1	344	1	345	4.126E-188	576
Q9YGY9.1	Q68J47.1	0.808	345	66	0	1	344	1	345	1.993E-187	574
Q9YGY9.1	Q98980.1	0.791	353	73	0	1	352	1	353	3.741E-187	573
Q9YGY9.1	P56516.1	0.789	354	74	0	1	352	1	354	3.741E-187	573
Q9YGY9.1	Q769E8.1	0.806	345	67	0	1	344	1	345	5.126E-187	572
Q9YGY9.1	O62794.1	0.806	345	67	0	1	344	1	345	7.023E-187	572
Q9YGY9.1	P15409.2	0.805	345	67	0	1	344	1	345	1.319E-186	571
Q9YGY9.1	Q28886.1	0.804	345	67	0	1	344	1	345	2.475E-186	571
Q9YGY9.1	P28681.1	0.802	345	68	0	1	344	1	345	6.367E-186	569
Q9YGY9.1	P08100.1	0.802	345	68	0	1	344	1	345	1.195E-185	569
Q9YGY9.1	P51489.1	0.801	345	68	0	1	344	1	345	1.638E-185	568
Q9YGY9.1	P02700.2	0.801	345	68	0	1	344	1	345	1.638E-185	568
Q9YGY9.1	P41591.1	0.787	352	75	0	1	352	1	352	1.638E-185	568
Q9YGY9.1	O62795.1	0.801	345	68	0	1	344	1	345	2.244E-185	568
Q9YGY9.1	O62791.1	0.800	345	69	0	1	344	1	345	4.213E-185	567
Q9YGY9.1	Q6W3E1.1	0.797	345	70	0	1	344	1	345	2.788E-184	565
Q9YGY9.1	O62798.1	0.797	345	70	0	1	344	1	345	2.788E-184	565
Q9YGY9.1	Q8HY69.2	0.794	345	71	0	1	344	1	345	1.346E-183	563
Q9YGY9.1	O62792.1	0.794	345	71	0	1	344	1	345	1.844E-183	562
Q9YGY9.1	P79863.1	0.776	354	79	0	1	352	1	354	1.844E-183	562
Q9YGY9.1	O62793.1	0.793	345	71	0	1	344	1	345	3.462E-183	561
Q9YGY9.1	P28683.1	0.711	355	101	0	1	352	1	355	9.983E-165	508
Q9YGY9.1	P51471.1	0.709	355	102	0	1	352	1	355	3.516E-164	507
Q9YGY9.1	P35357.1	0.703	355	104	0	1	352	1	355	1.122E-162	502
Q9YGY9.1	Q8AYM7.1	0.698	347	104	0	1	345	1	347	4.511E-157	486
Q9YGY9.1	Q9W6A6.2	0.698	347	104	0	1	345	1	347	4.511E-157	486
Q9YGY9.1	P32311.1	0.690	347	107	0	1	345	1	347	6.936E-155	480
Q9YGY9.1	P32312.1	0.684	347	109	0	1	345	1	347	4.148E-153	475
Q9YGY9.1	Q8AYM8.1	0.680	347	110	0	1	345	1	347	3.754E-152	472
Q9YGY9.1	Q9W6A5.2	0.673	347	112	0	1	345	1	347	4.210E-150	466
Q9YGY9.1	P51474.1	0.664	352	118	0	1	352	4	354	1.082E-149	465
Q9YGY9.1	P28682.1	0.545	348	156	0	9	352	14	361	8.783E-114	361
Q9YGY9.1	P51472.1	0.541	340	154	0	9	344	12	351	5.781E-110	350
Q9YGY9.1	P32310.1	0.544	337	153	0	9	344	11	347	1.083E-109	349
Q9YGY9.1	Q9W6A8.1	0.539	323	148	0	22	344	29	350	1.474E-103	331
Q9YGY9.1	P87365.1	0.520	337	161	0	9	344	13	349	3.778E-103	330
Q9YGY9.1	P51473.1	0.509	331	162	0	22	352	17	347	5.672E-98	315
Q9YGY9.1	O57605.1	0.497	334	167	0	18	351	13	346	8.558E-96	309
Q9YGY9.1	O13092.1	0.481	347	177	0	5	351	7	348	2.999E-95	307
Q9YGY9.1	P03999.2	0.479	348	178	0	4	351	2	344	4.103E-95	307
Q9YGY9.1	P60015.1	0.479	348	178	0	4	351	5	347	4.103E-95	307
Q9YGY9.1	P28684.1	0.492	336	170	0	16	351	11	346	5.613E-95	306
Q9YGY9.1	P51475.1	0.503	326	153	0	2	327	11	319	7.680E-95	306
Q9YGY9.1	P51491.1	0.471	351	182	0	1	351	1	345	1.289E-93	302
Q9YGY9.1	P51476.1	0.504	316	154	0	12	327	11	321	7.578E-92	297
Q9YGY9.1	Q63652.2	0.462	351	185	0	1	351	1	345	4.965E-91	295
Q9YGY9.1	P51490.1	0.485	329	168	0	23	351	21	348	4.965E-91	295
Q9YGY9.1	Q9W6A9.2	0.483	324	165	0	22	345	15	335	7.456E-89	289
Q9YGY9.1	Q9BGI7.1	0.450	349	188	0	4	352	23	364	4.369E-87	284
Q9YGY9.1	O18912.2	0.447	351	190	0	2	352	21	364	1.118E-86	282
Q9YGY9.1	Q95170.1	0.448	349	188	0	4	352	23	364	2.090E-86	282
Q9YGY9.1	Q90309.1	0.471	324	169	0	22	345	15	335	7.312E-86	280
Q9YGY9.1	O18913.2	0.443	351	191	0	2	352	21	364	9.999E-86	280
Q9YGY9.1	O18914.2	0.445	349	189	0	4	352	23	364	9.999E-86	280
Q9YGY9.1	P04001.1	0.442	351	191	0	2	352	21	364	1.870E-85	279
Q9YGY9.1	P87368.1	0.453	340	182	0	6	345	2	334	2.557E-85	278
Q9YGY9.1	P35358.1	0.444	349	191	0	4	352	22	365	2.557E-85	278
Q9YGY9.1	P41592.1	0.459	332	178	0	21	352	40	369	8.943E-85	277
Q9YGY9.1	P04000.2	0.440	351	192	0	2	352	21	364	1.223E-84	276
Q9YGY9.1	O12948.1	0.457	332	179	0	21	352	36	365	3.127E-84	275
Q9YGY9.1	O18910.2	0.438	351	193	0	2	352	21	364	4.276E-84	275
Q9YGY9.1	P34989.1	0.444	342	187	0	2	343	14	350	2.044E-83	273
Q9YGY9.1	Q9R024.1	0.435	351	194	0	2	352	21	364	2.044E-83	273
Q9YGY9.1	O35476.2	0.434	351	194	0	2	352	16	359	3.821E-83	272
Q9YGY9.1	O35478.2	0.433	351	194	0	2	352	21	364	7.144E-83	271
Q9YGY9.1	P22329.1	0.435	348	192	0	5	352	22	362	1.336E-82	271
Q9YGY9.1	O35599.1	0.431	351	195	0	2	352	16	359	4.668E-82	269
Q9YGY9.1	P87367.1	0.437	341	188	0	4	344	20	354	4.168E-81	266
Q9YGY9.1	Q9W6A7.1	0.434	340	188	0	5	344	22	354	3.721E-80	263
Q9YGY9.1	Q8AYN0.1	0.432	340	189	0	5	344	21	353	1.776E-79	261
Q9YGY9.1	P32313.1	0.431	340	189	0	5	344	22	354	2.428E-79	261
Q9YGY9.1	P22332.2	0.430	340	189	0	5	344	22	354	4.538E-79	260
Q9YGY9.1	P22331.1	0.423	341	192	0	5	345	20	353	1.931E-77	256
Q9YGY9.1	O42490.1	0.455	308	166	0	16	323	27	331	6.738E-77	254
Q9YGY9.1	P22330.1	0.420	341	193	0	5	345	22	355	1.259E-76	253
Q9YGY9.1	O18911.1	0.481	268	139	0	37	304	6	273	1.790E-71	238
Q90245.1	Q90245.1	0.966	354	12	0	1	354	1	354	1.075E-238	722
Q90245.1	P56515.1	0.904	354	34	0	1	354	1	354	1.705E-220	669
Q90245.1	P56514.1	0.898	354	36	0	1	354	1	354	7.479E-219	664
Q90245.1	P56516.1	0.893	354	38	0	1	354	1	354	2.393E-217	660
Q90245.1	P51470.1	0.892	354	38	0	1	354	1	354	3.280E-217	660
Q90245.1	P29403.1	0.892	354	38	0	1	354	1	354	4.494E-217	659
Q90245.1	P31355.1	0.886	354	40	0	1	354	1	354	1.971E-215	655
Q90245.1	P52202.1	0.875	354	44	0	1	354	1	352	2.764E-212	646
Q90245.1	P22328.1	0.871	354	45	0	1	354	1	351	6.453E-211	642
Q90245.1	Q68J47.1	0.880	346	41	0	1	346	1	345	1.873E-208	634
Q90245.1	P32308.1	0.878	346	42	0	1	346	1	345	6.603E-208	633
Q90245.1	O18766.1	0.875	346	43	0	1	346	1	345	4.371E-207	631
Q90245.1	Q95KU1.1	0.874	346	43	0	1	346	1	345	8.208E-207	630
Q90245.1	Q28886.1	0.872	346	44	0	1	346	1	345	2.112E-206	629
Q90245.1	O62795.1	0.872	346	44	0	1	346	1	345	2.112E-206	629
Q90245.1	O62791.1	0.871	346	44	0	1	346	1	345	5.434E-206	627
Q90245.1	P49912.1	0.871	346	44	0	1	346	1	345	7.446E-206	627
Q90245.1	P08100.1	0.871	346	44	0	1	346	1	345	7.446E-206	627
Q90245.1	O62794.1	0.870	346	45	0	1	346	1	345	1.398E-205	626
Q90245.1	O62796.1	0.868	346	45	0	1	346	1	345	3.597E-205	625
Q90245.1	P15409.2	0.866	346	46	0	1	346	1	345	1.268E-204	623
Q90245.1	P28681.1	0.864	346	47	0	1	346	1	345	6.127E-204	621
Q90245.1	O62798.1	0.861	346	48	0	1	346	1	345	2.960E-203	619
Q90245.1	Q769E8.1	0.861	346	48	0	1	346	1	345	4.056E-203	619
Q90245.1	O62793.1	0.860	346	48	0	1	346	1	345	7.615E-203	618
Q90245.1	O93459.1	0.843	354	55	0	1	354	1	354	7.615E-203	618
Q90245.1	P02700.2	0.859	346	49	0	1	346	1	345	1.430E-202	617
Q90245.1	O62792.1	0.859	346	49	0	1	346	1	345	1.959E-202	617
Q90245.1	Q6W3E1.1	0.858	346	49	0	1	346	1	345	3.679E-202	616
Q90245.1	P02699.1	0.857	346	49	0	1	346	1	345	5.041E-202	616
Q90245.1	P51489.1	0.855	346	50	0	1	346	1	345	2.435E-201	614
Q90245.1	Q90214.1	0.835	354	58	0	1	354	1	352	1.612E-200	612
Q90245.1	P41591.1	0.832	354	59	0	1	354	1	352	1.462E-199	609
Q90245.1	Q8HY69.2	0.844	346	54	0	1	346	1	345	2.490E-198	605
Q90245.1	P22671.1	0.825	354	62	0	1	354	1	353	1.648E-197	603
Q90245.1	O93441.1	0.825	354	62	0	1	354	1	354	1.648E-197	603
Q90245.1	O13227.1	0.823	354	62	0	1	354	1	350	5.809E-197	601
Q90245.1	P79863.1	0.822	354	63	0	1	354	1	354	7.959E-197	601
Q90245.1	Q90215.1	0.820	354	63	0	1	354	1	352	3.844E-196	599
Q90245.1	Q98980.1	0.819	354	64	0	1	354	1	353	9.890E-196	598
Q90245.1	P35359.2	0.814	354	66	0	1	354	1	354	1.684E-194	594
Q90245.1	P51488.1	0.806	354	68	0	1	354	1	354	6.687E-192	587
Q90245.1	O42604.1	0.799	354	71	0	1	354	1	354	4.012E-190	582
Q90245.1	Q9YH05.1	0.797	354	71	0	1	354	1	353	2.655E-189	579
Q90245.1	P32309.1	0.792	354	73	0	1	354	1	354	4.519E-188	576
Q90245.1	P87369.1	0.790	354	74	0	1	354	1	354	2.990E-187	573
Q90245.1	P41590.1	0.789	354	74	0	1	354	1	352	4.097E-187	573
Q90245.1	Q9DGG4.1	0.789	354	74	0	1	354	1	353	5.614E-187	572
Q90245.1	Q9YGZ3.1	0.788	354	75	0	1	354	1	354	7.691E-187	572
Q90245.1	P79756.1	0.787	354	75	0	1	354	1	354	1.444E-186	571
Q90245.1	P79848.1	0.784	354	76	0	1	354	1	354	9.554E-186	569
Q90245.1	Q9YGZ0.1	0.784	354	76	0	1	354	1	351	1.794E-185	568
Q90245.1	Q9YGZ6.1	0.784	354	76	0	1	354	1	353	1.794E-185	568
Q90245.1	Q9YGZ5.1	0.784	354	76	0	1	354	1	353	1.794E-185	568
Q90245.1	Q9YGY9.1	0.783	354	76	0	1	354	1	352	2.457E-185	568
Q90245.1	Q9YGZ2.1	0.782	354	77	0	1	354	1	352	6.321E-185	567
Q90245.1	Q9YGZ8.1	0.779	354	78	0	1	354	1	353	4.182E-184	564
Q90245.1	P79798.1	0.767	351	81	0	4	354	1	349	3.505E-179	550
Q90245.1	P79898.1	0.761	354	84	0	1	354	1	351	4.802E-179	550
Q90245.1	P79807.1	0.767	351	81	0	4	354	1	349	6.579E-179	549
Q90245.1	P79812.1	0.759	354	84	0	1	354	1	351	3.176E-178	547
Q90245.1	P79902.1	0.760	351	83	0	4	354	1	348	3.943E-177	544
Q90245.1	P79808.1	0.760	351	83	0	4	354	1	348	3.943E-177	544
Q90245.1	P35357.1	0.753	355	87	0	1	354	1	355	5.403E-177	544
Q90245.1	P79901.1	0.759	351	84	0	4	354	1	348	7.402E-177	543
Q90245.1	P79914.1	0.756	351	85	0	4	354	1	348	6.708E-176	541
Q90245.1	P79809.1	0.754	351	85	0	4	354	1	347	3.238E-175	539
Q90245.1	P28683.1	0.746	355	90	0	1	354	1	355	4.436E-175	538
Q90245.1	P79903.1	0.753	351	85	0	4	354	1	347	6.078E-175	538
Q90245.1	P51471.1	0.745	355	90	0	1	354	1	355	8.327E-175	537
Q90245.1	P79911.1	0.751	351	86	0	4	354	1	347	1.563E-174	537
Q90245.1	P32311.1	0.749	347	87	0	1	347	1	347	1.162E-171	528
Q90245.1	Q9W6A6.2	0.742	347	89	0	1	347	1	347	1.307E-169	522
Q90245.1	Q8AYM7.1	0.735	347	92	0	1	347	1	347	7.827E-168	517
Q90245.1	P32312.1	0.731	347	93	0	1	347	1	347	9.713E-167	514
Q90245.1	Q8AYM8.1	0.718	347	98	0	1	347	1	347	8.950E-163	503
Q90245.1	Q9W6A5.2	0.711	347	100	0	1	347	1	347	5.356E-161	497
Q90245.1	P51474.1	0.699	354	105	0	1	354	4	354	1.005E-160	497
Q90245.1	P28682.1	0.553	349	155	0	8	354	13	361	1.785E-116	369
Q90245.1	P51472.1	0.539	341	156	0	8	346	11	351	8.590E-110	349
Q90245.1	P51473.1	0.519	350	165	0	5	354	3	347	3.343E-107	342
Q90245.1	P32310.1	0.532	339	158	0	8	346	10	347	4.575E-107	342
Q90245.1	O57605.1	0.504	353	171	0	1	353	1	346	8.533E-104	332
Q90245.1	P28684.1	0.505	346	168	0	8	353	6	346	6.895E-102	327
Q90245.1	P03999.2	0.503	345	168	0	9	353	6	344	8.479E-101	323
Q90245.1	P60015.1	0.503	345	168	0	9	353	9	347	8.479E-101	323
Q90245.1	Q9W6A8.1	0.506	339	166	0	8	346	13	350	1.042E-99	320
Q90245.1	O13092.1	0.494	349	173	0	5	353	6	348	1.426E-99	320
Q90245.1	P51491.1	0.486	353	177	0	1	353	1	345	1.753E-98	317
Q90245.1	P87365.1	0.505	336	164	0	11	346	17	349	1.753E-98	317
Q90245.1	Q63652.2	0.476	353	180	0	1	353	1	345	1.267E-95	308
Q90245.1	P51490.1	0.473	344	178	0	10	353	10	348	4.379E-92	298
Q90245.1	P51476.1	0.502	315	156	0	23	337	18	331	3.924E-91	295
Q90245.1	Q90309.1	0.475	335	172	0	13	347	8	335	6.577E-90	292
Q90245.1	P51475.1	0.510	305	148	0	23	327	16	319	8.996E-90	291
Q90245.1	Q9W6A9.2	0.469	337	175	0	11	347	6	335	4.306E-89	289
Q90245.1	P87368.1	0.458	342	180	0	6	347	2	334	2.523E-87	284
Q90245.1	P35358.1	0.448	351	189	0	4	354	22	365	6.453E-87	283
Q90245.1	P04001.1	0.447	338	183	0	17	354	33	364	4.122E-83	272
Q90245.1	Q9BGI7.1	0.434	351	193	0	4	354	23	364	4.122E-83	272
Q90245.1	O18912.2	0.446	338	183	0	17	354	33	364	7.706E-83	271
Q90245.1	O35478.2	0.445	338	184	0	17	354	33	364	1.054E-82	271
Q90245.1	P41592.1	0.445	338	185	0	17	354	36	369	1.054E-82	271
Q90245.1	O18914.2	0.445	338	184	0	17	354	33	364	1.441E-82	271
Q90245.1	Q95170.1	0.432	351	194	0	4	354	23	364	1.970E-82	270
Q90245.1	O12948.1	0.444	338	185	0	17	354	32	365	1.970E-82	270
Q90245.1	Q9R024.1	0.444	338	184	0	17	354	33	364	2.693E-82	270
Q90245.1	O18913.2	0.443	338	184	0	17	354	33	364	3.682E-82	269
Q90245.1	P04000.2	0.441	338	185	0	17	354	33	364	1.286E-81	268
Q90245.1	P22329.1	0.441	338	186	0	17	354	30	362	1.759E-81	267
Q90245.1	P34989.1	0.448	329	179	0	17	345	26	350	4.494E-81	266
Q90245.1	O35476.2	0.439	338	186	0	17	354	28	359	4.494E-81	266
Q90245.1	O18910.2	0.439	338	186	0	17	354	33	364	4.494E-81	266
Q90245.1	O35599.1	0.436	338	187	0	17	354	28	359	2.933E-80	264
Q90245.1	P87367.1	0.431	343	190	0	4	346	20	354	5.481E-80	263
Q90245.1	O42490.1	0.467	305	160	0	19	323	30	331	4.889E-79	260
Q90245.1	Q9W6A7.1	0.438	330	182	0	17	346	30	354	1.249E-78	259
Q90245.1	Q8AYN0.1	0.437	330	182	0	17	346	29	353	2.333E-78	258
Q90245.1	P22332.2	0.433	330	184	0	17	346	30	354	3.883E-77	255
Q90245.1	P32313.1	0.431	330	184	0	17	346	30	354	9.914E-77	254
Q90245.1	P22331.1	0.460	298	160	0	21	318	32	329	1.649E-75	250
Q90245.1	P22330.1	0.459	298	161	0	21	318	34	331	4.207E-75	249
Q90245.1	O18911.1	0.455	273	148	0	32	304	1	273	4.134E-67	226
P41591.1	P41591.1	0.966	352	12	0	1	352	1	352	2.286E-237	718
P41591.1	P22328.1	0.865	352	47	0	1	352	1	351	4.394E-208	633
P41591.1	P52202.1	0.857	352	50	0	1	352	1	352	1.275E-205	626
P41591.1	P56515.1	0.839	354	57	0	1	352	1	354	8.635E-202	615
P41591.1	O62793.1	0.838	352	56	0	1	352	1	348	2.761E-200	611
P41591.1	P32308.1	0.837	352	57	0	1	352	1	348	7.104E-200	610
P41591.1	P49912.1	0.836	352	57	0	1	352	1	348	9.735E-200	609
P41591.1	P29403.1	0.832	354	59	0	1	352	1	354	9.735E-200	609
P41591.1	Q95KU1.1	0.835	352	57	0	1	352	1	348	1.828E-199	608
P41591.1	Q90245.1	0.831	354	59	0	1	352	1	354	1.828E-199	608
P41591.1	P51470.1	0.831	354	59	0	1	352	1	354	2.505E-199	608
P41591.1	O62791.1	0.834	352	58	0	1	352	1	348	6.444E-199	607
P41591.1	O18766.1	0.833	352	58	0	1	352	1	348	1.210E-198	606
P41591.1	Q98980.1	0.829	353	60	0	1	352	1	353	3.113E-198	605
P41591.1	P22671.1	0.829	353	60	0	1	352	1	353	3.113E-198	605
P41591.1	P31355.1	0.826	354	61	0	1	352	1	354	5.844E-198	604
P41591.1	O93441.1	0.826	354	61	0	1	352	1	354	5.844E-198	604
P41591.1	P02699.1	0.830	352	59	0	1	352	1	348	8.008E-198	604
P41591.1	P56514.1	0.826	354	61	0	1	352	1	354	8.008E-198	604
P41591.1	Q68J47.1	0.829	352	59	0	1	352	1	348	1.504E-197	603
P41591.1	P08100.1	0.829	352	59	0	1	352	1	348	1.504E-197	603
P41591.1	O62795.1	0.828	352	60	0	1	352	1	348	2.060E-197	602
P41591.1	O62794.1	0.827	352	60	0	1	352	1	348	3.868E-197	602
P41591.1	O62798.1	0.826	352	60	0	1	352	1	348	9.952E-197	601
P41591.1	P56516.1	0.821	354	63	0	1	352	1	354	2.560E-196	599
P41591.1	Q28886.1	0.824	352	61	0	1	352	1	348	4.807E-196	599
P41591.1	O62792.1	0.823	352	61	0	1	352	1	348	6.587E-196	598
P41591.1	O62796.1	0.822	352	62	0	1	352	1	348	1.237E-195	597
P41591.1	P15409.2	0.821	352	62	0	1	352	1	348	3.182E-195	596
P41591.1	P28681.1	0.821	352	62	0	1	352	1	348	3.182E-195	596
P41591.1	Q8HY69.2	0.820	352	62	0	1	352	1	348	4.360E-195	596
P41591.1	P51489.1	0.819	352	63	0	1	352	1	348	1.122E-194	595
P41591.1	Q769E8.1	0.818	352	63	0	1	352	1	348	1.537E-194	594
P41591.1	P02700.2	0.818	352	63	0	1	352	1	348	2.106E-194	594
P41591.1	O93459.1	0.812	354	66	0	1	352	1	354	7.423E-194	592
P41591.1	Q6W3E1.1	0.812	352	65	0	1	352	1	348	9.224E-193	589
P41591.1	Q90215.1	0.812	352	66	0	1	352	1	352	1.264E-192	589
P41591.1	P79863.1	0.806	354	68	0	1	352	1	354	4.455E-192	587
P41591.1	O13227.1	0.807	352	67	0	1	352	1	350	4.040E-191	584
P41591.1	Q90214.1	0.805	352	68	0	1	352	1	352	1.424E-190	583
P41591.1	P35359.2	0.800	354	70	0	1	352	1	354	2.673E-190	582
P41591.1	P51488.1	0.793	354	73	0	1	352	1	354	2.198E-188	576
P41591.1	O42604.1	0.784	354	76	0	1	352	1	354	1.195E-185	569
P41591.1	P32309.1	0.783	354	76	0	1	352	1	354	2.244E-185	568
P41591.1	Q9YH05.1	0.784	353	76	0	1	352	1	353	3.075E-185	567
P41591.1	Q9DGG4.1	0.781	353	77	0	1	352	1	353	3.819E-184	564
P41591.1	Q9YGZ0.1	0.780	352	77	0	1	352	1	351	2.527E-183	562
P41591.1	P41590.1	0.778	352	78	0	1	352	1	352	8.905E-183	560
P41591.1	Q9YGY9.1	0.776	352	79	0	1	352	1	352	2.291E-182	559
P41591.1	Q9YGZ2.1	0.775	352	79	0	1	352	1	352	5.892E-182	558
P41591.1	Q9YGZ6.1	0.772	353	80	0	1	352	1	353	1.515E-181	557
P41591.1	P87369.1	0.769	354	81	0	1	352	1	354	2.076E-181	556
P41591.1	Q9YGZ8.1	0.771	353	80	0	1	352	1	353	2.845E-181	556
P41591.1	Q9YGZ3.1	0.768	354	81	0	1	352	1	354	3.898E-181	556
P41591.1	P79848.1	0.768	354	81	0	1	352	1	354	5.340E-181	555
P41591.1	Q9YGZ5.1	0.768	353	81	0	1	352	1	353	1.882E-180	554
P41591.1	P79756.1	0.762	354	84	0	1	352	1	354	2.337E-179	550
P41591.1	P79807.1	0.767	349	81	0	4	352	1	349	5.448E-178	546
P41591.1	P79898.1	0.761	352	84	0	1	352	1	351	7.464E-178	546
P41591.1	P79798.1	0.766	349	81	0	4	352	1	349	1.401E-177	545
P41591.1	P79812.1	0.759	352	84	0	1	352	1	351	1.920E-177	545
P41591.1	P79914.1	0.761	349	83	0	4	352	1	348	2.384E-176	542
P41591.1	P79901.1	0.759	349	84	0	4	352	1	348	8.399E-176	540
P41591.1	P79808.1	0.758	349	84	0	4	352	1	348	1.577E-175	539
P41591.1	P51471.1	0.745	355	90	0	1	352	1	355	7.611E-175	537
P41591.1	P79902.1	0.755	349	85	0	4	352	1	348	1.957E-174	536
P41591.1	P28683.1	0.743	355	90	0	1	352	1	355	3.674E-174	535
P41591.1	P79911.1	0.753	349	85	0	4	352	1	347	6.896E-174	535
P41591.1	P35357.1	0.742	355	91	0	1	352	1	355	6.896E-174	535
P41591.1	P79809.1	0.751	349	86	0	4	352	1	347	2.430E-173	533
P41591.1	P79903.1	0.751	349	86	0	4	352	1	347	2.430E-173	533
P41591.1	Q9W6A6.2	0.734	347	92	0	1	345	1	347	1.841E-167	516
P41591.1	P32311.1	0.733	347	92	0	1	345	1	347	3.455E-167	515
P41591.1	P32312.1	0.731	347	93	0	1	345	1	347	1.667E-166	513
P41591.1	Q8AYM7.1	0.728	347	94	0	1	345	1	347	1.102E-165	511
P41591.1	P51474.1	0.708	352	102	0	1	352	4	354	2.105E-162	501
P41591.1	Q8AYM8.1	0.700	347	103	0	1	345	1	347	6.826E-158	488
P41591.1	Q9W6A5.2	0.691	347	106	0	1	345	1	347	3.696E-155	481
P41591.1	P28682.1	0.566	350	150	0	7	352	12	361	9.680E-121	381
P41591.1	P32310.1	0.541	339	155	0	7	344	9	347	1.083E-109	349
P41591.1	P51472.1	0.555	328	145	0	7	332	10	337	2.029E-109	348
P41591.1	P51473.1	0.523	348	164	0	5	352	3	347	1.644E-107	343
P41591.1	Q9W6A8.1	0.518	339	162	0	7	344	12	350	3.778E-103	330
P41591.1	O57605.1	0.502	351	172	0	1	351	1	346	1.814E-102	328
P41591.1	O13092.1	0.501	347	171	0	5	351	6	348	4.178E-101	324
P41591.1	P03999.2	0.500	345	170	0	7	351	4	344	3.755E-100	321
P41591.1	P60015.1	0.500	345	170	0	7	351	7	347	3.755E-100	321
P41591.1	P87365.1	0.505	341	165	0	11	351	17	351	3.755E-100	321
P41591.1	P28684.1	0.507	334	164	0	18	351	13	346	1.618E-98	317
P41591.1	P51491.1	0.485	346	176	0	6	351	3	345	4.572E-96	310
P41591.1	P51475.1	0.517	315	151	0	23	337	16	329	7.680E-95	306
P41591.1	P51476.1	0.517	311	149	0	23	333	18	327	9.425E-94	303
P41591.1	Q63652.2	0.476	346	179	0	6	351	3	345	1.289E-93	302
P41591.1	P51490.1	0.495	329	165	0	23	351	21	348	1.289E-93	302
P41591.1	Q90309.1	0.482	324	166	0	22	345	15	335	1.395E-88	288
P41591.1	Q9W6A9.2	0.464	335	176	0	11	345	6	335	4.369E-87	284
P41591.1	P87368.1	0.458	338	179	0	6	343	2	332	3.909E-86	281
P41591.1	P04001.1	0.441	349	191	0	4	352	23	364	1.223E-84	276
P41591.1	P35358.1	0.441	349	192	0	4	352	22	365	1.672E-84	276
P41591.1	Q9BGI7.1	0.436	349	192	0	4	352	23	364	3.821E-83	272
P41591.1	Q9R024.1	0.436	349	192	0	4	352	23	364	3.821E-83	272
P41591.1	O18914.2	0.435	349	193	0	4	352	23	364	7.144E-83	271
P41591.1	O42490.1	0.456	328	177	0	19	346	30	356	7.144E-83	271
P41591.1	Q95170.1	0.435	349	193	0	4	352	23	364	9.769E-83	271
P41591.1	P04000.2	0.434	349	193	0	4	352	23	364	1.336E-82	271
P41591.1	O18912.2	0.449	334	181	0	19	352	35	364	1.336E-82	271
P41591.1	O35476.2	0.434	349	193	0	4	352	18	359	1.826E-82	270
P41591.1	O18913.2	0.445	336	184	0	17	352	33	364	3.414E-82	269
P41591.1	O18910.2	0.433	349	193	0	4	352	23	364	3.414E-82	269
P41591.1	O35478.2	0.431	349	194	0	4	352	23	364	1.193E-81	268
P41591.1	O35599.1	0.430	349	194	0	4	352	18	359	3.049E-81	267
P41591.1	P34989.1	0.436	339	188	0	4	342	16	349	1.991E-80	264
P41591.1	O12948.1	0.425	349	197	0	4	352	22	365	6.954E-80	263
P41591.1	P41592.1	0.428	344	193	0	9	352	31	369	1.300E-79	262
P41591.1	P22329.1	0.423	344	194	0	9	352	25	362	5.532E-78	257
P41591.1	P87367.1	0.421	341	193	0	4	344	20	354	9.210E-77	254
P41591.1	Q8AYN0.1	0.418	341	194	0	4	344	19	353	6.003E-76	251
P41591.1	P32313.1	0.418	336	191	0	9	344	25	354	1.364E-74	247
P41591.1	Q9W6A7.1	0.418	336	191	0	9	344	25	354	1.364E-74	247
P41591.1	P22331.1	0.426	326	185	0	20	345	31	353	2.547E-74	246
P41591.1	P22332.2	0.416	336	192	0	9	344	25	354	4.756E-74	246
P41591.1	P22330.1	0.423	326	186	0	20	345	33	355	1.213E-73	244
P41591.1	O18911.1	0.452	273	149	0	32	304	1	273	1.341E-66	224
O13227.1	O13227.1	0.976	350	8	0	1	350	1	350	8.909E-239	722
O13227.1	Q90214.1	0.911	352	31	0	1	350	1	352	1.560E-221	672
O13227.1	Q90215.1	0.880	352	42	0	1	350	1	352	2.297E-212	646
O13227.1	P35359.2	0.852	354	52	0	1	350	1	354	1.163E-205	626
O13227.1	P79898.1	0.854	351	51	0	1	350	1	351	3.720E-204	622
O13227.1	P51488.1	0.844	354	54	0	1	350	1	354	2.463E-203	619
O13227.1	O42604.1	0.841	354	55	0	1	350	1	354	2.234E-202	617
O13227.1	Q9YGY9.1	0.844	352	54	0	1	350	1	352	5.748E-202	616
O13227.1	Q9YGZ2.1	0.843	352	55	0	1	350	1	352	7.876E-202	615
O13227.1	P79914.1	0.851	348	52	0	4	350	1	348	1.479E-201	614
O13227.1	P79901.1	0.849	348	52	0	4	350	1	348	3.805E-201	613
O13227.1	O18766.1	0.856	345	49	0	1	344	1	345	3.805E-201	613
O13227.1	P79812.1	0.842	351	55	0	1	350	1	351	9.790E-201	612
O13227.1	O62796.1	0.854	345	50	0	1	344	1	345	1.838E-200	611
O13227.1	Q95KU1.1	0.854	345	50	0	1	344	1	345	1.838E-200	611
O13227.1	P79848.1	0.835	354	58	0	1	350	1	354	1.838E-200	611
O13227.1	Q9YGZ0.1	0.840	351	56	0	1	350	1	351	3.452E-200	610
O13227.1	Q28886.1	0.852	345	51	0	1	344	1	345	6.481E-200	610
O13227.1	Q68J47.1	0.851	345	51	0	1	344	1	345	1.217E-199	609
O13227.1	Q9YGZ3.1	0.832	354	59	0	1	350	1	354	1.217E-199	609
O13227.1	Q9YH05.1	0.833	353	58	0	1	350	1	353	2.285E-199	608
O13227.1	P41590.1	0.834	352	58	0	1	350	1	352	5.879E-199	607
O13227.1	P32309.1	0.829	354	60	0	1	350	1	354	5.879E-199	607
O13227.1	P79902.1	0.841	348	55	0	4	350	1	348	8.055E-199	606
O13227.1	P79808.1	0.841	348	55	0	4	350	1	348	8.055E-199	606
O13227.1	P79809.1	0.843	347	54	0	4	350	1	347	1.104E-198	606
O13227.1	P49912.1	0.847	345	52	0	1	344	1	345	1.104E-198	606
O13227.1	O62791.1	0.847	345	52	0	1	344	1	345	1.104E-198	606
O13227.1	P79756.1	0.829	354	60	0	1	350	1	354	1.104E-198	606
O13227.1	P79911.1	0.843	347	54	0	4	350	1	347	1.513E-198	606
O13227.1	Q769E8.1	0.847	345	52	0	1	344	1	345	1.513E-198	606
O13227.1	P08100.1	0.847	345	52	0	1	344	1	345	1.513E-198	606
O13227.1	P87369.1	0.828	354	60	0	1	350	1	354	2.073E-198	605
O13227.1	P79903.1	0.842	347	55	0	4	350	1	347	2.840E-198	605
O13227.1	P32308.1	0.846	345	53	0	1	344	1	345	2.840E-198	605
O13227.1	O93459.1	0.827	354	60	0	1	350	1	354	2.840E-198	605
O13227.1	Q90245.1	0.827	354	60	0	1	350	1	354	3.891E-198	604
O13227.1	P22328.1	0.832	351	59	0	1	350	1	351	5.332E-198	604
O13227.1	Q9YGZ6.1	0.827	353	60	0	1	350	1	353	1.372E-197	603
O13227.1	P15409.2	0.842	345	54	0	1	344	1	345	2.576E-197	602
O13227.1	O62794.1	0.842	345	54	0	1	344	1	345	3.530E-197	602
O13227.1	P28681.1	0.842	345	54	0	1	344	1	345	3.530E-197	602
O13227.1	Q9DGG4.1	0.825	353	61	0	1	350	1	353	3.530E-197	602
O13227.1	O62795.1	0.841	345	55	0	1	344	1	345	4.837E-197	601
O13227.1	P51470.1	0.822	354	62	0	1	350	1	354	6.627E-197	601
O13227.1	O93441.1	0.822	354	62	0	1	350	1	354	6.627E-197	601
O13227.1	Q9YGZ8.1	0.823	353	62	0	1	350	1	353	1.705E-196	600
O13227.1	P51489.1	0.839	345	55	0	1	344	1	345	2.336E-196	599
O13227.1	P79798.1	0.831	349	58	0	4	350	1	349	2.336E-196	599
O13227.1	P79807.1	0.830	349	59	0	4	350	1	349	3.201E-196	599
O13227.1	O62798.1	0.838	345	56	0	1	344	1	345	6.011E-196	598
O13227.1	P56515.1	0.819	354	63	0	1	350	1	354	6.011E-196	598
O13227.1	P31355.1	0.818	354	64	0	1	350	1	354	1.546E-195	597
O13227.1	O62792.1	0.836	345	56	0	1	344	1	345	2.119E-195	597
O13227.1	P02700.2	0.835	345	57	0	1	344	1	345	3.979E-195	596
O13227.1	O62793.1	0.834	345	57	0	1	344	1	345	5.452E-195	595
O13227.1	P52202.1	0.820	352	63	0	1	350	1	352	5.452E-195	595
O13227.1	P29403.1	0.815	354	65	0	1	350	1	354	1.024E-194	595
O13227.1	P02699.1	0.829	345	59	0	1	344	1	345	1.272E-193	591
O13227.1	P56516.1	0.811	354	66	0	1	350	1	354	1.743E-193	591
O13227.1	P56514.1	0.810	354	66	0	1	350	1	354	3.272E-193	590
O13227.1	Q6W3E1.1	0.826	345	60	0	1	344	1	345	1.154E-192	589
O13227.1	P41591.1	0.811	352	66	0	1	350	1	352	1.581E-192	588
O13227.1	Q9YGZ5.1	0.809	353	67	0	1	350	1	353	2.166E-192	588
O13227.1	Q8HY69.2	0.818	345	62	0	1	344	1	345	2.440E-190	582
O13227.1	P79863.1	0.799	354	70	0	1	350	1	354	3.344E-190	582
O13227.1	Q98980.1	0.779	353	77	0	1	350	1	353	8.972E-184	563
O13227.1	P22671.1	0.779	353	77	0	1	350	1	353	8.972E-184	563
O13227.1	P28683.1	0.714	355	100	0	1	350	1	355	7.358E-166	511
O13227.1	Q8AYM7.1	0.719	350	98	0	1	350	1	349	1.251E-164	508
O13227.1	P51471.1	0.710	355	101	0	1	350	1	355	1.714E-164	507
O13227.1	Q9W6A6.2	0.718	350	98	0	1	350	1	349	2.348E-164	507
O13227.1	P35357.1	0.708	355	102	0	1	350	1	355	6.037E-164	506
O13227.1	P32311.1	0.711	350	101	0	1	350	1	349	1.406E-162	502
O13227.1	P32312.1	0.708	350	102	0	1	350	1	349	1.273E-161	499
O13227.1	P51474.1	0.691	351	108	0	1	350	4	354	4.129E-157	486
O13227.1	Q8AYM8.1	0.692	350	107	0	1	350	1	349	5.656E-157	486
O13227.1	Q9W6A5.2	0.680	350	111	0	1	350	1	349	1.477E-153	476
O13227.1	P28682.1	0.548	349	155	0	8	350	13	361	3.496E-115	365
O13227.1	P51472.1	0.549	343	154	0	8	349	11	353	2.074E-113	360
O13227.1	P32310.1	0.536	342	157	0	8	349	10	349	2.559E-109	348
O13227.1	Q9W6A8.1	0.531	328	151	0	22	349	29	352	4.769E-103	330
O13227.1	P87365.1	0.502	342	169	0	8	349	12	351	8.879E-100	320
O13227.1	P51473.1	0.492	346	175	0	5	350	3	347	2.797E-98	316
O13227.1	O57605.1	0.502	334	165	0	18	349	13	346	3.437E-97	313
O13227.1	O13092.1	0.491	342	172	0	5	346	6	343	1.205E-96	311
O13227.1	P28684.1	0.503	329	163	0	18	346	13	341	5.778E-96	309
O13227.1	P03999.2	0.492	338	169	0	9	346	6	339	7.906E-96	309
O13227.1	P60015.1	0.492	338	169	0	9	346	9	342	7.906E-96	309
O13227.1	P51491.1	0.484	339	172	0	8	346	6	340	8.711E-94	303
O13227.1	O18913.2	0.482	337	171	0	14	350	33	364	1.069E-92	300
O13227.1	Q9W6A9.2	0.483	335	170	0	11	345	6	335	2.001E-92	299
O13227.1	Q63652.2	0.478	338	174	0	9	346	7	340	7.007E-92	297
O13227.1	Q9BGI7.1	0.469	347	181	0	4	350	23	364	7.007E-92	297
O13227.1	P04001.1	0.468	347	181	0	4	350	23	364	9.586E-92	297
O13227.1	P51490.1	0.493	324	163	0	23	346	21	343	1.311E-91	297
O13227.1	O18912.2	0.468	347	181	0	4	350	23	364	1.311E-91	297
O13227.1	O18914.2	0.467	347	182	0	4	350	23	364	2.454E-91	296
O13227.1	Q90309.1	0.491	324	163	0	22	345	15	335	3.357E-91	295
O13227.1	Q95170.1	0.466	347	182	0	4	350	23	364	3.357E-91	295
O13227.1	P51475.1	0.515	305	147	0	23	327	16	319	4.592E-91	295
O13227.1	P04000.2	0.463	347	183	0	4	350	23	364	2.200E-90	293
O13227.1	P51476.1	0.510	305	148	0	23	327	18	321	5.630E-90	292
O13227.1	O35476.2	0.461	347	184	0	4	350	18	359	1.441E-89	291
O13227.1	O18910.2	0.460	347	184	0	4	350	23	364	1.971E-89	290
O13227.1	Q9R024.1	0.458	347	185	0	4	350	23	364	9.437E-89	288
O13227.1	O35599.1	0.467	337	176	0	14	350	28	359	1.766E-88	287
O13227.1	O35478.2	0.457	347	185	0	4	350	23	364	1.766E-88	287
O13227.1	P35358.1	0.456	347	187	0	4	350	22	365	2.415E-88	287
O13227.1	P87368.1	0.464	337	176	0	6	342	2	331	1.156E-87	285
O13227.1	P34989.1	0.461	339	179	0	4	342	16	349	2.162E-87	284
O13227.1	P41592.1	0.469	330	175	0	21	350	40	369	4.045E-87	284
O13227.1	P87367.1	0.445	347	187	0	4	350	20	357	3.239E-85	278
O13227.1	O12948.1	0.462	330	177	0	21	350	36	365	3.239E-85	278
O13227.1	P22329.1	0.455	330	179	0	21	350	34	362	2.590E-83	273
O13227.1	Q8AYN0.1	0.455	330	176	0	21	350	33	356	3.542E-83	272
O13227.1	Q9W6A7.1	0.454	330	176	0	21	350	34	357	6.623E-83	271
O13227.1	P32313.1	0.447	330	179	0	21	350	34	357	3.866E-81	266
O13227.1	P22332.2	0.447	330	179	0	21	350	34	357	3.866E-81	266
O13227.1	P22331.1	0.459	318	171	0	21	338	32	348	7.227E-81	265
O13227.1	P22330.1	0.453	318	173	0	21	338	34	350	3.081E-79	261
O13227.1	O42490.1	0.461	310	165	0	14	323	25	331	3.081E-79	261
O13227.1	O18911.1	0.479	273	142	0	32	304	1	273	1.371E-72	241
P22332.2	P22332.2	0.995	357	2	0	1	357	1	357	3.582E-249	752
P22332.2	P32313.1	0.930	357	25	0	1	357	1	357	3.775E-230	697
P22332.2	Q9W6A7.1	0.916	357	30	0	1	357	1	357	6.591E-226	685
P22332.2	Q8AYN0.1	0.903	354	34	0	4	357	3	356	3.681E-220	668
P22332.2	P87367.1	0.895	357	37	0	1	357	1	357	6.912E-220	668
P22332.2	P41592.1	0.854	354	51	0	5	355	9	362	4.552E-206	628
P22332.2	P22329.1	0.850	351	52	0	7	355	5	355	4.655E-203	619
P22332.2	O12948.1	0.834	358	59	0	1	355	1	358	2.248E-202	617
P22332.2	P22331.1	0.843	347	54	0	9	355	7	353	1.110E-198	606
P22332.2	P22330.1	0.829	347	59	0	9	355	9	355	1.931E-194	594
P22332.2	P34989.1	0.846	338	52	0	17	353	13	350	4.967E-194	593
P22332.2	Q95170.1	0.828	345	58	0	17	357	20	364	6.171E-193	590
P22332.2	P04000.2	0.798	359	72	0	1	355	1	359	1.588E-192	589
P22332.2	O18913.2	0.825	345	60	0	17	357	20	364	2.980E-192	588
P22332.2	P04001.1	0.796	359	72	0	1	355	1	359	5.595E-192	587
P22332.2	Q9BGI7.1	0.823	345	60	0	17	357	20	364	1.439E-191	586
P22332.2	O18914.2	0.821	345	61	0	17	357	20	364	3.702E-191	585
P22332.2	O18912.2	0.783	364	77	0	1	357	1	364	9.524E-191	584
P22332.2	P35358.1	0.792	358	74	0	1	355	1	358	4.599E-190	582
P22332.2	O35478.2	0.812	345	64	0	17	357	20	364	1.469E-188	577
P22332.2	Q9R024.1	0.775	364	80	0	1	357	1	364	2.013E-188	577
P22332.2	O35476.2	0.820	340	61	0	17	355	15	354	7.096E-188	575
P22332.2	O18910.2	0.773	364	81	0	1	357	1	364	7.096E-188	575
P22332.2	O35599.1	0.818	340	62	0	17	355	15	354	1.825E-187	574
P22332.2	O18911.1	0.846	273	42	0	45	317	1	273	1.184E-154	479
P22332.2	P51476.1	0.545	301	136	0	33	333	15	314	3.318E-97	313
P22332.2	P51475.1	0.535	303	140	0	31	333	11	312	2.670E-95	308
P22332.2	Q9W6A9.2	0.504	320	158	0	36	355	16	335	2.936E-93	302
P22332.2	Q90309.1	0.468	333	176	0	24	355	3	335	2.070E-87	285
P22332.2	O57605.1	0.475	323	167	0	36	355	18	340	1.851E-86	282
P22332.2	P32311.1	0.468	329	172	0	34	357	21	349	3.461E-86	281
P22332.2	P87368.1	0.480	317	164	0	36	352	16	331	6.473E-86	280
P22332.2	Q9W6A6.2	0.465	329	173	0	34	357	21	349	1.655E-85	279
P22332.2	P32312.1	0.464	329	173	0	34	357	21	349	2.263E-85	279
P22332.2	Q8AYM7.1	0.461	329	174	0	34	357	21	349	1.479E-84	276
P22332.2	Q9W6A5.2	0.444	346	187	0	20	357	4	349	2.022E-84	276
P22332.2	P28683.1	0.462	328	173	0	34	355	21	348	2.022E-84	276
P22332.2	Q8HY69.2	0.452	336	181	0	27	357	13	348	5.169E-84	275
P22332.2	Q769E8.1	0.459	328	175	0	34	357	21	348	9.663E-84	274
P22332.2	P51490.1	0.466	322	170	0	36	355	21	342	9.663E-84	274
P22332.2	O13092.1	0.465	322	171	0	36	355	21	342	1.806E-83	273
P22332.2	P22671.1	0.460	326	173	0	34	355	21	346	2.470E-83	273
P22332.2	P08100.1	0.456	328	176	0	34	357	21	348	8.629E-83	271
P22332.2	Q8AYM8.1	0.455	329	176	0	34	357	21	349	8.629E-83	271
P22332.2	O18766.1	0.455	328	176	0	34	357	21	348	1.180E-82	271
P22332.2	P49912.1	0.455	328	176	0	34	357	21	348	1.613E-82	271
P22332.2	Q28886.1	0.455	328	176	0	34	357	21	348	1.613E-82	271
P22332.2	P02699.1	0.454	328	176	0	34	357	21	348	2.205E-82	270
P22332.2	Q98980.1	0.456	326	175	0	34	355	21	346	3.015E-82	270
P22332.2	P28681.1	0.453	328	177	0	34	357	21	348	4.121E-82	269
P22332.2	P35359.2	0.438	344	188	0	20	355	4	347	4.121E-82	269
P22332.2	P51489.1	0.452	328	177	0	34	357	21	348	7.703E-82	269
P22332.2	P32308.1	0.452	328	177	0	34	357	21	348	7.703E-82	269
P22332.2	O62794.1	0.452	328	177	0	34	357	21	348	7.703E-82	269
P22332.2	O13227.1	0.450	330	178	0	34	357	21	350	7.703E-82	269
P22332.2	P56516.1	0.453	327	176	0	34	355	21	347	7.703E-82	269
P22332.2	P51472.1	0.446	334	182	0	28	356	20	353	7.703E-82	269
P22332.2	P28684.1	0.447	333	182	0	25	355	8	340	1.053E-81	268
P22332.2	Q95KU1.1	0.452	328	177	0	34	357	21	348	1.053E-81	268
P22332.2	O62795.1	0.451	328	177	0	34	357	21	348	1.440E-81	268
P22332.2	P51471.1	0.451	328	176	0	34	355	21	348	1.440E-81	268
P22332.2	P15409.2	0.450	328	178	0	34	357	21	348	2.690E-81	267
P22332.2	P02700.2	0.450	328	178	0	34	357	21	348	2.690E-81	267
P22332.2	P52202.1	0.453	325	176	0	34	355	21	345	2.690E-81	267
P22332.2	P51470.1	0.451	327	176	0	34	355	21	347	2.690E-81	267
P22332.2	P32310.1	0.455	323	174	0	36	356	27	349	3.678E-81	267
P22332.2	P56514.1	0.451	327	176	0	34	355	21	347	3.678E-81	267
P22332.2	O62796.1	0.449	328	178	0	34	357	21	348	5.028E-81	266
P22332.2	P79863.1	0.450	327	177	0	34	355	21	347	5.028E-81	266
P22332.2	P41590.1	0.445	332	179	0	34	357	21	352	6.873E-81	266
P22332.2	P56515.1	0.450	327	177	0	34	355	21	347	6.873E-81	266
P22332.2	P03999.2	0.455	322	174	0	36	355	17	338	9.395E-81	265
P22332.2	Q63652.2	0.455	322	174	0	36	355	18	339	9.395E-81	265
P22332.2	P60015.1	0.455	322	174	0	36	355	20	341	9.395E-81	265
P22332.2	P35357.1	0.448	328	177	0	34	355	21	348	9.395E-81	265
P22332.2	P31355.1	0.449	327	177	0	34	355	21	347	1.284E-80	265
P22332.2	Q6W3E1.1	0.447	328	179	0	34	357	21	348	1.756E-80	265
P22332.2	Q90215.1	0.443	332	180	0	34	357	21	352	1.756E-80	265
P22332.2	P51488.1	0.448	327	177	0	34	355	21	347	2.400E-80	264
P22332.2	P87369.1	0.448	327	177	0	34	355	21	347	2.400E-80	264
P22332.2	P79756.1	0.448	327	177	0	34	355	21	347	2.400E-80	264
P22332.2	O93459.1	0.448	327	177	0	34	355	21	347	2.400E-80	264
P22332.2	P29403.1	0.447	327	178	0	34	355	21	347	3.281E-80	264
P22332.2	P28682.1	0.441	332	179	0	36	357	30	361	6.130E-80	263
P22332.2	O62793.1	0.438	335	184	0	30	357	14	348	8.379E-80	263
P22332.2	P79848.1	0.445	327	178	0	34	355	21	347	1.145E-79	262
P22332.2	P22328.1	0.448	324	177	0	34	355	21	344	1.565E-79	262
P22332.2	Q90214.1	0.440	332	181	0	34	357	21	352	1.565E-79	262
P22332.2	O93441.1	0.445	327	178	0	34	355	21	347	1.565E-79	262
P22332.2	Q9YGZ3.1	0.445	327	178	0	34	355	21	347	1.565E-79	262
P22332.2	P51491.1	0.449	322	176	0	36	355	18	339	2.140E-79	261
P22332.2	O62791.1	0.443	328	180	0	34	357	21	348	2.140E-79	261
P22332.2	P51474.1	0.445	326	178	0	34	355	24	349	2.925E-79	261
P22332.2	Q90245.1	0.444	327	178	0	34	355	21	347	2.925E-79	261
P22332.2	Q68J47.1	0.441	328	181	0	34	357	21	348	7.469E-79	260
P22332.2	P79807.1	0.444	325	178	0	34	355	18	342	7.469E-79	260
P22332.2	P51473.1	0.433	336	189	0	22	355	5	340	1.021E-78	259
P22332.2	O42604.1	0.442	327	179	0	34	355	21	347	1.021E-78	259
P22332.2	P32309.1	0.442	327	179	0	34	355	21	347	1.021E-78	259
P22332.2	Q9W6A8.1	0.446	323	177	0	36	356	30	352	1.021E-78	259
P22332.2	O62798.1	0.440	328	181	0	34	357	21	348	1.395E-78	259
P22332.2	Q9YGZ0.1	0.428	341	190	0	22	354	5	345	1.395E-78	259
P22332.2	P79808.1	0.437	331	182	0	34	357	18	348	1.907E-78	259
P22332.2	P87365.1	0.436	331	185	0	28	356	21	351	3.562E-78	258
P22332.2	Q9YGZ8.1	0.441	326	179	0	34	355	21	346	3.562E-78	258
P22332.2	P79902.1	0.420	347	194	0	22	357	2	348	4.869E-78	258
P22332.2	O62792.1	0.438	328	182	0	34	357	21	348	4.869E-78	258
P22332.2	P79903.1	0.436	330	182	0	34	357	18	347	6.655E-78	257
P22332.2	P79901.1	0.435	331	182	0	34	357	18	348	6.655E-78	257
P22332.2	Q9YGZ2.1	0.425	341	191	0	22	355	5	345	9.095E-78	257
P22332.2	P79809.1	0.435	330	182	0	34	357	18	347	1.243E-77	256
P22332.2	Q9YGZ6.1	0.439	326	180	0	34	355	21	346	1.243E-77	256
P22332.2	P79812.1	0.433	331	183	0	34	357	21	351	1.699E-77	256
P22332.2	Q9YGZ5.1	0.438	326	180	0	34	355	21	346	1.699E-77	256
P22332.2	P79898.1	0.418	347	195	0	22	357	5	351	2.322E-77	256
P22332.2	Q9YGY9.1	0.423	341	192	0	22	355	5	345	2.322E-77	256
P22332.2	P79911.1	0.433	330	183	0	34	357	18	347	3.173E-77	255
P22332.2	P79914.1	0.432	331	183	0	34	357	18	348	3.173E-77	255
P22332.2	Q9YH05.1	0.420	342	193	0	22	355	5	346	1.513E-76	253
P22332.2	P41591.1	0.428	332	185	0	34	357	21	352	2.825E-76	252
P22332.2	Q9DGG4.1	0.419	342	193	0	22	355	5	346	2.825E-76	252
P22332.2	P79798.1	0.431	325	183	0	34	355	18	342	2.513E-75	250
P22332.2	O42490.1	0.434	317	178	0	35	350	33	349	5.701E-74	246
Q9YGZ3.1	Q9YGZ3.1	0.983	354	6	0	1	354	1	354	1.271E-243	736
Q9YGZ3.1	P87369.1	0.941	354	21	0	1	354	1	354	2.638E-231	700
Q9YGZ3.1	P79756.1	0.937	354	22	0	1	354	1	354	2.395E-230	698
Q9YGZ3.1	Q9YGZ2.1	0.936	354	22	0	1	354	1	352	4.498E-230	697
Q9YGZ3.1	Q9YGY9.1	0.933	354	24	0	1	354	1	352	5.594E-229	694
Q9YGZ3.1	P79848.1	0.933	354	24	0	1	354	1	354	5.594E-229	694
Q9YGZ3.1	Q9DGG4.1	0.930	354	25	0	1	354	1	353	2.704E-228	692
Q9YGZ3.1	Q9YH05.1	0.925	354	26	0	1	354	1	353	8.655E-227	687
Q9YGZ3.1	Q9YGZ6.1	0.922	354	27	0	1	354	1	353	5.732E-226	685
Q9YGZ3.1	Q9YGZ8.1	0.921	354	28	0	1	354	1	353	1.475E-225	684
Q9YGZ3.1	O42604.1	0.912	354	31	0	1	354	1	354	8.047E-223	676
Q9YGZ3.1	Q9YGZ5.1	0.911	354	31	0	1	354	1	353	1.511E-222	675
Q9YGZ3.1	P79898.1	0.895	354	37	0	1	354	1	351	4.953E-218	662
Q9YGZ3.1	P35359.2	0.890	354	39	0	1	354	1	354	2.172E-216	657
Q9YGZ3.1	P79901.1	0.894	351	37	0	4	354	1	348	1.049E-215	655
Q9YGZ3.1	P51488.1	0.887	354	40	0	1	354	1	354	1.438E-215	655
Q9YGZ3.1	P79914.1	0.890	351	38	0	4	354	1	348	1.788E-214	652
Q9YGZ3.1	P79807.1	0.890	351	38	0	4	354	1	349	1.788E-214	652
Q9YGZ3.1	P79812.1	0.880	354	42	0	1	354	1	351	1.184E-213	649
Q9YGZ3.1	P79808.1	0.885	351	40	0	4	354	1	348	3.046E-213	648
Q9YGZ3.1	P79902.1	0.881	351	41	0	4	354	1	348	5.190E-212	645
Q9YGZ3.1	P32309.1	0.875	354	44	0	1	354	1	354	5.190E-212	645
Q9YGZ3.1	P79798.1	0.880	351	42	0	4	354	1	349	9.746E-212	644
Q9YGZ3.1	P41590.1	0.873	354	45	0	1	354	1	352	1.830E-211	643
Q9YGZ3.1	P79809.1	0.869	351	45	0	4	354	1	347	1.873E-208	634
Q9YGZ3.1	Q9YGZ0.1	0.860	354	49	0	1	354	1	351	9.048E-208	632
Q9YGZ3.1	P79903.1	0.864	351	47	0	4	354	1	347	3.190E-207	631
Q9YGZ3.1	P79911.1	0.863	351	47	0	4	354	1	347	8.208E-207	630
Q9YGZ3.1	Q90215.1	0.852	354	52	0	1	354	1	352	2.625E-205	625
Q9YGZ3.1	Q90214.1	0.846	354	54	0	1	354	1	352	1.150E-203	621
Q9YGZ3.1	O13227.1	0.838	354	57	0	1	354	1	350	2.435E-201	614
Q9YGZ3.1	O93459.1	0.810	354	67	0	1	354	1	354	3.928E-193	590
Q9YGZ3.1	O93441.1	0.801	354	70	0	1	354	1	354	1.138E-190	583
Q9YGZ3.1	P52202.1	0.800	354	70	0	1	354	1	352	2.137E-190	582
Q9YGZ3.1	P22328.1	0.799	354	70	0	1	354	1	351	4.012E-190	582
Q9YGZ3.1	P56514.1	0.799	354	71	0	1	354	1	354	4.012E-190	582
Q9YGZ3.1	O62796.1	0.814	346	64	0	1	346	1	345	7.533E-190	581
Q9YGZ3.1	O18766.1	0.813	346	64	0	1	346	1	345	1.938E-189	580
Q9YGZ3.1	Q90245.1	0.797	354	72	0	1	354	1	354	1.938E-189	580
Q9YGZ3.1	Q95KU1.1	0.812	346	65	0	1	346	1	345	2.655E-189	579
Q9YGZ3.1	P49912.1	0.812	346	65	0	1	346	1	345	3.638E-189	579
Q9YGZ3.1	Q769E8.1	0.811	346	65	0	1	346	1	345	6.830E-189	578
Q9YGZ3.1	P56515.1	0.795	354	72	0	1	354	1	354	9.358E-189	578
Q9YGZ3.1	P02699.1	0.810	346	65	0	1	346	1	345	1.282E-188	577
Q9YGZ3.1	Q68J47.1	0.810	346	65	0	1	346	1	345	1.282E-188	577
Q9YGZ3.1	P51470.1	0.794	354	73	0	1	354	1	354	1.282E-188	577
Q9YGZ3.1	P32308.1	0.809	346	66	0	1	346	1	345	3.298E-188	576
Q9YGZ3.1	P56516.1	0.793	354	73	0	1	354	1	354	3.298E-188	576
Q9YGZ3.1	P31355.1	0.791	354	74	0	1	354	1	354	1.593E-187	574
Q9YGZ3.1	P51489.1	0.805	346	67	0	1	346	1	345	2.990E-187	573
Q9YGZ3.1	O62791.1	0.805	346	67	0	1	346	1	345	2.990E-187	573
Q9YGZ3.1	P28681.1	0.805	346	67	0	1	346	1	345	4.097E-187	573
Q9YGZ3.1	P15409.2	0.804	346	67	0	1	346	1	345	5.614E-187	572
Q9YGZ3.1	P29403.1	0.789	354	74	0	1	354	1	354	5.614E-187	572
Q9YGZ3.1	P79863.1	0.787	354	75	0	1	354	1	354	1.444E-186	571
Q9YGZ3.1	O62798.1	0.802	346	68	0	1	346	1	345	1.978E-186	571
Q9YGZ3.1	O62794.1	0.801	346	68	0	1	346	1	345	5.089E-186	570
Q9YGZ3.1	P02700.2	0.801	346	68	0	1	346	1	345	5.089E-186	570
Q9YGZ3.1	Q28886.1	0.800	346	69	0	1	346	1	345	6.973E-186	569
Q9YGZ3.1	P08100.1	0.800	346	69	0	1	346	1	345	9.554E-186	569
Q9YGZ3.1	O62793.1	0.800	346	69	0	1	346	1	345	1.309E-185	569
Q9YGZ3.1	O62792.1	0.800	346	69	0	1	346	1	345	1.309E-185	569
Q9YGZ3.1	O62795.1	0.796	346	70	0	1	346	1	345	1.626E-184	565
Q9YGZ3.1	P22671.1	0.780	354	77	0	1	354	1	353	2.228E-184	565
Q9YGZ3.1	P41591.1	0.778	354	78	0	1	354	1	352	7.850E-184	563
Q9YGZ3.1	Q6W3E1.1	0.793	346	71	0	1	346	1	345	1.076E-183	563
Q9YGZ3.1	Q8HY69.2	0.791	346	72	0	1	346	1	345	2.767E-183	562
Q9YGZ3.1	Q98980.1	0.769	354	81	0	1	354	1	353	3.114E-181	556
Q9YGZ3.1	P28683.1	0.708	355	103	0	1	354	1	355	7.214E-164	506
Q9YGZ3.1	P51471.1	0.704	355	104	0	1	354	1	355	8.950E-163	503
Q9YGZ3.1	Q8AYM7.1	0.712	347	100	0	1	347	1	347	2.854E-161	498
Q9YGZ3.1	P35357.1	0.698	355	107	0	1	354	1	355	5.356E-161	497
Q9YGZ3.1	Q9W6A6.2	0.710	347	100	0	1	347	1	347	1.005E-160	497
Q9YGZ3.1	P32311.1	0.698	347	104	0	1	347	1	347	4.928E-157	486
Q9YGZ3.1	P32312.1	0.697	347	105	0	1	347	1	347	6.751E-157	486
Q9YGZ3.1	Q8AYM8.1	0.697	347	105	0	1	347	1	347	9.248E-157	485
Q9YGZ3.1	Q9W6A5.2	0.694	347	106	0	1	347	1	347	6.110E-156	483
Q9YGZ3.1	P51474.1	0.660	354	119	0	1	354	4	354	2.216E-149	464
Q9YGZ3.1	P28682.1	0.548	348	156	0	9	354	14	361	1.059E-114	364
Q9YGZ3.1	P51472.1	0.547	340	153	0	9	346	12	351	1.060E-111	355
Q9YGZ3.1	P32310.1	0.545	338	153	0	9	346	11	347	3.350E-110	351
Q9YGZ3.1	P87365.1	0.530	338	158	0	9	346	13	349	4.116E-106	339
Q9YGZ3.1	Q9W6A8.1	0.540	325	148	0	22	346	29	350	2.433E-104	334
Q9YGZ3.1	P51473.1	0.509	333	162	0	22	354	17	347	1.281E-98	317
Q9YGZ3.1	O57605.1	0.481	353	179	0	1	353	1	346	4.030E-97	313
Q9YGZ3.1	P28684.1	0.493	338	170	0	16	353	11	346	4.949E-96	310
Q9YGZ3.1	P51475.1	0.504	326	153	0	2	327	11	319	4.440E-95	307
Q9YGZ3.1	P51476.1	0.514	316	151	0	12	327	11	321	2.128E-94	305
Q9YGZ3.1	P51491.1	0.465	353	184	0	1	353	1	345	1.711E-92	299
Q9YGZ3.1	O13092.1	0.469	349	181	0	5	353	7	348	1.711E-92	299
Q9YGZ3.1	P03999.2	0.468	350	182	0	4	353	2	344	2.340E-92	299
Q9YGZ3.1	P60015.1	0.468	350	182	0	4	353	5	347	2.340E-92	299
Q9YGZ3.1	Q63652.2	0.456	353	187	0	1	353	1	345	8.996E-90	291
Q9YGZ3.1	P51490.1	0.474	331	172	0	23	353	21	348	1.102E-88	288
Q9YGZ3.1	Q9W6A9.2	0.478	326	167	0	22	347	15	335	3.855E-88	287
Q9YGZ3.1	P04001.1	0.449	353	189	0	2	354	21	364	9.862E-88	286
Q9YGZ3.1	Q9BGI7.1	0.447	351	189	0	4	354	23	364	8.825E-87	283
Q9YGZ3.1	Q95170.1	0.445	351	189	0	4	354	23	364	4.221E-86	281
Q9YGZ3.1	P35358.1	0.445	351	190	0	4	354	22	365	4.221E-86	281
Q9YGZ3.1	P34989.1	0.451	344	184	0	2	345	14	350	5.772E-86	280
Q9YGZ3.1	O18914.2	0.444	351	190	0	4	354	23	364	7.893E-86	280
Q9YGZ3.1	P04000.2	0.442	353	191	0	2	354	21	364	1.079E-85	280
Q9YGZ3.1	O18913.2	0.460	334	177	0	21	354	37	364	1.079E-85	280
Q9YGZ3.1	O18912.2	0.441	353	192	0	2	354	21	364	1.476E-85	279
Q9YGZ3.1	P87368.1	0.454	339	180	0	6	344	2	331	2.760E-85	278
Q9YGZ3.1	Q90309.1	0.467	326	171	0	22	347	15	335	3.774E-85	278
Q9YGZ3.1	Q9R024.1	0.438	353	193	0	2	354	21	364	9.651E-85	277
Q9YGZ3.1	P22329.1	0.454	334	179	0	21	354	34	362	4.613E-84	275
Q9YGZ3.1	O35478.2	0.436	353	193	0	2	354	21	364	4.613E-84	275
Q9YGZ3.1	P41592.1	0.453	334	180	0	21	354	40	369	1.179E-83	274
Q9YGZ3.1	O18910.2	0.434	353	194	0	2	354	21	364	2.205E-83	273
Q9YGZ3.1	O35476.2	0.431	353	195	0	2	354	16	359	1.054E-82	271
Q9YGZ3.1	O12948.1	0.447	334	182	0	21	354	36	365	3.682E-82	269
Q9YGZ3.1	O35599.1	0.427	353	197	0	2	354	16	359	1.286E-81	268
Q9YGZ3.1	P87367.1	0.436	343	188	0	4	346	20	354	1.759E-81	267
Q9YGZ3.1	P22332.2	0.435	342	188	0	5	346	22	354	8.398E-81	265
Q9YGZ3.1	Q8AYN0.1	0.449	326	176	0	21	346	33	353	2.146E-80	264
Q9YGZ3.1	P32313.1	0.431	342	189	0	5	346	22	354	1.024E-79	262
Q9YGZ3.1	Q9W6A7.1	0.430	342	189	0	5	346	22	354	1.400E-79	262
Q9YGZ3.1	O42490.1	0.462	308	164	0	16	323	27	331	9.134E-79	259
Q9YGZ3.1	P22331.1	0.421	343	193	0	5	347	20	353	2.841E-77	255
Q9YGZ3.1	P22330.1	0.416	343	194	0	5	347	22	355	8.828E-76	251
Q9YGZ3.1	O18911.1	0.490	268	136	0	37	304	6	273	1.783E-73	244
P51491.1	P51491.1	0.980	346	7	0	1	346	1	346	4.442E-237	717
P51491.1	Q63652.2	0.946	346	19	0	1	346	1	346	1.233E-227	689
P51491.1	P51490.1	0.887	346	39	0	1	346	4	349	1.147E-210	640
P51491.1	O13092.1	0.873	346	44	0	1	346	4	349	7.777E-207	629
P51491.1	P03999.2	0.877	343	42	0	4	346	3	345	7.056E-206	627
P51491.1	P60015.1	0.877	343	42	0	4	346	6	348	7.056E-206	627
P51491.1	O57605.1	0.837	346	56	0	1	345	1	346	1.419E-196	600
P51491.1	P28684.1	0.824	346	61	0	1	345	1	346	1.316E-192	588
P51491.1	P51473.1	0.800	346	69	0	1	345	1	346	6.641E-186	569
P51491.1	P87368.1	0.674	331	107	0	7	337	5	332	4.127E-143	445
P51491.1	Q90309.1	0.671	332	108	0	8	339	6	335	7.743E-143	445
P51491.1	Q9W6A9.2	0.667	330	109	0	10	339	8	335	8.676E-141	439
P51491.1	P28682.1	0.526	349	161	0	5	345	12	360	7.620E-109	346
P51491.1	P51472.1	0.518	347	163	0	4	342	9	355	7.615E-106	338
P51491.1	P32310.1	0.516	343	163	0	5	342	9	351	4.506E-104	332
P51491.1	P35357.1	0.503	354	171	0	1	345	1	354	6.168E-104	332
P51491.1	P22671.1	0.511	346	166	0	5	345	7	352	1.155E-103	331
P51491.1	P28683.1	0.501	354	172	0	1	345	1	354	2.164E-103	331
P51491.1	P51471.1	0.498	354	173	0	1	345	1	354	1.423E-102	328
P51491.1	P87365.1	0.512	341	166	0	5	345	11	351	3.647E-102	327
P51491.1	Q98980.1	0.503	347	170	0	3	345	6	352	9.350E-102	326
P51491.1	Q90245.1	0.496	353	173	0	1	345	1	353	1.751E-101	325
P51491.1	Q9W6A8.1	0.506	343	166	0	5	342	12	354	3.280E-101	324
P51491.1	Q8HY69.2	0.500	345	169	0	1	338	1	345	4.036E-100	321
P51491.1	O93441.1	0.496	348	172	0	3	345	6	353	4.036E-100	321
P51491.1	P32311.1	0.497	347	170	0	1	339	1	347	5.524E-100	321
P51491.1	P52202.1	0.492	351	175	0	1	345	1	351	1.034E-99	320
P51491.1	P22328.1	0.497	345	172	0	3	345	6	350	2.651E-99	319
P51491.1	P32312.1	0.501	341	167	0	5	339	7	347	3.628E-99	318
P51491.1	P41591.1	0.495	346	173	0	3	345	6	351	3.628E-99	318
P51491.1	P79863.1	0.492	348	174	0	3	345	6	353	9.298E-99	317
P51491.1	O93459.1	0.491	348	174	0	3	345	6	353	1.741E-98	316
P51491.1	Q8AYM7.1	0.498	341	168	0	5	339	7	347	2.383E-98	316
P51491.1	Q9W6A6.2	0.497	341	168	0	5	339	7	347	3.261E-98	316
P51491.1	P15409.2	0.492	345	171	0	1	338	1	345	6.106E-98	315
P51491.1	P51489.1	0.491	345	172	0	1	338	1	345	8.356E-98	314
P51491.1	P49912.1	0.491	345	172	0	1	338	1	345	1.143E-97	314
P51491.1	Q28886.1	0.491	345	172	0	1	338	1	345	1.143E-97	314
P51491.1	Q95KU1.1	0.491	345	172	0	1	338	1	345	1.143E-97	314
P51491.1	O62791.1	0.491	345	172	0	1	338	1	345	1.143E-97	314
P51491.1	P51474.1	0.495	341	169	0	5	340	10	350	1.143E-97	314
P51491.1	O18766.1	0.491	345	172	0	1	338	1	345	1.565E-97	314
P51491.1	P51488.1	0.491	345	172	0	7	345	9	353	1.565E-97	314
P51491.1	P56516.1	0.482	353	178	0	1	345	1	353	1.565E-97	314
P51491.1	P29403.1	0.482	353	178	0	1	345	1	353	1.565E-97	314
P51491.1	P02699.1	0.490	345	172	0	1	338	1	345	2.141E-97	313
P51491.1	Q68J47.1	0.490	345	172	0	1	338	1	345	2.141E-97	313
P51491.1	P51470.1	0.481	353	179	0	1	345	1	353	2.141E-97	313
P51491.1	O62796.1	0.490	345	172	0	1	338	1	345	2.930E-97	313
P51491.1	P08100.1	0.490	345	172	0	1	338	1	345	2.930E-97	313
P51491.1	P31355.1	0.481	353	179	0	1	345	1	353	2.930E-97	313
P51491.1	P32308.1	0.489	345	172	0	1	338	1	345	4.009E-97	312
P51491.1	Q769E8.1	0.489	345	172	0	1	338	1	345	4.009E-97	312
P51491.1	O62795.1	0.489	345	172	0	1	338	1	345	5.486E-97	312
P51491.1	Q6W3E1.1	0.489	345	172	0	1	338	1	345	5.486E-97	312
P51491.1	O62793.1	0.488	345	173	0	1	338	1	345	7.507E-97	312
P51491.1	O62794.1	0.488	345	173	0	1	338	1	345	1.027E-96	311
P51491.1	P56515.1	0.479	353	179	0	1	345	1	353	1.027E-96	311
P51491.1	O42604.1	0.478	353	180	0	1	345	1	353	1.923E-96	310
P51491.1	P28681.1	0.486	345	173	0	1	338	1	345	2.632E-96	310
P51491.1	O62798.1	0.485	345	174	0	1	338	1	345	6.743E-96	309
P51491.1	P02700.2	0.484	345	174	0	1	338	1	345	1.262E-95	308
P51491.1	P32309.1	0.481	347	176	0	5	345	7	353	1.727E-95	308
P51491.1	P56514.1	0.474	353	181	0	1	345	1	353	2.363E-95	307
P51491.1	Q8AYM8.1	0.487	341	171	0	5	339	7	347	3.234E-95	307
P51491.1	O62792.1	0.482	345	175	0	1	338	1	345	4.425E-95	306
P51491.1	O13227.1	0.481	346	176	0	1	340	1	346	4.425E-95	306
P51491.1	P35359.2	0.482	345	175	0	7	345	9	353	4.425E-95	306
P51491.1	Q9W6A5.2	0.477	347	177	0	1	339	1	347	2.122E-94	304
P51491.1	Q90214.1	0.476	348	178	0	1	340	1	348	2.903E-94	304
P51491.1	P51476.1	0.525	306	144	0	12	317	12	316	3.972E-94	304
P51491.1	P79807.1	0.480	343	176	0	7	345	6	348	5.435E-94	303
P51491.1	Q9YGY9.1	0.471	351	182	0	1	345	1	351	1.017E-93	302
P51491.1	P87369.1	0.468	353	183	0	1	345	1	353	1.392E-93	302
P51491.1	Q9YGZ2.1	0.470	351	182	0	1	345	1	351	1.905E-93	302
P51491.1	Q9DGG4.1	0.469	352	183	0	1	345	1	352	1.905E-93	302
P51491.1	Q9YGZ3.1	0.466	353	184	0	1	345	1	353	4.878E-93	301
P51491.1	P41590.1	0.471	348	179	0	1	340	1	348	6.674E-93	300
P51491.1	Q90215.1	0.471	348	179	0	1	340	1	348	6.674E-93	300
P51491.1	P79798.1	0.476	343	177	0	7	345	6	348	9.131E-93	300
P51491.1	Q9YGZ6.1	0.466	352	184	0	1	345	1	352	1.709E-92	299
P51491.1	Q9YGZ8.1	0.465	352	184	0	1	345	1	352	3.199E-92	298
P51491.1	Q9YGZ5.1	0.464	352	184	0	1	345	1	352	5.988E-92	297
P51491.1	P79756.1	0.462	353	185	0	1	345	1	353	8.192E-92	297
P51491.1	P79848.1	0.462	353	185	0	1	345	1	353	1.121E-91	297
P51491.1	P79914.1	0.471	343	178	0	4	340	2	344	1.533E-91	296
P51491.1	P79898.1	0.467	347	181	0	1	340	1	347	1.533E-91	296
P51491.1	Q9YGZ0.1	0.467	347	181	0	1	340	1	347	1.533E-91	296
P51491.1	P79901.1	0.470	343	178	0	4	340	2	344	2.870E-91	295
P51491.1	P79911.1	0.474	339	176	0	6	340	5	343	5.371E-91	295
P51491.1	P79902.1	0.474	339	175	0	7	340	6	344	5.371E-91	295
P51491.1	Q9YH05.1	0.460	352	186	0	1	345	1	352	5.371E-91	295
P51491.1	P79903.1	0.473	339	176	0	6	340	5	343	1.005E-90	294
P51491.1	P79809.1	0.472	339	176	0	6	340	5	343	1.881E-90	293
P51491.1	P79808.1	0.467	343	179	0	4	340	2	344	3.520E-90	292
P51491.1	P79812.1	0.463	347	182	0	1	340	1	347	3.520E-90	292
P51491.1	P51475.1	0.513	301	146	0	17	317	15	314	1.686E-89	290
P51491.1	P04001.1	0.464	339	181	0	2	340	22	360	2.067E-88	287
P51491.1	O35478.2	0.462	339	182	0	2	340	22	360	9.900E-88	285
P51491.1	P35358.1	0.463	338	181	0	8	345	27	364	9.900E-88	285
P51491.1	Q9R024.1	0.460	339	183	0	2	340	22	360	2.533E-87	284
P51491.1	P04000.2	0.460	339	183	0	2	340	22	360	3.465E-87	284
P51491.1	O35476.2	0.459	339	183	0	2	340	17	355	4.740E-87	283
P51491.1	O12948.1	0.460	338	182	0	8	345	27	364	8.867E-87	282
P51491.1	P34989.1	0.461	336	181	0	2	337	15	350	1.213E-86	282
P51491.1	P41592.1	0.455	341	185	0	5	345	28	368	2.269E-86	281
P51491.1	O35599.1	0.463	333	178	0	8	340	23	355	3.103E-86	281
P51491.1	O18910.2	0.456	339	184	0	2	340	22	360	4.244E-86	280
P51491.1	P22329.1	0.453	341	185	0	5	345	22	361	7.939E-86	280
P51491.1	O18914.2	0.455	339	184	0	2	340	22	360	1.086E-85	279
P51491.1	O18912.2	0.459	334	180	0	7	340	28	360	1.485E-85	279
P51491.1	Q9BGI7.1	0.454	339	185	0	2	340	22	360	1.485E-85	279
P51491.1	Q95170.1	0.453	339	185	0	2	340	22	360	3.799E-85	278
P51491.1	O18913.2	0.458	333	180	0	8	340	28	360	7.106E-85	277
P51491.1	Q8AYN0.1	0.448	334	183	0	5	338	21	353	1.454E-82	270
P51491.1	Q9W6A7.1	0.447	331	182	0	8	338	25	354	2.431E-81	267
P51491.1	P32313.1	0.443	334	185	0	5	338	22	354	4.545E-81	266
P51491.1	P87367.1	0.455	321	173	0	18	338	36	354	1.162E-80	265
P51491.1	P22332.2	0.437	335	187	0	4	338	22	354	1.038E-79	262
P51491.1	P22331.1	0.439	332	185	0	8	339	23	353	1.940E-79	261
P51491.1	P22330.1	0.434	332	187	0	8	339	25	355	3.236E-78	258
P51491.1	O42490.1	0.424	317	181	0	18	334	34	349	1.441E-71	238
P51491.1	O18911.1	0.458	273	147	0	27	299	1	273	6.567E-68	228
Q769E8.1	Q769E8.1	0.974	348	9	0	1	348	1	348	9.163E-237	716
Q769E8.1	Q95KU1.1	0.945	348	19	0	1	348	1	348	1.088E-228	692
Q769E8.1	P28681.1	0.943	348	20	0	1	348	1	348	5.259E-228	691
Q769E8.1	O18766.1	0.943	348	20	0	1	348	1	348	5.259E-228	691
Q769E8.1	O62794.1	0.942	348	20	0	1	348	1	348	9.877E-228	690
Q769E8.1	P15409.2	0.940	348	21	0	1	348	1	348	4.774E-227	688
Q769E8.1	P32308.1	0.938	348	22	0	1	348	1	348	1.684E-226	686
Q769E8.1	O62795.1	0.937	348	22	0	1	348	1	348	3.162E-226	685
Q769E8.1	Q28886.1	0.936	348	22	0	1	348	1	348	4.334E-226	685
Q769E8.1	P51489.1	0.936	348	22	0	1	348	1	348	5.939E-226	685
Q769E8.1	P08100.1	0.935	348	23	0	1	348	1	348	1.115E-225	684
Q769E8.1	P49912.1	0.934	348	23	0	1	348	1	348	2.095E-225	683
Q769E8.1	Q6W3E1.1	0.933	348	23	0	1	348	1	348	3.934E-225	682
Q769E8.1	P02700.2	0.932	348	24	0	1	348	1	348	1.012E-224	681
Q769E8.1	P02699.1	0.931	348	24	0	1	348	1	348	1.387E-224	681
Q769E8.1	O62796.1	0.931	348	24	0	1	348	1	348	1.901E-224	680
Q769E8.1	O62791.1	0.924	348	26	0	1	348	1	348	1.143E-222	675
Q769E8.1	Q68J47.1	0.917	348	29	0	1	348	1	348	1.290E-220	669
Q769E8.1	O62798.1	0.915	348	29	0	1	348	1	348	6.237E-220	667
Q769E8.1	O62793.1	0.912	348	31	0	1	348	1	348	3.014E-219	665
Q769E8.1	O62792.1	0.912	348	31	0	1	348	1	348	4.131E-219	665
Q769E8.1	Q8HY69.2	0.894	348	37	0	1	348	1	348	6.544E-214	650
Q769E8.1	P52202.1	0.884	345	40	0	1	345	1	344	4.026E-209	636
Q769E8.1	P22328.1	0.879	345	41	0	1	345	1	343	1.288E-207	632
Q769E8.1	Q90245.1	0.865	346	46	0	1	345	1	346	2.476E-204	622
Q769E8.1	P56515.1	0.861	346	48	0	1	345	1	346	2.246E-203	619
Q769E8.1	P51470.1	0.843	354	54	0	1	348	1	354	5.779E-203	618
Q769E8.1	P31355.1	0.843	354	54	0	1	348	1	354	7.919E-203	618
Q769E8.1	P56516.1	0.839	354	56	0	1	348	1	354	9.844E-202	615
Q769E8.1	P35359.2	0.856	346	50	0	1	345	1	346	9.844E-202	615
Q769E8.1	P29403.1	0.853	346	51	0	1	345	1	346	4.756E-201	613
Q769E8.1	P56514.1	0.849	346	52	0	1	345	1	346	8.101E-200	609
Q769E8.1	Q90214.1	0.848	346	52	0	1	345	1	346	1.110E-199	609
Q769E8.1	O13227.1	0.848	345	52	0	1	345	1	344	5.363E-199	607
Q769E8.1	Q90215.1	0.846	346	53	0	1	345	1	346	5.363E-199	607
Q769E8.1	O93459.1	0.826	354	60	0	1	348	1	354	6.666E-198	604
Q769E8.1	P41591.1	0.825	352	61	0	1	348	1	352	2.132E-196	599
Q769E8.1	P22671.1	0.837	345	56	0	1	345	1	345	7.515E-196	598
Q769E8.1	P51488.1	0.833	346	57	0	1	345	1	346	3.630E-195	596
Q769E8.1	Q98980.1	0.815	353	64	0	1	348	1	353	4.512E-194	593
Q769E8.1	P32309.1	0.825	346	60	0	1	345	1	346	4.092E-193	590
Q769E8.1	P41590.1	0.820	346	62	0	1	345	1	346	1.793E-191	585
Q769E8.1	Q9YH05.1	0.821	345	62	0	1	345	1	345	2.456E-191	585
Q769E8.1	P79863.1	0.803	354	68	0	1	348	1	354	2.456E-191	585
Q769E8.1	O93441.1	0.817	346	63	0	1	345	1	346	1.186E-190	583
Q769E8.1	Q9YGZ6.1	0.817	345	63	0	1	345	1	345	3.052E-190	582
Q769E8.1	Q9DGG4.1	0.817	345	63	0	1	345	1	345	4.182E-190	581
Q769E8.1	O42604.1	0.814	346	64	0	1	345	1	346	5.730E-190	581
Q769E8.1	Q9YGZ0.1	0.815	345	64	0	1	345	1	345	1.076E-189	580
Q769E8.1	P79848.1	0.812	346	65	0	1	345	1	346	2.020E-189	579
Q769E8.1	P87369.1	0.812	346	65	0	1	345	1	346	2.768E-189	579
Q769E8.1	Q9YGZ8.1	0.810	345	65	0	1	345	1	345	4.712E-188	575
Q769E8.1	Q9YGZ3.1	0.805	346	67	0	1	345	1	346	3.118E-187	573
Q769E8.1	Q9YGZ5.1	0.806	345	67	0	1	345	1	345	4.273E-187	572
Q769E8.1	P79756.1	0.803	346	68	0	1	345	1	346	1.099E-186	571
Q769E8.1	Q9YGZ2.1	0.802	345	68	0	1	345	1	344	9.966E-186	569
Q769E8.1	Q9YGY9.1	0.799	345	69	0	1	345	1	344	4.813E-185	567
Q769E8.1	P79807.1	0.778	349	76	0	4	348	1	349	3.252E-181	556
Q769E8.1	P79898.1	0.783	345	75	0	1	345	1	345	1.570E-180	554
Q769E8.1	P79812.1	0.783	345	75	0	1	345	1	345	1.570E-180	554
Q769E8.1	P79798.1	0.775	349	77	0	4	348	1	349	2.151E-180	553
Q769E8.1	P79901.1	0.784	342	74	0	4	345	1	342	3.661E-179	550
Q769E8.1	P79808.1	0.782	342	74	0	4	345	1	342	1.768E-178	548
Q769E8.1	P79914.1	0.779	342	75	0	4	345	1	342	1.170E-177	545
Q769E8.1	P79911.1	0.778	342	75	0	4	345	1	341	1.602E-177	545
Q769E8.1	P79809.1	0.777	342	76	0	4	345	1	341	3.008E-177	544
Q769E8.1	P79902.1	0.777	342	76	0	4	345	1	342	4.121E-177	544
Q769E8.1	P79903.1	0.776	342	76	0	4	345	1	341	5.647E-177	543
Q769E8.1	Q9W6A6.2	0.744	349	89	0	1	348	1	349	2.283E-171	527
Q769E8.1	P28683.1	0.733	355	93	0	1	348	1	355	2.283E-171	527
Q769E8.1	P35357.1	0.729	355	94	0	1	348	1	355	2.835E-170	524
Q769E8.1	P32311.1	0.738	349	91	0	1	348	1	349	7.290E-170	523
Q769E8.1	P32312.1	0.737	349	91	0	1	348	1	349	1.875E-169	522
Q769E8.1	P51471.1	0.726	355	95	0	1	348	1	355	1.875E-169	522
Q769E8.1	Q8AYM7.1	0.736	349	92	0	1	348	1	349	3.519E-169	521
Q769E8.1	P51474.1	0.719	345	97	0	1	345	4	348	2.413E-162	501
Q769E8.1	Q8AYM8.1	0.704	349	103	0	1	348	1	349	6.972E-160	494
Q769E8.1	Q9W6A5.2	0.699	349	104	0	1	348	1	349	1.185E-158	490
Q769E8.1	P28682.1	0.553	349	152	0	8	348	13	361	1.390E-116	369
Q769E8.1	P51472.1	0.547	343	154	0	8	347	11	353	6.704E-113	358
Q769E8.1	P32310.1	0.541	340	156	0	8	347	10	349	6.712E-110	349
Q769E8.1	P87365.1	0.527	340	160	0	8	347	12	351	4.411E-106	338
Q769E8.1	Q9W6A8.1	0.522	340	162	0	8	347	13	352	1.018E-104	334
Q769E8.1	P51473.1	0.503	345	170	0	5	348	3	347	6.660E-101	323
Q769E8.1	P28684.1	0.508	338	164	0	8	345	6	339	3.197E-100	321
Q769E8.1	O57605.1	0.492	345	172	0	1	345	1	339	4.835E-98	315
Q769E8.1	P51475.1	0.532	312	145	0	23	334	16	326	6.616E-98	315
Q769E8.1	P51476.1	0.531	307	143	0	23	329	18	323	5.336E-96	309
Q769E8.1	P51491.1	0.485	345	174	0	1	345	1	338	7.302E-96	309
Q769E8.1	P03999.2	0.492	337	168	0	9	345	6	337	1.870E-95	308
Q769E8.1	P60015.1	0.492	337	168	0	9	345	9	340	1.870E-95	308
Q769E8.1	O13092.1	0.488	341	172	0	5	345	6	341	1.870E-95	308
Q769E8.1	Q63652.2	0.475	345	177	0	1	345	1	338	3.858E-93	301
Q769E8.1	Q9W6A9.2	0.481	335	170	0	11	345	6	334	8.862E-92	297
Q769E8.1	Q90309.1	0.482	333	169	0	13	345	8	334	2.269E-91	296
Q769E8.1	P51490.1	0.478	336	173	0	10	345	10	341	3.104E-91	295
Q769E8.1	P87368.1	0.465	338	176	0	6	343	2	331	3.057E-88	287
Q769E8.1	P35358.1	0.470	329	172	0	17	345	32	357	7.004E-87	283
Q769E8.1	Q9BGI7.1	0.453	342	183	0	4	345	23	358	6.270E-86	280
Q769E8.1	O18914.2	0.451	342	184	0	4	345	23	358	2.194E-85	278
Q769E8.1	P04001.1	0.450	342	184	0	4	345	23	358	3.000E-85	278
Q769E8.1	Q95170.1	0.450	342	184	0	4	345	23	358	3.000E-85	278
Q769E8.1	P87367.1	0.446	345	187	0	4	348	20	357	5.611E-85	277
Q769E8.1	O18913.2	0.459	332	176	0	14	345	33	358	5.611E-85	277
Q769E8.1	O42490.1	0.484	310	158	0	14	323	25	331	5.611E-85	277
Q769E8.1	O18912.2	0.449	342	185	0	4	345	23	358	7.674E-85	277
Q769E8.1	P34989.1	0.450	340	183	0	4	343	16	349	1.049E-84	276
Q769E8.1	P04000.2	0.446	342	186	0	4	345	23	358	5.019E-84	274
Q769E8.1	O35476.2	0.444	342	186	0	4	345	18	353	1.284E-83	273
Q769E8.1	O18910.2	0.443	342	187	0	4	345	23	358	2.400E-83	273
Q769E8.1	O35478.2	0.443	342	187	0	4	345	23	358	3.282E-83	272
Q769E8.1	P22332.2	0.448	336	182	0	13	348	27	357	6.138E-83	271
Q769E8.1	O35599.1	0.451	332	178	0	14	345	28	353	8.393E-83	271
Q769E8.1	P41592.1	0.450	333	180	0	13	345	33	361	8.393E-83	271
Q769E8.1	Q9R024.1	0.441	342	187	0	4	345	23	358	1.148E-82	271
Q769E8.1	Q9W6A7.1	0.446	336	183	0	13	348	27	357	1.569E-82	270
Q769E8.1	Q8AYN0.1	0.445	336	183	0	13	348	26	356	2.934E-82	269
Q769E8.1	P22329.1	0.446	333	181	0	13	345	27	354	1.402E-81	267
Q769E8.1	P32313.1	0.442	336	184	0	13	348	27	357	1.918E-81	267
Q769E8.1	O12948.1	0.445	333	182	0	13	345	29	357	2.622E-81	267
Q769E8.1	P22330.1	0.434	331	184	0	13	343	27	352	8.908E-78	256
Q769E8.1	P22331.1	0.432	331	185	0	13	343	25	350	2.275E-77	255
Q769E8.1	O18911.1	0.476	273	143	0	32	304	1	273	6.075E-72	239
Q6W3E1.1	Q6W3E1.1	0.972	348	10	0	1	348	1	348	2.358E-236	715
Q6W3E1.1	Q95KU1.1	0.938	348	22	0	1	348	1	348	1.684E-226	686
Q6W3E1.1	P15409.2	0.936	348	22	0	1	348	1	348	5.939E-226	685
Q6W3E1.1	O62794.1	0.935	348	23	0	1	348	1	348	1.115E-225	684
Q6W3E1.1	Q769E8.1	0.934	348	23	0	1	348	1	348	2.095E-225	683
Q6W3E1.1	P51489.1	0.932	348	24	0	1	348	1	348	1.012E-224	681
Q6W3E1.1	O62795.1	0.931	348	24	0	1	348	1	348	1.387E-224	681
Q6W3E1.1	P32308.1	0.930	348	24	0	1	348	1	348	2.606E-224	680
Q6W3E1.1	P28681.1	0.927	348	25	0	1	348	1	348	1.726E-223	677
Q6W3E1.1	P08100.1	0.926	348	26	0	1	348	1	348	3.241E-223	677
Q6W3E1.1	O18766.1	0.926	348	26	0	1	348	1	348	3.241E-223	677
Q6W3E1.1	P49912.1	0.925	348	26	0	1	348	1	348	6.087E-223	676
Q6W3E1.1	P02700.2	0.925	348	26	0	1	348	1	348	6.087E-223	676
Q6W3E1.1	Q28886.1	0.925	348	26	0	1	348	1	348	8.341E-223	676
Q6W3E1.1	P02699.1	0.924	348	26	0	1	348	1	348	1.566E-222	675
Q6W3E1.1	O62796.1	0.920	348	28	0	1	348	1	348	1.948E-221	672
Q6W3E1.1	Q68J47.1	0.917	348	29	0	1	348	1	348	1.768E-220	669
Q6W3E1.1	O62791.1	0.913	348	30	0	1	348	1	348	1.605E-219	666
Q6W3E1.1	O62798.1	0.904	348	33	0	1	348	1	348	8.756E-217	658
Q6W3E1.1	O62793.1	0.902	348	34	0	1	348	1	348	2.253E-216	657
Q6W3E1.1	O62792.1	0.902	348	34	0	1	348	1	348	3.088E-216	657
Q6W3E1.1	Q8HY69.2	0.896	348	36	0	1	348	1	348	1.856E-214	651
Q6W3E1.1	P52202.1	0.878	345	42	0	1	345	1	344	2.419E-207	631
Q6W3E1.1	P22328.1	0.872	345	44	0	1	345	1	343	7.739E-206	627
Q6W3E1.1	Q90245.1	0.862	346	47	0	1	345	1	346	1.196E-203	620
Q6W3E1.1	P51470.1	0.841	354	55	0	1	348	1	354	2.792E-202	616
Q6W3E1.1	P31355.1	0.839	354	56	0	1	348	1	354	7.184E-202	615
Q6W3E1.1	P29403.1	0.856	346	50	0	1	345	1	346	7.184E-202	615
Q6W3E1.1	P56515.1	0.855	346	50	0	1	345	1	346	1.349E-201	614
Q6W3E1.1	P56516.1	0.837	354	57	0	1	348	1	354	4.756E-201	613
Q6W3E1.1	P56514.1	0.847	346	53	0	1	345	1	346	3.914E-199	607
Q6W3E1.1	P35359.2	0.839	346	55	0	1	345	1	346	6.047E-197	601
Q6W3E1.1	Q90214.1	0.835	346	57	0	1	345	1	346	1.030E-195	597
Q6W3E1.1	Q90215.1	0.835	346	57	0	1	345	1	346	1.030E-195	597
Q6W3E1.1	P22671.1	0.836	345	56	0	1	345	1	345	1.411E-195	597
Q6W3E1.1	P41591.1	0.833	345	57	0	1	345	1	344	1.280E-194	594
Q6W3E1.1	O93459.1	0.814	354	65	0	1	348	1	354	1.280E-194	594
Q6W3E1.1	O13227.1	0.829	345	59	0	1	345	1	344	1.591E-193	591
Q6W3E1.1	Q98980.1	0.809	353	66	0	1	348	1	353	1.977E-192	588
Q6W3E1.1	P51488.1	0.818	346	63	0	1	345	1	346	6.319E-191	584
Q6W3E1.1	P79863.1	0.799	354	70	0	1	348	1	354	3.052E-190	582
Q6W3E1.1	O93441.1	0.812	346	65	0	1	345	1	346	2.768E-189	579
Q6W3E1.1	Q9YGZ0.1	0.813	345	64	0	1	345	1	345	7.120E-189	578
Q6W3E1.1	P32309.1	0.811	346	65	0	1	345	1	346	7.120E-189	578
Q6W3E1.1	Q9YH05.1	0.812	345	65	0	1	345	1	345	1.337E-188	577
Q6W3E1.1	P41590.1	0.804	346	67	0	1	345	1	346	5.855E-187	572
Q6W3E1.1	Q9YGZ6.1	0.803	345	68	0	1	345	1	345	2.828E-186	570
Q6W3E1.1	Q9DGG4.1	0.803	345	68	0	1	345	1	345	3.874E-186	570
Q6W3E1.1	O42604.1	0.799	346	69	0	1	345	1	346	1.871E-185	568
Q6W3E1.1	Q9YGZ8.1	0.795	345	71	0	1	345	1	345	5.979E-184	563
Q6W3E1.1	P79848.1	0.793	346	71	0	1	345	1	346	5.979E-184	563
Q6W3E1.1	Q9YGZ2.1	0.793	345	71	0	1	345	1	344	2.107E-183	562
Q6W3E1.1	P87369.1	0.789	346	73	0	1	345	1	346	7.428E-183	560
Q6W3E1.1	Q9YGY9.1	0.791	345	72	0	1	345	1	344	1.018E-182	560
Q6W3E1.1	P79756.1	0.788	346	73	0	1	345	1	346	2.618E-182	559
Q6W3E1.1	Q9YGZ3.1	0.788	346	73	0	1	345	1	346	2.618E-182	559
Q6W3E1.1	Q9YGZ5.1	0.791	343	71	0	1	343	1	343	9.226E-182	557
Q6W3E1.1	P79798.1	0.784	340	73	0	4	343	1	339	6.230E-178	546
Q6W3E1.1	P79898.1	0.778	343	76	0	1	343	1	343	6.230E-178	546
Q6W3E1.1	P79812.1	0.775	343	77	0	1	343	1	343	5.647E-177	543
Q6W3E1.1	P79807.1	0.779	340	75	0	4	343	1	339	1.060E-176	542
Q6W3E1.1	P79901.1	0.776	340	76	0	4	343	1	340	7.012E-176	540
Q6W3E1.1	P79914.1	0.776	340	76	0	4	343	1	340	9.608E-176	540
Q6W3E1.1	P79808.1	0.773	340	77	0	4	343	1	340	8.707E-175	537
Q6W3E1.1	P79902.1	0.768	340	79	0	4	343	1	340	2.030E-173	533
Q6W3E1.1	P79911.1	0.765	340	79	0	4	343	1	339	9.798E-173	531
Q6W3E1.1	P79903.1	0.763	340	80	0	4	343	1	339	3.452E-172	529
Q6W3E1.1	P79809.1	0.763	340	80	0	4	343	1	339	4.730E-172	529
Q6W3E1.1	P28683.1	0.731	355	93	0	1	348	1	355	8.045E-171	526
Q6W3E1.1	P35357.1	0.730	355	94	0	1	348	1	355	2.069E-170	524
Q6W3E1.1	Q9W6A6.2	0.737	349	91	0	1	348	1	349	1.368E-169	522
Q6W3E1.1	P51471.1	0.725	355	95	0	1	348	1	355	6.605E-169	520
Q6W3E1.1	P32311.1	0.733	349	93	0	1	348	1	349	2.327E-168	518
Q6W3E1.1	P32312.1	0.731	349	93	0	1	348	1	349	8.198E-168	517
Q6W3E1.1	Q8AYM7.1	0.726	349	95	0	1	348	1	349	2.617E-166	512
Q6W3E1.1	Q8AYM8.1	0.710	349	101	0	1	348	1	349	8.501E-162	499
Q6W3E1.1	Q9W6A5.2	0.706	349	102	0	1	348	1	349	1.445E-160	496
Q6W3E1.1	P51474.1	0.712	345	99	0	1	345	4	348	2.712E-160	495
Q6W3E1.1	P28682.1	0.561	341	148	0	8	345	13	353	6.686E-116	367
Q6W3E1.1	P51472.1	0.551	343	152	0	8	347	11	353	7.439E-114	361
Q6W3E1.1	P32310.1	0.535	340	158	0	8	347	10	349	2.122E-108	345
Q6W3E1.1	P87365.1	0.532	340	159	0	8	347	12	351	1.911E-107	342
Q6W3E1.1	Q9W6A8.1	0.523	340	162	0	8	347	13	352	5.433E-105	335
Q6W3E1.1	P51473.1	0.503	345	170	0	5	348	3	347	4.867E-101	324
Q6W3E1.1	P28684.1	0.504	338	165	0	8	345	6	339	3.932E-99	318
Q6W3E1.1	O57605.1	0.495	345	171	0	1	345	1	339	7.363E-99	317
Q6W3E1.1	P51475.1	0.534	312	144	0	23	334	16	326	1.887E-98	316
Q6W3E1.1	P51476.1	0.534	307	142	0	23	329	18	323	1.113E-96	311
Q6W3E1.1	P51491.1	0.485	345	174	0	1	345	1	338	5.336E-96	309
Q6W3E1.1	O13092.1	0.487	341	172	0	5	345	6	341	2.559E-95	307
Q6W3E1.1	P03999.2	0.491	337	168	0	9	345	6	337	3.502E-95	307
Q6W3E1.1	P60015.1	0.491	337	168	0	9	345	9	340	3.502E-95	307
Q6W3E1.1	Q63652.2	0.478	345	176	0	1	345	1	338	8.049E-94	303
Q6W3E1.1	Q90309.1	0.489	333	167	0	13	345	8	334	2.061E-93	302
Q6W3E1.1	Q9W6A9.2	0.485	335	169	0	11	345	6	334	7.222E-93	300
Q6W3E1.1	P51490.1	0.491	323	163	0	23	345	21	341	1.087E-90	294
Q6W3E1.1	P87368.1	0.467	338	175	0	6	343	2	331	8.732E-89	288
Q6W3E1.1	P04001.1	0.445	344	187	0	2	345	21	358	2.684E-84	275
Q6W3E1.1	O42490.1	0.487	305	154	0	19	323	30	331	2.684E-84	275
Q6W3E1.1	Q9BGI7.1	0.446	342	186	0	4	345	23	358	3.670E-84	275
Q6W3E1.1	O18914.2	0.459	329	176	0	17	345	33	358	3.670E-84	275
Q6W3E1.1	O18913.2	0.458	329	176	0	17	345	33	358	9.387E-84	274
Q6W3E1.1	P34989.1	0.444	342	186	0	2	343	14	349	1.284E-83	273
Q6W3E1.1	O18912.2	0.460	327	174	0	19	345	35	358	1.284E-83	273
Q6W3E1.1	Q95170.1	0.444	342	186	0	4	345	23	358	1.755E-83	273
Q6W3E1.1	P04000.2	0.441	344	188	0	2	345	21	358	2.400E-83	273
Q6W3E1.1	P87367.1	0.440	345	189	0	4	348	20	357	4.488E-83	272
Q6W3E1.1	P35358.1	0.442	342	187	0	4	345	22	357	6.138E-83	271
Q6W3E1.1	O18910.2	0.439	344	189	0	2	345	21	358	1.569E-82	270
Q6W3E1.1	O35478.2	0.438	344	189	0	2	345	21	358	2.934E-82	269
Q6W3E1.1	O35476.2	0.436	344	190	0	2	345	16	353	7.501E-82	268
Q6W3E1.1	Q9R024.1	0.434	344	191	0	2	345	21	358	2.622E-81	267
Q6W3E1.1	O35599.1	0.433	344	191	0	2	345	16	353	4.902E-81	266
Q6W3E1.1	Q9W6A7.1	0.441	335	183	0	14	348	30	357	9.163E-81	265
Q6W3E1.1	Q8AYN0.1	0.440	335	183	0	14	348	29	356	1.713E-80	264
Q6W3E1.1	P41592.1	0.442	332	181	0	14	345	36	361	3.202E-80	263
Q6W3E1.1	O12948.1	0.441	332	182	0	14	345	32	357	5.985E-80	263
Q6W3E1.1	P22332.2	0.437	335	184	0	14	348	30	357	8.183E-80	262
Q6W3E1.1	P32313.1	0.435	335	185	0	14	348	30	357	2.859E-79	261
Q6W3E1.1	P22329.1	0.437	332	182	0	14	345	30	354	5.343E-79	260
Q6W3E1.1	P22330.1	0.459	299	161	0	20	318	33	331	1.808E-75	250
Q6W3E1.1	P22331.1	0.458	299	162	0	20	318	31	329	3.377E-75	249
Q6W3E1.1	O18911.1	0.470	273	144	0	32	304	1	273	1.377E-70	235
Q90214.1	Q90214.1	0.968	352	11	0	1	352	1	352	6.482E-238	719
Q90214.1	O13227.1	0.907	352	32	0	1	352	1	350	2.919E-220	668
Q90214.1	Q90215.1	0.886	352	40	0	1	352	1	352	4.194E-214	651
Q90214.1	P35359.2	0.861	354	49	0	1	352	1	354	4.394E-208	633
Q90214.1	O42604.1	0.847	354	54	0	1	352	1	354	5.589E-204	621
Q90214.1	P51488.1	0.846	354	54	0	1	352	1	354	7.658E-204	621
Q90214.1	P41590.1	0.847	352	54	0	1	352	1	352	9.519E-203	618
Q90214.1	P79848.1	0.843	354	55	0	1	352	1	354	9.519E-203	618
Q90214.1	Q9YGZ0.1	0.843	352	55	0	1	352	1	351	1.621E-201	614
Q90214.1	Q68J47.1	0.854	346	50	0	1	346	1	345	3.044E-201	614
Q90214.1	P51470.1	0.837	354	57	0	1	352	1	354	3.044E-201	614
Q90214.1	O62796.1	0.853	346	51	0	1	346	1	345	7.832E-201	612
Q90214.1	Q9YGZ3.1	0.836	354	58	0	1	352	1	354	1.073E-200	612
Q90214.1	P32309.1	0.835	354	58	0	1	352	1	354	2.015E-200	611
Q90214.1	Q90245.1	0.835	354	58	0	1	352	1	354	2.015E-200	611
Q90214.1	P31355.1	0.834	354	58	0	1	352	1	354	3.784E-200	610
Q90214.1	P56515.1	0.833	354	59	0	1	352	1	354	5.185E-200	610
Q90214.1	P79756.1	0.833	354	59	0	1	352	1	354	5.185E-200	610
Q90214.1	Q95KU1.1	0.849	346	52	0	1	346	1	345	7.104E-200	610
Q90214.1	Q9DGG4.1	0.834	353	58	0	1	352	1	353	9.735E-200	609
Q90214.1	P29403.1	0.832	354	59	0	1	352	1	354	9.735E-200	609
Q90214.1	Q9YH05.1	0.833	353	59	0	1	352	1	353	1.828E-199	608
Q90214.1	P87369.1	0.831	354	59	0	1	352	1	354	1.828E-199	608
Q90214.1	P49912.1	0.847	346	53	0	1	346	1	345	3.432E-199	608
Q90214.1	O18766.1	0.847	346	53	0	1	346	1	345	3.432E-199	608
Q90214.1	Q9YGY9.1	0.835	352	58	0	1	352	1	352	3.432E-199	608
Q90214.1	Q9YGZ2.1	0.834	352	58	0	1	352	1	352	4.703E-199	607
Q90214.1	O62791.1	0.846	346	53	0	1	346	1	345	6.444E-199	607
Q90214.1	P32308.1	0.845	346	53	0	1	346	1	345	1.210E-198	606
Q90214.1	P56516.1	0.828	354	60	0	1	352	1	354	1.658E-198	606
Q90214.1	Q28886.1	0.844	346	54	0	1	346	1	345	3.113E-198	605
Q90214.1	Q769E8.1	0.843	346	54	0	1	346	1	345	4.265E-198	604
Q90214.1	P22328.1	0.830	352	60	0	1	352	1	351	5.844E-198	604
Q90214.1	P15409.2	0.842	346	54	0	1	346	1	345	1.097E-197	603
Q90214.1	O62793.1	0.842	346	54	0	1	346	1	345	1.097E-197	603
Q90214.1	P08100.1	0.842	346	54	0	1	346	1	345	1.097E-197	603
Q90214.1	Q9YGZ6.1	0.827	353	61	0	1	352	1	353	1.097E-197	603
Q90214.1	P56514.1	0.824	354	62	0	1	352	1	354	2.060E-197	602
Q90214.1	O93459.1	0.836	348	57	0	1	348	1	348	2.823E-197	602
Q90214.1	P51489.1	0.838	346	56	0	1	346	1	345	9.952E-197	601
Q90214.1	O93441.1	0.821	354	63	0	1	352	1	354	1.869E-196	600
Q90214.1	Q9YGZ8.1	0.823	353	62	0	1	352	1	353	2.560E-196	599
Q90214.1	O62794.1	0.836	346	56	0	1	346	1	345	3.508E-196	599
Q90214.1	O62798.1	0.836	346	56	0	1	346	1	345	3.508E-196	599
Q90214.1	P52202.1	0.824	352	62	0	1	352	1	352	3.508E-196	599
Q90214.1	P28681.1	0.836	346	56	0	1	346	1	345	4.807E-196	599
Q90214.1	O62795.1	0.834	346	57	0	1	346	1	345	1.695E-195	597
Q90214.1	P02700.2	0.834	346	57	0	1	346	1	345	1.695E-195	597
Q90214.1	O62792.1	0.834	346	57	0	1	346	1	345	2.322E-195	597
Q90214.1	P02699.1	0.830	346	58	0	1	346	1	345	2.106E-194	594
Q90214.1	P79898.1	0.818	352	64	0	1	352	1	351	2.106E-194	594
Q90214.1	Q6W3E1.1	0.828	346	59	0	1	346	1	345	7.423E-194	592
Q90214.1	Q9YGZ5.1	0.814	353	65	0	1	352	1	353	1.017E-193	592
Q90214.1	P79798.1	0.816	349	64	0	4	352	1	349	3.251E-192	587
Q90214.1	P79901.1	0.816	349	64	0	4	352	1	348	4.455E-192	587
Q90214.1	P79914.1	0.814	349	65	0	4	352	1	348	1.570E-191	586
Q90214.1	P79812.1	0.807	352	68	0	1	352	1	351	2.948E-191	585
Q90214.1	P79863.1	0.815	348	64	0	1	348	1	348	2.948E-191	585
Q90214.1	Q8HY69.2	0.818	346	63	0	1	346	1	345	5.535E-191	584
Q90214.1	P79807.1	0.812	349	65	0	4	352	1	349	5.535E-191	584
Q90214.1	P41591.1	0.805	352	68	0	1	352	1	352	1.424E-190	583
Q90214.1	P79902.1	0.809	349	66	0	4	352	1	348	3.663E-190	582
Q90214.1	P79808.1	0.809	349	66	0	4	352	1	348	3.663E-190	582
Q90214.1	P79809.1	0.806	349	67	0	4	352	1	347	4.551E-189	578
Q90214.1	P79903.1	0.799	349	70	0	4	352	1	347	3.741E-187	573
Q90214.1	P79911.1	0.797	349	70	0	4	352	1	347	9.623E-187	572
Q90214.1	Q98980.1	0.784	353	76	0	1	352	1	353	4.213E-185	567
Q90214.1	P22671.1	0.783	353	76	0	1	352	1	353	1.084E-184	566
Q90214.1	P28683.1	0.711	355	101	0	1	352	1	355	7.287E-165	509
Q90214.1	Q9W6A6.2	0.724	347	95	0	1	347	1	347	9.983E-165	508
Q90214.1	Q8AYM7.1	0.723	347	96	0	1	347	1	347	1.874E-164	507
Q90214.1	P35357.1	0.718	349	98	0	1	348	1	349	4.817E-164	506
Q90214.1	P51471.1	0.704	355	104	0	1	352	1	355	8.188E-163	503
Q90214.1	P32311.1	0.716	347	98	0	1	347	1	347	2.105E-162	501
Q90214.1	P32312.1	0.712	347	100	0	1	347	1	347	3.577E-161	498
Q90214.1	Q8AYM8.1	0.704	347	102	0	1	347	1	347	5.504E-159	492
Q90214.1	P51474.1	0.693	352	107	0	1	352	4	354	2.655E-158	490
Q90214.1	Q9W6A5.2	0.695	347	106	0	1	347	1	347	2.981E-156	484
Q90214.1	P28682.1	0.557	343	151	0	8	348	13	355	1.481E-115	366
Q90214.1	P51472.1	0.543	341	154	0	8	346	11	351	8.788E-111	352
Q90214.1	P32310.1	0.528	339	159	0	8	346	10	347	7.107E-106	338
Q90214.1	P87365.1	0.509	339	165	0	8	346	12	349	1.071E-100	323
Q90214.1	Q9W6A8.1	0.506	339	166	0	8	346	13	350	7.031E-100	321
Q90214.1	P51473.1	0.492	348	175	0	5	352	3	347	1.183E-98	317
Q90214.1	O57605.1	0.480	348	177	0	1	348	1	341	2.192E-95	308
Q90214.1	P28684.1	0.499	331	164	0	18	348	13	341	2.192E-95	308
Q90214.1	P03999.2	0.486	340	171	0	9	348	6	339	1.437E-94	305
Q90214.1	P60015.1	0.486	340	171	0	9	348	9	342	1.437E-94	305
Q90214.1	O13092.1	0.476	344	177	0	5	348	6	343	4.517E-93	301
Q90214.1	P51475.1	0.518	305	146	0	23	327	16	319	5.540E-92	298
Q90214.1	P51491.1	0.467	348	181	0	1	348	1	340	1.037E-91	297
Q90214.1	P51476.1	0.507	305	149	0	23	327	18	321	3.985E-89	289
Q90214.1	Q63652.2	0.457	348	184	0	1	348	1	340	7.456E-89	289
Q90214.1	Q9W6A9.2	0.477	326	167	0	22	347	15	335	4.881E-88	286
Q90214.1	O18913.2	0.451	351	188	0	2	352	21	364	4.881E-88	286
Q90214.1	Q9BGI7.1	0.453	349	187	0	4	352	23	364	4.881E-88	286
Q90214.1	P04001.1	0.450	351	189	0	2	352	21	364	1.708E-87	285
Q90214.1	O18912.2	0.450	351	189	0	2	352	21	364	1.708E-87	285
Q90214.1	Q95170.1	0.451	349	187	0	4	352	23	364	2.336E-87	284
Q90214.1	O18914.2	0.451	349	187	0	4	352	23	364	2.336E-87	284
Q90214.1	O18910.2	0.449	351	189	0	2	352	21	364	3.195E-87	284
Q90214.1	Q90309.1	0.474	326	168	0	22	347	15	335	4.369E-87	284
Q90214.1	P51490.1	0.459	339	180	0	10	348	10	343	1.118E-86	282
Q90214.1	O35478.2	0.444	351	191	0	2	352	21	364	5.346E-86	280
Q90214.1	P04000.2	0.444	351	191	0	2	352	21	364	5.346E-86	280
Q90214.1	O35476.2	0.444	351	191	0	2	352	16	359	7.312E-86	280
Q90214.1	Q9R024.1	0.443	351	191	0	2	352	21	364	1.367E-85	279
Q90214.1	P87368.1	0.453	339	180	0	6	344	2	331	4.782E-85	278
Q90214.1	O35599.1	0.441	351	192	0	2	352	16	359	6.539E-85	277
Q90214.1	P35358.1	0.440	349	192	0	4	352	22	365	3.127E-84	275
Q90214.1	P34989.1	0.442	344	187	0	2	345	14	350	1.495E-83	273
Q90214.1	P87367.1	0.439	343	187	0	4	346	20	354	1.826E-82	270
Q90214.1	P41592.1	0.447	332	182	0	21	352	40	369	1.631E-81	267
Q90214.1	O12948.1	0.430	349	196	0	4	352	22	365	2.230E-81	267
Q90214.1	P22329.1	0.441	332	183	0	21	352	34	362	5.087E-80	263
Q90214.1	Q8AYN0.1	0.444	326	178	0	21	346	33	353	4.538E-79	260
Q90214.1	Q9W6A7.1	0.442	326	179	0	21	346	34	354	1.585E-78	259
Q90214.1	O42490.1	0.462	304	161	0	20	323	31	331	1.033E-77	256
Q90214.1	P32313.1	0.421	343	193	0	4	346	20	354	2.639E-77	255
Q90214.1	P22332.2	0.436	326	180	0	21	346	34	354	4.930E-77	254
Q90214.1	P22331.1	0.443	317	175	0	21	337	32	347	1.720E-76	253
Q90214.1	P22330.1	0.441	317	176	0	21	337	34	349	8.203E-76	251
Q90214.1	O18911.1	0.474	273	143	0	32	304	1	273	1.790E-71	238
P52202.1	P52202.1	0.971	352	10	0	1	352	1	352	9.785E-239	722
P52202.1	P22328.1	0.912	352	31	0	1	352	1	351	9.119E-222	673
P52202.1	Q90245.1	0.882	354	41	0	1	352	1	354	4.194E-214	651
P52202.1	Q95KU1.1	0.897	345	35	0	1	344	1	345	9.793E-213	647
P52202.1	P32308.1	0.896	345	36	0	1	344	1	345	1.342E-212	646
P52202.1	P49912.1	0.896	345	36	0	1	344	1	345	1.342E-212	646
P52202.1	O18766.1	0.876	352	43	0	1	352	1	348	3.133E-211	642
P52202.1	P56516.1	0.869	354	46	0	1	352	1	354	2.075E-210	640
P52202.1	P56515.1	0.869	354	46	0	1	352	1	354	2.075E-210	640
P52202.1	P56514.1	0.868	354	46	0	1	352	1	354	2.843E-210	640
P52202.1	P08100.1	0.888	345	38	0	1	344	1	345	3.896E-210	639
P52202.1	O62794.1	0.886	345	39	0	1	344	1	345	1.374E-209	638
P52202.1	P15409.2	0.885	345	39	0	1	344	1	345	1.882E-209	637
P52202.1	P28681.1	0.885	345	39	0	1	344	1	345	1.882E-209	637
P52202.1	P31355.1	0.866	354	47	0	1	352	1	354	1.882E-209	637
P52202.1	Q769E8.1	0.885	345	39	0	1	344	1	345	2.579E-209	637
P52202.1	P51470.1	0.865	354	47	0	1	352	1	354	2.579E-209	637
P52202.1	O62795.1	0.883	345	40	0	1	344	1	345	6.637E-209	636
P52202.1	Q28886.1	0.883	345	40	0	1	344	1	345	9.094E-209	635
P52202.1	P29403.1	0.862	354	48	0	1	352	1	354	2.340E-208	634
P52202.1	O62796.1	0.880	345	41	0	1	344	1	345	6.021E-208	633
P52202.1	P02700.2	0.880	345	41	0	1	344	1	345	8.251E-208	632
P52202.1	O62791.1	0.879	345	42	0	1	344	1	345	1.131E-207	632
P52202.1	Q68J47.1	0.879	345	42	0	1	344	1	345	1.549E-207	632
P52202.1	P41591.1	0.863	352	48	0	1	352	1	352	1.549E-207	632
P52202.1	Q6W3E1.1	0.878	345	42	0	1	344	1	345	2.909E-207	631
P52202.1	P02699.1	0.876	345	43	0	1	344	1	345	7.485E-207	630
P52202.1	P51489.1	0.875	345	43	0	1	344	1	345	1.406E-206	629
P52202.1	Q8HY69.2	0.874	345	43	0	1	344	1	345	3.617E-206	628
P52202.1	O62793.1	0.874	345	43	0	1	344	1	345	3.617E-206	628
P52202.1	O62798.1	0.869	345	45	0	1	344	1	345	6.161E-205	624
P52202.1	O62792.1	0.867	345	46	0	1	344	1	345	4.078E-204	622
P52202.1	P22671.1	0.847	353	54	0	1	352	1	353	1.970E-203	620
P52202.1	O93459.1	0.842	354	55	0	1	352	1	354	1.787E-202	617
P52202.1	P79863.1	0.839	354	57	0	1	352	1	354	8.635E-202	615
P52202.1	Q98980.1	0.840	353	56	0	1	352	1	353	1.621E-201	614
P52202.1	Q90215.1	0.834	352	58	0	1	352	1	352	4.703E-199	607
P52202.1	Q90214.1	0.830	352	60	0	1	352	1	352	5.844E-198	604
P52202.1	O93441.1	0.825	354	61	0	1	352	1	354	1.504E-197	603
P52202.1	P35359.2	0.822	354	62	0	1	352	1	354	9.952E-197	601
P52202.1	O13227.1	0.822	352	62	0	1	352	1	350	1.695E-195	597
P52202.1	P51488.1	0.817	354	64	0	1	352	1	354	3.182E-195	596
P52202.1	Q9YH05.1	0.809	353	67	0	1	352	1	353	2.373E-192	588
P52202.1	P32309.1	0.806	354	68	0	1	352	1	354	4.455E-192	587
P52202.1	P41590.1	0.806	352	68	0	1	352	1	352	5.535E-191	584
P52202.1	Q9YGZ0.1	0.805	352	68	0	1	352	1	351	1.039E-190	583
P52202.1	O42604.1	0.801	354	70	0	1	352	1	354	1.039E-190	583
P52202.1	P87369.1	0.801	354	70	0	1	352	1	354	1.424E-190	583
P52202.1	Q9YGZ3.1	0.798	354	71	0	1	352	1	354	1.291E-189	580
P52202.1	Q9YGZ2.1	0.801	352	70	0	1	352	1	352	2.424E-189	579
P52202.1	Q9YGY9.1	0.800	352	70	0	1	352	1	352	3.321E-189	579
P52202.1	Q9DGG4.1	0.798	353	71	0	1	352	1	353	3.321E-189	579
P52202.1	P79756.1	0.795	354	72	0	1	352	1	354	6.236E-189	578
P52202.1	P79848.1	0.794	354	72	0	1	352	1	354	1.604E-188	577
P52202.1	Q9YGZ6.1	0.794	353	72	0	1	352	1	353	4.126E-188	576
P52202.1	Q9YGZ8.1	0.793	353	73	0	1	352	1	353	1.061E-187	574
P52202.1	Q9YGZ5.1	0.789	353	74	0	1	352	1	353	1.319E-186	571
P52202.1	P79807.1	0.786	349	74	0	4	352	1	349	2.527E-183	562
P52202.1	P79798.1	0.784	349	75	0	4	352	1	349	6.500E-183	561
P52202.1	P79898.1	0.774	352	79	0	1	352	1	351	1.515E-181	557
P52202.1	P79812.1	0.768	352	81	0	1	352	1	351	6.632E-180	552
P52202.1	P79901.1	0.773	349	79	0	4	352	1	348	1.245E-179	551
P52202.1	P28683.1	0.761	355	84	0	1	352	1	355	2.337E-179	550
P52202.1	P79808.1	0.769	349	80	0	4	352	1	348	1.128E-178	548
P52202.1	P51471.1	0.758	355	85	0	1	352	1	355	1.546E-178	548
P52202.1	P79902.1	0.767	349	81	0	4	352	1	348	3.976E-178	547
P52202.1	P79914.1	0.767	349	81	0	4	352	1	348	5.448E-178	546
P52202.1	P79809.1	0.764	349	82	0	4	352	1	347	3.603E-177	544
P52202.1	P79903.1	0.763	349	82	0	4	352	1	347	6.764E-177	543
P52202.1	P79911.1	0.762	349	82	0	4	352	1	347	1.740E-176	542
P52202.1	P35357.1	0.745	355	90	0	1	352	1	355	7.611E-175	537
P52202.1	P32311.1	0.753	347	85	0	1	345	1	347	8.561E-173	531
P52202.1	Q9W6A6.2	0.750	347	86	0	1	345	1	347	4.132E-172	529
P52202.1	Q8AYM7.1	0.745	347	88	0	1	345	1	347	1.319E-170	525
P52202.1	P32312.1	0.740	347	89	0	1	345	1	347	3.073E-169	521
P52202.1	P51474.1	0.721	352	98	0	1	352	4	354	3.129E-166	512
P52202.1	Q8AYM8.1	0.713	347	99	0	1	345	1	347	1.906E-161	499
P52202.1	Q9W6A5.2	0.712	347	99	0	1	345	1	347	2.611E-161	498
P52202.1	P28682.1	0.567	349	149	0	8	352	13	361	1.325E-120	381
P52202.1	P51472.1	0.548	341	152	0	8	344	11	351	2.779E-112	357
P52202.1	P32310.1	0.545	338	153	0	8	344	10	347	3.085E-110	351
P52202.1	P51473.1	0.522	348	164	0	5	352	3	347	3.081E-107	342
P52202.1	Q9W6A8.1	0.524	338	160	0	8	344	13	350	1.639E-104	334
P52202.1	O57605.1	0.508	351	170	0	1	351	1	346	3.070E-104	333
P52202.1	P87365.1	0.520	338	161	0	8	344	12	349	2.017E-103	331
P52202.1	P28684.1	0.509	344	167	0	8	351	6	346	1.814E-102	328
P52202.1	O13092.1	0.501	347	171	0	5	351	6	348	4.178E-101	324
P52202.1	P03999.2	0.501	344	169	0	8	351	5	344	5.138E-100	321
P52202.1	P60015.1	0.501	344	169	0	8	351	8	347	5.138E-100	321
P52202.1	P51491.1	0.488	351	176	0	1	351	1	345	1.618E-98	317
P52202.1	P51476.1	0.526	312	147	0	23	334	18	328	2.442E-96	310
P52202.1	P51475.1	0.533	305	142	0	23	327	16	319	1.602E-95	308
P52202.1	Q63652.2	0.477	351	180	0	1	351	1	345	2.192E-95	308
P52202.1	P51490.1	0.478	342	176	0	10	351	10	348	4.517E-93	301
P52202.1	Q9W6A9.2	0.478	335	172	0	11	345	6	335	9.291E-91	294
P52202.1	Q90309.1	0.478	333	171	0	13	345	8	335	3.253E-90	293
P52202.1	P35358.1	0.454	349	187	0	4	352	22	365	2.609E-88	287
P52202.1	P87368.1	0.458	340	180	0	6	345	2	334	5.975E-87	283
P52202.1	P04001.1	0.447	351	190	0	2	352	21	364	8.172E-87	283
P52202.1	P04000.2	0.446	351	190	0	2	352	21	364	2.090E-86	282
P52202.1	P41592.1	0.451	345	187	0	8	352	28	369	2.859E-86	281
P52202.1	Q9BGI7.1	0.444	349	190	0	4	352	23	364	1.870E-85	279
P52202.1	Q9R024.1	0.441	351	192	0	2	352	21	364	3.497E-85	278
P52202.1	O12948.1	0.443	349	191	0	4	352	22	365	4.782E-85	278
P52202.1	Q95170.1	0.442	349	190	0	4	352	23	364	8.943E-85	277
P52202.1	O18914.2	0.442	349	190	0	4	352	23	364	8.943E-85	277
P52202.1	O18912.2	0.456	334	179	0	19	352	35	364	1.223E-84	276
P52202.1	O18913.2	0.454	336	181	0	17	352	33	364	1.672E-84	276
P52202.1	O35478.2	0.439	351	192	0	2	352	21	364	2.287E-84	276
P52202.1	P34989.1	0.447	342	186	0	2	343	14	350	3.127E-84	275
P52202.1	O18910.2	0.438	351	193	0	2	352	21	364	3.127E-84	275
P52202.1	P87367.1	0.447	341	185	0	4	344	20	354	4.276E-84	275
P52202.1	P22329.1	0.443	345	189	0	8	352	22	362	4.276E-84	275
P52202.1	O42490.1	0.460	328	176	0	19	346	30	356	5.847E-84	274
P52202.1	O35476.2	0.436	351	193	0	2	352	16	359	1.093E-83	274
P52202.1	O35599.1	0.432	351	195	0	2	352	16	359	1.336E-82	271
P52202.1	Q8AYN0.1	0.449	331	179	0	14	344	29	353	8.726E-82	268
P52202.1	Q9W6A7.1	0.448	331	179	0	14	344	30	354	1.631E-81	267
P52202.1	P32313.1	0.440	336	184	0	9	344	25	354	7.791E-81	265
P52202.1	P22332.2	0.445	331	180	0	14	344	30	354	1.065E-80	265
P52202.1	P22330.1	0.446	326	178	0	20	345	33	355	1.300E-79	262
P52202.1	P22331.1	0.445	326	179	0	20	345	31	353	1.776E-79	261
P52202.1	O18911.1	0.463	273	146	0	32	304	1	273	4.909E-69	231
P87368.1	P87368.1	0.959	334	14	0	1	334	1	334	4.337E-223	676
P87368.1	Q90309.1	0.751	333	82	0	1	332	1	333	3.252E-165	509
P87368.1	Q9W6A9.2	0.758	324	78	0	10	332	10	333	2.420E-162	500
P87368.1	P51491.1	0.664	331	110	0	5	332	7	337	1.320E-140	437
P87368.1	P51490.1	0.662	331	111	0	5	332	10	340	4.646E-140	436
P87368.1	P03999.2	0.657	331	112	0	5	332	6	336	1.081E-138	432
P87368.1	P60015.1	0.657	331	112	0	5	332	9	339	1.081E-138	432
P87368.1	P51473.1	0.653	332	113	0	5	332	7	338	3.804E-138	430
P87368.1	Q63652.2	0.654	331	113	0	5	332	7	337	9.777E-138	429
P87368.1	O57605.1	0.650	332	114	0	5	332	7	338	3.442E-137	428
P87368.1	O13092.1	0.648	331	115	0	5	332	10	340	4.265E-136	424
P87368.1	P28684.1	0.640	332	118	0	5	332	7	338	1.358E-134	420
P87368.1	P32312.1	0.502	323	157	0	16	332	23	345	6.306E-94	302
P87368.1	P51474.1	0.503	322	157	0	16	332	26	347	6.306E-94	302
P87368.1	P32311.1	0.501	323	158	0	16	332	23	345	8.630E-94	302
P87368.1	Q9W6A6.2	0.501	323	158	0	16	332	23	345	1.181E-93	302
P87368.1	P22671.1	0.500	322	158	0	16	332	23	344	4.141E-93	300
P87368.1	Q8AYM7.1	0.498	323	159	0	16	332	23	345	7.755E-93	299
P87368.1	P51472.1	0.488	329	165	0	10	332	22	350	5.091E-92	297
P87368.1	Q8HY69.2	0.477	338	172	0	2	331	6	343	9.533E-92	296
P87368.1	Q98980.1	0.492	322	161	0	16	332	23	344	4.573E-91	294
P87368.1	Q8AYM8.1	0.490	323	161	0	16	332	23	345	8.561E-91	293
P87368.1	Q9W6A8.1	0.482	326	167	0	10	332	24	349	1.439E-89	290
P87368.1	P51471.1	0.483	324	163	0	16	332	23	346	3.686E-89	289
P87368.1	P28681.1	0.466	338	176	0	2	331	6	343	9.440E-89	287
P87368.1	Q9W6A5.2	0.482	323	164	0	16	332	23	345	9.440E-89	287
P87368.1	P02699.1	0.484	321	163	0	16	331	23	343	1.292E-88	287
P87368.1	P49912.1	0.484	321	163	0	16	331	23	343	1.767E-88	287
P87368.1	P28683.1	0.480	324	164	0	16	332	23	346	1.767E-88	287
P87368.1	P08100.1	0.464	338	176	0	2	331	6	343	2.418E-88	286
P87368.1	Q68J47.1	0.483	321	163	0	16	331	23	343	3.308E-88	286
P87368.1	P15409.2	0.463	338	177	0	2	331	6	343	4.525E-88	286
P87368.1	P32310.1	0.476	326	169	0	10	332	21	346	4.525E-88	286
P87368.1	P51489.1	0.463	338	177	0	2	331	6	343	6.191E-88	285
P87368.1	Q9YGZ0.1	0.480	322	164	0	16	332	23	344	6.191E-88	285
P87368.1	P35357.1	0.478	324	165	0	16	332	23	346	6.191E-88	285
P87368.1	Q95KU1.1	0.481	321	163	0	16	331	23	343	8.471E-88	285
P87368.1	P29403.1	0.478	323	165	0	16	332	23	345	1.159E-87	284
P87368.1	Q28886.1	0.462	338	177	0	2	331	6	343	1.585E-87	284
P87368.1	Q6W3E1.1	0.479	321	164	0	16	331	23	343	2.169E-87	284
P87368.1	Q90245.1	0.458	340	179	0	2	332	6	345	2.968E-87	283
P87368.1	Q769E8.1	0.460	338	178	0	2	331	6	343	5.554E-87	282
P87368.1	P51470.1	0.476	323	166	0	16	332	23	345	5.554E-87	282
P87368.1	P41591.1	0.477	321	165	0	16	332	23	343	1.040E-86	282
P87368.1	P32308.1	0.476	321	165	0	16	331	23	343	1.422E-86	281
P87368.1	P22331.1	0.468	329	173	0	6	332	23	351	1.422E-86	281
P87368.1	O18766.1	0.476	321	165	0	16	331	23	343	1.946E-86	281
P87368.1	O13227.1	0.477	320	165	0	16	331	23	342	1.946E-86	281
P87368.1	P56516.1	0.474	323	166	0	16	332	23	345	1.946E-86	281
P87368.1	O93441.1	0.474	323	166	0	16	332	23	345	1.946E-86	281
P87368.1	O62793.1	0.475	321	165	0	16	331	23	343	2.662E-86	280
P87368.1	O62796.1	0.475	321	165	0	16	331	23	343	3.641E-86	280
P87368.1	P41590.1	0.455	340	180	0	2	332	6	345	3.641E-86	280
P87368.1	P56515.1	0.473	323	167	0	16	332	23	345	3.641E-86	280
P87368.1	P35358.1	0.464	330	175	0	6	332	27	356	6.814E-86	279
P87368.1	P31355.1	0.471	323	167	0	16	332	23	345	9.322E-86	279
P87368.1	O62794.1	0.473	321	166	0	16	331	23	343	1.275E-85	278
P87368.1	O62791.1	0.473	321	166	0	16	331	23	343	1.275E-85	278
P87368.1	P52202.1	0.473	321	167	0	16	332	23	343	1.275E-85	278
P87368.1	P87365.1	0.468	325	171	0	10	331	23	347	1.275E-85	278
P87368.1	P22330.1	0.464	329	175	0	6	332	25	353	1.275E-85	278
P87368.1	P41592.1	0.473	320	167	0	15	332	41	360	1.744E-85	278
P87368.1	P02700.2	0.472	321	166	0	16	331	23	343	2.386E-85	278
P87368.1	P22328.1	0.502	296	146	0	16	310	23	318	2.386E-85	278
P87368.1	Q90214.1	0.452	340	181	0	2	332	6	345	2.386E-85	278
P87368.1	P04001.1	0.473	320	167	0	15	332	38	357	2.386E-85	278
P87368.1	O62798.1	0.471	321	167	0	16	331	23	343	3.264E-85	277
P87368.1	P51488.1	0.469	323	168	0	16	332	23	345	3.264E-85	277
P87368.1	O42604.1	0.468	323	168	0	16	332	23	345	4.466E-85	277
P87368.1	Q8AYN0.1	0.474	318	166	0	16	332	35	352	4.466E-85	277
P87368.1	P28682.1	0.488	306	156	0	10	314	24	329	4.466E-85	277
P87368.1	P79902.1	0.451	339	181	0	2	332	3	341	8.356E-85	276
P87368.1	P79863.1	0.467	323	168	0	16	332	23	345	8.356E-85	276
P87368.1	O62795.1	0.469	321	167	0	16	331	23	343	1.564E-84	275
P87368.1	P79807.1	0.451	338	181	0	2	332	3	340	1.564E-84	275
P87368.1	O62792.1	0.468	321	168	0	16	331	23	343	2.139E-84	275
P87368.1	P32313.1	0.458	329	177	0	6	332	25	353	4.002E-84	274
P87368.1	Q9W6A7.1	0.470	318	167	0	16	332	36	353	4.002E-84	274
P87368.1	P22332.2	0.470	318	167	0	16	332	36	353	4.002E-84	274
P87368.1	P79914.1	0.448	339	182	0	2	332	3	341	5.474E-84	274
P87368.1	P34989.1	0.468	320	169	0	15	332	31	350	5.474E-84	274
P87368.1	P22329.1	0.469	319	168	0	15	332	35	353	5.474E-84	274
P87368.1	P79901.1	0.447	339	182	0	2	332	3	341	7.488E-84	273
P87368.1	P79798.1	0.448	338	182	0	2	332	3	340	7.488E-84	273
P87368.1	P32309.1	0.463	323	170	0	16	332	23	345	1.024E-83	273
P87368.1	Q9R024.1	0.467	320	169	0	15	332	38	357	1.024E-83	273
P87368.1	P79898.1	0.446	339	183	0	2	332	6	344	1.401E-83	273
P87368.1	P04000.2	0.466	320	169	0	15	332	38	357	1.401E-83	273
P87368.1	O12948.1	0.466	320	169	0	15	332	37	356	1.916E-83	272
P87368.1	P56514.1	0.462	323	170	0	16	332	23	345	2.621E-83	272
P87368.1	O18913.2	0.465	320	170	0	15	332	38	357	2.621E-83	272
P87368.1	P87369.1	0.461	323	170	0	16	332	23	345	3.586E-83	271
P87368.1	P87367.1	0.467	318	168	0	16	332	36	353	3.586E-83	271
P87368.1	Q90215.1	0.443	340	184	0	2	332	6	345	6.708E-83	271
P87368.1	O35478.2	0.463	320	170	0	15	332	38	357	9.175E-83	270
P87368.1	P79808.1	0.443	339	184	0	2	332	3	341	1.255E-82	270
P87368.1	Q9YGZ3.1	0.442	340	184	0	2	332	6	345	1.255E-82	270
P87368.1	O18914.2	0.464	319	169	0	16	332	39	357	1.255E-82	270
P87368.1	P79812.1	0.442	339	184	0	2	332	6	344	1.717E-82	269
P87368.1	P79756.1	0.441	340	184	0	2	332	6	345	1.717E-82	269
P87368.1	Q9YGZ5.1	0.442	339	184	0	2	332	6	344	2.348E-82	269
P87368.1	P35359.2	0.458	323	171	0	16	332	23	345	3.211E-82	269
P87368.1	Q9YGY9.1	0.442	338	184	0	2	332	6	343	4.392E-82	268
P87368.1	P79848.1	0.440	340	185	0	2	332	6	345	4.392E-82	268
P87368.1	O35476.2	0.460	320	171	0	15	332	33	352	4.392E-82	268
P87368.1	Q9YH05.1	0.458	322	171	0	16	332	23	344	6.007E-82	268
P87368.1	O93459.1	0.456	323	172	0	16	332	23	345	8.216E-82	267
P87368.1	O18912.2	0.460	319	171	0	16	332	39	357	8.216E-82	267
P87368.1	Q9YGZ2.1	0.440	338	185	0	2	332	6	343	1.124E-81	267
P87368.1	Q9YGZ6.1	0.439	339	185	0	2	332	6	344	1.124E-81	267
P87368.1	O35599.1	0.456	323	174	0	12	332	30	352	1.124E-81	267
P87368.1	O18910.2	0.458	320	172	0	15	332	38	357	1.537E-81	267
P87368.1	Q9DGG4.1	0.456	322	172	0	16	332	23	344	2.102E-81	266
P87368.1	Q95170.1	0.458	319	171	0	16	332	39	357	2.875E-81	266
P87368.1	P51476.1	0.477	302	157	0	12	313	14	315	3.932E-81	265
P87368.1	Q9BGI7.1	0.458	319	171	0	16	332	39	357	3.932E-81	265
P87368.1	Q9YGZ8.1	0.435	339	186	0	2	332	6	344	1.376E-80	264
P87368.1	P51475.1	0.475	299	156	0	15	313	15	313	9.000E-80	261
P87368.1	P79911.1	0.450	321	174	0	16	332	20	340	1.231E-79	261
P87368.1	P79809.1	0.449	321	174	0	16	332	20	340	1.683E-79	261
P87368.1	P79903.1	0.449	321	174	0	16	332	20	340	2.302E-79	260
P87368.1	O42490.1	0.413	307	178	0	16	322	34	338	1.808E-66	223
P87368.1	O18911.1	0.447	273	150	0	25	296	1	273	8.605E-66	221
Q8AYM7.1	Q8AYM7.1	0.978	349	8	0	1	349	1	349	8.501E-239	722
Q8AYM7.1	Q9W6A6.2	0.932	349	24	0	1	349	1	349	2.195E-225	683
Q8AYM7.1	P32311.1	0.911	349	31	0	1	349	1	349	2.304E-219	666
Q8AYM7.1	P32312.1	0.910	349	31	0	1	349	1	349	3.158E-219	665
Q8AYM7.1	Q8AYM8.1	0.876	349	43	0	1	349	1	349	1.639E-209	637
Q8AYM7.1	Q9W6A5.2	0.855	349	50	0	1	349	1	349	3.223E-203	619
Q8AYM7.1	P51474.1	0.850	351	52	0	1	349	4	354	4.416E-203	619
Q8AYM7.1	P51471.1	0.801	348	69	0	1	347	1	348	2.382E-187	573
Q8AYM7.1	P28683.1	0.800	348	69	0	1	347	1	348	4.472E-187	572
Q8AYM7.1	P35357.1	0.791	348	72	0	1	347	1	348	2.433E-184	565
Q8AYM7.1	P22671.1	0.784	347	75	0	1	347	1	346	7.046E-182	557
Q8AYM7.1	Q98980.1	0.777	347	77	0	1	347	1	346	7.933E-180	552
Q8AYM7.1	P56514.1	0.761	347	83	0	1	347	1	347	2.585E-175	539
Q8AYM7.1	P56515.1	0.758	347	84	0	1	347	1	347	1.710E-174	536
Q8AYM7.1	Q95KU1.1	0.753	349	86	0	1	349	1	348	4.398E-174	535
Q8AYM7.1	P49912.1	0.752	349	86	0	1	349	1	348	8.255E-174	534
Q8AYM7.1	P32308.1	0.750	349	87	0	1	349	1	348	2.909E-173	533
Q8AYM7.1	O18766.1	0.749	349	87	0	1	349	1	348	7.481E-173	531
Q8AYM7.1	O93459.1	0.753	347	85	0	1	347	1	347	7.481E-173	531
Q8AYM7.1	O62794.1	0.746	349	88	0	1	349	1	348	6.779E-172	529
Q8AYM7.1	O62791.1	0.745	349	88	0	1	349	1	348	1.272E-171	528
Q8AYM7.1	P52202.1	0.748	347	87	0	1	347	1	345	1.272E-171	528
Q8AYM7.1	P08100.1	0.743	349	89	0	1	349	1	348	4.483E-171	526
Q8AYM7.1	O62795.1	0.742	349	90	0	1	349	1	348	8.415E-171	526
Q8AYM7.1	Q769E8.1	0.742	349	90	0	1	349	1	348	8.415E-171	526
Q8AYM7.1	P15409.2	0.742	349	90	0	1	349	1	348	8.415E-171	526
Q8AYM7.1	P56516.1	0.745	347	88	0	1	347	1	347	8.415E-171	526
Q8AYM7.1	O93441.1	0.745	347	88	0	1	347	1	347	8.415E-171	526
Q8AYM7.1	P29403.1	0.745	347	88	0	1	347	1	347	1.153E-170	525
Q8AYM7.1	Q28886.1	0.741	349	90	0	1	349	1	348	1.580E-170	525
Q8AYM7.1	Q8HY69.2	0.740	349	90	0	1	349	1	348	2.164E-170	524
Q8AYM7.1	P28681.1	0.740	349	90	0	1	349	1	348	2.164E-170	524
Q8AYM7.1	Q90245.1	0.744	347	89	0	1	347	1	347	2.164E-170	524
Q8AYM7.1	P02700.2	0.739	349	91	0	1	349	1	348	4.062E-170	524
Q8AYM7.1	P51489.1	0.739	349	91	0	1	349	1	348	5.565E-170	523
Q8AYM7.1	O62796.1	0.739	349	91	0	1	349	1	348	5.565E-170	523
Q8AYM7.1	P02699.1	0.738	349	91	0	1	349	1	348	1.045E-169	522
Q8AYM7.1	P22328.1	0.742	347	88	0	1	347	1	344	1.045E-169	522
Q8AYM7.1	P51470.1	0.741	347	90	0	1	347	1	347	1.431E-169	522
Q8AYM7.1	Q68J47.1	0.737	349	91	0	1	349	1	348	1.961E-169	522
Q8AYM7.1	O62793.1	0.737	349	91	0	1	349	1	348	1.961E-169	522
Q8AYM7.1	P31355.1	0.741	347	90	0	1	347	1	347	1.961E-169	522
Q8AYM7.1	P79863.1	0.739	347	90	0	1	347	1	347	5.042E-169	520
Q8AYM7.1	P41591.1	0.729	352	94	0	1	349	1	352	9.464E-169	520
Q8AYM7.1	O62798.1	0.734	349	92	0	1	349	1	348	1.776E-168	519
Q8AYM7.1	Q6W3E1.1	0.731	349	93	0	1	349	1	348	1.175E-167	516
Q8AYM7.1	O62792.1	0.731	349	93	0	1	349	1	348	1.175E-167	516
Q8AYM7.1	Q90214.1	0.725	352	96	0	1	349	1	352	1.609E-167	516
Q8AYM7.1	Q90215.1	0.723	352	96	0	1	349	1	352	7.767E-167	514
Q8AYM7.1	O13227.1	0.725	350	96	0	1	349	1	350	1.458E-166	513
Q8AYM7.1	O42604.1	0.716	347	98	0	1	347	1	347	2.523E-162	501
Q8AYM7.1	P41590.1	0.706	352	102	0	1	349	1	352	6.488E-162	500
Q8AYM7.1	P35359.2	0.713	347	99	0	1	347	1	347	1.218E-161	499
Q8AYM7.1	P51488.1	0.711	347	100	0	1	347	1	347	5.875E-161	497
Q8AYM7.1	Q9YGZ3.1	0.711	347	100	0	1	347	1	347	5.875E-161	497
Q8AYM7.1	P87369.1	0.709	347	101	0	1	347	1	347	1.511E-160	496
Q8AYM7.1	P79756.1	0.709	347	101	0	1	347	1	347	2.069E-160	496
Q8AYM7.1	P79848.1	0.708	347	101	0	1	347	1	347	5.321E-160	494
Q8AYM7.1	P79798.1	0.712	344	98	0	4	347	1	342	9.985E-160	494
Q8AYM7.1	P79812.1	0.700	351	104	0	1	349	1	351	9.985E-160	494
Q8AYM7.1	P79807.1	0.711	344	99	0	4	347	1	342	1.368E-159	493
Q8AYM7.1	P79911.1	0.703	347	102	0	4	349	1	347	9.042E-159	491
Q8AYM7.1	Q9YH05.1	0.703	347	102	0	1	347	1	346	9.042E-159	491
Q8AYM7.1	P79898.1	0.696	351	106	0	1	349	1	351	1.239E-158	490
Q8AYM7.1	Q9YGZ5.1	0.702	347	103	0	1	347	1	346	2.325E-158	490
Q8AYM7.1	Q9DGG4.1	0.702	347	103	0	1	347	1	346	2.325E-158	490
Q8AYM7.1	P32309.1	0.702	347	103	0	1	347	1	347	2.325E-158	490
Q8AYM7.1	P79903.1	0.701	347	103	0	4	349	1	347	3.184E-158	489
Q8AYM7.1	Q9YGZ0.1	0.694	351	106	0	1	349	1	351	5.976E-158	488
Q8AYM7.1	P79809.1	0.699	347	104	0	4	349	1	347	1.122E-157	488
Q8AYM7.1	P79914.1	0.696	348	105	0	4	349	1	348	3.950E-157	486
Q8AYM7.1	P79901.1	0.696	348	105	0	4	349	1	348	3.950E-157	486
Q8AYM7.1	P79808.1	0.694	348	106	0	4	349	1	348	1.015E-156	485
Q8AYM7.1	Q9YGZ8.1	0.696	347	105	0	1	347	1	346	1.391E-156	484
Q8AYM7.1	Q9YGY9.1	0.695	347	105	0	1	347	1	345	1.906E-156	484
Q8AYM7.1	P79902.1	0.692	348	106	0	4	349	1	348	6.711E-156	482
Q8AYM7.1	Q9YGZ2.1	0.693	347	106	0	1	347	1	345	6.711E-156	482
Q8AYM7.1	Q9YGZ6.1	0.692	347	106	0	1	347	1	346	1.725E-155	481
Q8AYM7.1	P51472.1	0.589	342	139	0	9	348	12	353	4.522E-124	391
Q8AYM7.1	P28682.1	0.582	341	141	0	9	347	14	354	9.456E-122	384
Q8AYM7.1	P32310.1	0.561	340	148	0	9	348	11	349	1.307E-115	366
Q8AYM7.1	Q9W6A8.1	0.548	340	153	0	9	348	14	352	4.600E-112	356
Q8AYM7.1	P87365.1	0.529	339	158	0	11	349	17	352	2.453E-106	339
Q8AYM7.1	P51473.1	0.524	343	160	0	5	347	3	340	3.357E-106	339
Q8AYM7.1	O57605.1	0.514	347	165	0	1	347	1	340	7.746E-105	335
Q8AYM7.1	P28684.1	0.527	330	155	0	18	347	13	340	8.578E-103	329
Q8AYM7.1	P03999.2	0.531	325	151	0	23	347	17	338	4.118E-102	327
Q8AYM7.1	P60015.1	0.531	325	151	0	23	347	20	341	4.118E-102	327
Q8AYM7.1	O13092.1	0.529	325	151	0	23	347	21	342	1.977E-101	325
Q8AYM7.1	Q9W6A9.2	0.525	326	152	0	22	347	15	335	9.490E-101	323
Q8AYM7.1	Q90309.1	0.521	326	153	0	22	347	15	335	1.167E-99	320
Q8AYM7.1	P51490.1	0.521	325	154	0	23	347	21	342	2.186E-99	319
Q8AYM7.1	P51491.1	0.518	325	155	0	23	347	18	339	1.435E-98	317
Q8AYM7.1	Q63652.2	0.507	325	158	0	23	347	18	339	1.040E-95	308
Q8AYM7.1	P51476.1	0.529	307	144	0	23	329	18	323	1.946E-95	308
Q8AYM7.1	P87368.1	0.508	322	155	0	23	344	16	331	4.985E-95	306
Q8AYM7.1	P51475.1	0.524	305	144	0	23	327	16	319	2.144E-93	302
Q8AYM7.1	Q8AYN0.1	0.465	346	180	0	4	349	19	356	1.130E-90	294
Q8AYM7.1	P87367.1	0.462	346	181	0	4	349	20	357	1.013E-89	291
Q8AYM7.1	P22329.1	0.466	339	176	0	9	347	25	355	9.078E-89	288
Q8AYM7.1	P35358.1	0.458	344	182	0	4	347	22	358	4.346E-88	286
Q8AYM7.1	P04000.2	0.458	344	182	0	4	347	23	359	5.944E-88	286
Q8AYM7.1	P04001.1	0.457	344	182	0	4	347	23	359	8.131E-88	286
Q8AYM7.1	Q9W6A7.1	0.460	341	179	0	9	349	25	357	1.112E-87	285
Q8AYM7.1	P41592.1	0.461	339	178	0	9	347	31	362	1.521E-87	285
Q8AYM7.1	O18914.2	0.453	346	187	0	4	349	23	364	2.845E-87	284
Q8AYM7.1	P32313.1	0.457	341	180	0	9	349	25	357	7.280E-87	283
Q8AYM7.1	O12948.1	0.452	344	184	0	4	347	22	358	3.484E-86	281
Q8AYM7.1	O18912.2	0.449	346	188	0	4	349	23	364	4.765E-86	280
Q8AYM7.1	O35476.2	0.451	344	184	0	4	347	18	354	6.516E-86	280
Q8AYM7.1	Q95170.1	0.449	346	188	0	4	349	23	364	6.516E-86	280
Q8AYM7.1	P22332.2	0.453	341	182	0	9	349	25	357	8.912E-86	280
Q8AYM7.1	P34989.1	0.452	342	183	0	4	345	16	350	1.219E-85	279
Q8AYM7.1	O18913.2	0.448	346	188	0	4	349	23	364	1.219E-85	279
Q8AYM7.1	Q9BGI7.1	0.448	346	188	0	4	349	23	364	1.219E-85	279
Q8AYM7.1	Q9R024.1	0.447	346	189	0	4	349	23	364	1.667E-85	279
Q8AYM7.1	O35478.2	0.446	346	189	0	4	349	23	364	3.117E-85	278
Q8AYM7.1	O35599.1	0.448	344	185	0	4	347	18	354	4.263E-85	278
Q8AYM7.1	O18910.2	0.440	346	191	0	4	349	23	364	1.824E-83	273
Q8AYM7.1	O42490.1	0.483	304	155	0	20	323	31	331	8.718E-83	271
Q8AYM7.1	P22331.1	0.453	328	176	0	20	347	31	353	4.167E-82	269
Q8AYM7.1	P22330.1	0.447	328	178	0	20	347	33	355	1.779E-80	264
Q8AYM7.1	O18911.1	0.467	273	145	0	32	304	1	273	6.792E-70	233
P32313.1	P32313.1	0.985	357	5	0	1	357	1	357	1.956E-246	744
P32313.1	Q9W6A7.1	0.943	357	20	0	1	357	1	357	5.562E-234	708
P32313.1	P22332.2	0.929	357	25	0	1	357	1	357	9.714E-230	696
P32313.1	Q8AYN0.1	0.913	357	31	0	1	357	1	356	3.185E-225	683
P32313.1	P87367.1	0.901	357	35	0	1	357	1	357	1.150E-221	673
P32313.1	P41592.1	0.851	358	53	0	1	355	5	362	1.950E-207	632
P32313.1	P22329.1	0.850	351	52	0	7	355	5	355	4.655E-203	619
P32313.1	O12948.1	0.836	358	58	0	1	355	1	358	4.655E-203	619
P32313.1	P22331.1	0.850	349	52	0	7	355	5	353	1.086E-201	615
P32313.1	P22330.1	0.828	355	61	0	1	355	1	355	5.913E-199	607
P32313.1	P04000.2	0.815	359	65	0	1	355	1	359	1.890E-197	603
P32313.1	O18913.2	0.800	364	71	0	1	357	1	364	6.042E-196	599
P32313.1	Q95170.1	0.800	364	71	0	1	357	1	364	8.278E-196	598
P32313.1	P04001.1	0.808	359	68	0	1	355	1	359	2.130E-195	597
P32313.1	Q9BGI7.1	0.797	364	72	0	1	357	1	364	7.506E-195	595
P32313.1	O18912.2	0.796	364	73	0	1	357	1	364	1.409E-194	595
P32313.1	O18914.2	0.795	364	73	0	1	357	1	364	1.931E-194	594
P32313.1	P34989.1	0.846	338	52	0	17	353	13	350	6.806E-194	593
P32313.1	O35478.2	0.789	364	75	0	1	357	1	364	1.588E-192	589
P32313.1	Q9R024.1	0.785	364	77	0	1	357	1	364	1.972E-191	586
P32313.1	O18910.2	0.785	364	77	0	1	357	1	364	2.702E-191	585
P32313.1	O35476.2	0.829	340	58	0	17	355	15	354	1.788E-190	583
P32313.1	O35599.1	0.826	340	59	0	17	355	15	354	1.621E-189	580
P32313.1	P35358.1	0.786	358	76	0	1	355	1	358	2.013E-188	577
P32313.1	O18911.1	0.845	273	42	0	45	317	1	273	1.622E-154	479
P32313.1	P51476.1	0.530	301	141	0	33	333	15	314	2.146E-93	302
P32313.1	P51475.1	0.522	303	144	0	31	333	11	312	3.599E-92	299
P32313.1	Q9W6A9.2	0.493	320	162	0	36	355	16	335	2.887E-90	293
P32313.1	P32311.1	0.452	346	185	0	20	357	4	349	7.239E-87	283
P32313.1	Q9W6A6.2	0.448	346	186	0	20	357	4	349	1.210E-85	280
P32313.1	P32312.1	0.448	346	186	0	20	357	4	349	1.655E-85	279
P32313.1	Q90309.1	0.473	320	168	0	36	355	16	335	4.231E-85	278
P32313.1	Q8AYM7.1	0.445	346	187	0	20	357	4	349	7.910E-85	277
P32313.1	P87368.1	0.461	329	176	0	24	352	5	331	2.022E-84	276
P32313.1	O57605.1	0.451	336	183	0	22	355	5	340	9.663E-84	274
P32313.1	P28683.1	0.444	340	183	0	25	355	9	348	6.312E-83	272
P32313.1	O13092.1	0.449	335	183	0	22	355	8	342	8.629E-83	271
P32313.1	Q9W6A5.2	0.436	346	190	0	20	357	4	349	3.015E-82	270
P32313.1	Q98980.1	0.439	343	188	0	20	355	4	346	4.121E-82	269
P32313.1	Q8HY69.2	0.445	336	183	0	27	357	13	348	5.634E-82	269
P32313.1	P51490.1	0.443	338	187	0	20	355	5	342	5.634E-82	269
P32313.1	P22671.1	0.438	343	188	0	20	355	4	346	7.703E-82	269
P32313.1	P35357.1	0.439	340	185	0	25	355	9	348	1.968E-81	267
P32313.1	P02699.1	0.434	345	191	0	20	357	4	348	2.690E-81	267
P32313.1	P49912.1	0.437	340	187	0	25	357	9	348	5.028E-81	266
P32313.1	P08100.1	0.449	328	178	0	34	357	21	348	5.028E-81	266
P32313.1	O18766.1	0.432	345	191	0	20	357	4	348	6.873E-81	266
P32313.1	P28684.1	0.440	336	186	0	22	355	5	340	9.395E-81	265
P32313.1	Q28886.1	0.448	328	178	0	34	357	21	348	9.395E-81	265
P32313.1	Q769E8.1	0.448	328	178	0	34	357	21	348	9.395E-81	265
P32313.1	P56516.1	0.433	344	190	0	20	355	4	347	9.395E-81	265
P32313.1	Q63652.2	0.440	335	186	0	22	355	5	339	1.756E-80	265
P32313.1	O13227.1	0.429	347	192	0	20	357	4	350	1.756E-80	265
P32313.1	P51489.1	0.447	328	179	0	34	357	21	348	2.400E-80	264
P32313.1	P32308.1	0.430	345	192	0	20	357	4	348	2.400E-80	264
P32313.1	O62794.1	0.430	345	192	0	20	357	4	348	2.400E-80	264
P32313.1	P79863.1	0.431	344	191	0	20	355	4	347	2.400E-80	264
P32313.1	Q95KU1.1	0.430	345	192	0	20	357	4	348	3.281E-80	264
P32313.1	P28681.1	0.446	328	179	0	34	357	21	348	3.281E-80	264
P32313.1	P51470.1	0.431	344	191	0	20	355	4	347	3.281E-80	264
P32313.1	O62795.1	0.429	345	192	0	20	357	4	348	4.484E-80	263
P32313.1	Q8AYM8.1	0.428	346	193	0	20	357	4	349	4.484E-80	263
P32313.1	P52202.1	0.436	337	186	0	25	355	9	345	6.130E-80	263
P32313.1	P51471.1	0.434	340	187	0	25	355	9	348	6.130E-80	263
P32313.1	P31355.1	0.429	344	191	0	20	355	4	347	8.379E-80	263
P32313.1	P02700.2	0.428	345	193	0	20	357	4	348	1.145E-79	262
P32313.1	P56514.1	0.429	344	191	0	20	355	4	347	1.145E-79	262
P32313.1	O62796.1	0.427	345	193	0	20	357	4	348	1.565E-79	262
P32313.1	P15409.2	0.444	328	180	0	34	357	21	348	1.565E-79	262
P32313.1	P22328.1	0.431	341	191	0	20	355	4	344	1.565E-79	262
P32313.1	P56515.1	0.428	344	192	0	20	355	4	347	1.565E-79	262
P32313.1	O93459.1	0.428	344	192	0	20	355	4	347	1.565E-79	262
P32313.1	P35359.2	0.428	344	192	0	20	355	4	347	1.565E-79	262
P32313.1	P41590.1	0.424	348	193	0	22	357	5	352	2.140E-79	261
P32313.1	P51488.1	0.428	344	192	0	20	355	4	347	2.140E-79	261
P32313.1	P79756.1	0.429	343	190	0	22	355	5	347	2.140E-79	261
P32313.1	P03999.2	0.433	337	190	0	20	355	2	338	3.998E-79	261
P32313.1	P51491.1	0.435	335	188	0	22	355	5	339	3.998E-79	261
P32313.1	P60015.1	0.433	337	190	0	20	355	5	341	3.998E-79	261
P32313.1	Q90215.1	0.438	332	182	0	34	357	21	352	3.998E-79	261
P32313.1	P87369.1	0.443	327	179	0	34	355	21	347	3.998E-79	261
P32313.1	P32310.1	0.440	330	183	0	29	356	20	349	5.464E-79	260
P32313.1	P79848.1	0.427	343	191	0	22	355	5	347	5.464E-79	260
P32313.1	P29403.1	0.426	344	192	0	20	355	4	347	7.469E-79	260
P32313.1	Q6W3E1.1	0.425	345	194	0	20	357	4	348	1.021E-78	259
P32313.1	P32309.1	0.425	344	193	0	20	355	4	347	1.021E-78	259
P32313.1	O93441.1	0.425	344	193	0	20	355	4	347	1.021E-78	259
P32313.1	P51473.1	0.432	336	189	0	22	355	5	340	1.395E-78	259
P32313.1	Q90214.1	0.435	332	182	0	34	357	21	352	3.562E-78	258
P32313.1	Q9YGZ0.1	0.426	341	191	0	22	354	5	345	4.869E-78	258
P32313.1	O62793.1	0.426	340	191	0	25	357	9	348	6.655E-78	257
P32313.1	Q9W6A8.1	0.443	323	178	0	36	356	30	352	6.655E-78	257
P32313.1	P79807.1	0.424	342	193	0	20	355	1	342	9.095E-78	257
P32313.1	O62791.1	0.425	340	191	0	25	357	9	348	1.243E-77	256
P32313.1	P79808.1	0.418	347	195	0	22	357	2	348	1.699E-77	256
P32313.1	P51474.1	0.427	338	189	0	25	355	12	349	1.699E-77	256
P32313.1	P79902.1	0.418	347	195	0	22	357	2	348	2.322E-77	256
P32313.1	Q90245.1	0.437	327	181	0	34	355	21	347	2.322E-77	256
P32313.1	Q9YGZ3.1	0.422	343	192	0	22	355	5	347	2.322E-77	256
P32313.1	P51472.1	0.430	334	187	0	28	356	20	353	2.322E-77	256
P32313.1	Q68J47.1	0.419	345	196	0	20	357	4	348	3.173E-77	255
P32313.1	Q9YGZ8.1	0.421	342	193	0	22	355	5	346	4.336E-77	255
P32313.1	O42604.1	0.436	327	181	0	34	355	21	347	4.336E-77	255
P32313.1	Q9YGZ2.1	0.422	341	192	0	22	355	5	345	5.926E-77	254
P32313.1	P79901.1	0.416	347	196	0	22	357	2	348	8.099E-77	254
P32313.1	O62798.1	0.422	340	192	0	25	357	9	348	8.099E-77	254
P32313.1	P79903.1	0.431	330	184	0	34	357	18	347	1.107E-76	254
P32313.1	Q9YGZ5.1	0.420	342	193	0	22	355	5	346	1.107E-76	254
P32313.1	P79812.1	0.415	347	196	0	22	357	5	351	1.513E-76	253
P32313.1	Q9YGY9.1	0.420	341	193	0	22	355	5	345	1.513E-76	253
P32313.1	Q9YGZ6.1	0.420	342	193	0	22	355	5	346	1.513E-76	253
P32313.1	P79898.1	0.415	347	196	0	22	357	5	351	2.067E-76	253
P32313.1	O62792.1	0.420	340	193	0	25	357	9	348	2.825E-76	252
P32313.1	P79914.1	0.414	347	196	0	22	357	2	348	3.860E-76	252
P32313.1	P79911.1	0.429	330	184	0	34	357	18	347	5.275E-76	252
P32313.1	P41591.1	0.411	349	198	0	20	357	4	352	9.850E-76	251
P32313.1	Q9DGG4.1	0.416	342	194	0	22	355	5	346	1.346E-75	250
P32313.1	Q9YH05.1	0.416	342	194	0	22	355	5	346	1.839E-75	250
P32313.1	P79809.1	0.426	330	185	0	34	357	18	347	3.434E-75	249
P32313.1	P28682.1	0.423	332	185	0	36	357	30	361	4.693E-75	249
P32313.1	P79798.1	0.410	342	198	0	20	355	1	342	5.701E-74	246
P32313.1	P87365.1	0.420	331	190	0	28	356	21	351	7.789E-74	245
P32313.1	O42490.1	0.422	317	182	0	35	350	33	349	5.454E-71	237
P32311.1	P32311.1	0.963	349	13	0	1	349	1	349	2.037E-234	709
P32311.1	Q9W6A6.2	0.911	349	31	0	1	349	1	349	1.681E-219	666
P32311.1	P32312.1	0.910	349	31	0	1	349	1	349	3.158E-219	665
P32311.1	Q8AYM7.1	0.903	349	34	0	1	349	1	349	3.564E-217	659
P32311.1	P51474.1	0.839	351	56	0	1	349	4	354	6.190E-200	610
P32311.1	Q8AYM8.1	0.838	349	56	0	1	349	1	349	1.980E-198	605
P32311.1	Q9W6A5.2	0.816	349	64	0	1	349	1	349	3.885E-192	587
P32311.1	P28683.1	0.815	348	64	0	1	347	1	348	3.523E-191	584
P32311.1	P51471.1	0.805	348	67	0	1	347	1	348	2.627E-188	576
P32311.1	P35357.1	0.793	348	72	0	1	347	1	348	5.037E-185	567
P32311.1	P22671.1	0.785	347	74	0	1	347	1	346	5.143E-182	558
P32311.1	Q98980.1	0.773	347	78	0	1	347	1	346	1.350E-178	548
P32311.1	P56515.1	0.760	347	83	0	1	347	1	347	4.853E-175	538
P32311.1	P56514.1	0.755	347	85	0	1	347	1	347	1.131E-173	534
P32311.1	P32308.1	0.751	349	86	0	1	349	1	348	2.123E-173	533
P32311.1	P49912.1	0.749	349	87	0	1	349	1	348	7.481E-173	531
P32311.1	Q95KU1.1	0.749	349	87	0	1	349	1	348	7.481E-173	531
P32311.1	P51470.1	0.751	347	86	0	1	347	1	347	1.924E-172	530
P32311.1	O18766.1	0.747	349	88	0	1	349	1	348	2.636E-172	530
P32311.1	P29403.1	0.750	347	87	0	1	347	1	347	3.611E-172	529
P32311.1	P22328.1	0.750	347	86	0	1	347	1	344	4.948E-172	529
P32311.1	P56516.1	0.750	347	87	0	1	347	1	347	4.948E-172	529
P32311.1	P31355.1	0.750	347	87	0	1	347	1	347	4.948E-172	529
P32311.1	Q90245.1	0.750	347	87	0	1	347	1	347	4.948E-172	529
P32311.1	Q28886.1	0.745	349	88	0	1	349	1	348	9.287E-172	528
P32311.1	P08100.1	0.745	349	88	0	1	349	1	348	1.272E-171	528
P32311.1	P52202.1	0.748	347	87	0	1	347	1	345	1.272E-171	528
P32311.1	O62791.1	0.743	349	89	0	1	349	1	348	3.272E-171	527
P32311.1	P02699.1	0.740	349	90	0	1	349	1	348	2.965E-170	524
P32311.1	Q8HY69.2	0.740	349	90	0	1	349	1	348	2.965E-170	524
P32311.1	O62796.1	0.739	349	91	0	1	349	1	348	5.565E-170	523
P32311.1	P02700.2	0.738	349	91	0	1	349	1	348	1.045E-169	522
P32311.1	Q68J47.1	0.737	349	91	0	1	349	1	348	1.431E-169	522
P32311.1	O62794.1	0.737	349	91	0	1	349	1	348	2.686E-169	521
P32311.1	Q769E8.1	0.737	349	91	0	1	349	1	348	2.686E-169	521
P32311.1	O62793.1	0.737	349	91	0	1	349	1	348	2.686E-169	521
P32311.1	P15409.2	0.736	349	92	0	1	349	1	348	3.680E-169	521
P32311.1	O62795.1	0.736	349	92	0	1	349	1	348	5.042E-169	520
P32311.1	P28681.1	0.735	349	92	0	1	349	1	348	6.908E-169	520
P32311.1	O93459.1	0.739	347	90	0	1	347	1	347	6.908E-169	520
P32311.1	P79863.1	0.737	347	91	0	1	347	1	347	1.776E-168	519
P32311.1	O93441.1	0.736	347	91	0	1	347	1	347	3.334E-168	518
P32311.1	P51489.1	0.732	349	93	0	1	349	1	348	4.568E-168	518
P32311.1	O62798.1	0.732	349	93	0	1	349	1	348	4.568E-168	518
P32311.1	P41591.1	0.727	352	95	0	1	349	1	352	4.568E-168	518
P32311.1	Q6W3E1.1	0.730	349	94	0	1	349	1	348	1.609E-167	516
P32311.1	O62792.1	0.730	349	94	0	1	349	1	348	1.609E-167	516
P32311.1	Q90215.1	0.714	352	100	0	1	349	1	352	2.245E-164	507
P32311.1	Q90214.1	0.710	352	101	0	1	349	1	352	2.786E-163	504
P32311.1	O13227.1	0.711	350	101	0	1	349	1	350	2.523E-162	501
P32311.1	O42604.1	0.706	347	102	0	1	347	1	347	1.368E-159	493
P32311.1	P35359.2	0.698	347	104	0	1	347	1	347	2.883E-157	486
P32311.1	P41590.1	0.686	352	109	0	1	349	1	352	2.610E-156	484
P32311.1	P51488.1	0.694	347	106	0	1	347	1	347	4.899E-156	483
P32311.1	P79756.1	0.694	347	106	0	1	347	1	347	4.899E-156	483
P32311.1	P87369.1	0.690	347	107	0	1	347	1	347	4.435E-155	480
P32311.1	Q9YGZ3.1	0.688	347	108	0	1	347	1	347	1.562E-154	479
P32311.1	Q9DGG4.1	0.688	347	108	0	1	347	1	346	2.139E-154	478
P32311.1	P79848.1	0.688	347	108	0	1	347	1	347	2.139E-154	478
P32311.1	Q9YH05.1	0.686	347	108	0	1	347	1	346	5.499E-154	477
P32311.1	P32309.1	0.686	347	109	0	1	347	1	347	7.533E-154	477
P32311.1	Q9YGZ0.1	0.678	351	112	0	1	349	1	351	1.936E-153	475
P32311.1	Q9YGZ8.1	0.684	347	109	0	1	347	1	346	2.653E-153	475
P32311.1	P79807.1	0.687	344	107	0	4	347	1	342	9.341E-153	473
P32311.1	Q9YGZ5.1	0.681	347	110	0	1	347	1	346	2.401E-152	472
P32311.1	P79798.1	0.685	344	107	0	4	347	1	342	3.289E-152	472
P32311.1	P79812.1	0.673	351	114	0	1	349	1	351	4.505E-152	471
P32311.1	Q9YGY9.1	0.680	347	110	0	1	347	1	345	4.505E-152	471
P32311.1	Q9YGZ6.1	0.679	347	111	0	1	347	1	346	8.454E-152	471
P32311.1	Q9YGZ2.1	0.677	347	111	0	1	347	1	345	2.173E-151	469
P32311.1	P79911.1	0.676	347	112	0	4	349	1	347	4.078E-151	469
P32311.1	P79898.1	0.670	351	115	0	1	349	1	351	5.586E-151	468
P32311.1	P79903.1	0.675	347	112	0	4	349	1	347	1.048E-150	467
P32311.1	P79808.1	0.671	348	114	0	4	349	1	348	3.690E-150	466
P32311.1	P79809.1	0.672	347	113	0	4	349	1	347	6.924E-150	465
P32311.1	P79901.1	0.669	348	114	0	4	349	1	348	2.438E-149	464
P32311.1	P79914.1	0.668	348	115	0	4	349	1	348	4.574E-149	463
P32311.1	P79902.1	0.666	348	115	0	4	349	1	348	1.176E-148	462
P32311.1	P28682.1	0.581	343	142	0	7	347	12	354	1.965E-122	386
P32311.1	P51472.1	0.576	344	145	0	7	348	10	353	2.428E-121	383
P32311.1	P32310.1	0.553	342	152	0	7	348	9	349	4.138E-114	362
P32311.1	Q9W6A8.1	0.543	342	155	0	7	348	12	352	3.027E-111	353
P32311.1	P51473.1	0.522	343	161	0	5	347	3	340	1.178E-105	337
P32311.1	O57605.1	0.511	347	166	0	1	347	1	340	6.968E-104	332
P32311.1	P87365.1	0.511	342	166	0	8	349	12	352	2.199E-102	328
P32311.1	P28684.1	0.524	330	156	0	18	347	13	340	5.636E-102	327
P32311.1	Q90309.1	0.527	326	151	0	22	347	15	335	1.977E-101	325
P32311.1	O13092.1	0.505	343	166	0	5	347	6	342	5.067E-101	324
P32311.1	Q9W6A9.2	0.525	326	152	0	22	347	15	335	9.490E-101	323
P32311.1	P03999.2	0.524	325	153	0	23	347	17	338	4.555E-100	321
P32311.1	P60015.1	0.524	325	153	0	23	347	20	341	4.555E-100	321
P32311.1	P51490.1	0.519	325	154	0	23	347	21	342	7.664E-99	317
P32311.1	P51491.1	0.516	325	155	0	23	347	18	339	5.032E-98	315
P32311.1	Q63652.2	0.506	325	159	0	23	347	18	339	2.663E-95	307
P32311.1	P87368.1	0.485	339	169	0	6	344	2	331	3.270E-94	304
P32311.1	P51476.1	0.518	307	147	0	23	329	18	323	1.028E-92	300
P32311.1	P51475.1	0.517	305	146	0	23	327	16	319	9.217E-92	297
P32311.1	P87367.1	0.461	346	182	0	4	349	20	357	2.593E-89	290
P32311.1	Q8AYN0.1	0.460	346	182	0	4	349	19	356	3.547E-89	289
P32311.1	Q9W6A7.1	0.464	341	178	0	9	349	25	357	6.637E-89	289
P32311.1	P04000.2	0.457	344	182	0	4	347	23	359	8.131E-88	286
P32311.1	P32313.1	0.452	346	185	0	4	349	20	357	7.280E-87	283
P32311.1	P22329.1	0.454	344	183	0	4	347	20	355	7.280E-87	283
P32311.1	P41592.1	0.454	344	183	0	4	347	26	362	7.280E-87	283
P32311.1	P04001.1	0.452	344	184	0	4	347	23	359	2.547E-86	281
P32311.1	O18912.2	0.449	346	188	0	4	349	23	364	6.516E-86	280
P32311.1	P35358.1	0.450	344	185	0	4	347	22	358	8.912E-86	280
P32311.1	O12948.1	0.450	344	185	0	4	347	22	358	1.219E-85	279
P32311.1	Q95170.1	0.446	346	189	0	4	349	23	364	4.263E-85	278
P32311.1	O18914.2	0.446	346	189	0	4	349	23	364	4.263E-85	278
P32311.1	P22332.2	0.450	341	183	0	9	349	25	357	5.830E-85	277
P32311.1	O18913.2	0.445	346	189	0	4	349	23	364	7.973E-85	277
P32311.1	Q9BGI7.1	0.445	346	189	0	4	349	23	364	7.973E-85	277
P32311.1	O35478.2	0.443	346	190	0	4	349	23	364	2.039E-84	276
P32311.1	P34989.1	0.444	342	186	0	4	345	16	350	1.334E-83	273
P32311.1	Q9R024.1	0.440	346	191	0	4	349	23	364	1.824E-83	273
P32311.1	O35476.2	0.441	344	188	0	4	347	18	354	2.494E-83	273
P32311.1	O18910.2	0.438	346	192	0	4	349	23	364	8.718E-83	271
P32311.1	O35599.1	0.438	344	189	0	4	347	18	354	2.229E-82	270
P32311.1	P22331.1	0.435	344	189	0	4	347	18	353	1.457E-81	267
P32311.1	O42490.1	0.476	304	157	0	20	323	31	331	3.723E-81	266
P32311.1	P22330.1	0.428	344	192	0	4	347	20	355	1.161E-79	262
P32311.1	O18911.1	0.461	273	147	0	32	304	1	273	1.536E-68	229
P79901.1	P79901.1	0.980	348	7	0	1	348	1	348	1.523E-238	721
P79901.1	P79898.1	0.971	348	10	0	1	348	4	351	4.429E-236	714
P79901.1	P79914.1	0.963	348	13	0	1	348	1	348	1.288E-233	707
P79901.1	P79902.1	0.952	348	17	0	1	348	1	348	1.320E-230	698
P79901.1	P79808.1	0.950	348	17	0	1	348	1	348	6.382E-230	696
P79901.1	P79812.1	0.944	348	19	0	1	348	4	351	2.800E-228	691
P79901.1	P79809.1	0.924	348	26	0	1	348	1	347	1.566E-222	675
P79901.1	P79903.1	0.917	348	29	0	1	348	1	347	1.768E-220	669
P79901.1	P79911.1	0.914	348	30	0	1	348	1	347	8.547E-220	667
P79901.1	P79807.1	0.911	349	31	0	1	348	1	349	1.605E-219	666
P79901.1	P79798.1	0.911	349	31	0	1	348	1	349	1.605E-219	666
P79901.1	Q9YGZ2.1	0.905	349	33	0	1	348	4	352	9.647E-218	661
P79901.1	Q9YH05.1	0.900	350	35	0	1	348	4	353	6.389E-217	659
P79901.1	Q9YGY9.1	0.901	349	34	0	1	348	4	352	1.644E-216	657
P79901.1	Q9YGZ3.1	0.893	351	37	0	1	348	4	354	1.492E-215	655
P79901.1	Q9YGZ8.1	0.890	350	38	0	1	348	4	353	3.485E-214	651
P79901.1	O42604.1	0.887	351	39	0	1	348	4	354	6.544E-214	650
P79901.1	P79848.1	0.884	351	40	0	1	348	4	354	4.333E-213	647
P79901.1	P87369.1	0.884	351	40	0	1	348	4	354	5.938E-213	647
P79901.1	Q9YGZ6.1	0.885	350	40	0	1	348	4	353	1.115E-212	646
P79901.1	Q9DGG4.1	0.883	350	41	0	1	348	4	353	3.932E-212	645
P79901.1	P79756.1	0.881	351	41	0	1	348	4	354	3.932E-212	645
P79901.1	Q9YGZ5.1	0.864	350	47	0	1	348	4	353	1.602E-206	629
P79901.1	P41590.1	0.853	349	51	0	1	348	4	352	7.919E-203	618
P79901.1	O13227.1	0.854	348	51	0	1	348	4	350	2.038E-202	617
P79901.1	P35359.2	0.845	351	54	0	1	348	4	354	1.349E-201	614
P79901.1	Q9YGZ0.1	0.847	348	53	0	1	348	4	351	1.677E-200	611
P79901.1	P51488.1	0.840	351	56	0	1	348	4	354	3.149E-200	610
P79901.1	P32309.1	0.829	351	59	0	1	348	4	354	3.220E-197	602
P79901.1	Q90215.1	0.827	349	60	0	1	348	4	352	1.933E-195	597
P79901.1	Q90214.1	0.825	349	61	0	1	348	4	352	9.340E-195	595
P79901.1	P49912.1	0.810	340	64	0	1	340	4	343	2.564E-185	567
P79901.1	P32308.1	0.805	340	66	0	1	340	4	343	5.979E-184	563
P79901.1	O18766.1	0.804	340	66	0	1	340	4	343	1.538E-183	562
P79901.1	Q95KU1.1	0.803	340	67	0	1	340	4	343	2.888E-183	561
P79901.1	O93459.1	0.781	351	76	0	1	348	4	354	2.888E-183	561
P79901.1	O62796.1	0.802	340	67	0	1	340	4	343	3.956E-183	561
P79901.1	O62794.1	0.800	340	68	0	1	340	4	343	1.394E-182	559
P79901.1	O62795.1	0.800	340	68	0	1	340	4	343	1.911E-182	559
P79901.1	O93441.1	0.777	351	77	0	1	348	4	354	4.915E-182	558
P79901.1	Q68J47.1	0.797	340	69	0	1	340	4	343	9.226E-182	557
P79901.1	P08100.1	0.797	340	69	0	1	340	4	343	9.226E-182	557
P79901.1	P15409.2	0.797	340	69	0	1	340	4	343	1.264E-181	557
P79901.1	P51489.1	0.795	340	69	0	1	340	4	343	4.455E-181	555
P79901.1	Q28886.1	0.795	340	69	0	1	340	4	343	4.455E-181	555
P79901.1	P02699.1	0.795	340	69	0	1	340	4	343	4.455E-181	555
P79901.1	P56515.1	0.774	351	78	0	1	348	4	354	4.455E-181	555
P79901.1	P56514.1	0.773	351	79	0	1	348	4	354	6.105E-181	555
P79901.1	Q769E8.1	0.794	340	70	0	1	340	4	343	1.146E-180	554
P79901.1	P28681.1	0.794	340	70	0	1	340	4	343	1.146E-180	554
P79901.1	P52202.1	0.776	349	78	0	1	348	4	352	1.146E-180	554
P79901.1	P22328.1	0.777	348	77	0	1	348	4	351	2.151E-180	553
P79901.1	O62791.1	0.792	340	71	0	1	340	4	343	4.039E-180	552
P79901.1	Q90245.1	0.768	351	81	0	1	348	4	354	1.423E-179	551
P79901.1	O62798.1	0.789	340	72	0	1	340	4	343	2.672E-179	550
P79901.1	P02700.2	0.787	340	72	0	1	340	4	343	6.873E-179	549
P79901.1	O62792.1	0.787	340	72	0	1	340	4	343	9.417E-179	548
P79901.1	O62793.1	0.786	340	73	0	1	340	4	343	1.768E-178	548
P79901.1	P41591.1	0.768	349	81	0	1	348	4	352	1.768E-178	548
P79901.1	P51470.1	0.765	351	82	0	1	348	4	354	1.768E-178	548
P79901.1	P29403.1	0.763	351	82	0	1	348	4	354	4.547E-178	546
P79901.1	P22671.1	0.765	350	82	0	1	348	4	353	6.230E-178	546
P79901.1	Q8HY69.2	0.782	340	74	0	1	340	4	343	1.602E-177	545
P79901.1	P31355.1	0.761	351	83	0	1	348	4	354	1.602E-177	545
P79901.1	Q6W3E1.1	0.781	340	74	0	1	340	4	343	3.008E-177	544
P79901.1	P56516.1	0.759	351	84	0	1	348	4	354	5.647E-177	543
P79901.1	Q98980.1	0.760	350	83	0	1	348	4	353	1.452E-176	542
P79901.1	P79863.1	0.748	351	87	0	1	348	4	354	1.081E-173	534
P79901.1	Q8AYM7.1	0.694	348	106	0	1	348	4	349	1.331E-156	484
P79901.1	P51471.1	0.686	352	109	0	1	348	4	355	3.421E-156	483
P79901.1	P28683.1	0.684	352	110	0	1	348	4	355	8.795E-156	482
P79901.1	Q9W6A6.2	0.687	348	108	0	1	348	4	349	1.091E-154	479
P79901.1	P35357.1	0.679	352	111	0	1	348	4	355	3.841E-154	477
P79901.1	P32311.1	0.674	348	112	0	1	348	4	349	5.345E-151	468
P79901.1	P32312.1	0.673	348	113	0	1	348	4	349	1.003E-150	467
P79901.1	P51474.1	0.666	347	116	0	2	348	8	354	3.961E-148	460
P79901.1	Q8AYM8.1	0.660	348	117	0	1	348	4	349	6.725E-147	456
P79901.1	Q9W6A5.2	0.657	348	118	0	1	348	4	349	6.084E-146	454
P79901.1	P28682.1	0.548	348	155	0	6	348	14	361	8.253E-115	364
P79901.1	P51472.1	0.554	342	152	0	6	347	12	353	2.118E-114	362
P79901.1	P32310.1	0.543	342	154	0	6	347	11	349	2.122E-111	354
P79901.1	Q9W6A8.1	0.554	323	143	0	19	341	29	349	1.911E-107	342
P79901.1	P87365.1	0.536	335	155	0	6	340	13	347	6.708E-107	341
P79901.1	P51473.1	0.505	331	163	0	19	348	17	347	4.343E-97	312
P79901.1	P51475.1	0.531	305	142	0	20	324	16	319	2.559E-95	307
P79901.1	O57605.1	0.495	334	168	0	15	347	13	346	3.502E-95	307
P79901.1	P28684.1	0.493	332	167	0	13	344	11	341	4.300E-94	304
P79901.1	P03999.2	0.498	326	162	0	20	345	17	340	1.101E-93	302
P79901.1	P60015.1	0.498	326	162	0	20	345	20	343	1.101E-93	302
P79901.1	O13092.1	0.499	325	161	0	20	344	21	343	1.507E-93	302
P79901.1	P51476.1	0.508	316	153	0	9	324	11	321	5.279E-93	301
P79901.1	P51491.1	0.491	325	164	0	20	344	18	340	2.269E-91	296
P79901.1	P51490.1	0.488	325	165	0	20	344	21	343	1.087E-90	294
P79901.1	Q63652.2	0.484	325	166	0	20	344	18	340	1.333E-89	291
P79901.1	Q9BGI7.1	0.458	348	185	0	1	348	23	364	3.412E-89	289
P79901.1	Q9W6A9.2	0.481	325	166	0	19	343	15	335	8.732E-89	288
P79901.1	O18913.2	0.474	331	172	0	18	348	37	364	8.732E-89	288
P79901.1	O18914.2	0.474	331	172	0	18	348	37	364	1.194E-88	288
P79901.1	P04001.1	0.473	331	172	0	18	348	37	364	1.634E-88	287
P79901.1	O18912.2	0.473	331	172	0	18	348	37	364	1.634E-88	287
P79901.1	Q95170.1	0.456	348	186	0	1	348	23	364	1.634E-88	287
P79901.1	P04000.2	0.467	331	174	0	18	348	37	364	7.004E-87	283
P79901.1	O18910.2	0.467	331	174	0	18	348	37	364	7.004E-87	283
P79901.1	P87368.1	0.459	338	178	0	3	340	2	331	1.792E-86	282
P79901.1	Q90309.1	0.472	325	169	0	19	343	15	335	2.451E-86	281
P79901.1	Q9R024.1	0.465	331	175	0	18	348	37	364	2.451E-86	281
P79901.1	O35476.2	0.463	331	176	0	18	348	32	359	8.575E-86	280
P79901.1	O35478.2	0.463	331	176	0	18	348	37	364	8.575E-86	280
P79901.1	P34989.1	0.468	324	170	0	18	341	30	350	5.611E-85	277
P79901.1	O35599.1	0.460	331	177	0	18	348	32	359	5.611E-85	277
P79901.1	P35358.1	0.441	348	192	0	1	348	22	365	2.684E-84	275
P79901.1	P22329.1	0.452	331	180	0	18	348	34	362	8.393E-83	271
P79901.1	P41592.1	0.452	331	180	0	18	348	40	369	1.148E-82	271
P79901.1	O12948.1	0.447	331	182	0	18	348	36	365	1.918E-81	267
P79901.1	O42490.1	0.472	308	161	0	13	320	27	331	2.622E-81	267
P79901.1	P87367.1	0.451	324	175	0	18	341	34	353	1.713E-80	264
P79901.1	Q8AYN0.1	0.448	324	176	0	18	341	33	352	8.183E-80	262
P79901.1	Q9W6A7.1	0.446	324	177	0	18	341	34	353	2.859E-79	261
P79901.1	P32313.1	0.445	324	177	0	18	341	34	353	7.304E-79	259
P79901.1	P22331.1	0.429	340	190	0	2	341	20	353	9.985E-79	259
P79901.1	P22332.2	0.444	324	177	0	18	341	34	353	9.985E-79	259
P79901.1	P22330.1	0.427	340	191	0	2	341	22	355	2.551E-78	258
P79901.1	O18911.1	0.494	268	135	0	34	301	6	273	2.200E-74	246
P56514.1	P56514.1	0.961	354	14	0	1	354	1	354	3.441E-237	717
P56514.1	P56515.1	0.939	354	22	0	1	354	1	354	6.790E-231	699
P56514.1	P56516.1	0.910	354	32	0	1	354	1	354	2.071E-222	675
P56514.1	P51470.1	0.908	354	32	0	1	354	1	354	1.001E-221	673
P56514.1	P31355.1	0.903	354	34	0	1	354	1	354	3.203E-220	668
P56514.1	P29403.1	0.903	354	34	0	1	354	1	354	3.203E-220	668
P56514.1	Q90245.1	0.897	354	36	0	1	354	1	354	1.925E-218	663
P56514.1	P52202.1	0.860	354	49	0	1	354	1	352	6.603E-208	633
P56514.1	P22328.1	0.855	354	51	0	1	354	1	351	2.894E-206	628
P56514.1	P49912.1	0.867	346	46	0	1	346	1	345	6.754E-205	624
P56514.1	P32308.1	0.863	346	47	0	1	346	1	345	8.396E-204	621
P56514.1	Q68J47.1	0.862	346	47	0	1	346	1	345	1.576E-203	620
P56514.1	Q95KU1.1	0.861	346	48	0	1	346	1	345	2.960E-203	619
P56514.1	P15409.2	0.860	346	48	0	1	346	1	345	7.615E-203	618
P56514.1	P08100.1	0.856	346	50	0	1	346	1	345	9.465E-202	615
P56514.1	O62796.1	0.856	346	50	0	1	346	1	345	1.297E-201	615
P56514.1	O18766.1	0.856	346	50	0	1	346	1	345	1.297E-201	615
P56514.1	P28681.1	0.854	346	50	0	1	346	1	345	3.337E-201	614
P56514.1	Q28886.1	0.854	346	50	0	1	346	1	345	4.572E-201	613
P56514.1	O62794.1	0.853	346	51	0	1	346	1	345	6.265E-201	613
P56514.1	O62791.1	0.852	346	51	0	1	346	1	345	1.176E-200	612
P56514.1	P51489.1	0.848	346	52	0	1	346	1	345	2.003E-199	608
P56514.1	O62795.1	0.848	346	52	0	1	346	1	345	2.003E-199	608
P56514.1	O93459.1	0.830	354	60	0	1	354	1	354	3.761E-199	608
P56514.1	Q8HY69.2	0.847	346	53	0	1	346	1	345	5.154E-199	607
P56514.1	Q769E8.1	0.844	346	54	0	1	346	1	345	2.490E-198	605
P56514.1	P02700.2	0.844	346	54	0	1	346	1	345	2.490E-198	605
P56514.1	O62793.1	0.844	346	54	0	1	346	1	345	3.411E-198	605
P56514.1	O62798.1	0.843	346	54	0	1	346	1	345	6.405E-198	604
P56514.1	P41591.1	0.825	354	61	0	1	354	1	352	1.648E-197	603
P56514.1	Q6W3E1.1	0.841	346	55	0	1	346	1	345	2.258E-197	602
P56514.1	O62792.1	0.840	346	55	0	1	346	1	345	4.239E-197	602
P56514.1	Q90214.1	0.823	354	62	0	1	354	1	352	4.239E-197	602
P56514.1	P02699.1	0.839	346	55	0	1	346	1	345	5.809E-197	601
P56514.1	P22671.1	0.819	354	64	0	1	354	1	353	7.218E-196	598
P56514.1	Q98980.1	0.818	354	64	0	1	354	1	353	1.857E-195	597
P56514.1	O93441.1	0.813	354	66	0	1	354	1	354	5.936E-194	593
P56514.1	P79863.1	0.810	354	67	0	1	354	1	354	3.928E-193	590
P56514.1	P35359.2	0.810	354	67	0	1	354	1	354	3.928E-193	590
P56514.1	Q90215.1	0.807	354	68	0	1	354	1	352	1.897E-192	588
P56514.1	O13227.1	0.805	354	68	0	1	354	1	350	9.163E-192	586
P56514.1	O42604.1	0.800	354	71	0	1	354	1	354	2.928E-190	582
P56514.1	P51488.1	0.797	354	72	0	1	354	1	354	1.938E-189	580
P56514.1	Q9YH05.1	0.797	354	71	0	1	354	1	353	2.655E-189	579
P56514.1	Q9YGZ5.1	0.795	354	72	0	1	354	1	353	6.830E-189	578
P56514.1	P87369.1	0.792	354	73	0	1	354	1	354	4.519E-188	576
P56514.1	Q9YGZ8.1	0.790	354	74	0	1	354	1	353	2.182E-187	574
P56514.1	P41590.1	0.790	354	74	0	1	354	1	352	2.990E-187	573
P56514.1	Q9DGG4.1	0.789	354	74	0	1	354	1	353	4.097E-187	573
P56514.1	Q9YGZ3.1	0.789	354	74	0	1	354	1	354	4.097E-187	573
P56514.1	P79848.1	0.789	354	74	0	1	354	1	354	5.614E-187	572
P56514.1	Q9YGZ0.1	0.787	354	75	0	1	354	1	351	1.444E-186	571
P56514.1	P79756.1	0.787	354	75	0	1	354	1	354	1.978E-186	571
P56514.1	P32309.1	0.786	354	76	0	1	354	1	354	3.714E-186	570
P56514.1	Q9YGZ6.1	0.784	354	76	0	1	354	1	353	9.554E-186	569
P56514.1	Q9YGY9.1	0.783	354	76	0	1	354	1	352	3.367E-185	567
P56514.1	Q9YGZ2.1	0.781	354	77	0	1	354	1	352	8.660E-185	566
P56514.1	P79898.1	0.765	354	82	0	1	354	1	351	5.298E-180	552
P56514.1	P28683.1	0.762	355	84	0	1	354	1	355	9.946E-180	552
P56514.1	P51471.1	0.759	355	85	0	1	354	1	355	6.579E-179	549
P56514.1	P35357.1	0.759	355	85	0	1	354	1	355	6.579E-179	549
P56514.1	P79807.1	0.766	351	81	0	4	354	1	349	1.235E-178	548
P56514.1	P79812.1	0.760	354	84	0	1	354	1	351	1.235E-178	548
P56514.1	P79798.1	0.764	351	82	0	4	354	1	349	4.352E-178	547
P56514.1	P79901.1	0.762	351	83	0	4	354	1	348	1.119E-177	546
P56514.1	P79902.1	0.762	351	83	0	4	354	1	348	1.533E-177	545
P56514.1	P79808.1	0.762	351	83	0	4	354	1	348	1.533E-177	545
P56514.1	P79809.1	0.756	351	84	0	4	354	1	347	6.708E-176	541
P56514.1	P79914.1	0.756	351	85	0	4	354	1	348	6.708E-176	541
P56514.1	P79903.1	0.755	351	85	0	4	354	1	347	1.259E-175	540
P56514.1	P79911.1	0.754	351	85	0	4	354	1	347	3.238E-175	539
P56514.1	P32311.1	0.753	347	85	0	1	347	1	347	6.836E-173	532
P56514.1	Q9W6A6.2	0.752	347	86	0	1	347	1	347	1.758E-172	531
P56514.1	Q8AYM7.1	0.751	347	86	0	1	347	1	347	2.408E-172	530
P56514.1	P32312.1	0.742	347	89	0	1	347	1	347	9.540E-170	523
P56514.1	Q8AYM8.1	0.728	347	94	0	1	347	1	347	1.205E-165	511
P56514.1	Q9W6A5.2	0.723	347	96	0	1	347	1	347	2.048E-164	507
P56514.1	P51474.1	0.708	354	102	0	1	354	4	354	1.354E-163	505
P56514.1	P28682.1	0.549	349	156	0	8	354	13	361	1.609E-115	366
P56514.1	P51472.1	0.538	341	156	0	8	346	11	351	2.203E-109	348
P56514.1	P32310.1	0.526	339	160	0	8	346	10	347	1.976E-105	337
P56514.1	P51473.1	0.503	350	171	0	5	354	3	347	1.966E-102	328
P56514.1	O57605.1	0.499	353	173	0	1	353	1	346	2.691E-102	328
P56514.1	P87365.1	0.508	339	166	0	8	346	12	349	2.973E-100	322
P56514.1	Q9W6A8.1	0.505	339	167	0	8	346	13	350	1.426E-99	320
P56514.1	P28684.1	0.492	346	173	0	8	353	6	346	3.281E-98	316
P56514.1	O13092.1	0.486	349	176	0	5	353	6	348	2.153E-97	314
P56514.1	P03999.2	0.489	345	173	0	9	353	6	344	5.514E-97	312
P56514.1	P60015.1	0.489	345	173	0	9	353	9	347	5.514E-97	312
P56514.1	P51476.1	0.522	307	146	0	23	329	18	323	1.908E-93	302
P56514.1	P51475.1	0.519	305	146	0	23	327	16	319	4.379E-92	298
P56514.1	P51491.1	0.463	353	185	0	1	353	1	345	8.194E-92	297
P56514.1	Q63652.2	0.454	353	188	0	1	353	1	345	2.302E-89	290
P56514.1	P51490.1	0.474	331	172	0	23	353	21	348	1.102E-88	288
P56514.1	P35358.1	0.450	351	189	0	4	354	22	365	1.845E-87	285
P56514.1	Q90309.1	0.473	326	169	0	22	347	15	335	8.825E-87	283
P56514.1	Q9W6A9.2	0.470	326	170	0	22	347	15	335	5.772E-86	280
P56514.1	Q9BGI7.1	0.437	351	192	0	4	354	23	364	6.308E-84	274
P56514.1	P04001.1	0.435	353	194	0	2	354	21	364	8.626E-84	274
P56514.1	P22329.1	0.441	346	188	0	9	354	25	362	1.179E-83	274
P56514.1	Q95170.1	0.436	351	192	0	4	354	23	364	1.613E-83	273
P56514.1	P04000.2	0.434	353	194	0	2	354	21	364	2.205E-83	273
P56514.1	Q9R024.1	0.434	353	194	0	2	354	21	364	2.205E-83	273
P56514.1	O35478.2	0.433	353	194	0	2	354	21	364	3.015E-83	273
P56514.1	P41592.1	0.440	346	189	0	9	354	31	369	3.015E-83	273
P56514.1	O18912.2	0.433	353	194	0	2	354	21	364	4.122E-83	272
P56514.1	O18914.2	0.434	351	193	0	4	354	23	364	5.636E-83	272
P56514.1	P87368.1	0.444	339	183	0	6	344	2	331	1.441E-82	271
P56514.1	O12948.1	0.432	351	195	0	4	354	22	365	1.441E-82	271
P56514.1	O18910.2	0.430	353	196	0	2	354	21	364	2.693E-82	270
P56514.1	P87367.1	0.437	343	188	0	4	346	20	354	9.409E-82	268
P56514.1	O18913.2	0.428	353	196	0	2	354	21	364	9.409E-82	268
P56514.1	P34989.1	0.435	344	190	0	2	345	14	350	2.404E-81	267
P56514.1	O35476.2	0.426	353	197	0	2	354	16	359	3.287E-81	267
P56514.1	O42490.1	0.474	305	158	0	19	323	30	331	8.398E-81	265
P56514.1	O35599.1	0.423	353	198	0	2	354	16	359	2.933E-80	264
P56514.1	Q9W6A7.1	0.434	338	186	0	9	346	25	354	1.024E-79	262
P56514.1	Q8AYN0.1	0.434	338	186	0	9	346	24	353	1.400E-79	262
P56514.1	P22332.2	0.432	338	187	0	9	346	25	354	4.889E-79	260
P56514.1	P32313.1	0.431	338	187	0	9	346	25	354	9.134E-79	259
P56514.1	P22331.1	0.422	339	191	0	9	347	23	353	1.852E-76	253
P56514.1	P22330.1	0.420	339	191	0	9	347	25	355	4.727E-76	252
P56514.1	O18911.1	0.456	273	148	0	32	304	1	273	1.624E-67	227
Q9DGG4.1	Q9DGG4.1	0.977	353	8	0	1	353	1	353	2.574E-241	729
Q9DGG4.1	Q9YGZ6.1	0.936	353	23	0	1	353	1	353	2.075E-229	695
Q9DGG4.1	Q9YH05.1	0.930	353	25	0	1	353	1	353	1.247E-227	690
Q9DGG4.1	Q9YGZ8.1	0.930	353	25	0	1	353	1	353	1.709E-227	689
Q9DGG4.1	Q9YGZ3.1	0.924	354	27	0	1	353	1	354	1.551E-226	687
Q9DGG4.1	Q9YGZ5.1	0.926	353	26	0	1	353	1	353	2.126E-226	686
Q9DGG4.1	P87369.1	0.918	354	29	0	1	353	1	354	9.326E-225	681
Q9DGG4.1	P79848.1	0.914	354	30	0	1	353	1	354	1.160E-223	678
Q9DGG4.1	Q9YGY9.1	0.915	353	30	0	1	353	1	352	2.985E-223	677
Q9DGG4.1	Q9YGZ2.1	0.912	353	31	0	1	353	1	352	2.709E-222	674
Q9DGG4.1	P79756.1	0.908	354	32	0	1	353	1	354	9.553E-222	673
Q9DGG4.1	O42604.1	0.902	354	34	0	1	353	1	354	5.741E-220	668
Q9DGG4.1	P35359.2	0.891	354	38	0	1	353	1	354	8.057E-217	659
Q9DGG4.1	P51488.1	0.883	354	41	0	1	353	1	354	1.707E-214	652
Q9DGG4.1	P79898.1	0.882	353	41	0	1	353	1	351	1.549E-213	649
Q9DGG4.1	P79807.1	0.880	350	42	0	4	353	1	349	3.281E-211	642
Q9DGG4.1	P32309.1	0.872	354	45	0	1	353	1	354	3.281E-211	642
Q9DGG4.1	P79901.1	0.878	350	42	0	4	353	1	348	1.585E-210	640
Q9DGG4.1	P79812.1	0.868	353	46	0	1	353	1	351	1.971E-209	637
Q9DGG4.1	P79914.1	0.874	350	44	0	4	353	1	348	2.701E-209	637
Q9DGG4.1	P79808.1	0.873	350	44	0	4	353	1	348	5.072E-209	636
Q9DGG4.1	P79902.1	0.872	350	44	0	4	353	1	348	6.950E-209	636
Q9DGG4.1	P79798.1	0.868	350	46	0	4	353	1	349	1.184E-207	632
Q9DGG4.1	Q9YGZ0.1	0.861	353	49	0	1	353	1	351	1.622E-207	632
Q9DGG4.1	P41590.1	0.861	353	49	0	1	353	1	352	2.223E-207	631
Q9DGG4.1	P79809.1	0.854	350	51	0	4	353	1	347	1.099E-203	621
Q9DGG4.1	P79903.1	0.853	350	51	0	4	353	1	347	2.827E-203	619
Q9DGG4.1	P79911.1	0.851	350	52	0	4	353	1	347	7.273E-203	618
Q9DGG4.1	Q90214.1	0.839	353	57	0	1	353	1	352	5.984E-201	613
Q9DGG4.1	Q90215.1	0.839	353	57	0	1	353	1	352	5.984E-201	613
Q9DGG4.1	O13227.1	0.825	353	61	0	1	353	1	350	4.050E-197	602
Q9DGG4.1	O62796.1	0.823	345	61	0	1	345	1	345	8.755E-192	586
Q9DGG4.1	P02699.1	0.820	345	62	0	1	345	1	345	7.938E-191	584
Q9DGG4.1	P56515.1	0.801	354	70	0	1	353	1	354	1.490E-190	583
Q9DGG4.1	Q68J47.1	0.818	345	63	0	1	345	1	345	2.042E-190	582
Q9DGG4.1	Q769E8.1	0.817	345	63	0	1	345	1	345	3.834E-190	582
Q9DGG4.1	Q95KU1.1	0.817	345	63	0	1	345	1	345	3.834E-190	582
Q9DGG4.1	O18766.1	0.817	345	63	0	1	345	1	345	3.834E-190	582
Q9DGG4.1	P29403.1	0.799	354	71	0	1	353	1	354	7.198E-190	581
Q9DGG4.1	P32308.1	0.815	345	64	0	1	345	1	345	1.351E-189	580
Q9DGG4.1	P49912.1	0.815	345	64	0	1	345	1	345	2.537E-189	579
Q9DGG4.1	P51470.1	0.797	354	71	0	1	353	1	354	2.537E-189	579
Q9DGG4.1	P22328.1	0.797	353	71	0	1	353	1	351	6.526E-189	578
Q9DGG4.1	P31355.1	0.794	354	73	0	1	353	1	354	1.225E-188	577
Q9DGG4.1	O93459.1	0.794	354	73	0	1	353	1	354	1.225E-188	577
Q9DGG4.1	O62791.1	0.812	345	65	0	1	345	1	345	1.679E-188	577
Q9DGG4.1	P56514.1	0.793	354	73	0	1	353	1	354	2.300E-188	576
Q9DGG4.1	P51489.1	0.811	345	65	0	1	345	1	345	3.152E-188	576
Q9DGG4.1	P52202.1	0.795	353	72	0	1	353	1	352	3.152E-188	576
Q9DGG4.1	P28681.1	0.810	345	65	0	1	345	1	345	4.318E-188	576
Q9DGG4.1	P15409.2	0.809	345	66	0	1	345	1	345	8.107E-188	575
Q9DGG4.1	Q90245.1	0.791	354	74	0	1	353	1	354	8.107E-188	575
Q9DGG4.1	Q28886.1	0.809	345	66	0	1	345	1	345	1.111E-187	574
Q9DGG4.1	O62798.1	0.809	345	66	0	1	345	1	345	1.111E-187	574
Q9DGG4.1	P02700.2	0.809	345	66	0	1	345	1	345	1.111E-187	574
Q9DGG4.1	O62793.1	0.808	345	66	0	1	345	1	345	1.522E-187	574
Q9DGG4.1	O62794.1	0.808	345	66	0	1	345	1	345	2.085E-187	574
Q9DGG4.1	P08100.1	0.807	345	66	0	1	345	1	345	2.857E-187	573
Q9DGG4.1	O62792.1	0.806	345	67	0	1	345	1	345	7.350E-187	572
Q9DGG4.1	P56516.1	0.787	354	75	0	1	353	1	354	1.891E-186	571
Q9DGG4.1	O62795.1	0.802	345	68	0	1	345	1	345	6.663E-186	569
Q9DGG4.1	Q6W3E1.1	0.802	345	68	0	1	345	1	345	6.663E-186	569
Q9DGG4.1	O93441.1	0.784	354	76	0	1	353	1	354	1.714E-185	568
Q9DGG4.1	P41591.1	0.784	353	76	0	1	353	1	352	4.409E-185	567
Q9DGG4.1	P22671.1	0.784	353	76	0	1	353	1	353	6.041E-185	567
Q9DGG4.1	P79863.1	0.776	354	79	0	1	353	1	354	1.930E-183	562
Q9DGG4.1	Q8HY69.2	0.792	345	72	0	1	345	1	345	4.964E-183	561
Q9DGG4.1	Q98980.1	0.772	353	80	0	1	353	1	353	1.157E-181	557
Q9DGG4.1	P28683.1	0.703	355	105	0	1	353	1	355	2.201E-162	501
Q9DGG4.1	P35357.1	0.697	355	107	0	1	353	1	355	9.615E-161	497
Q9DGG4.1	P51471.1	0.695	355	107	0	1	353	1	355	3.386E-160	495
Q9DGG4.1	Q9W6A6.2	0.698	347	104	0	1	346	1	347	3.442E-157	486
Q9DGG4.1	Q8AYM7.1	0.698	347	104	0	1	346	1	347	4.715E-157	486
Q9DGG4.1	P32311.1	0.691	347	107	0	1	346	1	347	2.820E-155	481
Q9DGG4.1	P32312.1	0.685	347	109	0	1	346	1	347	2.310E-153	475
Q9DGG4.1	Q9W6A5.2	0.679	347	111	0	1	346	1	347	7.360E-152	471
Q9DGG4.1	Q8AYM8.1	0.674	347	112	0	1	346	1	347	2.344E-150	467
Q9DGG4.1	P51474.1	0.654	353	121	0	1	353	4	354	3.257E-147	458
Q9DGG4.1	P28682.1	0.547	348	156	0	9	353	14	361	1.391E-114	363
Q9DGG4.1	P32310.1	0.544	337	153	0	9	345	11	347	8.245E-110	349
Q9DGG4.1	P51472.1	0.537	340	156	0	9	345	12	351	1.016E-108	346
Q9DGG4.1	P87365.1	0.531	337	158	0	9	345	13	349	3.952E-106	339
Q9DGG4.1	Q9W6A8.1	0.522	337	161	0	9	345	14	350	1.535E-103	331
Q9DGG4.1	P51473.1	0.502	332	164	0	22	353	17	347	1.357E-96	311
Q9DGG4.1	P51475.1	0.505	326	152	0	2	327	11	319	1.667E-95	308
Q9DGG4.1	O57605.1	0.472	352	182	0	1	352	1	346	2.799E-94	304
Q9DGG4.1	P28684.1	0.483	339	174	0	14	352	9	346	1.835E-93	302
Q9DGG4.1	P51476.1	0.508	316	153	0	12	327	11	321	6.426E-93	301
Q9DGG4.1	O13092.1	0.468	348	181	0	5	352	7	348	7.880E-92	297
Q9DGG4.1	P51491.1	0.461	352	185	0	1	352	1	345	5.163E-91	295
Q9DGG4.1	P03999.2	0.462	349	184	0	4	352	2	344	1.321E-90	294
Q9DGG4.1	P60015.1	0.462	349	184	0	4	352	5	347	1.321E-90	294
Q9DGG4.1	Q63652.2	0.453	352	188	0	1	352	1	345	7.750E-89	289
Q9DGG4.1	P51490.1	0.468	330	174	0	23	352	21	348	1.161E-86	282
Q9DGG4.1	Q9W6A9.2	0.468	325	170	0	22	346	15	335	3.633E-85	278
Q9DGG4.1	Q9BGI7.1	0.442	350	190	0	4	353	23	364	4.968E-85	278
Q9DGG4.1	O18912.2	0.439	352	192	0	2	353	21	364	1.270E-84	276
Q9DGG4.1	Q95170.1	0.440	350	191	0	4	353	23	364	2.375E-84	276
Q9DGG4.1	P35358.1	0.438	350	193	0	4	353	22	365	6.073E-84	274
Q9DGG4.1	P04001.1	0.435	352	194	0	2	353	21	364	1.135E-83	274
Q9DGG4.1	O18913.2	0.435	352	194	0	2	353	21	364	1.553E-83	273
Q9DGG4.1	O18914.2	0.436	350	192	0	4	353	23	364	2.123E-83	273
Q9DGG4.1	O18910.2	0.434	352	194	0	2	353	21	364	2.903E-83	273
Q9DGG4.1	P04000.2	0.432	352	195	0	2	353	21	364	1.015E-82	271
Q9DGG4.1	Q9R024.1	0.431	352	195	0	2	353	21	364	2.593E-82	270
Q9DGG4.1	P87368.1	0.443	338	183	0	6	343	2	331	4.847E-82	269
Q9DGG4.1	O35476.2	0.430	352	196	0	2	353	16	359	4.847E-82	269
Q9DGG4.1	O35478.2	0.429	352	196	0	2	353	21	364	9.061E-82	268
Q9DGG4.1	Q90309.1	0.454	325	175	0	22	346	15	335	1.694E-81	267
Q9DGG4.1	P34989.1	0.435	343	190	0	2	344	14	350	3.166E-81	267
Q9DGG4.1	O35599.1	0.426	352	197	0	2	353	16	359	5.917E-81	266
Q9DGG4.1	O12948.1	0.429	346	193	0	8	353	27	365	2.826E-80	264
Q9DGG4.1	P41592.1	0.428	346	193	0	8	353	31	369	3.863E-80	263
Q9DGG4.1	P22329.1	0.425	349	196	0	5	353	22	362	5.280E-80	263
Q9DGG4.1	P87367.1	0.422	342	193	0	4	345	20	354	2.738E-77	255
Q9DGG4.1	O42490.1	0.455	308	166	0	16	323	27	331	5.116E-77	254
Q9DGG4.1	Q8AYN0.1	0.421	341	192	0	5	345	21	353	6.992E-77	254
Q9DGG4.1	P32313.1	0.420	341	193	0	5	345	22	354	1.306E-76	253
Q9DGG4.1	Q9W6A7.1	0.419	341	193	0	5	345	22	354	2.439E-76	252
Q9DGG4.1	P22332.2	0.419	341	193	0	5	345	22	354	3.334E-76	252
Q9DGG4.1	P22330.1	0.415	335	192	0	5	339	22	350	1.258E-73	244
Q9DGG4.1	P22331.1	0.414	335	192	0	5	339	20	348	3.210E-73	243
Q9DGG4.1	O18911.1	0.478	268	139	0	37	304	6	273	6.460E-71	237
Q9YGZ6.1	Q9YGZ6.1	0.976	353	8	0	1	353	1	353	6.625E-241	728
Q9YGZ6.1	Q9YGZ8.1	0.961	353	14	0	1	353	1	353	1.158E-236	716
Q9YGZ6.1	Q9DGG4.1	0.939	353	21	0	1	353	1	353	4.293E-230	697
Q9YGZ6.1	Q9YH05.1	0.930	353	25	0	1	353	1	353	1.247E-227	690
Q9YGZ6.1	P87369.1	0.923	354	27	0	1	353	1	354	2.913E-226	686
Q9YGZ6.1	Q9YGZ5.1	0.925	353	26	0	1	353	1	353	5.471E-226	685
Q9YGZ6.1	Q9YGZ3.1	0.919	354	29	0	1	353	1	354	6.805E-225	682
Q9YGZ6.1	Q9YGZ2.1	0.919	353	28	0	1	353	1	352	2.400E-224	680
Q9YGZ6.1	Q9YGY9.1	0.919	353	28	0	1	353	1	352	3.289E-224	680
Q9YGZ6.1	P79848.1	0.916	354	30	0	1	353	1	354	4.507E-224	679
Q9YGZ6.1	P79756.1	0.914	354	30	0	1	353	1	354	1.589E-223	678
Q9YGZ6.1	O42604.1	0.894	354	37	0	1	353	1	354	1.217E-217	661
Q9YGZ6.1	P79898.1	0.884	353	41	0	1	353	1	351	4.393E-214	651
Q9YGZ6.1	P35359.2	0.882	354	42	0	1	353	1	354	4.393E-214	651
Q9YGZ6.1	P79807.1	0.889	350	39	0	4	353	1	349	1.130E-213	649
Q9YGZ6.1	P79901.1	0.882	350	41	0	4	353	1	348	9.306E-212	644
Q9YGZ6.1	P79798.1	0.881	350	41	0	4	353	1	349	2.395E-211	643
Q9YGZ6.1	P79812.1	0.874	353	44	0	1	353	1	351	3.281E-211	642
Q9YGZ6.1	P79914.1	0.878	350	42	0	4	353	1	348	1.157E-210	641
Q9YGZ6.1	P79902.1	0.878	350	42	0	4	353	1	348	1.157E-210	641
Q9YGZ6.1	P79808.1	0.878	350	42	0	4	353	1	348	1.585E-210	640
Q9YGZ6.1	P51488.1	0.868	354	46	0	1	353	1	354	4.080E-210	639
Q9YGZ6.1	P32309.1	0.859	354	50	0	1	353	1	354	2.223E-207	631
Q9YGZ6.1	Q9YGZ0.1	0.860	353	49	0	1	353	1	351	4.174E-207	631
Q9YGZ6.1	P79809.1	0.863	350	47	0	4	353	1	347	3.787E-206	628
Q9YGZ6.1	P41590.1	0.856	353	51	0	1	353	1	352	7.111E-206	627
Q9YGZ6.1	P79903.1	0.859	350	49	0	4	353	1	347	6.451E-205	624
Q9YGZ6.1	P79911.1	0.857	350	49	0	4	353	1	347	1.660E-204	623
Q9YGZ6.1	Q90215.1	0.842	353	55	0	1	353	1	352	6.598E-202	616
Q9YGZ6.1	Q90214.1	0.834	353	58	0	1	353	1	352	1.396E-199	609
Q9YGZ6.1	O13227.1	0.829	353	60	0	1	353	1	350	3.259E-198	605
Q9YGZ6.1	O62796.1	0.827	345	60	0	1	345	1	345	9.655E-193	589
Q9YGZ6.1	P02699.1	0.823	345	61	0	1	345	1	345	8.755E-192	586
Q9YGZ6.1	Q95KU1.1	0.821	345	62	0	1	345	1	345	4.228E-191	584
Q9YGZ6.1	O18766.1	0.821	345	62	0	1	345	1	345	4.228E-191	584
Q9YGZ6.1	Q769E8.1	0.820	345	62	0	1	345	1	345	5.793E-191	584
Q9YGZ6.1	P32308.1	0.819	345	62	0	1	345	1	345	1.490E-190	583
Q9YGZ6.1	P49912.1	0.819	345	62	0	1	345	1	345	1.490E-190	583
Q9YGZ6.1	P56515.1	0.798	354	71	0	1	353	1	354	1.351E-189	580
Q9YGZ6.1	Q68J47.1	0.815	345	64	0	1	345	1	345	1.852E-189	580
Q9YGZ6.1	P22328.1	0.799	353	70	0	1	353	1	351	2.537E-189	579
Q9YGZ6.1	P28681.1	0.814	345	64	0	1	345	1	345	3.476E-189	579
Q9YGZ6.1	P51470.1	0.795	354	72	0	1	353	1	354	8.942E-189	578
Q9YGZ6.1	O62794.1	0.812	345	65	0	1	345	1	345	1.225E-188	577
Q9YGZ6.1	Q28886.1	0.811	345	65	0	1	345	1	345	2.300E-188	576
Q9YGZ6.1	P02700.2	0.811	345	65	0	1	345	1	345	2.300E-188	576
Q9YGZ6.1	O62791.1	0.811	345	65	0	1	345	1	345	3.152E-188	576
Q9YGZ6.1	P15409.2	0.810	345	65	0	1	345	1	345	4.318E-188	576
Q9YGZ6.1	P29403.1	0.792	354	73	0	1	353	1	354	4.318E-188	576
Q9YGZ6.1	P08100.1	0.810	345	65	0	1	345	1	345	5.917E-188	575
Q9YGZ6.1	P52202.1	0.793	353	73	0	1	353	1	352	8.107E-188	575
Q9YGZ6.1	P56514.1	0.791	354	74	0	1	353	1	354	1.111E-187	574
Q9YGZ6.1	O62798.1	0.808	345	66	0	1	345	1	345	2.085E-187	574
Q9YGZ6.1	P31355.1	0.790	354	74	0	1	353	1	354	2.085E-187	574
Q9YGZ6.1	P51489.1	0.807	345	66	0	1	345	1	345	2.857E-187	573
Q9YGZ6.1	O93459.1	0.790	354	74	0	1	353	1	354	2.857E-187	573
Q9YGZ6.1	O62795.1	0.807	345	66	0	1	345	1	345	3.915E-187	573
Q9YGZ6.1	Q90245.1	0.789	354	74	0	1	353	1	354	5.364E-187	572
Q9YGZ6.1	O62792.1	0.806	345	67	0	1	345	1	345	7.350E-187	572
Q9YGZ6.1	Q6W3E1.1	0.805	345	67	0	1	345	1	345	1.007E-186	572
Q9YGZ6.1	P56516.1	0.786	354	75	0	1	353	1	354	3.549E-186	570
Q9YGZ6.1	O62793.1	0.803	345	68	0	1	345	1	345	4.863E-186	570
Q9YGZ6.1	P22671.1	0.786	353	75	0	1	353	1	353	9.130E-186	569
Q9YGZ6.1	O93441.1	0.781	354	77	0	1	353	1	354	8.276E-185	566
Q9YGZ6.1	Q8HY69.2	0.795	345	71	0	1	345	1	345	7.503E-184	563
Q9YGZ6.1	P41591.1	0.777	353	78	0	1	353	1	352	3.623E-183	561
Q9YGZ6.1	P79863.1	0.776	354	79	0	1	353	1	354	3.623E-183	561
Q9YGZ6.1	Q98980.1	0.773	353	80	0	1	353	1	353	6.165E-182	558
Q9YGZ6.1	P28683.1	0.702	355	105	0	1	353	1	355	3.015E-162	501
Q9YGZ6.1	P51471.1	0.694	355	108	0	1	353	1	355	8.705E-160	494
Q9YGZ6.1	P35357.1	0.689	355	109	0	1	353	1	355	2.776E-158	490
Q9YGZ6.1	Q9W6A6.2	0.694	347	106	0	1	346	1	347	5.846E-156	483
Q9YGZ6.1	Q8AYM7.1	0.690	347	107	0	1	346	1	347	7.249E-155	480
Q9YGZ6.1	P32311.1	0.685	347	109	0	1	346	1	347	2.310E-153	475
Q9YGZ6.1	P32312.1	0.680	347	110	0	1	346	1	347	3.922E-152	472
Q9YGZ6.1	Q8AYM8.1	0.670	347	114	0	1	346	1	347	3.980E-149	463
Q9YGZ6.1	Q9W6A5.2	0.664	347	116	0	1	346	1	347	1.736E-147	458
Q9YGZ6.1	P51474.1	0.648	353	123	0	1	353	4	354	1.420E-145	453
Q9YGZ6.1	P28682.1	0.540	348	158	0	9	353	14	361	2.115E-112	357
Q9YGZ6.1	P32310.1	0.533	337	157	0	9	345	11	347	1.126E-106	340
Q9YGZ6.1	P51472.1	0.525	340	160	0	9	345	12	351	1.898E-105	337
Q9YGZ6.1	P87365.1	0.522	337	161	0	9	345	13	349	1.535E-103	331
Q9YGZ6.1	Q9W6A8.1	0.528	324	152	0	22	345	29	350	8.145E-101	323
Q9YGZ6.1	P51473.1	0.502	332	164	0	22	353	17	347	1.357E-96	311
Q9YGZ6.1	O57605.1	0.474	352	181	0	1	352	1	346	7.989E-95	306
Q9YGZ6.1	P51475.1	0.500	326	154	0	2	327	11	319	3.829E-94	304
Q9YGZ6.1	P28684.1	0.485	337	173	0	16	352	11	346	2.510E-93	302
Q9YGZ6.1	O13092.1	0.468	348	181	0	5	352	7	348	5.761E-92	298
Q9YGZ6.1	P51476.1	0.504	316	154	0	12	327	11	321	7.880E-92	297
Q9YGZ6.1	P03999.2	0.464	349	183	0	4	352	2	344	5.163E-91	295
Q9YGZ6.1	P60015.1	0.464	349	183	0	4	352	5	347	5.163E-91	295
Q9YGZ6.1	P51491.1	0.460	352	186	0	1	352	1	345	7.062E-91	295
Q9YGZ6.1	Q63652.2	0.453	352	188	0	1	352	1	345	1.060E-88	288
Q9YGZ6.1	P51490.1	0.470	330	173	0	23	352	21	348	2.428E-87	284
Q9YGZ6.1	Q9W6A9.2	0.473	325	169	0	22	346	15	335	1.588E-86	282
Q9YGZ6.1	P35358.1	0.445	350	190	0	4	353	22	365	5.555E-86	280
Q9YGZ6.1	Q9BGI7.1	0.444	350	190	0	4	353	23	364	1.421E-85	279
Q9YGZ6.1	O18912.2	0.441	352	192	0	2	353	21	364	3.633E-85	278
Q9YGZ6.1	Q95170.1	0.441	350	191	0	4	353	23	364	6.794E-85	277
Q9YGZ6.1	P04001.1	0.439	352	192	0	2	353	21	364	1.270E-84	276
Q9YGZ6.1	O18913.2	0.456	333	178	0	21	353	37	364	2.375E-84	276
Q9YGZ6.1	O18914.2	0.439	350	191	0	4	353	23	364	3.248E-84	275
Q9YGZ6.1	Q90309.1	0.463	325	172	0	22	346	15	335	6.073E-84	274
Q9YGZ6.1	P04000.2	0.436	352	193	0	2	353	21	364	8.304E-84	274
Q9YGZ6.1	O18910.2	0.435	352	194	0	2	353	21	364	1.135E-83	274
Q9YGZ6.1	P87368.1	0.447	338	182	0	6	343	2	331	2.903E-83	273
Q9YGZ6.1	Q9R024.1	0.434	352	194	0	2	353	21	364	2.903E-83	273
Q9YGZ6.1	O12948.1	0.452	333	180	0	21	353	36	365	2.903E-83	273
Q9YGZ6.1	P41592.1	0.452	333	180	0	21	353	40	369	3.969E-83	272
Q9YGZ6.1	O35476.2	0.433	352	194	0	2	353	16	359	5.427E-83	272
Q9YGZ6.1	O35478.2	0.431	352	195	0	2	353	21	364	1.897E-82	270
Q9YGZ6.1	P34989.1	0.438	343	189	0	2	344	14	350	4.847E-82	269
Q9YGZ6.1	O35599.1	0.429	352	196	0	2	353	16	359	6.627E-82	269
Q9YGZ6.1	P87367.1	0.435	342	189	0	4	345	20	354	5.917E-81	266
Q9YGZ6.1	P22329.1	0.443	333	183	0	21	353	34	362	8.089E-81	265
Q9YGZ6.1	Q9W6A7.1	0.430	341	189	0	5	345	22	354	3.446E-79	261
Q9YGZ6.1	Q8AYN0.1	0.443	325	178	0	21	345	33	353	1.203E-78	259
Q9YGZ6.1	O42490.1	0.461	308	164	0	16	323	27	331	1.644E-78	259
Q9YGZ6.1	P32313.1	0.426	341	191	0	5	345	22	354	3.073E-78	258
Q9YGZ6.1	P22332.2	0.426	341	191	0	5	345	22	354	4.200E-78	258
Q9YGZ6.1	P22331.1	0.445	314	171	0	5	318	20	329	4.556E-76	252
Q9YGZ6.1	P22330.1	0.444	314	172	0	5	318	22	331	8.510E-76	251
Q9YGZ6.1	O18911.1	0.483	268	138	0	37	304	6	273	7.275E-72	239
O18914.2	O18914.2	0.971	364	11	0	1	364	1	364	5.619E-247	746
O18914.2	O18912.2	0.945	364	20	0	1	364	1	364	2.590E-239	724
O18914.2	O18913.2	0.944	364	20	0	1	364	1	364	6.665E-239	723
O18914.2	Q9BGI7.1	0.938	364	23	0	1	364	1	364	4.007E-237	718
O18914.2	Q95170.1	0.937	364	23	0	1	364	1	364	5.490E-237	717
O18914.2	O18910.2	0.921	364	29	0	1	364	1	364	6.348E-232	703
O18914.2	O35478.2	0.919	364	29	0	1	364	1	364	2.239E-231	701
O18914.2	P04001.1	0.901	364	36	0	1	364	1	364	3.545E-226	686
O18914.2	P04000.2	0.901	364	36	0	1	364	1	364	4.858E-226	686
O18914.2	Q9R024.1	0.901	364	36	0	1	364	1	364	6.657E-226	685
O18914.2	O35476.2	0.899	357	36	0	8	364	3	359	5.609E-221	671
O18914.2	P34989.1	0.914	349	30	0	9	357	2	350	5.089E-220	668
O18914.2	O35599.1	0.894	357	38	0	8	364	3	359	1.794E-219	667
O18914.2	P41592.1	0.865	347	46	0	20	364	23	369	1.464E-204	624
O18914.2	P22329.1	0.863	346	47	0	20	364	17	362	1.328E-203	621
O18914.2	P87367.1	0.811	358	67	0	1	358	1	354	1.139E-195	598
O18914.2	O12948.1	0.831	347	58	0	20	364	19	365	5.500E-195	596
O18914.2	P32313.1	0.806	358	68	0	1	358	1	354	3.639E-194	594
O18914.2	Q9W6A7.1	0.802	358	70	0	1	358	1	354	8.485E-193	590
O18914.2	Q8AYN0.1	0.835	339	56	0	20	358	16	353	2.710E-191	586
O18914.2	P22332.2	0.831	339	57	0	20	358	17	354	2.457E-190	583
O18914.2	P35358.1	0.776	365	81	0	1	364	1	365	3.051E-189	580
O18914.2	P22331.1	0.807	340	65	0	20	359	15	353	4.797E-184	565
O18914.2	P22330.1	0.797	340	69	0	20	359	17	355	2.604E-181	557
O18914.2	O18911.1	0.952	273	13	0	48	320	1	273	2.653E-178	548
O18914.2	P51476.1	0.563	302	131	0	35	336	14	314	7.520E-102	327
O18914.2	P51475.1	0.558	303	133	0	34	336	11	312	4.934E-101	325
O18914.2	Q9W6A9.2	0.492	326	165	0	34	359	10	335	1.208E-91	297
O18914.2	O13227.1	0.464	347	183	0	23	364	4	350	2.022E-90	294
O18914.2	Q90215.1	0.459	349	184	0	23	364	4	352	1.809E-89	291
O18914.2	Q8HY69.2	0.474	333	173	0	30	358	13	345	6.327E-89	289
O18914.2	P35359.2	0.454	351	186	0	23	364	4	354	1.183E-88	289
O18914.2	P79903.1	0.470	334	175	0	33	364	14	347	4.136E-88	287
O18914.2	Q9YGZ0.1	0.455	348	186	0	23	364	4	351	5.656E-88	287
O18914.2	O13092.1	0.481	323	167	0	39	360	21	343	7.734E-88	286
O18914.2	Q90214.1	0.453	349	187	0	23	364	4	352	7.734E-88	286
O18914.2	P41590.1	0.453	349	187	0	23	364	4	352	1.058E-87	286
O18914.2	P79911.1	0.467	334	176	0	33	364	14	347	1.977E-87	285
O18914.2	P51490.1	0.479	323	167	0	39	360	21	343	1.977E-87	285
O18914.2	O57605.1	0.472	329	171	0	39	363	18	346	2.704E-87	285
O18914.2	P79807.1	0.451	349	187	0	23	364	1	349	2.704E-87	285
O18914.2	Q90309.1	0.468	332	176	0	28	359	4	335	5.055E-87	284
O18914.2	Q63652.2	0.460	339	183	0	22	360	2	340	5.055E-87	284
O18914.2	P79902.1	0.465	335	177	0	33	364	14	348	5.055E-87	284
O18914.2	P79808.1	0.451	348	187	0	23	364	1	348	5.055E-87	284
O18914.2	P79809.1	0.465	334	177	0	33	364	14	347	6.912E-87	284
O18914.2	P51488.1	0.448	351	188	0	23	364	4	354	6.912E-87	284
O18914.2	P22671.1	0.449	350	188	0	23	364	4	353	9.451E-87	283
O18914.2	P32309.1	0.448	351	188	0	23	364	4	354	9.451E-87	283
O18914.2	P56515.1	0.447	351	189	0	23	364	4	354	1.292E-86	283
O18914.2	P49912.1	0.455	342	183	0	23	358	4	345	1.767E-86	282
O18914.2	O93441.1	0.447	351	189	0	23	364	4	354	1.767E-86	282
O18914.2	Q28886.1	0.455	342	183	0	23	358	4	345	2.416E-86	282
O18914.2	P79901.1	0.449	348	188	0	23	364	1	348	2.416E-86	282
O18914.2	P28683.1	0.445	352	189	0	23	364	4	355	3.303E-86	282
O18914.2	P79812.1	0.448	348	188	0	23	364	4	351	4.516E-86	281
O18914.2	P32308.1	0.454	342	183	0	23	358	4	345	6.175E-86	281
O18914.2	P08100.1	0.454	342	183	0	23	358	4	345	6.175E-86	281
O18914.2	Q9W6A6.2	0.452	344	184	0	23	359	4	347	6.175E-86	281
O18914.2	P51489.1	0.453	342	183	0	23	358	4	345	8.442E-86	280
O18914.2	P79848.1	0.444	351	190	0	23	364	4	354	8.442E-86	280
O18914.2	P79914.1	0.446	348	189	0	23	364	1	348	1.578E-85	280
O18914.2	P51470.1	0.443	351	190	0	23	364	4	354	1.578E-85	280
O18914.2	P60015.1	0.452	342	187	0	19	360	1	342	2.158E-85	279
O18914.2	P79898.1	0.446	348	189	0	23	364	4	351	2.158E-85	279
O18914.2	P79863.1	0.443	351	190	0	23	364	4	354	2.158E-85	279
O18914.2	Q98980.1	0.443	350	190	0	23	364	4	353	2.950E-85	279
O18914.2	Q95KU1.1	0.451	342	184	0	23	358	4	345	4.033E-85	278
O18914.2	P28681.1	0.451	342	184	0	23	358	4	345	4.033E-85	278
O18914.2	Q8AYM7.1	0.449	344	185	0	23	359	4	347	4.033E-85	278
O18914.2	P03999.2	0.454	338	184	0	23	360	2	339	5.514E-85	278
O18914.2	O62796.1	0.450	342	184	0	23	358	4	345	5.514E-85	278
O18914.2	P02699.1	0.450	342	184	0	23	358	4	345	5.514E-85	278
O18914.2	P32311.1	0.448	344	185	0	23	359	4	347	5.514E-85	278
O18914.2	P32310.1	0.465	328	174	0	32	358	20	347	5.514E-85	278
O18914.2	Q9YGZ2.1	0.443	349	190	0	23	364	4	352	5.514E-85	278
O18914.2	P29403.1	0.441	351	191	0	23	364	4	354	5.514E-85	278
O18914.2	P28684.1	0.452	340	185	0	22	360	2	341	7.538E-85	278
O18914.2	Q769E8.1	0.450	342	184	0	23	358	4	345	7.538E-85	278
O18914.2	P31355.1	0.441	351	191	0	23	364	4	354	7.538E-85	278
O18914.2	O93459.1	0.441	351	191	0	23	364	4	354	7.538E-85	278
O18914.2	P22328.1	0.443	348	190	0	23	364	4	351	1.031E-84	277
O18914.2	P79756.1	0.441	351	191	0	23	364	4	354	1.031E-84	277
O18914.2	P87369.1	0.440	351	191	0	23	364	4	354	1.926E-84	276
O18914.2	P28682.1	0.458	332	176	0	39	364	30	361	1.926E-84	276
O18914.2	O62794.1	0.448	342	185	0	23	358	4	345	2.633E-84	276
O18914.2	O18766.1	0.448	342	185	0	23	358	4	345	2.633E-84	276
O18914.2	P56516.1	0.439	351	191	0	23	364	4	354	2.633E-84	276
O18914.2	P15409.2	0.447	342	185	0	23	358	4	345	3.600E-84	276
O18914.2	P02700.2	0.447	342	185	0	23	358	4	345	3.600E-84	276
O18914.2	O62795.1	0.447	342	185	0	23	358	4	345	4.922E-84	275
O18914.2	P52202.1	0.440	349	191	0	23	364	4	352	6.728E-84	275
O18914.2	P56514.1	0.438	351	192	0	23	364	4	354	6.728E-84	275
O18914.2	O42604.1	0.454	334	179	0	37	364	21	354	9.198E-84	274
O18914.2	P51491.1	0.448	339	187	0	22	360	2	340	1.257E-83	274
O18914.2	Q6W3E1.1	0.445	342	186	0	23	358	4	345	1.257E-83	274
O18914.2	P41591.1	0.439	349	191	0	23	364	4	352	1.257E-83	274
O18914.2	Q9YH05.1	0.438	350	192	0	23	364	4	353	1.257E-83	274
O18914.2	Q9YGZ8.1	0.438	350	192	0	23	364	4	353	1.257E-83	274
O18914.2	P51472.1	0.455	332	178	0	31	358	20	351	1.257E-83	274
O18914.2	P79798.1	0.438	349	192	0	23	364	1	349	1.719E-83	274
O18914.2	P32312.1	0.443	344	187	0	23	359	4	347	1.719E-83	274
O18914.2	Q90245.1	0.448	338	183	0	33	364	17	354	2.350E-83	273
O18914.2	Q9YGZ3.1	0.436	351	192	0	23	364	4	354	2.350E-83	273
O18914.2	P35357.1	0.435	352	193	0	23	364	4	355	2.350E-83	273
O18914.2	P87368.1	0.455	330	178	0	27	356	5	331	4.391E-83	273
O18914.2	Q9YGY9.1	0.436	349	192	0	23	364	4	352	6.003E-83	272
O18914.2	Q9YGZ6.1	0.435	350	193	0	23	364	4	353	6.003E-83	272
O18914.2	Q68J47.1	0.442	342	187	0	23	358	4	345	8.206E-83	272
O18914.2	Q9DGG4.1	0.435	350	193	0	23	364	4	353	8.206E-83	272
O18914.2	O62791.1	0.441	342	187	0	23	358	4	345	1.533E-82	271
O18914.2	Q9W6A8.1	0.463	321	171	0	39	358	30	350	1.533E-82	271
O18914.2	P51471.1	0.432	352	194	0	23	364	4	355	1.533E-82	271
O18914.2	Q9W6A5.2	0.439	344	188	0	23	359	4	347	2.865E-82	270
O18914.2	Q9YGZ5.1	0.432	350	194	0	23	364	4	353	5.354E-82	269
O18914.2	O62793.1	0.451	330	179	0	32	358	16	345	7.318E-82	269
O18914.2	P51474.1	0.442	338	185	0	33	364	17	354	1.367E-81	268
O18914.2	O62798.1	0.438	342	188	0	23	358	4	345	1.869E-81	268
O18914.2	Q8AYM8.1	0.436	344	190	0	23	359	4	347	1.869E-81	268
O18914.2	P51473.1	0.432	346	196	0	19	364	2	347	4.772E-81	267
O18914.2	O62792.1	0.435	342	189	0	23	358	4	345	1.219E-80	265
O18914.2	O42490.1	0.439	337	186	0	22	354	13	349	1.665E-80	265
O18914.2	P87365.1	0.439	329	183	0	31	358	21	349	2.467E-78	259
P35358.1	P35358.1	0.968	365	12	0	1	365	1	365	5.889E-247	746
P35358.1	P41592.1	0.842	365	58	0	1	365	5	369	8.809E-209	636
P35358.1	P22329.1	0.829	362	61	0	4	365	3	362	3.576E-203	620
P35358.1	O12948.1	0.814	365	68	0	1	365	1	365	1.420E-200	612
P35358.1	P04001.1	0.789	365	77	0	1	365	1	364	4.730E-193	591
P35358.1	P04000.2	0.786	365	78	0	1	365	1	364	3.129E-192	588
P35358.1	P87367.1	0.799	357	71	0	1	357	1	354	1.511E-191	586
P35358.1	P34989.1	0.816	347	63	0	11	356	4	350	9.995E-191	584
P35358.1	O18913.2	0.781	365	79	0	1	365	1	364	1.876E-190	583
P35358.1	Q9R024.1	0.778	365	81	0	1	365	1	364	9.059E-190	581
P35358.1	O35478.2	0.776	365	81	0	1	365	1	364	3.192E-189	580
P35358.1	Q9BGI7.1	0.776	365	81	0	1	365	1	364	5.992E-189	579
P35358.1	O35476.2	0.809	347	66	0	19	365	15	359	1.541E-188	578
P35358.1	P22332.2	0.789	357	74	0	1	357	1	354	2.112E-188	577
P35358.1	O18914.2	0.773	365	82	0	1	365	1	364	2.893E-188	577
P35358.1	Q95170.1	0.806	347	67	0	19	365	20	364	1.019E-187	575
P35358.1	P32313.1	0.784	357	76	0	1	357	1	354	3.592E-187	574
P35358.1	O35599.1	0.803	347	68	0	19	365	15	359	4.922E-187	573
P35358.1	Q9W6A7.1	0.783	357	77	0	1	357	1	354	6.743E-187	573
P35358.1	Q8AYN0.1	0.790	353	73	0	5	357	4	353	1.266E-186	572
P35358.1	O18912.2	0.801	347	68	0	19	365	20	364	1.734E-186	572
P35358.1	O18910.2	0.767	365	85	0	1	365	1	364	1.734E-186	572
P35358.1	P22331.1	0.778	350	77	0	9	358	7	353	1.988E-181	557
P35358.1	P22330.1	0.772	350	79	0	9	358	9	355	8.695E-180	552
P35358.1	O18911.1	0.827	273	47	0	47	319	1	273	3.961E-150	467
P35358.1	P51476.1	0.552	301	134	0	35	335	15	314	1.058E-98	318
P35358.1	P51475.1	0.538	303	139	0	33	335	11	312	5.577E-96	310
P35358.1	O13092.1	0.486	329	168	0	37	364	20	348	6.008E-91	295
P35358.1	Q9W6A9.2	0.493	321	162	0	38	358	16	335	2.102E-90	294
P35358.1	O57605.1	0.482	330	169	0	37	364	17	346	2.874E-90	293
P35358.1	P28684.1	0.456	350	187	0	15	364	2	346	6.573E-89	289
P35358.1	P51490.1	0.478	329	171	0	37	364	20	348	6.573E-89	289
P35358.1	P56515.1	0.452	351	188	0	22	365	4	354	4.297E-88	287
P35358.1	P03999.2	0.474	329	172	0	37	364	16	344	8.034E-88	286
P35358.1	P60015.1	0.474	329	172	0	37	364	19	347	8.034E-88	286
P35358.1	P56514.1	0.451	351	188	0	22	365	4	354	1.099E-87	286
P35358.1	P79863.1	0.449	351	189	0	22	365	4	354	3.840E-87	284
P35358.1	Q90245.1	0.466	334	176	0	36	365	21	354	3.840E-87	284
P35358.1	P35359.2	0.449	351	189	0	22	365	4	354	5.251E-87	284
P35358.1	O13227.1	0.451	347	188	0	22	365	4	350	1.835E-86	282
P35358.1	Q63652.2	0.469	329	174	0	37	364	17	345	2.509E-86	282
P35358.1	Q9W6A6.2	0.453	344	184	0	22	358	4	347	2.509E-86	282
P35358.1	P52202.1	0.448	349	189	0	22	365	4	352	2.509E-86	282
P35358.1	P56516.1	0.446	351	190	0	22	365	4	354	3.430E-86	282
P35358.1	P22328.1	0.448	348	189	0	22	365	4	351	4.690E-86	281
P35358.1	P22671.1	0.446	350	190	0	22	365	4	353	6.412E-86	281
P35358.1	P29403.1	0.445	351	190	0	22	365	4	354	6.412E-86	281
P35358.1	Q90309.1	0.475	321	167	0	38	358	16	335	1.199E-85	280
P35358.1	Q8HY69.2	0.470	325	170	0	36	357	21	345	1.199E-85	280
P35358.1	P79756.1	0.444	351	191	0	22	365	4	354	1.199E-85	280
P35358.1	P87368.1	0.477	319	165	0	37	355	15	331	1.639E-85	280
P35358.1	Q9W6A5.2	0.450	344	185	0	22	358	4	347	1.639E-85	280
P35358.1	P51470.1	0.443	351	191	0	22	365	4	354	2.241E-85	279
P35358.1	P79848.1	0.443	351	191	0	22	365	4	354	2.241E-85	279
P35358.1	Q8AYM8.1	0.449	344	185	0	22	358	4	347	3.063E-85	279
P35358.1	Q769E8.1	0.468	325	171	0	36	357	21	345	4.188E-85	278
P35358.1	P49912.1	0.450	342	184	0	22	357	4	345	5.725E-85	278
P35358.1	Q8AYM7.1	0.448	344	185	0	22	358	4	347	5.725E-85	278
P35358.1	Q9YGZ8.1	0.442	350	191	0	22	365	4	353	5.725E-85	278
P35358.1	P87369.1	0.441	351	192	0	22	365	4	354	5.725E-85	278
P35358.1	P32311.1	0.448	344	185	0	22	358	4	347	7.827E-85	278
P35358.1	Q95KU1.1	0.449	342	185	0	22	357	4	345	1.070E-84	277
P35358.1	P51491.1	0.462	329	176	0	37	364	17	345	1.463E-84	277
P35358.1	P08100.1	0.466	325	171	0	36	357	21	345	1.463E-84	277
P35358.1	Q98980.1	0.441	350	192	0	22	365	4	353	1.463E-84	277
P35358.1	O18766.1	0.448	342	185	0	22	357	4	345	2.000E-84	276
P35358.1	P51488.1	0.440	351	192	0	22	365	4	354	2.000E-84	276
P35358.1	P32312.1	0.446	344	186	0	22	358	4	347	2.734E-84	276
P35358.1	O93459.1	0.439	351	192	0	22	365	4	354	2.734E-84	276
P35358.1	Q28886.1	0.465	325	172	0	36	357	21	345	3.738E-84	276
P35358.1	P41591.1	0.441	349	192	0	22	365	4	352	3.738E-84	276
P35358.1	O93441.1	0.439	351	192	0	22	365	4	354	3.738E-84	276
P35358.1	O62796.1	0.447	342	185	0	22	357	4	345	5.110E-84	275
P35358.1	Q9YGZ6.1	0.439	350	192	0	22	365	4	353	5.110E-84	275
P35358.1	Q90214.1	0.456	332	179	0	36	365	21	352	6.985E-84	275
P35358.1	P32309.1	0.438	351	193	0	22	365	4	354	6.985E-84	275
P35358.1	P51489.1	0.463	325	172	0	36	357	21	345	9.549E-84	274
P35358.1	P02700.2	0.446	342	186	0	22	357	4	345	9.549E-84	274
P35358.1	P31355.1	0.437	351	193	0	22	365	4	354	9.549E-84	274
P35358.1	P32308.1	0.445	342	186	0	22	357	4	345	1.305E-83	274
P35358.1	P28681.1	0.463	325	172	0	36	357	21	345	1.305E-83	274
P35358.1	Q90215.1	0.455	332	179	0	36	365	21	352	1.305E-83	274
P35358.1	P35357.1	0.436	352	193	0	22	365	4	355	1.305E-83	274
P35358.1	P02699.1	0.445	342	186	0	22	357	4	345	1.785E-83	274
P35358.1	Q9YGZ5.1	0.437	350	193	0	22	365	4	353	1.785E-83	274
P35358.1	P28683.1	0.435	352	194	0	22	365	4	355	1.785E-83	274
P35358.1	P41590.1	0.438	349	193	0	22	365	4	352	2.439E-83	273
P35358.1	P51473.1	0.445	340	188	0	27	365	8	347	4.559E-83	273
P35358.1	P15409.2	0.461	325	173	0	36	357	21	345	4.559E-83	273
P35358.1	Q9YGZ3.1	0.434	351	194	0	22	365	4	354	6.231E-83	272
P35358.1	Q9YH05.1	0.435	350	194	0	22	365	4	353	8.518E-83	272
P35358.1	P79807.1	0.435	349	194	0	22	365	1	349	1.164E-82	271
P35358.1	Q9DGG4.1	0.434	350	194	0	22	365	4	353	1.164E-82	271
P35358.1	Q9YGZ2.1	0.434	349	194	0	22	365	4	352	2.974E-82	270
P35358.1	P79809.1	0.452	330	180	0	36	365	18	347	4.065E-82	270
P35358.1	O62794.1	0.440	342	188	0	22	357	4	345	4.065E-82	270
P35358.1	Q9YGZ0.1	0.434	348	194	0	22	365	4	351	5.556E-82	269
P35358.1	O62795.1	0.439	342	188	0	22	357	4	345	7.595E-82	269
P35358.1	O62791.1	0.439	342	188	0	22	357	4	345	7.595E-82	269
P35358.1	O42604.1	0.431	351	195	0	22	365	4	354	7.595E-82	269
P35358.1	Q9YGY9.1	0.432	349	195	0	22	365	4	352	1.038E-81	269
P35358.1	O62793.1	0.438	342	188	0	22	357	4	345	1.419E-81	268
P35358.1	P79903.1	0.433	347	194	0	22	365	1	347	1.939E-81	268
P35358.1	Q68J47.1	0.438	342	188	0	22	357	4	345	1.939E-81	268
P35358.1	P28682.1	0.447	332	181	0	38	365	30	361	1.939E-81	268
P35358.1	Q6W3E1.1	0.437	342	189	0	22	357	4	345	3.623E-81	267
P35358.1	P79901.1	0.430	348	196	0	22	365	1	348	4.952E-81	267
P35358.1	P79808.1	0.430	348	196	0	22	365	1	348	4.952E-81	267
P35358.1	P79911.1	0.430	347	196	0	22	365	1	347	9.251E-81	266
P35358.1	P51471.1	0.426	352	197	0	22	365	4	355	9.251E-81	266
P35358.1	P51472.1	0.445	332	181	0	30	357	20	351	9.251E-81	266
P35358.1	O62798.1	0.435	342	189	0	22	357	4	345	1.264E-80	265
P35358.1	P32310.1	0.456	321	174	0	38	357	27	347	1.264E-80	265
P35358.1	P79902.1	0.445	331	183	0	36	365	18	348	1.728E-80	265
P35358.1	P79798.1	0.427	349	197	0	22	365	1	349	2.362E-80	265
P35358.1	O62792.1	0.433	342	190	0	22	357	4	345	4.412E-80	264
P35358.1	P79812.1	0.427	348	197	0	22	365	4	351	4.412E-80	264
P35358.1	P79898.1	0.427	348	197	0	22	365	4	351	6.030E-80	263
P35358.1	P79914.1	0.424	348	198	0	22	365	1	348	2.875E-79	261
P35358.1	O42490.1	0.460	312	163	0	24	335	26	328	3.929E-79	261
P35358.1	Q9W6A8.1	0.442	321	178	0	38	357	30	350	5.807E-77	255
P35358.1	P51474.1	0.431	331	187	0	36	365	24	354	1.084E-76	254
P35358.1	P87365.1	0.429	329	187	0	30	357	21	349	1.316E-75	251
P28683.1	P28683.1	0.972	355	10	0	1	355	1	355	5.309E-241	728
P28683.1	P51471.1	0.927	355	26	0	1	355	1	355	5.320E-228	691
P28683.1	P35357.1	0.854	355	52	0	1	355	1	355	1.614E-206	629
P28683.1	P32311.1	0.815	348	64	0	1	348	1	347	4.632E-191	584
P28683.1	P22671.1	0.785	355	76	0	1	355	1	353	1.511E-186	571
P28683.1	Q98980.1	0.785	355	76	0	1	355	1	353	2.070E-186	571
P28683.1	Q9W6A6.2	0.798	348	70	0	1	348	1	347	2.837E-186	571
P28683.1	P32312.1	0.797	348	70	0	1	348	1	347	3.887E-186	570
P28683.1	Q8AYM7.1	0.793	348	72	0	1	348	1	347	9.062E-185	566
P28683.1	P56515.1	0.775	355	79	0	1	355	1	354	1.542E-183	563
P28683.1	P56514.1	0.765	355	83	0	1	355	1	354	1.573E-180	554
P28683.1	P29403.1	0.763	355	84	0	1	355	1	354	4.046E-180	553
P28683.1	P51470.1	0.762	355	84	0	1	355	1	354	7.595E-180	552
P28683.1	P22328.1	0.761	355	84	0	1	355	1	351	1.426E-179	551
P28683.1	P51474.1	0.761	355	84	0	1	355	4	354	1.426E-179	551
P28683.1	P31355.1	0.759	355	85	0	1	355	1	354	9.430E-179	549
P28683.1	P56516.1	0.757	355	86	0	1	355	1	354	3.323E-178	547
P28683.1	P52202.1	0.756	355	86	0	1	355	1	352	6.237E-178	546
P28683.1	P79863.1	0.749	355	89	0	1	355	1	354	7.016E-176	541
P28683.1	Q90245.1	0.747	355	89	0	1	355	1	354	1.804E-175	539
P28683.1	Q8AYM8.1	0.759	348	83	0	1	348	1	347	3.387E-175	539
P28683.1	P32308.1	0.760	347	83	0	1	347	1	345	8.710E-175	537
P28683.1	P41591.1	0.745	355	90	0	1	355	1	352	1.193E-174	537
P28683.1	O93459.1	0.745	355	90	0	1	355	1	354	1.193E-174	537
P28683.1	P49912.1	0.743	355	89	0	1	355	1	348	4.204E-174	535
P28683.1	O62796.1	0.741	355	90	0	1	355	1	348	1.081E-173	534
P28683.1	Q28886.1	0.741	355	90	0	1	355	1	348	1.481E-173	534
P28683.1	Q95KU1.1	0.755	347	84	0	1	347	1	345	1.481E-173	534
P28683.1	P02699.1	0.739	355	91	0	1	355	1	348	5.219E-173	532
P28683.1	O18766.1	0.738	355	91	0	1	355	1	348	9.795E-173	531
P28683.1	P08100.1	0.738	355	91	0	1	355	1	348	1.342E-172	531
P28683.1	O62791.1	0.736	355	92	0	1	355	1	348	4.728E-172	529
P28683.1	Q8HY69.2	0.735	355	92	0	1	355	1	348	8.874E-172	529
P28683.1	O62794.1	0.749	347	86	0	1	347	1	345	1.216E-171	528
P28683.1	P02700.2	0.734	355	92	0	1	355	1	348	1.216E-171	528
P28683.1	Q9W6A5.2	0.745	348	88	0	1	348	1	347	4.283E-171	527
P28683.1	Q90215.1	0.732	355	94	0	1	355	1	352	4.283E-171	527
P28683.1	O93441.1	0.732	355	95	0	1	355	1	354	4.283E-171	527
P28683.1	Q68J47.1	0.732	355	93	0	1	355	1	348	5.868E-171	526
P28683.1	P15409.2	0.732	355	93	0	1	355	1	348	8.039E-171	526
P28683.1	O62793.1	0.732	355	93	0	1	355	1	348	8.039E-171	526
P28683.1	O62795.1	0.745	347	88	0	1	347	1	345	1.509E-170	525
P28683.1	P28681.1	0.730	355	94	0	1	355	1	348	2.067E-170	525
P28683.1	Q769E8.1	0.730	355	94	0	1	355	1	348	2.832E-170	524
P28683.1	O62798.1	0.729	355	94	0	1	355	1	348	5.315E-170	524
P28683.1	P35359.2	0.727	355	96	0	1	355	1	354	1.367E-169	522
P28683.1	Q6W3E1.1	0.727	355	95	0	1	355	1	348	1.872E-169	522
P28683.1	O62792.1	0.727	355	95	0	1	355	1	348	1.872E-169	522
P28683.1	P51489.1	0.724	355	96	0	1	355	1	348	1.238E-168	520
P28683.1	P51488.1	0.721	355	98	0	1	355	1	354	8.185E-168	517
P28683.1	Q90214.1	0.713	355	101	0	1	355	1	352	1.726E-165	511
P28683.1	P32309.1	0.713	355	101	0	1	355	1	354	2.365E-165	510
P28683.1	O13227.1	0.712	355	101	0	1	355	1	350	4.438E-165	509
P28683.1	P87369.1	0.709	355	103	0	1	355	1	354	2.934E-164	507
P28683.1	P79848.1	0.709	355	103	0	1	355	1	354	2.934E-164	507
P28683.1	P79756.1	0.709	355	103	0	1	355	1	354	4.019E-164	507
P28683.1	P41590.1	0.708	355	102	0	1	355	1	352	7.543E-164	506
P28683.1	O42604.1	0.708	355	103	0	1	355	1	354	7.543E-164	506
P28683.1	Q9YH05.1	0.706	355	103	0	1	355	1	353	2.657E-163	504
P28683.1	Q9YGZ8.1	0.704	355	104	0	1	355	1	353	6.830E-163	503
P28683.1	Q9YGY9.1	0.701	355	105	0	1	355	1	352	6.184E-162	500
P28683.1	Q9DGG4.1	0.701	355	105	0	1	355	1	353	6.184E-162	500
P28683.1	Q9YGZ3.1	0.700	355	106	0	1	355	1	354	1.161E-161	499
P28683.1	Q9YGZ2.1	0.699	355	106	0	1	355	1	352	2.178E-161	499
P28683.1	Q9YGZ6.1	0.698	355	106	0	1	355	1	353	4.087E-161	498
P28683.1	Q9YGZ5.1	0.698	355	106	0	1	355	1	353	4.087E-161	498
P28683.1	Q9YGZ0.1	0.696	355	106	0	1	355	1	351	1.972E-160	496
P28683.1	P79807.1	0.691	352	108	0	4	355	1	349	1.463E-157	488
P28683.1	P79903.1	0.684	352	109	0	4	355	1	347	1.641E-155	482
P28683.1	P79898.1	0.677	355	113	0	1	355	1	351	5.780E-155	480
P28683.1	P79911.1	0.682	352	110	0	4	355	1	347	7.917E-155	480
P28683.1	P79812.1	0.676	355	113	0	1	355	1	351	1.084E-154	479
P28683.1	P79798.1	0.681	352	111	0	4	355	1	349	1.486E-154	479
P28683.1	P79901.1	0.677	352	112	0	4	355	1	348	1.344E-153	476
P28683.1	P79808.1	0.676	352	112	0	4	355	1	348	3.455E-153	475
P28683.1	P79902.1	0.673	352	113	0	4	355	1	348	3.127E-152	472
P28683.1	P79809.1	0.672	352	113	0	4	355	1	347	5.866E-152	471
P28683.1	P79914.1	0.669	352	115	0	4	355	1	348	3.875E-151	469
P28683.1	P28682.1	0.578	349	146	0	8	355	13	361	1.496E-123	389
P28683.1	P51472.1	0.551	341	152	0	8	347	11	351	3.492E-113	359
P28683.1	P32310.1	0.542	340	154	0	8	347	10	347	4.777E-110	350
P28683.1	P51473.1	0.529	348	161	0	8	355	6	347	3.141E-109	348
P28683.1	O57605.1	0.520	354	166	0	1	354	1	346	8.055E-109	347
P28683.1	Q9W6A8.1	0.529	340	159	0	8	347	13	350	1.222E-106	340
P28683.1	P28684.1	0.527	337	158	0	18	354	13	346	5.276E-105	336
P28683.1	O13092.1	0.528	332	154	0	23	354	21	348	1.664E-103	331
P28683.1	P51490.1	0.519	332	157	0	23	354	21	348	3.444E-101	325
P28683.1	P51491.1	0.492	354	175	0	1	354	1	345	1.208E-100	323
P28683.1	P03999.2	0.516	332	158	0	23	354	17	344	3.094E-100	322
P28683.1	P60015.1	0.516	332	158	0	23	354	20	347	3.094E-100	322
P28683.1	P87365.1	0.505	340	167	0	8	347	12	349	5.794E-100	321
P28683.1	Q63652.2	0.506	332	162	0	23	354	18	345	1.197E-97	314
P28683.1	Q90309.1	0.506	327	158	0	22	348	15	335	5.148E-96	310
P28683.1	P51476.1	0.524	307	145	0	23	329	18	323	5.667E-94	304
P28683.1	Q9W6A9.2	0.497	327	161	0	22	348	15	335	1.451E-93	302
P28683.1	P51475.1	0.522	305	145	0	23	327	16	319	6.950E-93	301
P28683.1	P04000.2	0.450	354	189	0	2	355	21	364	2.142E-88	287
P28683.1	P04001.1	0.450	354	189	0	2	355	21	364	2.142E-88	287
P28683.1	P87368.1	0.482	323	163	0	23	345	16	331	2.930E-88	287
P28683.1	P22329.1	0.458	342	180	0	14	355	30	362	1.917E-87	285
P28683.1	P41592.1	0.457	342	181	0	14	355	36	369	3.585E-87	284
P28683.1	O18914.2	0.444	352	190	0	4	355	23	364	4.385E-86	281
P28683.1	O35478.2	0.442	354	191	0	2	355	21	364	5.997E-86	280
P28683.1	Q9BGI7.1	0.443	352	190	0	4	355	23	364	5.997E-86	280
P28683.1	Q9R024.1	0.442	354	191	0	2	355	21	364	5.997E-86	280
P28683.1	O12948.1	0.453	342	182	0	14	355	32	365	5.997E-86	280
P28683.1	Q95170.1	0.442	352	190	0	4	355	23	364	1.121E-85	280
P28683.1	O18910.2	0.441	354	192	0	2	355	21	364	1.121E-85	280
P28683.1	O18912.2	0.440	354	192	0	2	355	21	364	2.097E-85	279
P28683.1	P87367.1	0.446	344	185	0	4	347	20	354	1.371E-84	276
P28683.1	O35476.2	0.436	354	193	0	2	355	16	359	2.563E-84	276
P28683.1	P35358.1	0.438	352	193	0	4	355	22	365	2.563E-84	276
P28683.1	P34989.1	0.444	345	187	0	2	346	14	350	3.505E-84	275
P28683.1	O18913.2	0.435	354	194	0	2	355	21	364	3.505E-84	275
P28683.1	Q8AYN0.1	0.454	334	177	0	14	347	29	353	4.792E-84	275
P28683.1	O35599.1	0.433	354	194	0	2	355	16	359	1.675E-83	273
P28683.1	Q9W6A7.1	0.452	334	178	0	14	347	30	354	2.290E-83	273
P28683.1	P22332.2	0.450	334	178	0	14	347	30	354	5.853E-83	272
P28683.1	O42490.1	0.484	304	155	0	20	323	31	331	5.853E-83	272
P28683.1	P32313.1	0.445	339	183	0	9	347	25	354	8.003E-83	271
P28683.1	P22330.1	0.438	328	180	0	21	348	34	355	4.522E-78	258
P28683.1	P22331.1	0.438	328	180	0	21	348	32	353	6.181E-78	257
P28683.1	O18911.1	0.464	273	146	0	32	304	1	273	2.926E-69	232
Q9W6A5.2	Q9W6A5.2	0.962	349	13	0	1	349	1	349	3.826E-234	708
Q9W6A5.2	Q8AYM8.1	0.909	349	32	0	1	349	1	349	5.930E-219	664
Q9W6A5.2	Q8AYM7.1	0.845	349	54	0	1	349	1	349	1.281E-200	612
Q9W6A5.2	Q9W6A6.2	0.833	349	58	0	1	349	1	349	4.620E-197	601
Q9W6A5.2	P32312.1	0.819	349	63	0	1	349	1	349	4.283E-193	590
Q9W6A5.2	P32311.1	0.815	349	64	0	1	349	1	349	9.994E-192	586
Q9W6A5.2	P51474.1	0.772	347	79	0	1	347	4	349	2.534E-178	547
Q9W6A5.2	P51471.1	0.752	348	86	0	1	347	1	348	2.909E-173	533
Q9W6A5.2	P35357.1	0.751	348	86	0	1	347	1	348	7.481E-173	531
Q9W6A5.2	P28683.1	0.744	348	89	0	1	347	1	348	6.142E-171	526
Q9W6A5.2	P22671.1	0.733	347	92	0	1	347	1	346	3.021E-167	515
Q9W6A5.2	Q98980.1	0.729	347	93	0	1	347	1	346	5.136E-166	512
Q9W6A5.2	P56514.1	0.725	347	95	0	1	347	1	347	6.374E-165	509
Q9W6A5.2	P56516.1	0.723	347	96	0	1	347	1	347	2.245E-164	507
Q9W6A5.2	P56515.1	0.721	347	97	0	1	347	1	347	7.909E-164	505
Q9W6A5.2	P29403.1	0.719	347	97	0	1	347	1	347	2.786E-163	504
Q9W6A5.2	P51470.1	0.718	347	98	0	1	347	1	347	5.229E-163	503
Q9W6A5.2	P31355.1	0.715	347	99	0	1	347	1	347	3.457E-162	501
Q9W6A5.2	Q90245.1	0.711	347	100	0	1	347	1	347	4.289E-161	497
Q9W6A5.2	P49912.1	0.706	349	102	0	1	349	1	348	2.069E-160	496
Q9W6A5.2	P32308.1	0.705	349	102	0	1	349	1	348	3.884E-160	495
Q9W6A5.2	Q95KU1.1	0.705	349	102	0	1	349	1	348	3.884E-160	495
Q9W6A5.2	P22328.1	0.708	347	100	0	1	347	1	344	5.321E-160	494
Q9W6A5.2	P52202.1	0.707	347	101	0	1	347	1	345	7.289E-160	494
Q9W6A5.2	Q8HY69.2	0.702	349	103	0	1	349	1	348	2.567E-159	492
Q9W6A5.2	Q6W3E1.1	0.702	349	103	0	1	349	1	348	2.567E-159	492
Q9W6A5.2	P08100.1	0.701	349	104	0	1	349	1	348	4.818E-159	492
Q9W6A5.2	Q28886.1	0.700	349	104	0	1	349	1	348	9.042E-159	491
Q9W6A5.2	O18766.1	0.699	349	104	0	1	349	1	348	1.697E-158	490
Q9W6A5.2	O62794.1	0.698	349	105	0	1	349	1	348	3.184E-158	489
Q9W6A5.2	O62791.1	0.698	349	105	0	1	349	1	348	3.184E-158	489
Q9W6A5.2	O62795.1	0.697	349	105	0	1	349	1	348	5.976E-158	488
Q9W6A5.2	O93459.1	0.700	347	104	0	1	347	1	347	5.976E-158	488
Q9W6A5.2	Q769E8.1	0.696	349	105	0	1	349	1	348	1.122E-157	488
Q9W6A5.2	Q68J47.1	0.695	349	106	0	1	349	1	348	2.883E-157	486
Q9W6A5.2	P15409.2	0.694	349	106	0	1	349	1	348	3.950E-157	486
Q9W6A5.2	P51489.1	0.694	349	106	0	1	349	1	348	5.411E-157	486
Q9W6A5.2	P79863.1	0.697	347	105	0	1	347	1	347	7.412E-157	485
Q9W6A5.2	Q90214.1	0.688	352	109	0	1	349	1	352	1.015E-156	485
Q9W6A5.2	P02699.1	0.692	349	107	0	1	349	1	348	1.391E-156	484
Q9W6A5.2	P28681.1	0.692	349	107	0	1	349	1	348	1.391E-156	484
Q9W6A5.2	O62793.1	0.692	349	107	0	1	349	1	348	1.391E-156	484
Q9W6A5.2	P02700.2	0.691	349	107	0	1	349	1	348	2.610E-156	484
Q9W6A5.2	O62796.1	0.691	349	107	0	1	349	1	348	3.576E-156	483
Q9W6A5.2	P41591.1	0.684	352	110	0	1	349	1	352	9.193E-156	482
Q9W6A5.2	O93441.1	0.691	347	107	0	1	347	1	347	3.237E-155	481
Q9W6A5.2	O62798.1	0.687	349	109	0	1	349	1	348	4.435E-155	480
Q9W6A5.2	Q90215.1	0.680	352	111	0	1	349	1	352	2.139E-154	478
Q9W6A5.2	O42604.1	0.688	347	108	0	1	347	1	347	2.139E-154	478
Q9W6A5.2	O62792.1	0.684	349	110	0	1	349	1	348	2.931E-154	478
Q9W6A5.2	P51488.1	0.687	347	108	0	1	347	1	347	4.014E-154	477
Q9W6A5.2	Q9YGZ3.1	0.684	347	109	0	1	347	1	347	3.634E-153	475
Q9W6A5.2	P35359.2	0.684	347	109	0	1	347	1	347	3.634E-153	475
Q9W6A5.2	O13227.1	0.678	350	112	0	1	349	1	350	6.819E-153	474
Q9W6A5.2	P32309.1	0.681	347	110	0	1	347	1	347	2.401E-152	472
Q9W6A5.2	Q9DGG4.1	0.675	347	112	0	1	347	1	346	1.048E-150	467
Q9W6A5.2	Q9YGZ0.1	0.674	346	112	0	1	346	1	345	6.924E-150	465
Q9W6A5.2	P79848.1	0.669	347	115	0	1	347	1	347	4.574E-149	463
Q9W6A5.2	P41590.1	0.661	352	118	0	1	349	1	352	6.265E-149	462
Q9W6A5.2	P87369.1	0.667	347	115	0	1	347	1	347	1.610E-148	461
Q9W6A5.2	P79756.1	0.666	347	116	0	1	347	1	347	3.021E-148	460
Q9W6A5.2	Q9YH05.1	0.665	347	116	0	1	347	1	346	7.766E-148	459
Q9W6A5.2	Q9YGZ5.1	0.664	347	116	0	1	347	1	346	1.996E-147	458
Q9W6A5.2	Q9YGY9.1	0.662	347	116	0	1	347	1	345	5.129E-147	457
Q9W6A5.2	Q9YGZ2.1	0.662	347	116	0	1	347	1	345	7.026E-147	456
Q9W6A5.2	Q9YGZ8.1	0.660	347	117	0	1	347	1	346	2.473E-146	455
Q9W6A5.2	P79898.1	0.652	351	121	0	1	349	1	351	6.356E-146	454
Q9W6A5.2	P79812.1	0.652	351	121	0	1	349	1	351	6.356E-146	454
Q9W6A5.2	P79809.1	0.657	347	118	0	4	349	1	347	1.193E-145	453
Q9W6A5.2	P79798.1	0.662	344	115	0	4	347	1	342	1.193E-145	453
Q9W6A5.2	Q9YGZ6.1	0.657	347	118	0	1	347	1	346	1.193E-145	453
Q9W6A5.2	P79807.1	0.662	344	115	0	4	347	1	342	1.633E-145	452
Q9W6A5.2	P79911.1	0.654	347	119	0	4	349	1	347	1.079E-144	450
Q9W6A5.2	P79903.1	0.652	347	120	0	4	349	1	347	3.797E-144	449
Q9W6A5.2	P79901.1	0.650	348	121	0	4	349	1	348	5.201E-144	448
Q9W6A5.2	P79914.1	0.650	348	121	0	4	349	1	348	7.124E-144	448
Q9W6A5.2	P79902.1	0.647	348	122	0	4	349	1	348	3.435E-143	446
Q9W6A5.2	P79808.1	0.646	348	122	0	4	349	1	348	6.443E-143	445
Q9W6A5.2	P28682.1	0.567	341	146	0	9	347	14	354	1.174E-117	372
Q9W6A5.2	P51472.1	0.560	342	149	0	9	348	12	353	5.092E-116	367
Q9W6A5.2	P32310.1	0.532	340	158	0	9	348	11	349	1.991E-107	342
Q9W6A5.2	Q9W6A8.1	0.529	340	159	0	9	348	14	352	1.309E-106	340
Q9W6A5.2	P87365.1	0.521	338	160	0	11	348	17	351	9.537E-104	332
Q9W6A5.2	P51473.1	0.502	343	168	0	5	347	3	340	3.328E-100	321
Q9W6A5.2	O57605.1	0.494	347	172	0	1	347	1	340	4.093E-99	318
Q9W6A5.2	P28684.1	0.511	330	160	0	18	347	13	340	2.687E-98	316
Q9W6A5.2	P03999.2	0.514	325	156	0	23	347	17	338	1.289E-97	314
Q9W6A5.2	P60015.1	0.514	325	156	0	23	347	20	341	1.289E-97	314
Q9W6A5.2	Q9W6A9.2	0.505	326	158	0	22	347	15	335	1.946E-95	308
Q9W6A5.2	O13092.1	0.481	343	174	0	5	347	6	342	3.270E-94	304
Q9W6A5.2	P51491.1	0.494	325	162	0	23	347	18	339	3.600E-92	298
Q9W6A5.2	P51490.1	0.491	325	163	0	23	347	21	342	1.725E-91	296
Q9W6A5.2	Q90309.1	0.490	326	163	0	22	347	15	335	2.360E-91	296
Q9W6A5.2	Q63652.2	0.486	325	165	0	23	347	18	339	5.415E-90	292
Q9W6A5.2	P51476.1	0.508	307	150	0	23	329	18	323	5.415E-90	292
Q9W6A5.2	P87368.1	0.483	322	163	0	23	344	16	331	2.323E-88	287
Q9W6A5.2	P51475.1	0.545	274	123	0	54	327	48	319	1.112E-87	285
Q9W6A5.2	P35358.1	0.451	344	184	0	4	347	22	358	4.765E-86	280
Q9W6A5.2	P87367.1	0.446	346	187	0	4	349	20	357	3.117E-85	278
Q9W6A5.2	Q9W6A7.1	0.444	346	187	0	4	349	20	357	1.491E-84	276
Q9W6A5.2	Q8AYN0.1	0.443	346	188	0	4	349	19	356	2.039E-84	276
Q9W6A5.2	P41592.1	0.442	344	187	0	4	347	26	362	1.824E-83	273
Q9W6A5.2	P22329.1	0.441	344	187	0	4	347	20	355	2.494E-83	273
Q9W6A5.2	P22332.2	0.438	346	189	0	4	349	20	357	8.718E-83	271
Q9W6A5.2	P04001.1	0.438	344	189	0	4	347	23	359	3.048E-82	269
Q9W6A5.2	O18914.2	0.434	346	193	0	4	349	23	364	7.791E-82	268
Q9W6A5.2	P32313.1	0.434	346	191	0	4	349	20	357	1.065E-81	268
Q9W6A5.2	Q95170.1	0.432	346	194	0	4	349	23	364	2.723E-81	267
Q9W6A5.2	O35478.2	0.431	346	194	0	4	349	23	364	5.090E-81	266
Q9W6A5.2	Q9BGI7.1	0.431	346	194	0	4	349	23	364	5.090E-81	266
Q9W6A5.2	O12948.1	0.432	344	191	0	4	347	22	358	9.515E-81	265
Q9W6A5.2	O18912.2	0.429	346	195	0	4	349	23	364	2.432E-80	264
Q9W6A5.2	O18913.2	0.428	346	195	0	4	349	23	364	6.214E-80	263
Q9W6A5.2	Q9R024.1	0.428	346	195	0	4	349	23	364	6.214E-80	263
Q9W6A5.2	O35476.2	0.428	344	192	0	4	347	18	354	1.161E-79	262
Q9W6A5.2	P04000.2	0.427	344	193	0	4	347	23	359	2.171E-79	261
Q9W6A5.2	O35599.1	0.426	344	193	0	4	347	18	354	5.546E-79	260
Q9W6A5.2	O18910.2	0.424	346	196	0	4	349	23	364	5.546E-79	260
Q9W6A5.2	P34989.1	0.427	342	191	0	4	345	16	350	1.037E-78	259
Q9W6A5.2	P22330.1	0.425	344	193	0	4	347	20	355	1.037E-78	259
Q9W6A5.2	O42490.1	0.482	290	149	0	34	323	44	331	1.937E-78	258
Q9W6A5.2	P22331.1	0.423	344	193	0	4	347	18	353	4.948E-78	257
Q9W6A5.2	O18911.1	0.454	273	149	0	32	304	1	273	4.739E-67	225
P51490.1	P51490.1	0.974	349	9	0	1	349	1	349	1.450E-237	718
P51490.1	P51491.1	0.882	345	41	0	4	348	1	345	1.085E-208	635
P51490.1	Q63652.2	0.880	345	41	0	4	348	1	345	3.826E-208	633
P51490.1	O13092.1	0.866	349	47	0	1	349	1	349	1.224E-206	629
P51490.1	P60015.1	0.859	349	49	0	1	349	1	348	1.892E-204	623
P51490.1	P03999.2	0.868	343	45	0	7	349	3	345	1.716E-203	620
P51490.1	O57605.1	0.835	346	57	0	4	348	1	346	1.078E-195	597
P51490.1	P28684.1	0.819	346	62	0	4	348	1	346	3.523E-191	584
P51490.1	P51473.1	0.794	346	71	0	4	348	1	346	3.333E-184	564
P51490.1	P87368.1	0.666	331	109	0	10	340	5	332	7.218E-141	439
P51490.1	Q90309.1	0.665	330	110	0	13	342	8	335	3.479E-140	437
P51490.1	Q9W6A9.2	0.661	330	111	0	13	342	8	335	5.901E-139	434
P51490.1	P28682.1	0.522	337	159	0	15	348	24	360	1.305E-103	331
P51490.1	P35357.1	0.525	332	155	0	21	348	23	354	6.268E-103	329
P51490.1	P51472.1	0.525	330	155	0	15	341	22	351	4.118E-102	327
P51490.1	P28683.1	0.522	332	156	0	21	348	23	354	4.118E-102	327
P51490.1	P32310.1	0.528	327	154	0	15	341	21	347	5.636E-102	327
P51490.1	P51471.1	0.521	332	157	0	21	348	23	354	7.713E-102	326
P51490.1	P32311.1	0.521	325	154	0	21	342	23	347	2.186E-99	319
P51490.1	P22671.1	0.514	330	159	0	21	348	23	352	2.991E-99	319
P51490.1	P32312.1	0.517	325	155	0	21	342	23	347	1.964E-98	316
P51490.1	P87365.1	0.506	334	162	0	15	348	23	351	2.687E-98	316
P51490.1	Q9W6A8.1	0.513	327	159	0	15	341	24	350	5.032E-98	315
P51490.1	Q9W6A6.2	0.515	325	156	0	21	342	23	347	9.422E-98	314
P51490.1	Q8AYM7.1	0.514	325	156	0	21	342	23	347	1.289E-97	314
P51490.1	Q98980.1	0.508	330	161	0	21	348	23	352	1.289E-97	314
P51490.1	P41591.1	0.500	329	164	0	21	348	23	351	4.985E-95	306
P51490.1	Q8HY69.2	0.506	323	158	0	21	341	23	345	9.331E-95	306
P51490.1	P51474.1	0.504	325	160	0	21	343	26	350	9.331E-95	306
P51490.1	O93441.1	0.493	331	166	0	21	348	23	353	8.374E-94	303
P51490.1	Q90245.1	0.478	344	176	0	10	348	10	353	1.146E-93	302
P51490.1	P51470.1	0.490	331	167	0	21	348	23	353	4.014E-93	301
P51490.1	O93459.1	0.490	331	167	0	21	348	23	353	4.014E-93	301
P51490.1	P79863.1	0.490	331	167	0	21	348	23	353	5.491E-93	301
P51490.1	P52202.1	0.492	329	166	0	21	348	23	351	7.512E-93	300
P51490.1	P56516.1	0.489	331	167	0	21	348	23	353	7.512E-93	300
P51490.1	P31355.1	0.489	331	167	0	21	348	23	353	1.028E-92	300
P51490.1	Q8AYM8.1	0.495	325	162	0	21	342	23	347	1.924E-92	299
P51490.1	P22328.1	0.491	328	166	0	21	348	23	350	1.924E-92	299
P51490.1	P51488.1	0.487	331	168	0	21	348	23	353	2.631E-92	299
P51490.1	Q9W6A5.2	0.494	325	162	0	21	342	23	347	3.600E-92	298
P51490.1	P29403.1	0.487	331	168	0	21	348	23	353	3.600E-92	298
P51490.1	P56515.1	0.485	331	168	0	21	348	23	353	9.217E-92	297
P51490.1	P51489.1	0.478	336	173	0	10	341	10	345	2.360E-91	296
P51490.1	O42604.1	0.484	331	169	0	21	348	23	353	2.360E-91	296
P51490.1	P08100.1	0.478	336	173	0	10	341	10	345	3.228E-91	295
P51490.1	O18766.1	0.492	323	163	0	21	341	23	345	4.416E-91	295
P51490.1	O13227.1	0.491	324	164	0	21	343	23	346	4.416E-91	295
P51490.1	P51476.1	0.515	304	146	0	17	320	14	316	6.041E-91	295
P51490.1	Q769E8.1	0.476	336	173	0	10	341	10	345	8.264E-91	294
P51490.1	P04001.1	0.490	324	164	0	20	343	38	360	8.264E-91	294
P51490.1	Q28886.1	0.476	336	173	0	10	341	10	345	1.130E-90	294
P51490.1	O62795.1	0.491	323	163	0	21	341	23	345	1.130E-90	294
P51490.1	P49912.1	0.490	323	163	0	21	341	23	345	1.546E-90	293
P51490.1	P15409.2	0.475	336	174	0	10	341	10	345	1.546E-90	293
P51490.1	P79807.1	0.483	329	169	0	21	348	20	348	1.546E-90	293
P51490.1	O62794.1	0.490	323	163	0	21	341	23	345	2.115E-90	293
P51490.1	P02699.1	0.490	323	163	0	21	341	23	345	2.115E-90	293
P51490.1	Q6W3E1.1	0.490	323	163	0	21	341	23	345	2.115E-90	293
P51490.1	P56514.1	0.480	331	170	0	21	348	23	353	2.115E-90	293
P51490.1	Q95KU1.1	0.489	323	164	0	21	341	23	345	3.958E-90	292
P51490.1	Q9R024.1	0.487	324	165	0	20	343	38	360	3.958E-90	292
P51490.1	P35358.1	0.482	329	169	0	20	348	37	364	3.958E-90	292
P51490.1	P32308.1	0.488	323	164	0	21	341	23	345	5.415E-90	292
P51490.1	O35478.2	0.487	324	165	0	20	343	38	360	5.415E-90	292
P51490.1	P32309.1	0.478	331	171	0	21	348	23	353	7.407E-90	291
P51490.1	O35476.2	0.486	324	166	0	20	343	33	355	7.407E-90	291
P51490.1	O62796.1	0.487	323	164	0	21	341	23	345	1.013E-89	291
P51490.1	Q68J47.1	0.487	323	164	0	21	341	23	345	1.013E-89	291
P51490.1	P79798.1	0.480	329	170	0	21	348	20	348	1.013E-89	291
P51490.1	P28681.1	0.472	336	175	0	10	341	10	345	1.386E-89	291
P51490.1	O35599.1	0.481	327	169	0	17	343	30	355	1.896E-89	290
P51490.1	P79914.1	0.483	325	166	0	21	343	20	344	2.593E-89	290
P51490.1	Q9YGY9.1	0.479	329	170	0	21	348	23	351	2.593E-89	290
P51490.1	O62791.1	0.484	323	165	0	21	341	23	345	4.852E-89	289
P51490.1	Q9YGZ2.1	0.478	329	171	0	21	348	23	351	4.852E-89	289
P51490.1	P35359.2	0.475	331	172	0	21	348	23	353	6.637E-89	289
P51490.1	P79901.1	0.481	325	167	0	21	343	20	344	1.242E-88	288
P51490.1	O62793.1	0.483	323	165	0	21	341	23	345	1.242E-88	288
P51490.1	P79898.1	0.480	325	167	0	21	343	23	347	1.698E-88	287
P51490.1	P87369.1	0.473	331	172	0	21	348	23	353	1.698E-88	287
P51490.1	P04000.2	0.481	324	167	0	20	343	38	360	1.698E-88	287
P51490.1	P41592.1	0.476	329	171	0	20	348	41	368	1.698E-88	287
P51490.1	P02700.2	0.482	323	166	0	21	341	23	345	2.323E-88	287
P51490.1	O12948.1	0.474	329	172	0	20	348	37	364	4.346E-88	286
P51490.1	P79808.1	0.478	325	168	0	21	343	20	344	5.944E-88	286
P51490.1	O18914.2	0.480	323	167	0	21	343	39	360	5.944E-88	286
P51490.1	P79812.1	0.478	325	168	0	21	343	23	347	8.131E-88	286
P51490.1	Q9YGZ8.1	0.472	330	173	0	21	348	23	352	8.131E-88	286
P51490.1	P79756.1	0.471	331	173	0	21	348	23	353	8.131E-88	286
P51490.1	O18913.2	0.478	324	168	0	20	343	38	360	1.112E-87	285
P51490.1	O18910.2	0.478	324	168	0	20	343	38	360	1.112E-87	285
P51490.1	P79902.1	0.476	325	169	0	21	343	20	344	1.521E-87	285
P51490.1	Q90214.1	0.461	339	179	0	10	343	10	348	1.521E-87	285
P51490.1	P79848.1	0.470	331	173	0	21	348	23	353	1.521E-87	285
P51490.1	O18912.2	0.467	334	177	0	10	343	28	360	1.521E-87	285
P51490.1	P34989.1	0.482	320	165	0	20	339	31	349	2.080E-87	284
P51490.1	P41590.1	0.475	326	169	0	21	343	23	348	2.080E-87	284
P51490.1	Q9DGG4.1	0.470	330	173	0	21	348	23	352	2.080E-87	284
P51490.1	O62798.1	0.478	323	167	0	21	341	23	345	2.845E-87	284
P51490.1	Q90215.1	0.474	326	169	0	21	343	23	348	2.845E-87	284
P51490.1	Q9YGZ3.1	0.469	331	174	0	21	348	23	353	2.845E-87	284
P51490.1	Q9YGZ6.1	0.469	330	174	0	21	348	23	352	3.892E-87	284
P51490.1	Q9YGZ5.1	0.469	330	174	0	21	348	23	352	3.892E-87	284
P51490.1	Q9BGI7.1	0.477	323	168	0	21	343	39	360	3.892E-87	284
P51490.1	P51475.1	0.503	301	149	0	20	320	15	314	5.323E-87	283
P51490.1	Q9YH05.1	0.468	330	174	0	21	348	23	352	7.280E-87	283
P51490.1	O62792.1	0.476	323	168	0	21	341	23	345	9.957E-87	282
P51490.1	Q95170.1	0.476	323	168	0	21	343	39	360	9.957E-87	282
P51490.1	P79911.1	0.474	324	169	0	21	343	20	343	1.362E-86	282
P51490.1	P79809.1	0.473	324	170	0	21	343	20	343	2.547E-86	281
P51490.1	P79903.1	0.473	324	170	0	21	343	20	343	2.547E-86	281
P51490.1	Q9YGZ0.1	0.472	325	170	0	21	343	23	347	2.547E-86	281
P51490.1	P22329.1	0.463	329	175	0	20	348	35	361	3.117E-85	278
P51490.1	Q8AYN0.1	0.466	321	170	0	21	341	35	353	1.824E-83	273
P51490.1	P87367.1	0.466	321	170	0	21	341	36	354	1.824E-83	273
P51490.1	Q9W6A7.1	0.463	321	171	0	21	341	36	354	8.718E-83	271
P51490.1	P22332.2	0.446	337	185	0	5	341	20	354	1.192E-82	271
P51490.1	P32313.1	0.444	337	186	0	5	341	20	354	3.048E-82	269
P51490.1	P22331.1	0.448	322	176	0	21	342	34	353	4.057E-79	260
P51490.1	P22330.1	0.447	322	176	0	21	342	36	355	5.546E-79	260
P51490.1	O42490.1	0.424	317	181	0	21	337	34	349	1.606E-71	238
P51490.1	O18911.1	0.462	273	146	0	30	302	1	273	8.234E-69	230
Q95KU1.1	Q95KU1.1	0.973	348	9	0	1	348	1	348	1.721E-236	715
Q95KU1.1	P32308.1	0.956	348	15	0	1	348	1	348	1.061E-231	701
Q95KU1.1	O62794.1	0.953	348	16	0	1	348	1	348	7.031E-231	699
Q95KU1.1	P49912.1	0.951	348	17	0	1	348	1	348	2.480E-230	697
Q95KU1.1	Q28886.1	0.951	348	17	0	1	348	1	348	2.480E-230	697
Q95KU1.1	O18766.1	0.951	348	17	0	1	348	1	348	2.480E-230	697
Q95KU1.1	O62796.1	0.951	348	17	0	1	348	1	348	3.398E-230	697
Q95KU1.1	P15409.2	0.951	348	17	0	1	348	1	348	3.398E-230	697
Q95KU1.1	P08100.1	0.950	348	17	0	1	348	1	348	6.382E-230	696
Q95KU1.1	O62795.1	0.948	348	18	0	1	348	1	348	2.251E-229	694
Q95KU1.1	P28681.1	0.946	348	19	0	1	348	1	348	5.794E-229	693
Q95KU1.1	P51489.1	0.945	348	19	0	1	348	1	348	1.088E-228	692
Q95KU1.1	Q769E8.1	0.945	348	19	0	1	348	1	348	1.088E-228	692
Q95KU1.1	P02700.2	0.943	348	20	0	1	348	1	348	7.208E-228	690
Q95KU1.1	O62791.1	0.941	348	20	0	1	348	1	348	2.542E-227	689
Q95KU1.1	Q68J47.1	0.938	348	22	0	1	348	1	348	1.229E-226	687
Q95KU1.1	Q6W3E1.1	0.937	348	22	0	1	348	1	348	3.162E-226	685
Q95KU1.1	P02699.1	0.935	348	23	0	1	348	1	348	1.115E-225	684
Q95KU1.1	O62798.1	0.931	348	24	0	1	348	1	348	1.387E-224	681
Q95KU1.1	O62792.1	0.929	348	25	0	1	348	1	348	4.893E-224	679
Q95KU1.1	O62793.1	0.927	348	25	0	1	348	1	348	2.365E-223	677
Q95KU1.1	Q8HY69.2	0.903	348	34	0	1	348	1	348	1.200E-216	658
Q95KU1.1	P52202.1	0.894	346	36	0	1	346	1	345	1.528E-212	646
Q95KU1.1	P22328.1	0.875	351	43	0	1	348	1	351	1.724E-210	640
Q95KU1.1	Q90245.1	0.876	347	43	0	1	346	1	347	5.006E-208	633
Q95KU1.1	P56515.1	0.873	347	44	0	1	346	1	347	3.315E-207	631
Q95KU1.1	P51470.1	0.855	354	50	0	1	348	1	354	2.195E-206	628
Q95KU1.1	P31355.1	0.854	354	51	0	1	348	1	354	3.007E-206	628
Q95KU1.1	P29403.1	0.867	347	46	0	1	346	1	347	1.453E-205	626
Q95KU1.1	P56516.1	0.851	354	52	0	1	348	1	354	3.739E-205	625
Q95KU1.1	P56514.1	0.864	347	47	0	1	346	1	347	9.621E-205	623
Q95KU1.1	Q90215.1	0.856	347	50	0	1	346	1	347	2.038E-202	617
Q95KU1.1	Q90214.1	0.853	347	51	0	1	346	1	347	1.848E-201	614
Q95KU1.1	P41591.1	0.853	346	51	0	1	346	1	345	4.756E-201	613
Q95KU1.1	O13227.1	0.853	346	51	0	1	346	1	345	6.517E-201	612
Q95KU1.1	P22671.1	0.849	346	52	0	1	346	1	346	5.912E-200	610
Q95KU1.1	O93459.1	0.831	354	59	0	1	348	1	354	1.521E-199	608
Q95KU1.1	P35359.2	0.846	347	53	0	1	346	1	347	1.521E-199	608
Q95KU1.1	Q98980.1	0.825	353	61	0	1	348	1	353	3.220E-197	602
Q95KU1.1	P79863.1	0.815	354	64	0	1	348	1	354	6.816E-195	595
Q95KU1.1	P51488.1	0.829	347	59	0	1	346	1	347	1.280E-194	594
Q95KU1.1	O93441.1	0.825	347	60	0	1	346	1	347	1.161E-193	591
Q95KU1.1	Q9YH05.1	0.825	346	60	0	1	346	1	346	4.092E-193	590
Q95KU1.1	Q9YGZ0.1	0.824	345	61	0	1	345	1	345	3.711E-192	587
Q95KU1.1	P32309.1	0.818	347	63	0	1	346	1	347	1.308E-191	586
Q95KU1.1	O42604.1	0.817	347	63	0	1	346	1	347	2.456E-191	585
Q95KU1.1	P41590.1	0.816	347	63	0	1	346	1	347	6.319E-191	584
Q95KU1.1	Q9YGZ6.1	0.816	346	63	0	1	346	1	346	2.227E-190	582
Q95KU1.1	Q9DGG4.1	0.815	346	64	0	1	346	1	346	4.182E-190	581
Q95KU1.1	P87369.1	0.810	347	66	0	1	346	1	347	3.792E-189	578
Q95KU1.1	P79848.1	0.809	347	66	0	1	346	1	347	7.120E-189	578
Q95KU1.1	Q9YGZ8.1	0.809	346	66	0	1	346	1	346	1.832E-188	576
Q95KU1.1	Q9YGZ3.1	0.804	347	68	0	1	346	1	347	1.212E-187	574
Q95KU1.1	Q9YGZ2.1	0.806	346	67	0	1	346	1	345	1.661E-187	574
Q95KU1.1	Q9YGZ5.1	0.804	346	68	0	1	346	1	346	4.273E-187	572
Q95KU1.1	P79756.1	0.802	347	68	0	1	346	1	347	5.855E-187	572
Q95KU1.1	Q9YGY9.1	0.803	346	68	0	1	346	1	345	8.022E-187	572
Q95KU1.1	P79898.1	0.790	346	72	0	1	346	1	346	3.956E-183	561
Q95KU1.1	P79812.1	0.789	346	73	0	1	346	1	346	7.428E-183	560
Q95KU1.1	P79807.1	0.780	349	76	0	4	348	1	349	6.734E-182	557
Q95KU1.1	P79901.1	0.791	343	71	0	4	346	1	343	1.264E-181	557
Q95KU1.1	P79798.1	0.779	349	76	0	4	348	1	349	1.264E-181	557
Q95KU1.1	P79808.1	0.788	343	73	0	4	346	1	343	1.146E-180	554
Q95KU1.1	P79914.1	0.786	343	73	0	4	346	1	343	4.039E-180	552
Q95KU1.1	P79902.1	0.782	343	75	0	4	346	1	343	5.016E-179	549
Q95KU1.1	P79911.1	0.780	343	75	0	4	346	1	342	1.768E-178	548
Q95KU1.1	P79903.1	0.778	343	76	0	4	346	1	342	6.230E-178	546
Q95KU1.1	P79809.1	0.777	343	76	0	4	346	1	342	8.536E-178	546
Q95KU1.1	P35357.1	0.745	355	88	0	1	348	1	355	8.707E-175	537
Q95KU1.1	P28683.1	0.744	355	89	0	1	348	1	355	1.193E-174	537
Q95KU1.1	Q9W6A6.2	0.752	349	86	0	1	348	1	349	7.891E-174	534
Q95KU1.1	P32311.1	0.751	349	86	0	1	348	1	349	2.030E-173	533
Q95KU1.1	P51471.1	0.738	355	91	0	1	348	1	355	9.798E-173	531
Q95KU1.1	Q8AYM7.1	0.747	349	88	0	1	348	1	349	1.839E-172	530
Q95KU1.1	P32312.1	0.743	349	89	0	1	348	1	349	3.128E-171	527
Q95KU1.1	P51474.1	0.728	346	94	0	1	346	4	349	1.730E-165	510
Q95KU1.1	Q8AYM8.1	0.715	349	99	0	1	348	1	349	5.001E-163	503
Q95KU1.1	Q9W6A5.2	0.708	349	101	0	1	348	1	349	4.102E-161	497
Q95KU1.1	P28682.1	0.554	349	152	0	8	348	13	361	5.416E-117	370
Q95KU1.1	P51472.1	0.552	343	152	0	8	347	11	353	2.899E-114	362
Q95KU1.1	P32310.1	0.542	340	155	0	8	347	10	349	2.617E-110	351
Q95KU1.1	P87365.1	0.535	340	158	0	8	347	12	351	2.905E-108	345
Q95KU1.1	Q9W6A8.1	0.524	340	161	0	8	347	13	352	2.119E-105	336
Q95KU1.1	P51473.1	0.504	345	170	0	5	348	3	347	2.599E-101	325
Q95KU1.1	P28684.1	0.504	339	166	0	8	346	6	340	2.100E-99	319
Q95KU1.1	O57605.1	0.494	346	172	0	1	346	1	340	1.008E-98	317
Q95KU1.1	P51475.1	0.530	312	146	0	23	334	16	326	2.319E-97	313
Q95KU1.1	P51491.1	0.486	346	174	0	1	346	1	339	2.083E-96	310
Q95KU1.1	O13092.1	0.489	342	172	0	5	346	6	342	5.336E-96	309
Q95KU1.1	P51476.1	0.502	329	160	0	1	329	1	323	9.991E-96	308
Q95KU1.1	P03999.2	0.490	338	169	0	9	346	6	338	4.791E-95	306
Q95KU1.1	P60015.1	0.490	338	169	0	9	346	9	341	4.791E-95	306
Q95KU1.1	Q63652.2	0.477	346	177	0	1	346	1	339	5.883E-94	303
Q95KU1.1	Q90309.1	0.485	334	168	0	13	346	8	335	1.352E-92	299
Q95KU1.1	Q9W6A9.2	0.480	336	171	0	11	346	6	335	6.478E-92	297
Q95KU1.1	P51490.1	0.473	337	175	0	10	346	10	342	2.783E-90	293
Q95KU1.1	P87368.1	0.466	338	176	0	6	343	2	331	1.194E-88	288
Q95KU1.1	P35358.1	0.453	343	184	0	4	346	22	358	2.451E-86	281
Q95KU1.1	P04001.1	0.450	345	186	0	2	346	21	359	4.585E-86	280
Q95KU1.1	Q9BGI7.1	0.451	343	184	0	4	346	23	359	8.575E-86	280
Q95KU1.1	O18914.2	0.450	343	185	0	4	346	23	359	1.604E-85	279
Q95KU1.1	O18912.2	0.447	345	187	0	2	346	21	359	3.000E-85	278
Q95KU1.1	O18913.2	0.447	345	187	0	2	346	21	359	4.103E-85	278
Q95KU1.1	Q95170.1	0.449	343	185	0	4	346	23	359	4.103E-85	278
Q95KU1.1	P04000.2	0.446	345	187	0	2	346	21	359	5.611E-85	277
Q95KU1.1	P34989.1	0.448	342	185	0	2	343	14	349	1.435E-84	276
Q95KU1.1	O35476.2	0.444	345	188	0	2	346	16	354	1.963E-84	276
Q95KU1.1	O18910.2	0.444	345	188	0	2	346	21	359	1.963E-84	276
Q95KU1.1	P87367.1	0.442	345	188	0	4	348	20	357	6.864E-84	274
Q95KU1.1	Q9R024.1	0.442	345	189	0	2	346	21	359	9.387E-84	274
Q95KU1.1	O42490.1	0.485	305	155	0	19	323	30	331	9.387E-84	274
Q95KU1.1	O35599.1	0.441	345	189	0	2	346	16	354	1.284E-83	273
Q95KU1.1	O35478.2	0.441	345	189	0	2	346	21	359	1.284E-83	273
Q95KU1.1	P41592.1	0.449	333	180	0	14	346	36	362	2.146E-82	270
Q95KU1.1	O12948.1	0.437	343	189	0	4	346	22	358	7.501E-82	268
Q95KU1.1	Q9W6A7.1	0.444	335	182	0	14	348	30	357	1.402E-81	267
Q95KU1.1	Q8AYN0.1	0.443	335	182	0	14	348	29	356	2.622E-81	267
Q95KU1.1	P22329.1	0.444	333	181	0	14	346	30	355	4.902E-81	266
Q95KU1.1	P22332.2	0.441	335	183	0	14	348	30	357	9.163E-81	265
Q95KU1.1	P32313.1	0.436	340	187	0	9	348	25	357	1.253E-80	265
Q95KU1.1	P22330.1	0.440	326	180	0	21	346	34	355	4.767E-78	257
Q95KU1.1	P22331.1	0.438	326	180	0	21	346	32	353	1.665E-77	256
Q95KU1.1	O18911.1	0.471	273	144	0	32	304	1	273	7.377E-71	236
P28682.1	P28682.1	0.971	361	10	0	1	361	1	361	4.024E-245	741
P28682.1	P51472.1	0.758	342	83	0	12	353	10	351	2.178E-171	528
P28682.1	P32310.1	0.716	342	96	0	12	353	9	347	1.240E-159	494
P28682.1	Q9W6A8.1	0.684	347	108	0	7	353	7	350	4.496E-153	475
P28682.1	P87365.1	0.673	345	112	0	9	353	8	349	5.645E-149	463
P28682.1	P35357.1	0.607	349	136	0	13	361	8	355	6.649E-132	414
P28682.1	P22671.1	0.598	350	139	0	12	361	7	353	1.016E-129	407
P28682.1	P32312.1	0.608	342	133	0	13	354	8	347	2.608E-129	406
P28682.1	P28683.1	0.598	349	139	0	13	361	8	355	2.608E-129	406
P28682.1	Q9W6A6.2	0.603	342	135	0	13	354	8	347	8.273E-128	402
P28682.1	P32311.1	0.601	343	136	0	12	354	7	347	1.133E-127	402
P28682.1	P51471.1	0.591	349	142	0	13	361	8	355	2.124E-127	401
P28682.1	P41591.1	0.588	350	142	0	12	361	7	352	7.465E-127	399
P28682.1	Q98980.1	0.588	350	143	0	12	361	7	353	1.022E-126	399
P28682.1	Q8AYM8.1	0.595	342	137	0	13	354	8	347	9.221E-126	396
P28682.1	P29403.1	0.584	349	144	0	13	361	8	354	2.367E-125	395
P28682.1	O62793.1	0.583	349	142	0	13	361	8	348	4.437E-125	394
P28682.1	P52202.1	0.583	349	143	0	13	361	8	352	4.437E-125	394
P28682.1	P56515.1	0.583	349	144	0	13	361	8	354	6.075E-125	394
P28682.1	Q8AYM7.1	0.592	342	138	0	13	354	8	347	8.317E-125	393
P28682.1	O62791.1	0.582	349	142	0	13	361	8	348	1.139E-124	393
P28682.1	P49912.1	0.590	341	138	0	13	353	8	345	7.501E-124	391
P28682.1	O62798.1	0.579	349	143	0	13	361	8	348	7.501E-124	391
P28682.1	O42604.1	0.578	349	146	0	13	361	8	354	1.406E-123	390
P28682.1	O62792.1	0.577	349	144	0	13	361	8	348	2.636E-123	389
P28682.1	Q9W6A5.2	0.587	342	140	0	13	354	8	347	2.636E-123	389
P28682.1	O93441.1	0.575	350	147	0	12	361	7	354	3.609E-123	389
P28682.1	P22328.1	0.574	350	147	0	12	361	7	351	9.261E-123	387
P28682.1	O18766.1	0.574	349	145	0	13	361	8	348	1.736E-122	387
P28682.1	P51470.1	0.574	349	147	0	13	361	8	354	1.736E-122	387
P28682.1	Q90245.1	0.574	349	147	0	13	361	8	354	1.736E-122	387
P28682.1	P51474.1	0.572	350	147	0	12	361	10	354	2.377E-122	386
P28682.1	P79911.1	0.583	342	142	0	13	354	5	345	3.254E-122	386
P28682.1	P56514.1	0.573	349	148	0	13	361	8	354	3.254E-122	386
P28682.1	P79809.1	0.573	349	146	0	13	361	5	347	4.455E-122	385
P28682.1	P02699.1	0.573	349	145	0	13	361	8	348	4.455E-122	385
P28682.1	Q28886.1	0.572	349	146	0	13	361	8	348	6.099E-122	385
P28682.1	P08100.1	0.572	349	146	0	13	361	8	348	6.099E-122	385
P28682.1	Q90214.1	0.572	349	147	0	13	361	8	352	6.099E-122	385
P28682.1	P31355.1	0.572	349	148	0	13	361	8	354	8.351E-122	385
P28682.1	P79903.1	0.581	342	142	0	13	354	5	345	1.143E-121	384
P28682.1	P32308.1	0.582	341	141	0	13	353	8	345	1.143E-121	384
P28682.1	Q95KU1.1	0.571	349	146	0	13	361	8	348	1.143E-121	384
P28682.1	P15409.2	0.582	341	141	0	13	353	8	345	1.143E-121	384
P28682.1	P79807.1	0.572	348	147	0	14	361	6	349	1.565E-121	384
P28682.1	O62796.1	0.570	349	146	0	13	361	8	348	2.934E-121	383
P28682.1	P02700.2	0.570	349	146	0	13	361	8	348	2.934E-121	383
P28682.1	Q769E8.1	0.569	349	147	0	13	361	8	348	4.016E-121	383
P28682.1	P79798.1	0.570	348	147	0	14	361	6	349	5.499E-121	382
P28682.1	O62794.1	0.579	341	142	0	13	353	8	345	7.528E-121	382
P28682.1	P79863.1	0.567	350	150	0	12	361	7	354	7.528E-121	382
P28682.1	P51489.1	0.579	341	142	0	13	353	8	345	1.031E-120	381
P28682.1	O62795.1	0.578	341	142	0	13	353	8	345	1.411E-120	381
P28682.1	Q6W3E1.1	0.577	341	143	0	13	353	8	345	2.645E-120	380
P28682.1	Q90215.1	0.566	349	149	0	13	361	8	352	3.620E-120	380
P28682.1	P28681.1	0.576	341	143	0	13	353	8	345	4.957E-120	379
P28682.1	Q9DGG4.1	0.567	348	149	0	14	361	9	353	4.957E-120	379
P28682.1	O13227.1	0.565	349	149	0	13	361	8	350	6.786E-120	379
P28682.1	P56516.1	0.565	349	151	0	13	361	8	354	6.786E-120	379
P28682.1	Q68J47.1	0.564	349	148	0	13	361	8	348	1.272E-119	378
P28682.1	Q8HY69.2	0.564	349	148	0	13	361	8	348	1.272E-119	378
P28682.1	P79808.1	0.565	348	149	0	14	361	6	348	1.741E-119	378
P28682.1	P79848.1	0.564	348	150	0	14	361	9	354	3.263E-119	377
P28682.1	P79812.1	0.563	348	149	0	14	361	9	351	8.372E-119	376
P28682.1	Q9YGZ3.1	0.562	348	151	0	14	361	9	354	1.569E-118	375
P28682.1	Q9YH05.1	0.561	348	151	0	14	361	9	353	2.148E-118	375
P28682.1	P79756.1	0.561	348	151	0	14	361	9	354	2.940E-118	374
P28682.1	P79901.1	0.560	348	150	0	14	361	6	348	4.025E-118	374
P28682.1	P79902.1	0.560	348	150	0	14	361	6	348	4.025E-118	374
P28682.1	P51488.1	0.560	348	152	0	14	361	9	354	5.511E-118	374
P28682.1	P79914.1	0.559	348	151	0	14	361	6	348	7.544E-118	373
P28682.1	O93459.1	0.557	350	154	0	12	361	7	354	7.544E-118	373
P28682.1	Q9YGZ8.1	0.559	348	152	0	14	361	9	353	1.033E-117	373
P28682.1	P79898.1	0.558	348	151	0	14	361	9	351	1.414E-117	372
P28682.1	P87369.1	0.558	348	152	0	14	361	9	354	1.414E-117	372
P28682.1	P51473.1	0.555	350	152	0	12	361	5	347	1.935E-117	372
P28682.1	Q9YGZ2.1	0.558	348	152	0	14	361	9	352	1.935E-117	372
P28682.1	P32309.1	0.558	348	152	0	14	361	9	354	1.935E-117	372
P28682.1	Q9YGZ6.1	0.557	348	152	0	14	361	9	353	3.627E-117	371
P28682.1	Q9YGY9.1	0.556	348	152	0	14	361	9	352	4.965E-117	371
P28682.1	O57605.1	0.581	327	136	0	34	360	22	346	6.122E-116	368
P28682.1	P35359.2	0.552	348	155	0	14	361	9	354	8.381E-116	367
P28682.1	Q9YGZ5.1	0.550	348	155	0	14	361	9	353	2.943E-115	366
P28682.1	P28684.1	0.542	349	156	0	12	360	5	346	2.386E-113	360
P28682.1	Q9YGZ0.1	0.541	348	157	0	14	361	9	351	1.146E-112	358
P28682.1	P41590.1	0.541	348	157	0	14	361	9	352	1.146E-112	358
P28682.1	P51491.1	0.538	349	157	0	12	360	5	345	5.508E-112	356
P28682.1	O13092.1	0.536	349	158	0	12	360	8	348	1.933E-111	355
P28682.1	P03999.2	0.534	349	158	0	12	360	4	344	6.785E-111	353
P28682.1	P60015.1	0.534	349	158	0	12	360	7	347	6.785E-111	353
P28682.1	P51490.1	0.539	337	154	0	24	360	15	348	2.637E-108	346
P28682.1	Q63652.2	0.538	337	154	0	24	360	12	345	4.940E-108	345
P28682.1	P51476.1	0.562	316	138	0	21	336	9	323	1.139E-106	341
P28682.1	P51475.1	0.565	305	132	0	30	334	16	319	2.119E-103	331
P28682.1	Q90309.1	0.497	328	163	0	24	351	10	335	9.804E-94	303
P28682.1	Q9W6A9.2	0.493	328	165	0	24	351	10	335	1.201E-92	300
P28682.1	P87368.1	0.484	328	166	0	24	351	10	331	2.464E-90	293
P28682.1	O18914.2	0.479	332	169	0	30	361	39	364	3.370E-90	293
P28682.1	O35476.2	0.478	332	170	0	30	361	34	359	6.303E-90	292
P28682.1	O35599.1	0.477	332	170	0	30	361	34	359	1.179E-89	291
P28682.1	O18910.2	0.474	332	171	0	30	361	39	364	7.713E-89	289
P28682.1	O18912.2	0.466	338	177	0	24	361	33	364	1.972E-88	288
P28682.1	P04000.2	0.471	332	172	0	30	361	39	364	6.898E-88	286
P28682.1	P35358.1	0.470	332	173	0	30	361	38	365	9.432E-88	286
P28682.1	O18913.2	0.470	332	172	0	30	361	39	364	1.290E-87	286
P28682.1	Q9BGI7.1	0.470	332	172	0	30	361	39	364	1.290E-87	286
P28682.1	Q9R024.1	0.470	332	172	0	30	361	39	364	1.290E-87	286
P28682.1	Q95170.1	0.468	332	173	0	30	361	39	364	3.298E-87	284
P28682.1	O42490.1	0.499	305	151	0	26	330	30	331	6.167E-87	284
P28682.1	O35478.2	0.467	332	173	0	30	361	39	364	8.433E-87	283
P28682.1	P04001.1	0.466	332	174	0	30	361	39	364	1.153E-86	283
P28682.1	P41592.1	0.466	332	175	0	30	361	42	369	1.577E-86	282
P28682.1	P34989.1	0.475	323	167	0	30	352	32	350	2.948E-86	282
P28682.1	P22329.1	0.464	332	175	0	30	361	36	362	5.511E-86	281
P28682.1	O12948.1	0.457	332	178	0	30	361	38	365	3.216E-84	276
P28682.1	Q8AYN0.1	0.456	332	175	0	30	361	35	356	6.011E-84	275
P28682.1	P87367.1	0.455	332	175	0	30	361	36	357	1.124E-83	274
P28682.1	P22332.2	0.454	332	175	0	30	361	36	357	2.100E-83	273
P28682.1	Q9W6A7.1	0.445	332	178	0	30	361	36	357	7.977E-81	266
P28682.1	P32313.1	0.442	332	179	0	30	361	36	357	3.806E-80	264
P28682.1	P22331.1	0.448	325	176	0	30	354	34	353	7.110E-80	263
P28682.1	P22330.1	0.446	325	177	0	30	354	36	355	2.481E-79	261
P28682.1	O18911.1	0.498	268	134	0	44	311	6	273	5.425E-75	249
O35599.1	O35599.1	0.976	359	9	0	1	359	1	359	3.663E-245	741
O35599.1	O35476.2	0.965	359	13	0	1	359	1	359	9.667E-242	731
O35599.1	O35478.2	0.913	357	31	0	3	359	8	364	4.790E-225	683
O35599.1	O18910.2	0.909	357	32	0	3	359	8	364	5.956E-224	679
O35599.1	Q9R024.1	0.892	364	39	0	1	359	1	364	1.533E-223	678
O35599.1	Q95170.1	0.903	357	35	0	3	359	8	364	4.904E-222	674
O35599.1	Q9BGI7.1	0.900	357	36	0	3	359	8	364	3.248E-221	672
O35599.1	O18912.2	0.899	357	36	0	3	359	8	364	4.450E-221	671
O35599.1	P04000.2	0.898	357	36	0	3	359	8	364	8.357E-221	670
O35599.1	O18913.2	0.897	357	37	0	3	359	8	364	1.569E-220	670
O35599.1	O18914.2	0.896	357	37	0	3	359	8	364	4.038E-220	668
O35599.1	P04001.1	0.895	357	37	0	3	359	8	364	7.583E-220	668
O35599.1	P34989.1	0.902	349	34	0	4	352	2	350	1.457E-216	658
O35599.1	P22329.1	0.854	346	50	0	15	359	17	362	4.196E-201	614
O35599.1	P41592.1	0.850	347	52	0	15	359	23	369	1.479E-200	612
O35599.1	O12948.1	0.823	347	61	0	15	359	19	365	9.262E-193	589
O35599.1	P32313.1	0.832	339	57	0	15	353	17	354	1.429E-190	583
O35599.1	P87367.1	0.831	339	57	0	15	353	17	354	2.683E-190	582
O35599.1	Q9W6A7.1	0.829	339	58	0	15	353	17	354	6.901E-190	581
O35599.1	P35358.1	0.810	347	65	0	15	359	19	365	4.566E-189	579
O35599.1	P22332.2	0.822	339	60	0	15	353	17	354	1.065E-187	575
O35599.1	Q8AYN0.1	0.820	339	61	0	15	353	16	353	2.738E-187	574
O35599.1	P22331.1	0.786	342	73	0	13	354	13	353	2.339E-179	551
O35599.1	P22330.1	0.777	340	75	0	15	354	17	355	6.130E-176	541
O35599.1	O18911.1	0.929	273	19	0	43	315	1	273	3.326E-173	533
O35599.1	P51476.1	0.569	302	129	0	30	331	14	314	2.675E-103	331
O35599.1	P51475.1	0.561	303	132	0	29	331	11	312	8.427E-102	327
O35599.1	O13092.1	0.490	327	166	0	30	355	17	343	1.362E-91	297
O35599.1	Q9W6A9.2	0.487	326	167	0	29	354	10	335	1.668E-90	294
O35599.1	P51490.1	0.484	327	168	0	30	355	17	343	4.267E-90	293
O35599.1	Q63652.2	0.479	327	169	0	30	355	14	340	9.768E-89	289
O35599.1	O57605.1	0.470	335	175	0	28	358	12	346	1.336E-88	288
O35599.1	P03999.2	0.478	327	170	0	30	355	13	339	1.827E-88	288
O35599.1	P60015.1	0.478	327	170	0	30	355	16	342	1.827E-88	288
O35599.1	O13227.1	0.467	337	176	0	28	359	14	350	1.827E-88	288
O35599.1	P28684.1	0.465	335	178	0	22	355	7	341	3.056E-87	284
O35599.1	Q8HY69.2	0.464	333	176	0	25	353	13	345	1.998E-86	282
O35599.1	Q9YGZ0.1	0.449	348	188	0	18	359	4	351	1.998E-86	282
O35599.1	Q90214.1	0.464	332	175	0	32	359	21	352	3.736E-86	281
O35599.1	Q90309.1	0.464	332	177	0	23	354	4	335	5.108E-86	281
O35599.1	Q90215.1	0.463	332	176	0	32	359	21	352	9.551E-86	280
O35599.1	P79903.1	0.464	330	175	0	32	359	18	347	1.306E-85	280
O35599.1	P51491.1	0.467	327	173	0	30	355	14	340	2.442E-85	279
O35599.1	P35359.2	0.442	351	190	0	18	359	4	354	3.338E-85	278
O35599.1	P28682.1	0.460	332	175	0	34	359	30	361	4.565E-85	278
O35599.1	P79911.1	0.462	330	176	0	32	359	18	347	6.241E-85	278
O35599.1	P22671.1	0.452	340	181	0	28	359	14	353	6.241E-85	278
O35599.1	P08100.1	0.459	332	176	0	28	353	14	345	1.167E-84	277
O35599.1	P32310.1	0.463	328	175	0	27	353	20	347	1.167E-84	277
O35599.1	P49912.1	0.458	332	176	0	28	353	14	345	1.595E-84	276
O35599.1	Q28886.1	0.458	332	176	0	28	353	14	345	1.595E-84	276
O35599.1	P56515.1	0.449	341	182	0	28	359	14	354	1.595E-84	276
O35599.1	P51472.1	0.458	332	177	0	26	353	20	351	2.181E-84	276
O35599.1	P28683.1	0.448	342	183	0	28	359	14	355	2.181E-84	276
O35599.1	P28681.1	0.457	332	176	0	28	353	14	345	2.982E-84	276
O35599.1	Q9W6A6.2	0.445	344	186	0	18	354	4	347	2.982E-84	276
O35599.1	P51470.1	0.448	341	183	0	28	359	14	354	2.982E-84	276
O35599.1	Q95KU1.1	0.457	332	176	0	28	353	14	345	4.077E-84	275
O35599.1	P41590.1	0.440	349	191	0	18	359	4	352	4.077E-84	275
O35599.1	P51488.1	0.438	351	192	0	18	359	4	354	4.077E-84	275
O35599.1	P51489.1	0.464	325	172	0	32	353	21	345	5.575E-84	275
O35599.1	Q8AYM7.1	0.444	344	187	0	18	354	4	347	5.575E-84	275
O35599.1	P32308.1	0.456	332	177	0	28	353	14	345	7.622E-84	274
O35599.1	P02699.1	0.456	332	177	0	28	353	14	345	7.622E-84	274
O35599.1	P31355.1	0.447	341	183	0	28	359	14	354	7.622E-84	274
O35599.1	O62796.1	0.455	332	177	0	28	353	14	345	1.042E-83	274
O35599.1	O18766.1	0.455	332	177	0	28	353	14	345	1.042E-83	274
O35599.1	P79914.1	0.456	331	178	0	32	359	18	348	1.425E-83	274
O35599.1	P79901.1	0.456	331	178	0	32	359	18	348	1.425E-83	274
O35599.1	Q98980.1	0.447	340	183	0	28	359	14	353	1.425E-83	274
O35599.1	P87368.1	0.457	329	178	0	23	351	4	331	1.948E-83	273
O35599.1	P79808.1	0.455	331	178	0	32	359	18	348	1.948E-83	273
O35599.1	P79807.1	0.438	349	192	0	18	359	1	349	1.948E-83	273
O35599.1	P32311.1	0.442	344	187	0	18	354	4	347	1.948E-83	273
O35599.1	P79848.1	0.452	334	179	0	32	359	21	354	1.948E-83	273
O35599.1	P51473.1	0.452	334	180	0	30	359	14	347	2.663E-83	273
O35599.1	Q769E8.1	0.454	332	177	0	28	353	14	345	2.663E-83	273
O35599.1	P02700.2	0.454	332	177	0	28	353	14	345	2.663E-83	273
O35599.1	P79809.1	0.451	334	182	0	28	359	14	347	3.641E-83	273
O35599.1	P56516.1	0.444	341	184	0	28	359	14	354	3.641E-83	273
O35599.1	P32309.1	0.435	351	193	0	18	359	4	354	3.641E-83	273
O35599.1	Q9W6A8.1	0.439	346	194	0	8	353	5	350	4.977E-83	272
O35599.1	P29403.1	0.444	341	184	0	28	359	14	354	4.977E-83	272
O35599.1	P79902.1	0.449	335	182	0	28	359	14	348	6.805E-83	272
O35599.1	P41591.1	0.436	349	192	0	18	359	4	352	6.805E-83	272
O35599.1	P15409.2	0.459	325	174	0	32	353	21	345	9.303E-83	271
O35599.1	O62794.1	0.451	332	178	0	28	353	14	345	1.272E-82	271
O35599.1	P52202.1	0.444	339	184	0	28	359	14	352	1.272E-82	271
O35599.1	O93441.1	0.433	351	193	0	18	359	4	354	1.272E-82	271
O35599.1	P79898.1	0.452	331	179	0	32	359	21	351	1.739E-82	271
O35599.1	P79812.1	0.452	331	179	0	32	359	21	351	1.739E-82	271
O35599.1	P79863.1	0.432	351	194	0	18	359	4	354	1.739E-82	271
O35599.1	O62795.1	0.450	332	179	0	28	353	14	345	2.377E-82	270
O35599.1	P56514.1	0.441	341	185	0	28	359	14	354	3.249E-82	270
O35599.1	P79756.1	0.448	334	181	0	32	359	21	354	3.249E-82	270
O35599.1	Q90245.1	0.444	338	184	0	28	359	17	354	3.249E-82	270
O35599.1	P87369.1	0.431	351	194	0	18	359	4	354	4.442E-82	269
O35599.1	Q68J47.1	0.449	332	179	0	28	353	14	345	6.073E-82	269
O35599.1	P32312.1	0.437	344	189	0	18	354	4	347	6.073E-82	269
O35599.1	P22328.1	0.433	348	193	0	18	359	4	351	6.073E-82	269
O35599.1	Q9YGZ8.1	0.448	333	181	0	32	359	21	353	6.073E-82	269
O35599.1	O42604.1	0.447	334	181	0	32	359	21	354	6.073E-82	269
O35599.1	O62791.1	0.448	332	179	0	28	353	14	345	1.135E-81	268
O35599.1	Q9YGZ6.1	0.446	333	181	0	32	359	21	353	1.551E-81	268
O35599.1	O62793.1	0.447	332	180	0	28	353	14	345	2.121E-81	267
O35599.1	P35357.1	0.437	342	186	0	28	359	14	355	2.121E-81	267
O35599.1	Q6W3E1.1	0.446	332	180	0	28	353	14	345	2.899E-81	267
O35599.1	O93459.1	0.428	351	195	0	18	359	4	354	2.899E-81	267
O35599.1	Q9YH05.1	0.445	333	181	0	32	359	21	353	3.963E-81	267
O35599.1	Q9DGG4.1	0.445	333	181	0	32	359	21	353	3.963E-81	267
O35599.1	O62798.1	0.445	332	180	0	28	353	14	345	5.417E-81	266
O35599.1	P79798.1	0.429	349	195	0	18	359	1	349	5.417E-81	266
O35599.1	Q9YGZ2.1	0.445	332	181	0	32	359	21	352	7.405E-81	266
O35599.1	Q9YGZ5.1	0.443	333	182	0	32	359	21	353	1.384E-80	265
O35599.1	P51471.1	0.434	342	187	0	28	359	14	355	1.384E-80	265
O35599.1	O62792.1	0.443	332	181	0	28	353	14	345	1.891E-80	265
O35599.1	Q9W6A5.2	0.432	344	191	0	18	354	4	347	1.891E-80	265
O35599.1	Q9YGY9.1	0.442	332	182	0	32	359	21	352	4.830E-80	263
O35599.1	Q9YGZ3.1	0.439	334	183	0	32	359	21	354	6.602E-80	263
O35599.1	P87365.1	0.441	329	183	0	26	353	21	349	4.305E-79	261
O35599.1	Q8AYM8.1	0.425	344	193	0	18	354	4	347	1.502E-78	259
O35599.1	P51474.1	0.430	338	189	0	28	359	17	354	2.806E-78	258
O35599.1	O42490.1	0.470	298	156	0	34	331	34	328	9.789E-78	257
Q8AYM8.1	Q8AYM8.1	0.967	349	11	0	1	349	1	349	1.637E-235	712
Q8AYM8.1	Q9W6A5.2	0.914	349	30	0	1	349	1	349	2.539E-220	668
Q8AYM8.1	Q8AYM7.1	0.872	349	45	0	1	349	1	349	2.792E-208	634
Q8AYM8.1	Q9W6A6.2	0.860	349	49	0	1	349	1	349	1.007E-204	623
Q8AYM8.1	P32312.1	0.853	349	51	0	1	349	1	349	8.292E-203	618
Q8AYM8.1	P32311.1	0.841	349	55	0	1	349	1	349	2.182E-199	608
Q8AYM8.1	P51474.1	0.798	347	70	0	1	347	4	349	1.043E-185	569
Q8AYM8.1	P51471.1	0.765	348	81	0	1	347	1	348	5.908E-177	543
Q8AYM8.1	P28683.1	0.763	348	82	0	1	347	1	348	2.082E-176	542
Q8AYM8.1	P35357.1	0.760	348	83	0	1	347	1	348	1.377E-175	539
Q8AYM8.1	P22671.1	0.754	347	85	0	1	347	1	346	3.985E-173	532
Q8AYM8.1	Q98980.1	0.736	347	91	0	1	347	1	346	4.568E-168	518
Q8AYM8.1	P56514.1	0.734	347	92	0	1	347	1	347	1.609E-167	516
Q8AYM8.1	P56515.1	0.731	347	93	0	1	347	1	347	1.064E-166	514
Q8AYM8.1	P29403.1	0.728	347	94	0	1	347	1	347	7.036E-166	511
Q8AYM8.1	P51470.1	0.724	347	95	0	1	347	1	347	8.732E-165	508
Q8AYM8.1	P56516.1	0.723	347	96	0	1	347	1	347	1.639E-164	507
Q8AYM8.1	Q90245.1	0.722	347	96	0	1	347	1	347	3.076E-164	507
Q8AYM8.1	P32308.1	0.717	349	98	0	1	349	1	348	7.909E-164	505
Q8AYM8.1	P22328.1	0.720	347	96	0	1	347	1	344	1.084E-163	505
Q8AYM8.1	Q95KU1.1	0.716	349	99	0	1	349	1	348	2.034E-163	504
Q8AYM8.1	P31355.1	0.718	347	98	0	1	347	1	347	5.229E-163	503
Q8AYM8.1	P49912.1	0.713	349	100	0	1	349	1	348	1.344E-162	502
Q8AYM8.1	O93441.1	0.716	347	98	0	1	347	1	347	1.842E-162	501
Q8AYM8.1	O93459.1	0.715	347	99	0	1	347	1	347	3.457E-162	501
Q8AYM8.1	Q28886.1	0.711	349	100	0	1	349	1	348	4.736E-162	500
Q8AYM8.1	O62794.1	0.711	349	100	0	1	349	1	348	4.736E-162	500
Q8AYM8.1	O18766.1	0.711	349	100	0	1	349	1	348	4.736E-162	500
Q8AYM8.1	Q6W3E1.1	0.711	349	100	0	1	349	1	348	6.488E-162	500
Q8AYM8.1	O62795.1	0.710	349	101	0	1	349	1	348	8.888E-162	499
Q8AYM8.1	Q8HY69.2	0.710	349	101	0	1	349	1	348	8.888E-162	499
Q8AYM8.1	P79863.1	0.713	347	99	0	1	347	1	347	1.668E-161	499
Q8AYM8.1	O62791.1	0.709	349	101	0	1	349	1	348	2.285E-161	498
Q8AYM8.1	P52202.1	0.712	347	99	0	1	347	1	345	2.285E-161	498
Q8AYM8.1	P08100.1	0.708	349	101	0	1	349	1	348	3.131E-161	498
Q8AYM8.1	Q90214.1	0.702	352	104	0	1	349	1	352	8.049E-161	497
Q8AYM8.1	Q68J47.1	0.706	349	102	0	1	349	1	348	1.511E-160	496
Q8AYM8.1	Q769E8.1	0.705	349	102	0	1	349	1	348	2.835E-160	495
Q8AYM8.1	P15409.2	0.705	349	102	0	1	349	1	348	3.884E-160	495
Q8AYM8.1	P41591.1	0.699	352	105	0	1	349	1	352	7.289E-160	494
Q8AYM8.1	O62796.1	0.703	349	103	0	1	349	1	348	9.985E-160	494
Q8AYM8.1	Q90215.1	0.698	352	105	0	1	349	1	352	9.985E-160	494
Q8AYM8.1	P51489.1	0.703	349	103	0	1	349	1	348	1.368E-159	493
Q8AYM8.1	P28681.1	0.703	349	103	0	1	349	1	348	1.368E-159	493
Q8AYM8.1	P02700.2	0.702	349	103	0	1	349	1	348	1.874E-159	493
Q8AYM8.1	P02699.1	0.701	349	104	0	1	349	1	348	3.517E-159	492
Q8AYM8.1	O62793.1	0.700	349	104	0	1	349	1	348	9.042E-159	491
Q8AYM8.1	O62798.1	0.698	349	105	0	1	349	1	348	3.184E-158	489
Q8AYM8.1	O62792.1	0.696	349	105	0	1	349	1	348	1.122E-157	488
Q8AYM8.1	O13227.1	0.694	350	106	0	1	349	1	350	1.122E-157	488
Q8AYM8.1	Q9YGZ3.1	0.691	347	107	0	1	347	1	347	2.363E-155	481
Q8AYM8.1	O42604.1	0.689	347	108	0	1	347	1	347	1.140E-154	479
Q8AYM8.1	P35359.2	0.686	347	109	0	1	347	1	347	1.032E-153	476
Q8AYM8.1	P79848.1	0.684	347	109	0	1	347	1	347	3.634E-153	475
Q8AYM8.1	P79756.1	0.682	347	110	0	1	347	1	347	1.280E-152	473
Q8AYM8.1	P87369.1	0.681	347	110	0	1	347	1	347	2.401E-152	472
Q8AYM8.1	P51488.1	0.680	347	111	0	1	347	1	347	3.289E-152	472
Q8AYM8.1	P41590.1	0.671	352	114	0	1	349	1	352	8.454E-152	471
Q8AYM8.1	Q9YGZ2.1	0.675	347	112	0	1	347	1	345	1.436E-150	467
Q8AYM8.1	Q9DGG4.1	0.675	347	112	0	1	347	1	346	1.436E-150	467
Q8AYM8.1	Q9YGY9.1	0.674	347	112	0	1	347	1	345	1.967E-150	467
Q8AYM8.1	P32309.1	0.674	347	113	0	1	347	1	347	1.967E-150	467
Q8AYM8.1	Q9YH05.1	0.671	347	114	0	1	347	1	346	1.299E-149	464
Q8AYM8.1	Q9YGZ0.1	0.672	346	113	0	1	346	1	345	1.780E-149	464
Q8AYM8.1	Q9YGZ8.1	0.669	347	114	0	1	347	1	346	4.574E-149	463
Q8AYM8.1	Q9YGZ5.1	0.669	347	114	0	1	347	1	346	6.265E-149	462
Q8AYM8.1	Q9YGZ6.1	0.668	347	115	0	1	347	1	346	1.176E-148	462
Q8AYM8.1	P79812.1	0.661	351	118	0	1	349	1	351	2.206E-148	461
Q8AYM8.1	P79807.1	0.670	344	113	0	4	347	1	342	7.766E-148	459
Q8AYM8.1	P79898.1	0.659	351	119	0	1	349	1	351	7.766E-148	459
Q8AYM8.1	P79798.1	0.669	344	113	0	4	347	1	342	1.457E-147	458
Q8AYM8.1	P79809.1	0.663	347	116	0	4	349	1	347	2.734E-147	458
Q8AYM8.1	P79911.1	0.660	347	117	0	4	349	1	347	2.473E-146	455
Q8AYM8.1	P79901.1	0.658	348	118	0	4	349	1	348	2.473E-146	455
Q8AYM8.1	P79914.1	0.657	348	118	0	4	349	1	348	4.640E-146	454
Q8AYM8.1	P79903.1	0.658	347	118	0	4	349	1	347	8.706E-146	453
Q8AYM8.1	P79808.1	0.655	348	119	0	4	349	1	348	2.237E-145	452
Q8AYM8.1	P79902.1	0.650	348	121	0	4	349	1	348	7.124E-144	448
Q8AYM8.1	P28682.1	0.581	341	142	0	9	347	14	354	1.295E-121	383
Q8AYM8.1	P51472.1	0.571	342	145	0	9	348	12	353	3.704E-119	376
Q8AYM8.1	P32310.1	0.551	340	152	0	9	348	11	349	6.988E-113	358
Q8AYM8.1	Q9W6A8.1	0.539	340	156	0	9	348	14	352	2.456E-109	348
Q8AYM8.1	P87365.1	0.533	338	156	0	11	348	17	351	5.105E-107	341
Q8AYM8.1	O57605.1	0.502	347	169	0	1	347	1	340	1.977E-101	325
Q8AYM8.1	P51473.1	0.505	343	167	0	5	347	3	340	5.067E-101	324
Q8AYM8.1	Q9W6A9.2	0.521	326	153	0	22	347	15	335	1.167E-99	320
Q8AYM8.1	P03999.2	0.521	325	154	0	23	347	17	338	1.597E-99	319
Q8AYM8.1	P28684.1	0.515	330	159	0	18	347	13	340	1.597E-99	319
Q8AYM8.1	P60015.1	0.521	325	154	0	23	347	20	341	1.597E-99	319
Q8AYM8.1	O13092.1	0.513	325	156	0	23	347	21	342	3.303E-97	313
Q8AYM8.1	Q90309.1	0.506	326	158	0	22	347	15	335	7.598E-96	309
Q8AYM8.1	P51491.1	0.503	325	160	0	23	347	18	339	1.747E-94	305
Q8AYM8.1	P51490.1	0.498	325	161	0	23	347	21	342	2.934E-93	301
Q8AYM8.1	Q63652.2	0.494	325	162	0	23	347	18	339	3.600E-92	298
Q8AYM8.1	P87368.1	0.496	322	159	0	23	344	16	331	6.737E-92	297
Q8AYM8.1	P51476.1	0.560	276	120	0	54	329	50	323	6.737E-92	297
Q8AYM8.1	P51475.1	0.550	274	122	0	54	327	48	319	6.637E-89	289
Q8AYM8.1	P35358.1	0.455	344	183	0	4	347	22	358	3.892E-87	284
Q8AYM8.1	Q8AYN0.1	0.451	346	185	0	4	349	19	356	1.362E-86	282
Q8AYM8.1	P87367.1	0.449	346	186	0	4	349	20	357	6.516E-86	280
Q8AYM8.1	Q9W6A7.1	0.447	341	184	0	9	349	25	357	5.215E-84	274
Q8AYM8.1	P41592.1	0.446	339	183	0	9	347	31	362	2.494E-83	273
Q8AYM8.1	P22332.2	0.442	341	185	0	9	349	25	357	1.192E-82	271
Q8AYM8.1	P22329.1	0.444	339	183	0	9	347	25	355	1.192E-82	271
Q8AYM8.1	O18914.2	0.436	346	192	0	4	349	23	364	2.229E-82	270
Q8AYM8.1	P04000.2	0.436	344	190	0	4	347	23	359	1.065E-81	268
Q8AYM8.1	P04001.1	0.435	344	190	0	4	347	23	359	1.457E-81	267
Q8AYM8.1	Q95170.1	0.433	346	193	0	4	349	23	364	1.457E-81	267
Q8AYM8.1	Q9BGI7.1	0.432	346	194	0	4	349	23	364	2.723E-81	267
Q8AYM8.1	O18912.2	0.432	346	194	0	4	349	23	364	3.723E-81	266
Q8AYM8.1	O12948.1	0.434	344	190	0	4	347	22	358	3.723E-81	266
Q8AYM8.1	O18913.2	0.431	346	194	0	4	349	23	364	5.090E-81	266
Q8AYM8.1	P32313.1	0.436	341	187	0	9	349	25	357	6.959E-81	265
Q8AYM8.1	O42490.1	0.491	290	146	0	34	323	44	331	1.301E-80	265
Q8AYM8.1	P34989.1	0.433	342	189	0	4	345	16	350	1.779E-80	264
Q8AYM8.1	O35478.2	0.426	346	196	0	4	349	23	364	2.171E-79	261
Q8AYM8.1	Q9R024.1	0.425	346	196	0	4	349	23	364	4.057E-79	260
Q8AYM8.1	P22331.1	0.441	328	180	0	20	347	31	353	5.546E-79	260
Q8AYM8.1	O35476.2	0.426	344	193	0	4	347	18	354	5.546E-79	260
Q8AYM8.1	O35599.1	0.424	344	194	0	4	347	18	354	1.937E-78	258
Q8AYM8.1	P22330.1	0.436	328	182	0	20	347	33	355	1.264E-77	256
Q8AYM8.1	O18910.2	0.418	346	198	0	4	349	23	364	2.361E-77	255
Q8AYM8.1	O18911.1	0.456	273	148	0	32	304	1	273	1.861E-67	226
O18911.1	O18911.1	0.982	273	5	0	1	273	1	273	7.928E-187	567
O18911.1	Q9BGI7.1	0.968	273	9	0	1	273	48	320	1.117E-183	558
O18911.1	Q95170.1	0.967	273	9	0	1	273	48	320	1.531E-183	558
O18911.1	O18912.2	0.961	273	11	0	1	273	48	320	3.582E-182	554
O18911.1	O18913.2	0.953	273	13	0	1	273	48	320	2.158E-180	549
O18911.1	O18914.2	0.950	273	14	0	1	273	48	320	1.430E-179	546
O18911.1	O18910.2	0.932	273	18	0	1	273	48	320	9.745E-176	535
O18911.1	P04001.1	0.932	273	18	0	1	273	48	320	1.336E-175	535
O18911.1	P34989.1	0.929	273	19	0	1	273	41	313	4.713E-175	533
O18911.1	P04000.2	0.928	273	20	0	1	273	48	320	8.853E-175	533
O18911.1	O35478.2	0.924	273	21	0	1	273	48	320	8.043E-174	530
O18911.1	O35476.2	0.923	273	21	0	1	273	43	315	1.511E-173	529
O18911.1	O35599.1	0.922	273	21	0	1	273	43	315	2.838E-173	528
O18911.1	Q9R024.1	0.918	273	22	0	1	273	48	320	1.881E-172	526
O18911.1	P22329.1	0.878	273	33	0	1	273	45	317	1.487E-163	500
O18911.1	P41592.1	0.877	273	33	0	1	273	51	323	2.794E-163	499
O18911.1	P32313.1	0.848	273	41	0	1	273	45	317	1.039E-156	481
O18911.1	Q9W6A7.1	0.844	273	42	0	1	273	45	317	6.882E-156	478
O18911.1	P87367.1	0.844	273	42	0	1	273	45	317	9.431E-156	478
O18911.1	P22332.2	0.842	273	43	0	1	273	45	317	2.428E-155	477
O18911.1	Q8AYN0.1	0.838	273	44	0	1	273	44	316	1.608E-154	474
O18911.1	O12948.1	0.831	273	46	0	1	273	47	319	7.060E-153	469
O18911.1	P35358.1	0.828	273	47	0	1	273	47	319	2.491E-152	468
O18911.1	P22331.1	0.814	273	51	0	1	273	43	315	4.797E-149	458
O18911.1	P22330.1	0.800	273	54	0	1	273	45	317	4.918E-146	450
O18911.1	P51476.1	0.544	273	123	0	1	273	28	298	1.813E-88	284
O18911.1	P51475.1	0.540	273	124	0	1	273	26	296	1.195E-87	281
O18911.1	P35359.2	0.491	269	136	0	4	272	35	303	3.124E-75	245
O18911.1	Q90215.1	0.482	273	141	0	1	273	32	304	1.501E-74	243
O18911.1	Q8HY69.2	0.481	273	141	0	1	273	32	304	2.813E-74	243
O18911.1	Q9W6A9.2	0.476	273	143	0	1	273	25	297	3.466E-73	239
O18911.1	P79848.1	0.482	268	138	0	6	273	37	304	4.744E-73	239
O18911.1	P79807.1	0.481	268	139	0	6	273	34	301	6.493E-73	239
O18911.1	P79901.1	0.481	268	139	0	6	273	34	301	8.886E-73	238
O18911.1	O13227.1	0.473	273	143	0	1	273	32	304	1.216E-72	238
O18911.1	Q90214.1	0.473	273	143	0	1	273	32	304	1.665E-72	237
O18911.1	P79902.1	0.479	268	139	0	6	273	34	301	2.279E-72	237
O18911.1	Q9YGZ0.1	0.474	272	143	0	2	273	33	304	2.279E-72	237
O18911.1	P79809.1	0.485	263	135	0	11	273	39	301	3.119E-72	237
O18911.1	P32310.1	0.477	269	140	0	5	273	40	308	3.119E-72	237
O18911.1	P22671.1	0.472	273	144	0	1	273	32	304	3.119E-72	237
O18911.1	P51488.1	0.477	269	140	0	4	272	35	303	3.119E-72	237
O18911.1	P49912.1	0.471	273	144	0	1	273	32	304	4.268E-72	236
O18911.1	O62796.1	0.471	273	144	0	1	273	32	304	4.268E-72	236
O18911.1	Q28886.1	0.470	273	144	0	1	273	32	304	5.842E-72	236
O18911.1	P79914.1	0.477	268	140	0	6	273	34	301	5.842E-72	236
O18911.1	Q769E8.1	0.470	273	144	0	1	273	32	304	5.842E-72	236
O18911.1	O42604.1	0.477	268	140	0	6	273	37	304	5.842E-72	236
O18911.1	P79756.1	0.477	268	140	0	6	273	37	304	5.842E-72	236
O18911.1	P79808.1	0.476	268	140	0	6	273	34	301	7.995E-72	235
O18911.1	P32309.1	0.475	269	141	0	4	272	35	303	7.995E-72	235
O18911.1	P79898.1	0.476	268	140	0	6	273	37	304	1.094E-71	235
O18911.1	P79903.1	0.475	268	140	0	6	273	34	301	1.498E-71	235
O18911.1	P51489.1	0.469	273	144	0	1	273	32	304	1.498E-71	235
O18911.1	P32308.1	0.469	273	144	0	1	273	32	304	1.498E-71	235
O18911.1	P08100.1	0.469	273	144	0	1	273	32	304	1.498E-71	235
O18911.1	P56515.1	0.469	273	144	0	1	273	32	304	1.498E-71	235
O18911.1	Q95KU1.1	0.468	273	145	0	1	273	32	304	2.050E-71	234
O18911.1	Q9YGZ3.1	0.474	268	140	0	6	273	37	304	2.805E-71	234
O18911.1	P28682.1	0.474	268	140	0	6	273	44	311	2.805E-71	234
O18911.1	Q9YH05.1	0.473	268	141	0	6	273	37	304	3.839E-71	233
O18911.1	Q9DGG4.1	0.473	268	141	0	6	273	37	304	5.255E-71	233
O18911.1	P79911.1	0.472	268	141	0	6	273	34	301	7.191E-71	233
O18911.1	O62794.1	0.466	273	145	0	1	273	32	304	7.191E-71	233
O18911.1	P02699.1	0.466	273	145	0	1	273	32	304	7.191E-71	233
O18911.1	P22328.1	0.466	273	145	0	1	273	32	304	7.191E-71	233
O18911.1	P79812.1	0.472	268	141	0	6	273	37	304	7.191E-71	233
O18911.1	Q9YGZ8.1	0.472	268	141	0	6	273	37	304	7.191E-71	233
O18911.1	Q9W6A8.1	0.478	264	137	0	10	273	48	311	7.191E-71	233
O18911.1	O18766.1	0.465	273	146	0	1	273	32	304	9.842E-71	232
O18911.1	Q9YGZ6.1	0.471	268	141	0	6	273	37	304	9.842E-71	232
O18911.1	P79863.1	0.469	270	143	0	4	273	35	304	9.842E-71	232
O18911.1	P87369.1	0.473	267	140	0	6	272	37	303	9.842E-71	232
O18911.1	O62795.1	0.464	273	146	0	1	273	32	304	1.347E-70	232
O18911.1	Q9YGZ2.1	0.471	268	141	0	6	273	37	304	1.347E-70	232
O18911.1	P51470.1	0.464	273	146	0	1	273	32	304	1.347E-70	232
O18911.1	P29403.1	0.464	273	146	0	1	273	32	304	1.347E-70	232
O18911.1	Q6W3E1.1	0.464	273	146	0	1	273	32	304	1.843E-70	231
O18911.1	P41590.1	0.464	273	146	0	1	273	32	304	1.843E-70	231
O18911.1	P51472.1	0.469	269	142	0	5	273	41	309	1.843E-70	231
O18911.1	P02700.2	0.462	273	146	0	1	273	32	304	3.453E-70	231
O18911.1	O93441.1	0.462	273	146	0	1	273	32	304	3.453E-70	231
O18911.1	P28683.1	0.462	273	146	0	1	273	32	304	3.453E-70	231
O18911.1	Q63652.2	0.462	273	146	0	1	273	27	299	4.725E-70	230
O18911.1	P15409.2	0.462	273	146	0	1	273	32	304	4.725E-70	230
O18911.1	O13092.1	0.462	273	146	0	1	273	30	302	4.725E-70	230
O18911.1	Q9YGY9.1	0.468	268	142	0	6	273	37	304	4.725E-70	230
O18911.1	Q98980.1	0.462	273	146	0	1	273	32	304	4.725E-70	230
O18911.1	P28681.1	0.461	273	147	0	1	273	32	304	6.466E-70	230
O18911.1	P31355.1	0.461	273	147	0	1	273	32	304	6.466E-70	230
O18911.1	P79798.1	0.467	268	142	0	6	273	34	301	8.849E-70	229
O18911.1	Q9W6A6.2	0.461	273	147	0	1	273	32	304	8.849E-70	229
O18911.1	P35357.1	0.461	273	147	0	1	273	32	304	8.849E-70	229
O18911.1	O93459.1	0.460	273	147	0	1	273	32	304	1.211E-69	229
O18911.1	P51490.1	0.459	273	147	0	1	273	30	302	1.657E-69	229
O18911.1	Q9YGZ5.1	0.466	268	143	0	6	273	37	304	1.657E-69	229
O18911.1	O57605.1	0.459	273	147	0	1	273	27	299	2.268E-69	228
O18911.1	P32311.1	0.459	273	147	0	1	273	32	304	2.268E-69	228
O18911.1	Q68J47.1	0.458	273	147	0	1	273	32	304	3.104E-69	228
O18911.1	P52202.1	0.458	273	147	0	1	273	32	304	4.247E-69	228
O18911.1	P56516.1	0.458	273	147	0	1	273	32	304	4.247E-69	228
O18911.1	O62793.1	0.457	273	148	0	1	273	32	304	5.812E-69	227
O18911.1	P56514.1	0.457	273	148	0	1	273	32	304	5.812E-69	227
O18911.1	P03999.2	0.456	273	148	0	1	273	26	298	7.954E-69	227
O18911.1	P60015.1	0.456	273	148	0	1	273	29	301	7.954E-69	227
O18911.1	O62791.1	0.456	273	148	0	1	273	32	304	7.954E-69	227
O18911.1	Q90245.1	0.454	273	149	0	1	273	32	304	2.789E-68	225
O18911.1	Q8AYM7.1	0.453	273	149	0	1	273	32	304	3.816E-68	225
O18911.1	P41591.1	0.453	273	149	0	1	273	32	304	3.816E-68	225
O18911.1	Q9W6A5.2	0.453	273	149	0	1	273	32	304	5.222E-68	224
O18911.1	P32312.1	0.452	273	149	0	1	273	32	304	7.146E-68	224
O18911.1	O62798.1	0.451	273	149	0	1	273	32	304	9.779E-68	224
O18911.1	O62792.1	0.451	273	149	0	1	273	32	304	9.779E-68	224
O18911.1	P28684.1	0.451	273	149	0	1	273	27	299	1.338E-67	223
O18911.1	Q90309.1	0.450	273	150	0	1	273	25	297	1.831E-67	223
O18911.1	P51491.1	0.450	273	150	0	1	273	27	299	1.831E-67	223
O18911.1	P87365.1	0.454	269	146	0	5	273	42	310	3.428E-67	222
O18911.1	O42490.1	0.453	270	146	0	4	273	45	312	3.428E-67	222
O18911.1	Q8AYM8.1	0.448	273	150	0	1	273	32	304	6.418E-67	221
O18911.1	P51474.1	0.448	273	150	0	1	273	35	307	6.418E-67	221
O18911.1	P87368.1	0.446	273	150	0	1	273	25	296	1.644E-66	220
O18911.1	P51471.1	0.444	273	151	0	1	273	32	304	4.212E-66	219
O18911.1	P51473.1	0.434	273	154	0	1	273	27	299	6.347E-64	213
O62794.1	O62794.1	0.971	348	10	0	1	348	1	348	4.429E-236	714
O62794.1	O62795.1	0.963	348	13	0	1	348	1	348	1.288E-233	707
O62794.1	Q95KU1.1	0.954	348	16	0	1	348	1	348	5.130E-231	699
O62794.1	P32308.1	0.951	348	17	0	1	348	1	348	2.480E-230	697
O62794.1	Q28886.1	0.944	348	19	0	1	348	1	348	3.838E-228	691
O62794.1	Q769E8.1	0.943	348	20	0	1	348	1	348	7.208E-228	690
O62794.1	P15409.2	0.942	348	20	0	1	348	1	348	9.877E-228	690
O62794.1	P08100.1	0.942	348	20	0	1	348	1	348	9.877E-228	690
O62794.1	P49912.1	0.941	348	20	0	1	348	1	348	1.855E-227	689
O62794.1	P51489.1	0.940	348	21	0	1	348	1	348	3.484E-227	688
O62794.1	O62796.1	0.939	348	21	0	1	348	1	348	6.543E-227	687
O62794.1	O18766.1	0.939	348	21	0	1	348	1	348	8.966E-227	687
O62794.1	P28681.1	0.937	348	22	0	1	348	1	348	3.162E-226	685
O62794.1	Q6W3E1.1	0.934	348	23	0	1	348	1	348	1.528E-225	683
O62794.1	P02700.2	0.930	348	24	0	1	348	1	348	3.571E-224	679
O62794.1	O62791.1	0.926	348	26	0	1	348	1	348	3.241E-223	677
O62794.1	P02699.1	0.925	348	26	0	1	348	1	348	8.341E-223	676
O62794.1	Q68J47.1	0.924	348	26	0	1	348	1	348	1.143E-222	675
O62794.1	O62798.1	0.917	348	29	0	1	348	1	348	1.768E-220	669
O62794.1	O62793.1	0.916	348	29	0	1	348	1	348	2.423E-220	668
O62794.1	O62792.1	0.915	348	29	0	1	348	1	348	6.237E-220	667
O62794.1	Q8HY69.2	0.892	348	37	0	1	348	1	348	1.684E-213	649
O62794.1	P52202.1	0.885	345	39	0	1	345	1	344	2.144E-209	637
O62794.1	P22328.1	0.869	351	45	0	1	348	1	351	1.036E-208	635
O62794.1	Q90245.1	0.874	346	43	0	1	345	1	346	6.224E-207	630
O62794.1	P56515.1	0.867	346	46	0	1	345	1	346	5.124E-205	624
O62794.1	P51470.1	0.847	354	53	0	1	348	1	354	3.392E-204	622
O62794.1	P31355.1	0.847	354	53	0	1	348	1	354	4.648E-204	621
O62794.1	P29403.1	0.862	346	47	0	1	345	1	346	1.639E-203	620
O62794.1	P56516.1	0.843	354	54	0	1	348	1	354	5.779E-203	618
O62794.1	P56514.1	0.859	346	49	0	1	345	1	346	1.487E-202	617
O62794.1	O93459.1	0.838	354	56	0	1	348	1	354	1.349E-201	614
O62794.1	Q90215.1	0.846	346	53	0	1	345	1	346	7.349E-199	606
O62794.1	P41591.1	0.848	345	52	0	1	345	1	344	7.349E-199	606
O62794.1	P22671.1	0.846	345	53	0	1	345	1	345	1.891E-198	605
O62794.1	Q90214.1	0.842	346	54	0	1	345	1	346	6.666E-198	604
O62794.1	O13227.1	0.843	345	54	0	1	345	1	344	1.252E-197	603
O62794.1	P35359.2	0.838	346	56	0	1	345	1	346	1.135E-196	600
O62794.1	Q98980.1	0.821	353	62	0	1	348	1	353	5.484E-196	598
O62794.1	P79863.1	0.813	354	65	0	1	348	1	354	4.512E-194	593
O62794.1	O93441.1	0.825	346	60	0	1	345	1	346	4.092E-193	590
O62794.1	P51488.1	0.823	346	61	0	1	345	1	346	1.977E-192	588
O62794.1	Q9YH05.1	0.819	345	62	0	1	345	1	345	8.658E-191	583
O62794.1	P32309.1	0.813	346	64	0	1	345	1	346	1.076E-189	580
O62794.1	Q9YGZ0.1	0.814	345	64	0	1	345	1	345	2.768E-189	579
O62794.1	O42604.1	0.810	346	65	0	1	345	1	346	1.337E-188	577
O62794.1	Q9YGZ6.1	0.810	345	65	0	1	345	1	345	4.712E-188	575
O62794.1	P41590.1	0.807	346	66	0	1	345	1	346	8.847E-188	574
O62794.1	Q9DGG4.1	0.808	345	66	0	1	345	1	345	1.661E-187	574
O62794.1	P79848.1	0.803	346	68	0	1	345	1	346	1.099E-186	571
O62794.1	Q9YGZ8.1	0.802	345	68	0	1	345	1	345	7.274E-186	569
O62794.1	Q9YGZ2.1	0.802	345	68	0	1	345	1	344	9.966E-186	569
O62794.1	P87369.1	0.800	346	69	0	1	345	1	346	9.966E-186	569
O62794.1	Q9YGZ5.1	0.804	343	67	0	1	343	1	343	3.513E-185	567
O62794.1	Q9YGY9.1	0.799	345	69	0	1	345	1	344	4.813E-185	567
O62794.1	Q9YGZ3.1	0.795	346	71	0	1	345	1	346	1.696E-184	565
O62794.1	P79756.1	0.793	346	71	0	1	345	1	346	5.979E-184	563
O62794.1	P79898.1	0.794	343	70	0	1	343	1	343	1.394E-182	559
O62794.1	P79812.1	0.792	343	71	0	1	343	1	343	6.734E-182	557
O62794.1	P79901.1	0.795	340	69	0	4	343	1	340	4.455E-181	555
O62794.1	P79807.1	0.794	340	70	0	4	343	1	339	1.146E-180	554
O62794.1	P79798.1	0.793	340	70	0	4	343	1	339	2.151E-180	553
O62794.1	P79808.1	0.790	340	71	0	4	343	1	340	1.039E-179	551
O62794.1	P79914.1	0.790	340	71	0	4	343	1	340	1.423E-179	551
O62794.1	P79902.1	0.784	340	73	0	4	343	1	340	4.547E-178	546
O62794.1	P79911.1	0.779	340	75	0	4	343	1	339	1.060E-176	542
O62794.1	P79903.1	0.777	340	75	0	4	343	1	339	3.735E-176	541
O62794.1	P79809.1	0.777	340	75	0	4	343	1	339	5.118E-176	541
O62794.1	P35357.1	0.741	355	90	0	1	348	1	355	7.891E-174	534
O62794.1	P28683.1	0.752	347	85	0	1	345	1	347	9.798E-173	531
O62794.1	P51471.1	0.736	355	92	0	1	348	1	355	3.452E-172	529
O62794.1	Q9W6A6.2	0.741	349	90	0	1	348	1	349	1.102E-170	525
O62794.1	Q8AYM7.1	0.740	349	90	0	1	348	1	349	2.069E-170	524
O62794.1	P32311.1	0.739	349	91	0	1	348	1	349	5.321E-170	523
O62794.1	P32312.1	0.735	349	92	0	1	348	1	349	6.605E-169	520
O62794.1	P51474.1	0.721	345	96	0	1	345	4	348	9.386E-163	502
O62794.1	Q8AYM8.1	0.711	349	100	0	1	348	1	349	6.205E-162	500
O62794.1	Q9W6A5.2	0.702	349	103	0	1	348	1	349	1.793E-159	493
O62794.1	P28682.1	0.563	341	147	0	8	345	13	353	1.903E-116	368
O62794.1	P51472.1	0.551	343	152	0	8	347	11	353	5.434E-114	361
O62794.1	P32310.1	0.538	340	157	0	8	347	10	349	3.226E-109	347
O62794.1	P87365.1	0.532	340	159	0	8	347	12	351	1.911E-107	342
O62794.1	Q9W6A8.1	0.523	340	162	0	8	347	13	352	5.433E-105	335
O62794.1	P51473.1	0.499	345	172	0	5	348	3	347	8.193E-100	320
O62794.1	P28684.1	0.504	338	165	0	8	345	6	339	5.381E-99	318
O62794.1	O57605.1	0.494	345	171	0	1	345	1	339	1.379E-98	317
O62794.1	P51475.1	0.536	305	141	0	23	327	16	319	1.522E-96	311
O62794.1	O13092.1	0.489	341	171	0	5	345	6	341	7.302E-96	309
O62794.1	P03999.2	0.493	337	168	0	9	345	6	337	1.367E-95	308
O62794.1	P51491.1	0.484	345	174	0	1	345	1	338	1.367E-95	308
O62794.1	P60015.1	0.493	337	168	0	9	345	9	340	1.367E-95	308
O62794.1	P51476.1	0.487	342	172	0	1	342	1	336	1.367E-95	308
O62794.1	Q63652.2	0.475	345	177	0	1	345	1	338	3.858E-93	301
O62794.1	Q90309.1	0.480	333	170	0	13	345	8	334	5.809E-91	295
O62794.1	P51490.1	0.476	336	173	0	10	345	10	341	1.087E-90	294
O62794.1	Q9W6A9.2	0.476	335	172	0	11	345	6	334	2.034E-90	293
O62794.1	P87368.1	0.460	338	178	0	6	343	2	331	7.004E-87	283
O62794.1	P04001.1	0.449	344	186	0	2	345	21	358	2.194E-85	278
O62794.1	Q9BGI7.1	0.449	342	185	0	4	345	23	358	5.611E-85	277
O62794.1	O18914.2	0.449	342	185	0	4	345	23	358	7.674E-85	277
O62794.1	O18913.2	0.446	344	187	0	2	345	21	358	1.435E-84	276
O62794.1	P87367.1	0.444	345	187	0	4	348	20	357	1.963E-84	276
O62794.1	O18912.2	0.445	344	187	0	2	345	21	358	1.963E-84	276
O62794.1	P04000.2	0.445	344	187	0	2	345	21	358	2.684E-84	275
O62794.1	Q95170.1	0.447	342	185	0	4	345	23	358	2.684E-84	275
O62794.1	P34989.1	0.446	342	186	0	2	343	14	349	3.670E-84	275
O62794.1	O18910.2	0.444	344	187	0	2	345	21	358	5.019E-84	274
O62794.1	P35358.1	0.445	342	186	0	4	345	22	357	6.864E-84	274
O62794.1	O42490.1	0.483	305	156	0	19	323	30	331	2.400E-83	273
O62794.1	O35476.2	0.440	344	189	0	2	345	16	353	4.488E-83	272
O62794.1	O35478.2	0.440	344	189	0	2	345	21	358	6.138E-83	271
O62794.1	Q9R024.1	0.438	344	189	0	2	345	21	358	2.146E-82	270
O62794.1	O35599.1	0.438	344	189	0	2	345	16	353	2.934E-82	269
O62794.1	Q9W6A7.1	0.445	335	181	0	14	348	30	357	7.501E-82	268
O62794.1	Q8AYN0.1	0.444	335	182	0	14	348	29	356	1.402E-81	267
O62794.1	P41592.1	0.445	332	180	0	14	345	36	361	3.585E-81	266
O62794.1	P22332.2	0.442	335	182	0	14	348	30	357	4.902E-81	266
O62794.1	O12948.1	0.435	342	189	0	4	345	22	357	4.902E-81	266
O62794.1	P32313.1	0.436	340	187	0	9	348	25	357	6.702E-81	265
O62794.1	P22329.1	0.441	332	181	0	14	345	30	354	5.985E-80	263
O62794.1	P22330.1	0.442	322	178	0	21	342	34	353	1.218E-77	256
O62794.1	P22331.1	0.440	322	179	0	21	342	32	351	4.252E-77	254
O62794.1	O18911.1	0.469	273	144	0	32	304	1	273	1.881E-70	235
Q95170.1	Q95170.1	0.977	364	8	0	1	364	1	364	6.819E-249	752
Q95170.1	Q9BGI7.1	0.970	364	11	0	1	364	1	364	7.701E-247	746
Q95170.1	O18912.2	0.947	364	19	0	1	364	1	364	7.343E-240	726
Q95170.1	O18914.2	0.938	364	23	0	1	364	1	364	4.007E-237	718
Q95170.1	O18913.2	0.928	364	26	0	1	364	1	364	2.995E-234	709
Q95170.1	O35478.2	0.910	364	33	0	1	364	1	364	8.909E-229	694
Q95170.1	O18910.2	0.910	364	33	0	1	364	1	364	1.221E-228	693
Q95170.1	P04000.2	0.904	364	35	0	1	364	1	364	7.336E-227	688
Q95170.1	P04001.1	0.899	364	37	0	1	364	1	364	2.347E-225	684
Q95170.1	O35476.2	0.906	357	33	0	8	364	3	359	6.814E-223	677
Q95170.1	Q9R024.1	0.887	364	41	0	1	364	1	364	6.182E-222	674
Q95170.1	P34989.1	0.920	349	28	0	9	357	2	350	1.161E-221	673
Q95170.1	O35599.1	0.901	357	35	0	8	364	3	359	2.180E-221	672
Q95170.1	P41592.1	0.864	347	47	0	20	364	23	369	2.007E-204	623
Q95170.1	P22329.1	0.862	346	47	0	20	364	17	362	3.416E-203	620
Q95170.1	P32313.1	0.812	358	66	0	1	358	1	354	8.312E-196	599
Q95170.1	P87367.1	0.811	358	67	0	1	358	1	354	1.139E-195	598
Q95170.1	Q9W6A7.1	0.807	358	68	0	1	358	1	354	1.938E-194	595
Q95170.1	O12948.1	0.827	347	60	0	20	364	19	365	9.360E-194	593
Q95170.1	P22332.2	0.801	358	70	0	1	358	1	354	1.593E-192	589
Q95170.1	Q8AYN0.1	0.835	339	56	0	20	358	16	353	2.710E-191	586
Q95170.1	P35358.1	0.811	347	65	0	20	364	19	365	3.051E-189	580
Q95170.1	O18911.1	0.972	273	8	0	48	320	1	273	8.158E-183	561
Q95170.1	P22331.1	0.801	340	67	0	20	359	15	353	1.531E-182	560
Q95170.1	P22330.1	0.792	340	70	0	20	359	17	355	6.068E-180	553
Q95170.1	P51476.1	0.558	302	133	0	35	336	14	314	1.264E-100	323
Q95170.1	P51475.1	0.552	303	135	0	34	336	11	312	2.123E-99	320
Q95170.1	Q9W6A9.2	0.499	321	160	0	39	359	16	335	6.459E-92	298
Q95170.1	O13227.1	0.465	347	182	0	23	364	4	350	1.479E-90	294
Q95170.1	Q90215.1	0.461	349	184	0	23	364	4	352	5.173E-90	293
Q95170.1	P35359.2	0.457	351	185	0	23	364	4	354	1.809E-89	291
Q95170.1	Q90214.1	0.454	349	186	0	23	364	4	352	4.136E-88	287
Q95170.1	O13092.1	0.475	327	171	0	35	360	17	343	1.977E-87	285
Q95170.1	Q9YGZ0.1	0.453	348	187	0	23	364	4	351	1.977E-87	285
Q95170.1	P79808.1	0.452	348	187	0	23	364	1	348	2.704E-87	285
Q95170.1	Q8HY69.2	0.458	342	182	0	23	358	4	345	2.704E-87	285
Q95170.1	P56515.1	0.450	351	188	0	23	364	4	354	2.704E-87	285
Q95170.1	P22671.1	0.450	350	188	0	23	364	4	353	3.697E-87	284
Q95170.1	Q90309.1	0.468	332	176	0	28	359	4	335	5.055E-87	284
Q95170.1	P79903.1	0.452	347	187	0	23	364	1	347	5.055E-87	284
Q95170.1	P79807.1	0.451	349	187	0	23	364	1	349	5.055E-87	284
Q95170.1	P41590.1	0.451	349	187	0	23	364	4	352	5.055E-87	284
Q95170.1	P51490.1	0.477	323	168	0	39	360	21	343	6.912E-87	284
Q95170.1	O93441.1	0.448	351	188	0	23	364	4	354	9.451E-87	283
Q95170.1	Q28886.1	0.456	342	182	0	23	358	4	345	1.292E-86	283
Q95170.1	P79901.1	0.450	348	188	0	23	364	1	348	1.292E-86	283
Q95170.1	Q63652.2	0.459	339	183	0	22	360	2	340	1.767E-86	282
Q95170.1	P79902.1	0.450	348	188	0	23	364	1	348	1.767E-86	282
Q95170.1	P79911.1	0.450	347	188	0	23	364	1	347	2.416E-86	282
Q95170.1	P79809.1	0.463	334	178	0	33	364	14	347	2.416E-86	282
Q95170.1	P79812.1	0.449	348	188	0	23	364	4	351	2.416E-86	282
Q95170.1	P49912.1	0.455	342	183	0	23	358	4	345	3.303E-86	282
Q95170.1	P08100.1	0.455	342	183	0	23	358	4	345	3.303E-86	282
Q95170.1	P32309.1	0.445	351	189	0	23	364	4	354	4.516E-86	281
Q95170.1	P79863.1	0.445	351	189	0	23	364	4	354	4.516E-86	281
Q95170.1	P28683.1	0.444	352	190	0	23	364	4	355	4.516E-86	281
Q95170.1	O57605.1	0.467	329	173	0	39	363	18	346	6.175E-86	281
Q95170.1	Q98980.1	0.446	350	189	0	23	364	4	353	6.175E-86	281
Q95170.1	P51488.1	0.445	351	189	0	23	364	4	354	6.175E-86	281
Q95170.1	P79848.1	0.445	351	189	0	23	364	4	354	6.175E-86	281
Q95170.1	P79914.1	0.447	348	189	0	23	364	1	348	8.442E-86	280
Q95170.1	O62796.1	0.453	342	183	0	23	358	4	345	8.442E-86	280
Q95170.1	P51470.1	0.444	351	190	0	23	364	4	354	8.442E-86	280
Q95170.1	P29403.1	0.444	351	190	0	23	364	4	354	8.442E-86	280
Q95170.1	P32308.1	0.453	342	183	0	23	358	4	345	1.154E-85	280
Q95170.1	P79898.1	0.447	348	189	0	23	364	4	351	1.154E-85	280
Q95170.1	O93459.1	0.444	351	190	0	23	364	4	354	1.154E-85	280
Q95170.1	P02699.1	0.452	342	184	0	23	358	4	345	2.158E-85	279
Q95170.1	Q9W6A6.2	0.450	344	185	0	23	359	4	347	2.158E-85	279
Q95170.1	P51489.1	0.451	342	184	0	23	358	4	345	2.950E-85	279
Q95170.1	P32311.1	0.449	344	185	0	23	359	4	347	2.950E-85	279
Q95170.1	P31355.1	0.442	351	190	0	23	364	4	354	2.950E-85	279
Q95170.1	P02700.2	0.451	342	184	0	23	358	4	345	4.033E-85	278
Q95170.1	Q769E8.1	0.450	342	184	0	23	358	4	345	5.514E-85	278
Q95170.1	Q95KU1.1	0.450	342	184	0	23	358	4	345	5.514E-85	278
Q95170.1	P22328.1	0.444	348	190	0	23	364	4	351	5.514E-85	278
Q95170.1	P56514.1	0.441	351	191	0	23	364	4	354	5.514E-85	278
Q95170.1	P79756.1	0.441	351	191	0	23	364	4	354	7.538E-85	278
Q95170.1	O18766.1	0.449	342	185	0	23	358	4	345	1.031E-84	277
Q95170.1	P56516.1	0.441	351	191	0	23	364	4	354	1.031E-84	277
Q95170.1	P03999.2	0.464	327	174	0	35	360	13	339	1.926E-84	276
Q95170.1	P60015.1	0.464	327	174	0	35	360	16	342	1.926E-84	276
Q95170.1	Q9YGZ2.1	0.441	349	191	0	23	364	4	352	1.926E-84	276
Q95170.1	P87369.1	0.440	351	191	0	23	364	4	354	1.926E-84	276
Q95170.1	P28681.1	0.448	342	185	0	23	358	4	345	2.633E-84	276
Q95170.1	O42604.1	0.439	351	191	0	23	364	4	354	2.633E-84	276
Q95170.1	P52202.1	0.441	349	191	0	23	364	4	352	3.600E-84	276
Q95170.1	Q9YH05.1	0.440	350	191	0	23	364	4	353	3.600E-84	276
Q95170.1	Q9YGZ8.1	0.440	350	191	0	23	364	4	353	3.600E-84	276
Q95170.1	P28684.1	0.449	340	186	0	22	360	2	341	4.922E-84	275
Q95170.1	O62794.1	0.447	342	185	0	23	358	4	345	4.922E-84	275
Q95170.1	Q9DGG4.1	0.439	350	191	0	23	364	4	353	4.922E-84	275
Q95170.1	Q8AYM7.1	0.444	344	187	0	23	359	4	347	6.728E-84	275
Q95170.1	Q9YGY9.1	0.440	349	191	0	23	364	4	352	6.728E-84	275
Q95170.1	Q9YGZ6.1	0.439	350	191	0	23	364	4	353	6.728E-84	275
Q95170.1	O62795.1	0.446	342	186	0	23	358	4	345	9.198E-84	274
Q95170.1	P41591.1	0.439	349	191	0	23	364	4	352	9.198E-84	274
Q95170.1	Q9YGZ3.1	0.437	351	192	0	23	364	4	354	9.198E-84	274
Q95170.1	Q90245.1	0.437	351	192	0	23	364	4	354	1.257E-83	274
Q95170.1	P35357.1	0.436	352	192	0	23	364	4	355	1.257E-83	274
Q95170.1	P15409.2	0.445	342	186	0	23	358	4	345	1.719E-83	274
Q95170.1	P79798.1	0.438	349	192	0	23	364	1	349	1.719E-83	274
Q95170.1	P51491.1	0.447	339	187	0	22	360	2	340	2.350E-83	273
Q95170.1	P32312.1	0.442	344	187	0	23	359	4	347	2.350E-83	273
Q95170.1	Q6W3E1.1	0.444	342	186	0	23	358	4	345	3.212E-83	273
Q95170.1	P32310.1	0.457	328	177	0	32	358	20	347	6.003E-83	272
Q95170.1	Q9YGZ5.1	0.435	350	193	0	23	364	4	353	6.003E-83	272
Q95170.1	Q68J47.1	0.441	342	187	0	23	358	4	345	1.533E-82	271
Q95170.1	P87368.1	0.451	332	181	0	25	356	2	331	2.096E-82	271
Q95170.1	O62791.1	0.440	342	188	0	23	358	4	345	2.865E-82	270
Q95170.1	O62793.1	0.440	342	188	0	23	358	4	345	3.917E-82	270
Q95170.1	P28682.1	0.450	332	179	0	39	364	30	361	3.917E-82	270
Q95170.1	Q9W6A5.2	0.438	344	189	0	23	359	4	347	5.354E-82	269
Q95170.1	P51472.1	0.433	348	195	0	14	358	4	351	7.318E-82	269
Q95170.1	P51474.1	0.434	347	192	0	24	364	8	354	1.000E-81	269
Q95170.1	Q9W6A8.1	0.456	325	176	0	35	358	26	350	1.000E-81	269
Q95170.1	P51471.1	0.429	352	195	0	23	364	4	355	1.367E-81	268
Q95170.1	O62798.1	0.437	342	189	0	23	358	4	345	3.492E-81	267
Q95170.1	Q8AYM8.1	0.434	344	190	0	23	359	4	347	6.523E-81	266
Q95170.1	P51473.1	0.442	334	184	0	35	364	14	347	1.219E-80	265
Q95170.1	O62792.1	0.434	342	190	0	23	358	4	345	2.276E-80	265
Q95170.1	P87365.1	0.436	329	184	0	31	358	21	349	1.606E-77	256
Q95170.1	O42490.1	0.467	299	157	0	38	336	33	328	2.999E-77	256
Q9R024.1	Q9R024.1	0.975	364	9	0	1	364	1	364	2.405E-248	750
Q9R024.1	O35478.2	0.917	364	30	0	1	364	1	364	5.761E-231	700
Q9R024.1	O18910.2	0.912	364	32	0	1	364	1	364	1.844E-229	696
Q9R024.1	O18914.2	0.904	364	35	0	1	364	1	364	7.336E-227	688
Q9R024.1	O35476.2	0.919	355	29	0	10	364	5	359	2.347E-225	684
Q9R024.1	P04001.1	0.898	364	37	0	1	364	1	364	3.217E-225	683
Q9R024.1	O18912.2	0.898	364	37	0	1	364	1	364	3.217E-225	683
Q9R024.1	O35599.1	0.893	364	38	0	1	364	1	359	1.029E-223	679
Q9R024.1	O18913.2	0.892	364	39	0	1	364	1	364	1.932E-223	678
Q9R024.1	Q9BGI7.1	0.892	364	39	0	1	364	1	364	1.932E-223	678
Q9R024.1	Q95170.1	0.890	364	40	0	1	364	1	364	9.337E-223	676
Q9R024.1	P04000.2	0.887	364	41	0	1	364	1	364	8.472E-222	674
Q9R024.1	P34989.1	0.904	350	34	0	8	357	1	350	1.078E-217	662
Q9R024.1	P41592.1	0.839	358	57	0	9	364	12	369	7.073E-204	622
Q9R024.1	P22329.1	0.860	346	48	0	20	364	17	362	1.650E-202	618
Q9R024.1	O12948.1	0.815	358	66	0	9	364	8	365	6.692E-197	602
Q9R024.1	P87367.1	0.804	358	69	0	1	358	1	354	1.757E-193	592
Q9R024.1	P32313.1	0.800	358	71	0	1	358	1	354	2.990E-192	588
Q9R024.1	P35358.1	0.785	365	78	0	1	364	1	365	7.691E-192	587
Q9R024.1	Q9W6A7.1	0.792	358	73	0	1	358	1	354	6.319E-190	582
Q9R024.1	P22332.2	0.788	358	75	0	1	358	1	354	7.847E-189	578
Q9R024.1	Q8AYN0.1	0.825	339	59	0	20	358	16	353	2.018E-188	577
Q9R024.1	P22331.1	0.802	340	67	0	20	359	15	353	1.118E-182	561
Q9R024.1	P22330.1	0.773	352	80	0	8	359	4	355	3.568E-181	556
Q9R024.1	O18911.1	0.926	273	20	0	48	320	1	273	1.465E-172	531
Q9R024.1	P51476.1	0.572	301	128	0	36	336	15	314	1.276E-103	332
Q9R024.1	P51475.1	0.556	303	134	0	34	336	11	312	1.729E-100	323
Q9R024.1	O13092.1	0.499	324	161	0	38	360	20	343	7.215E-93	301
Q9R024.1	Q9W6A9.2	0.497	321	160	0	39	359	16	335	2.260E-91	297
Q9R024.1	P51490.1	0.491	324	164	0	38	360	20	343	7.907E-91	295
Q9R024.1	O57605.1	0.483	330	168	0	38	363	17	346	1.479E-90	294
Q9R024.1	Q63652.2	0.486	324	166	0	38	360	17	340	1.809E-89	291
Q9R024.1	P28684.1	0.467	340	180	0	22	360	2	341	4.626E-89	290
Q9R024.1	P03999.2	0.484	324	166	0	38	360	16	339	6.327E-89	289
Q9R024.1	P60015.1	0.484	324	166	0	38	360	19	342	6.327E-89	289
Q9R024.1	O13227.1	0.457	349	186	0	21	364	2	350	8.651E-89	289
Q9R024.1	P41590.1	0.451	351	188	0	21	364	2	352	7.734E-88	286
Q9R024.1	Q90215.1	0.450	351	189	0	21	364	2	352	1.977E-87	285
Q9R024.1	Q9YGZ0.1	0.450	350	189	0	21	364	2	351	5.055E-87	284
Q9R024.1	Q90214.1	0.448	351	189	0	21	364	2	352	6.912E-87	284
Q9R024.1	P28683.1	0.445	354	190	0	21	364	2	355	6.912E-87	284
Q9R024.1	Q8HY69.2	0.464	333	176	0	30	358	13	345	2.416E-86	282
Q9R024.1	P51491.1	0.474	324	169	0	38	360	17	340	3.303E-86	282
Q9R024.1	P79863.1	0.443	353	191	0	21	364	2	354	4.516E-86	281
Q9R024.1	P35359.2	0.443	353	191	0	21	364	2	354	4.516E-86	281
Q9R024.1	P79808.1	0.465	331	175	0	37	364	18	348	6.175E-86	281
Q9R024.1	P79903.1	0.465	330	175	0	37	364	18	347	1.154E-85	280
Q9R024.1	P22671.1	0.443	352	191	0	21	364	2	353	1.154E-85	280
Q9R024.1	P56515.1	0.442	353	191	0	21	364	2	354	1.154E-85	280
Q9R024.1	P79807.1	0.445	349	189	0	23	364	1	349	1.578E-85	280
Q9R024.1	P87368.1	0.472	323	169	0	27	349	5	326	2.158E-85	279
Q9R024.1	Q90309.1	0.462	332	178	0	28	359	4	335	2.158E-85	279
Q9R024.1	P79902.1	0.463	331	176	0	37	364	18	348	2.158E-85	279
Q9R024.1	P56514.1	0.441	353	192	0	21	364	2	354	2.158E-85	279
Q9R024.1	O93441.1	0.441	353	192	0	21	364	2	354	2.158E-85	279
Q9R024.1	Q9W6A6.2	0.447	346	187	0	21	359	2	347	2.950E-85	279
Q9R024.1	P52202.1	0.442	351	191	0	21	364	2	352	4.033E-85	278
Q9R024.1	P79756.1	0.459	334	177	0	37	364	21	354	4.033E-85	278
Q9R024.1	P79911.1	0.462	330	176	0	37	364	18	347	5.514E-85	278
Q9R024.1	P51473.1	0.451	341	185	0	27	364	7	347	5.514E-85	278
Q9R024.1	P79901.1	0.461	331	176	0	37	364	18	348	5.514E-85	278
Q9R024.1	P79812.1	0.461	331	176	0	37	364	21	351	5.514E-85	278
Q9R024.1	P56516.1	0.440	353	192	0	21	364	2	354	5.514E-85	278
Q9R024.1	P87369.1	0.440	353	192	0	21	364	2	354	5.514E-85	278
Q9R024.1	P49912.1	0.448	344	186	0	21	358	2	345	7.538E-85	278
Q9R024.1	P79914.1	0.461	331	176	0	37	364	18	348	7.538E-85	278
Q9R024.1	P41591.1	0.441	351	192	0	21	364	2	352	7.538E-85	278
Q9R024.1	P22328.1	0.441	350	192	0	21	364	2	351	1.031E-84	277
Q9R024.1	P32309.1	0.438	353	193	0	21	364	2	354	1.409E-84	277
Q9R024.1	P51470.1	0.438	353	193	0	21	364	2	354	1.409E-84	277
Q9R024.1	P79848.1	0.457	334	178	0	37	364	21	354	1.409E-84	277
Q9R024.1	Q28886.1	0.446	344	187	0	21	358	2	345	1.926E-84	276
Q9R024.1	P51488.1	0.438	353	193	0	21	364	2	354	1.926E-84	276
Q9R024.1	O93459.1	0.438	353	193	0	21	364	2	354	1.926E-84	276
Q9R024.1	P08100.1	0.446	344	187	0	21	358	2	345	2.633E-84	276
Q9R024.1	P32311.1	0.444	346	188	0	21	359	2	347	2.633E-84	276
Q9R024.1	Q95KU1.1	0.445	344	187	0	21	358	2	345	3.600E-84	276
Q9R024.1	Q8AYM7.1	0.443	346	188	0	21	359	2	347	3.600E-84	276
Q9R024.1	Q90245.1	0.455	334	178	0	37	364	21	354	3.600E-84	276
Q9R024.1	P79809.1	0.459	330	177	0	37	364	18	347	4.922E-84	275
Q9R024.1	P79898.1	0.439	350	192	0	21	364	2	351	4.922E-84	275
Q9R024.1	P31355.1	0.436	353	193	0	21	364	2	354	4.922E-84	275
Q9R024.1	P29403.1	0.436	353	193	0	21	364	2	354	4.922E-84	275
Q9R024.1	P51489.1	0.464	325	172	0	37	358	21	345	6.728E-84	275
Q9R024.1	O62796.1	0.444	344	187	0	21	358	2	345	6.728E-84	275
Q9R024.1	P02699.1	0.444	344	187	0	21	358	2	345	6.728E-84	275
Q9R024.1	P28681.1	0.444	344	187	0	21	358	2	345	6.728E-84	275
Q9R024.1	P32308.1	0.444	344	187	0	21	358	2	345	9.198E-84	274
Q9R024.1	O18766.1	0.443	344	188	0	21	358	2	345	1.719E-83	274
Q9R024.1	Q9YGZ8.1	0.454	333	179	0	37	364	21	353	1.719E-83	274
Q9R024.1	Q98980.1	0.435	352	194	0	21	364	2	353	2.350E-83	273
Q9R024.1	Q9YGZ5.1	0.453	333	179	0	37	364	21	353	2.350E-83	273
Q9R024.1	P02700.2	0.442	344	188	0	21	358	2	345	3.212E-83	273
Q9R024.1	P32312.1	0.438	348	193	0	21	364	2	349	3.212E-83	273
Q9R024.1	P51471.1	0.433	354	194	0	21	364	2	355	3.212E-83	273
Q9R024.1	Q769E8.1	0.441	344	188	0	21	358	2	345	4.391E-83	273
Q9R024.1	P28682.1	0.453	332	178	0	39	364	30	361	4.391E-83	273
Q9R024.1	P32310.1	0.457	328	177	0	32	358	20	347	6.003E-83	272
Q9R024.1	Q9YGZ3.1	0.451	334	180	0	37	364	21	354	6.003E-83	272
Q9R024.1	Q9YGZ6.1	0.451	333	180	0	37	364	21	353	8.206E-83	272
Q9R024.1	P51472.1	0.452	332	179	0	31	358	20	351	8.206E-83	272
Q9R024.1	P35357.1	0.431	354	195	0	21	364	2	355	8.206E-83	272
Q9R024.1	O62794.1	0.440	344	189	0	21	358	2	345	1.122E-82	271
Q9R024.1	Q9W6A8.1	0.463	321	171	0	39	358	30	350	1.122E-82	271
Q9R024.1	P15409.2	0.459	325	174	0	37	358	21	345	1.533E-82	271
Q9R024.1	Q9DGG4.1	0.432	352	195	0	21	364	2	353	1.533E-82	271
Q9R024.1	O42490.1	0.455	328	178	0	10	336	1	328	1.533E-82	271
Q9R024.1	O62795.1	0.439	344	189	0	21	358	2	345	2.096E-82	271
Q9R024.1	Q9YGZ2.1	0.432	351	195	0	21	364	2	352	2.865E-82	270
Q9R024.1	Q9YH05.1	0.431	352	195	0	21	364	2	353	2.865E-82	270
Q9R024.1	O42604.1	0.448	334	181	0	37	364	21	354	2.865E-82	270
Q9R024.1	P79798.1	0.433	349	193	0	23	364	1	349	3.917E-82	270
Q9R024.1	Q68J47.1	0.437	344	190	0	21	358	2	345	1.000E-81	269
Q9R024.1	Q6W3E1.1	0.436	344	190	0	21	358	2	345	1.869E-81	268
Q9R024.1	Q9YGY9.1	0.429	351	196	0	21	364	2	352	1.869E-81	268
Q9R024.1	Q9W6A5.2	0.433	346	192	0	21	359	2	347	2.554E-81	267
Q9R024.1	O62793.1	0.434	344	191	0	21	358	2	345	4.772E-81	267
Q9R024.1	O62791.1	0.433	344	191	0	21	358	2	345	1.219E-80	265
Q9R024.1	O62798.1	0.430	344	192	0	21	358	2	345	5.812E-80	263
Q9R024.1	P51474.1	0.435	338	187	0	33	364	17	354	7.943E-80	263
Q9R024.1	P87365.1	0.443	329	182	0	31	358	21	349	1.484E-79	262
Q9R024.1	O62792.1	0.428	344	193	0	21	358	2	345	2.028E-79	262
Q9R024.1	Q8AYM8.1	0.426	346	194	0	21	359	2	347	3.787E-79	261
P51489.1	P51489.1	0.970	348	10	0	1	348	1	348	1.140E-235	713
P51489.1	P15409.2	0.954	348	16	0	1	348	1	348	5.130E-231	699
P51489.1	Q95KU1.1	0.944	348	19	0	1	348	1	348	2.800E-228	691
P51489.1	P28681.1	0.939	348	21	0	1	348	1	348	6.543E-227	687
P51489.1	O62794.1	0.938	348	22	0	1	348	1	348	1.229E-226	687
P51489.1	Q28886.1	0.938	348	22	0	1	348	1	348	1.684E-226	686
P51489.1	P32308.1	0.936	348	22	0	1	348	1	348	4.334E-226	685
P51489.1	P08100.1	0.936	348	22	0	1	348	1	348	4.334E-226	685
P51489.1	Q769E8.1	0.934	348	23	0	1	348	1	348	1.528E-225	683
P51489.1	P49912.1	0.933	348	23	0	1	348	1	348	2.871E-225	683
P51489.1	O62795.1	0.932	348	24	0	1	348	1	348	7.388E-225	681
P51489.1	O18766.1	0.932	348	24	0	1	348	1	348	7.388E-225	681
P51489.1	O62796.1	0.929	348	25	0	1	348	1	348	4.893E-224	679
P51489.1	Q6W3E1.1	0.929	348	25	0	1	348	1	348	4.893E-224	679
P51489.1	P02700.2	0.925	348	26	0	1	348	1	348	6.087E-223	676
P51489.1	P02699.1	0.921	348	27	0	1	348	1	348	1.038E-221	672
P51489.1	O62791.1	0.917	348	29	0	1	348	1	348	1.768E-220	669
P51489.1	Q68J47.1	0.914	348	30	0	1	348	1	348	8.547E-220	667
P51489.1	O62798.1	0.907	348	32	0	1	348	1	348	9.647E-218	661
P51489.1	O62793.1	0.906	348	33	0	1	348	1	348	2.483E-217	660
P51489.1	O62792.1	0.905	348	33	0	1	348	1	348	3.402E-217	659
P51489.1	Q8HY69.2	0.885	348	40	0	1	348	1	348	1.900E-211	643
P51489.1	P52202.1	0.872	345	44	0	1	345	1	344	7.739E-206	627
P51489.1	P22328.1	0.866	345	46	0	1	345	1	343	4.648E-204	621
P51489.1	P56515.1	0.860	346	48	0	1	345	1	346	5.779E-203	618
P51489.1	P51470.1	0.840	354	56	0	1	348	1	354	3.826E-202	616
P51489.1	Q90245.1	0.857	346	49	0	1	345	1	346	3.826E-202	616
P51489.1	P31355.1	0.840	354	56	0	1	348	1	354	5.243E-202	616
P51489.1	P29403.1	0.854	346	50	0	1	345	1	346	2.533E-201	614
P51489.1	P56516.1	0.836	354	57	0	1	348	1	354	6.517E-201	612
P51489.1	P56514.1	0.851	346	51	0	1	345	1	346	1.677E-200	611
P51489.1	Q90215.1	0.845	346	53	0	1	345	1	346	1.380E-198	606
P51489.1	Q90214.1	0.842	346	54	0	1	345	1	346	6.666E-198	604
P51489.1	P35359.2	0.841	346	55	0	1	345	1	346	1.252E-197	603
P51489.1	O93459.1	0.824	354	61	0	1	348	1	354	1.715E-197	602
P51489.1	O13227.1	0.840	345	55	0	1	345	1	344	1.556E-196	600
P51489.1	P41591.1	0.837	345	56	0	1	345	1	344	7.515E-196	598
P51489.1	P22671.1	0.832	345	58	0	1	345	1	345	1.754E-194	594
P51489.1	Q98980.1	0.812	353	65	0	1	348	1	353	2.179E-193	591
P51489.1	P51488.1	0.823	346	61	0	1	345	1	346	1.977E-192	588
P51489.1	O93441.1	0.818	346	63	0	1	345	1	346	4.612E-191	584
P51489.1	P79863.1	0.802	354	69	0	1	348	1	354	6.319E-191	584
P51489.1	P32309.1	0.816	346	63	0	1	345	1	346	2.227E-190	582
P51489.1	Q9YH05.1	0.815	345	64	0	1	345	1	345	1.474E-189	580
P51489.1	Q9DGG4.1	0.809	345	66	0	1	345	1	345	8.847E-188	574
P51489.1	O42604.1	0.806	346	67	0	1	345	1	346	1.661E-187	574
P51489.1	Q9YGZ0.1	0.806	345	67	0	1	345	1	345	4.273E-187	572
P51489.1	P41590.1	0.804	346	67	0	1	345	1	346	5.855E-187	572
P51489.1	P79848.1	0.803	346	68	0	1	345	1	346	8.022E-187	572
P51489.1	P87369.1	0.802	346	68	0	1	345	1	346	1.506E-186	571
P51489.1	Q9YGZ6.1	0.803	345	68	0	1	345	1	345	3.874E-186	570
P51489.1	Q9YGZ3.1	0.798	346	69	0	1	345	1	346	3.513E-185	567
P51489.1	Q9YGZ8.1	0.796	345	70	0	1	345	1	345	3.185E-184	564
P51489.1	Q9YGZ2.1	0.795	345	70	0	1	345	1	344	5.979E-184	563
P51489.1	P79756.1	0.793	346	71	0	1	345	1	346	5.979E-184	563
P51489.1	Q9YGZ5.1	0.794	345	71	0	1	345	1	345	1.123E-183	563
P51489.1	Q9YGY9.1	0.793	345	71	0	1	345	1	344	2.888E-183	561
P51489.1	P79898.1	0.783	345	75	0	1	345	1	345	1.570E-180	554
P51489.1	P79812.1	0.782	345	75	0	1	345	1	345	4.039E-180	552
P51489.1	P79807.1	0.787	342	72	0	4	345	1	341	5.534E-180	552
P51489.1	P79901.1	0.784	342	74	0	4	345	1	342	3.661E-179	550
P51489.1	P79798.1	0.783	342	74	0	4	345	1	341	9.417E-179	548
P51489.1	P79808.1	0.780	342	75	0	4	345	1	342	4.547E-178	546
P51489.1	P79914.1	0.779	342	75	0	4	345	1	342	1.170E-177	545
P51489.1	P79902.1	0.775	342	77	0	4	345	1	342	1.452E-176	542
P51489.1	P79911.1	0.772	342	78	0	4	345	1	341	1.316E-175	539
P51489.1	P79903.1	0.770	342	78	0	4	345	1	341	4.639E-175	538
P51489.1	P79809.1	0.768	342	79	0	4	345	1	341	1.193E-174	537
P51489.1	P35357.1	0.730	355	94	0	1	348	1	355	2.069E-170	524
P51489.1	Q9W6A6.2	0.737	349	91	0	1	348	1	349	1.368E-169	522
P51489.1	P28683.1	0.726	355	95	0	1	348	1	355	2.568E-169	521
P51489.1	P32311.1	0.733	349	93	0	1	348	1	349	3.188E-168	518
P51489.1	Q8AYM7.1	0.732	349	93	0	1	348	1	349	5.984E-168	517
P51489.1	P51471.1	0.719	355	98	0	1	348	1	355	2.108E-167	516
P51489.1	P32312.1	0.728	349	94	0	1	348	1	349	5.421E-167	514
P51489.1	P51474.1	0.713	345	99	0	1	345	4	348	1.445E-160	496
P51489.1	Q8AYM8.1	0.700	349	104	0	1	348	1	349	8.649E-159	491
P51489.1	Q9W6A5.2	0.696	349	105	0	1	348	1	349	1.470E-157	487
P51489.1	P28682.1	0.560	341	148	0	8	345	13	353	9.154E-116	366
P51489.1	P51472.1	0.550	343	153	0	8	347	11	353	1.018E-113	361
P51489.1	P32310.1	0.540	340	156	0	8	347	10	349	9.188E-110	349
P51489.1	P87365.1	0.525	340	161	0	8	347	12	351	1.131E-105	337
P51489.1	Q9W6A8.1	0.521	340	162	0	8	347	13	352	1.907E-104	334
P51489.1	P51473.1	0.501	345	171	0	5	348	3	347	2.336E-100	322
P51489.1	P51475.1	0.536	312	144	0	23	334	16	326	5.381E-99	318
P51489.1	P28684.1	0.500	338	167	0	8	345	6	339	4.835E-98	315
P51489.1	O57605.1	0.492	345	172	0	1	345	1	339	6.616E-98	315
P51489.1	P51476.1	0.508	329	158	0	1	329	1	323	2.319E-97	313
P51489.1	P51491.1	0.486	345	173	0	1	345	1	338	3.900E-96	310
P51489.1	O13092.1	0.490	341	171	0	5	345	6	341	5.336E-96	309
P51489.1	P03999.2	0.494	337	167	0	9	345	6	337	7.302E-96	309
P51489.1	P60015.1	0.494	337	167	0	9	345	9	340	7.302E-96	309
P51489.1	Q63652.2	0.477	345	176	0	1	345	1	338	1.101E-93	302
P51489.1	Q90309.1	0.482	333	169	0	13	345	8	334	2.269E-91	296
P51489.1	P51490.1	0.478	336	173	0	10	345	10	341	3.104E-91	295
P51489.1	Q9W6A9.2	0.476	335	172	0	11	345	6	334	2.034E-90	293
P51489.1	P87368.1	0.466	338	176	0	6	343	2	331	1.194E-88	288
P51489.1	P04001.1	0.451	344	185	0	2	345	21	358	4.585E-86	280
P51489.1	O18914.2	0.453	342	183	0	4	345	23	358	4.585E-86	280
P51489.1	Q9BGI7.1	0.453	342	183	0	4	345	23	358	6.270E-86	280
P51489.1	O18913.2	0.450	344	185	0	2	345	21	358	1.173E-85	279
P51489.1	O18912.2	0.450	344	185	0	2	345	21	358	1.173E-85	279
P51489.1	Q95170.1	0.450	342	184	0	4	345	23	358	3.000E-85	278
P51489.1	P35358.1	0.450	342	184	0	4	345	22	357	4.103E-85	278
P51489.1	P34989.1	0.449	342	185	0	2	343	14	349	5.611E-85	277
P51489.1	P04000.2	0.447	344	186	0	2	345	21	358	5.611E-85	277
P51489.1	O18910.2	0.446	344	187	0	2	345	21	358	1.049E-84	276
P51489.1	O35476.2	0.445	344	187	0	2	345	16	353	2.684E-84	275
P51489.1	O35478.2	0.444	344	187	0	2	345	21	358	3.670E-84	275
P51489.1	O35599.1	0.442	344	188	0	2	345	16	353	1.755E-83	273
P51489.1	Q9R024.1	0.442	344	188	0	2	345	21	358	1.755E-83	273
P51489.1	O42490.1	0.477	310	160	0	14	323	25	331	2.400E-83	273
P51489.1	P87367.1	0.437	345	190	0	4	348	20	357	2.934E-82	269
P51489.1	Q8AYN0.1	0.449	328	178	0	21	348	33	356	3.585E-81	266
P51489.1	P41592.1	0.451	325	176	0	21	345	40	361	9.163E-81	265
P51489.1	P32313.1	0.430	345	192	0	4	348	20	357	1.713E-80	264
P51489.1	P22332.2	0.446	328	179	0	21	348	34	357	2.342E-80	264
P51489.1	O12948.1	0.433	342	190	0	4	345	22	357	2.342E-80	264
P51489.1	Q9W6A7.1	0.444	328	180	0	21	348	34	357	8.183E-80	262
P51489.1	P22329.1	0.446	325	177	0	21	345	34	354	1.529E-79	261
P51489.1	P22330.1	0.434	323	180	0	21	343	34	352	9.677E-76	250
P51489.1	P22331.1	0.432	323	181	0	21	343	32	350	3.377E-75	249
P51489.1	O18911.1	0.470	273	144	0	32	304	1	273	1.377E-70	235
P79798.1	P79798.1	0.969	349	11	0	1	349	1	349	3.387E-236	714
P79798.1	P79807.1	0.952	349	17	0	1	349	1	349	2.862E-231	700
P79798.1	P79812.1	0.912	349	31	0	1	349	4	351	8.954E-220	667
P79798.1	P79808.1	0.908	349	32	0	1	349	1	348	1.114E-218	664
P79798.1	P79901.1	0.906	349	33	0	1	349	1	348	3.927E-218	662
P79798.1	P79914.1	0.905	349	33	0	1	349	1	348	1.011E-217	661
P79798.1	P79898.1	0.904	349	33	0	1	349	4	351	2.601E-217	660
P79798.1	P79902.1	0.902	349	34	0	1	349	1	348	9.172E-217	658
P79798.1	Q9YGZ2.1	0.884	349	40	0	1	349	4	352	1.060E-211	644
P79798.1	P79911.1	0.883	349	40	0	1	349	1	347	1.990E-211	643
P79798.1	P79809.1	0.883	349	40	0	1	349	1	347	1.990E-211	643
P79798.1	Q9YH05.1	0.880	350	42	0	1	349	4	353	3.737E-211	642
P79798.1	P79903.1	0.881	349	41	0	1	349	1	347	7.018E-211	641
P79798.1	P87369.1	0.877	351	43	0	1	349	4	354	7.018E-211	641
P79798.1	Q9YGZ6.1	0.878	350	42	0	1	349	4	353	9.617E-211	641
P79798.1	Q9YGY9.1	0.879	349	42	0	1	349	4	352	2.475E-210	640
P79798.1	P79848.1	0.875	351	44	0	1	349	4	354	2.475E-210	640
P79798.1	Q9YGZ3.1	0.874	351	44	0	1	349	4	354	4.647E-210	639
P79798.1	P79756.1	0.870	351	45	0	1	349	4	354	5.778E-209	636
P79798.1	Q9YGZ8.1	0.872	350	45	0	1	349	4	353	7.918E-209	635
P79798.1	Q9DGG4.1	0.868	350	46	0	1	349	4	353	9.845E-208	632
P79798.1	O42604.1	0.865	351	47	0	1	349	4	354	1.349E-207	632
P79798.1	Q9YGZ5.1	0.853	350	51	0	1	349	4	353	2.352E-203	619
P79798.1	P35359.2	0.849	351	53	0	1	349	4	354	8.292E-203	618
P79798.1	P41590.1	0.849	349	53	0	1	349	4	352	1.412E-201	614
P79798.1	P51488.1	0.845	351	54	0	1	349	4	354	1.412E-201	614
P79798.1	P32309.1	0.833	351	58	0	1	349	4	354	2.713E-198	605
P79798.1	Q9YGZ0.1	0.831	349	59	0	1	349	4	351	2.232E-196	599
P79798.1	O13227.1	0.830	349	59	0	1	349	4	350	3.058E-196	599
P79798.1	Q90214.1	0.821	349	62	0	1	349	4	352	1.665E-193	591
P79798.1	Q90215.1	0.814	349	65	0	1	349	4	352	1.876E-191	585
P79798.1	O62796.1	0.804	340	66	0	1	339	4	343	1.610E-183	562
P79798.1	O18766.1	0.804	340	66	0	1	339	4	343	1.610E-183	562
P79798.1	P49912.1	0.803	340	67	0	1	339	4	343	3.022E-183	561
P79798.1	O93441.1	0.781	351	76	0	1	349	4	354	4.140E-183	561
P79798.1	O93459.1	0.779	351	77	0	1	349	4	354	1.065E-182	560
P79798.1	P32308.1	0.799	340	68	0	1	339	4	343	2.739E-182	559
P79798.1	Q95KU1.1	0.799	340	68	0	1	339	4	343	3.753E-182	558
P79798.1	P52202.1	0.781	349	76	0	1	349	4	352	3.753E-182	558
P79798.1	O62795.1	0.797	340	69	0	1	339	4	343	1.323E-181	557
P79798.1	P08100.1	0.797	340	69	0	1	339	4	343	1.323E-181	557
P79798.1	P15409.2	0.797	340	69	0	1	339	4	343	1.812E-181	556
P79798.1	Q68J47.1	0.795	340	69	0	1	339	4	343	4.662E-181	555
P79798.1	O62794.1	0.795	340	69	0	1	339	4	343	6.388E-181	555
P79798.1	P02699.1	0.795	340	69	0	1	339	4	343	6.388E-181	555
P79798.1	P28681.1	0.795	340	69	0	1	339	4	343	6.388E-181	555
P79798.1	P22328.1	0.776	349	78	0	1	349	4	351	1.643E-180	554
P79798.1	Q769E8.1	0.792	340	70	0	1	339	4	343	3.084E-180	553
P79798.1	P56515.1	0.771	351	80	0	1	349	4	354	3.084E-180	553
P79798.1	Q28886.1	0.792	340	70	0	1	339	4	343	4.226E-180	552
P79798.1	Q90245.1	0.770	351	80	0	1	349	4	354	4.226E-180	552
P79798.1	P51489.1	0.790	340	71	0	1	339	4	343	1.087E-179	551
P79798.1	O62793.1	0.790	340	71	0	1	339	4	343	1.087E-179	551
P79798.1	O62791.1	0.790	340	71	0	1	339	4	343	1.489E-179	551
P79798.1	P56514.1	0.768	351	81	0	1	349	4	354	2.041E-179	550
P79798.1	P51470.1	0.768	351	81	0	1	349	4	354	2.041E-179	550
P79798.1	P02700.2	0.788	340	72	0	1	339	4	343	5.249E-179	549
P79798.1	O62798.1	0.787	340	72	0	1	339	4	343	9.853E-179	548
P79798.1	P29403.1	0.766	351	81	0	1	349	4	354	9.853E-179	548
P79798.1	P31355.1	0.765	351	82	0	1	349	4	354	1.350E-178	548
P79798.1	P41591.1	0.768	349	81	0	1	349	4	352	1.850E-178	548
P79798.1	Q6W3E1.1	0.785	340	73	0	1	339	4	343	2.534E-178	547
P79798.1	O62792.1	0.785	340	73	0	1	339	4	343	3.472E-178	547
P79798.1	P56516.1	0.763	351	82	0	1	349	4	354	6.518E-178	546
P79798.1	P22671.1	0.763	350	82	0	1	349	4	353	2.297E-177	544
P79798.1	Q98980.1	0.759	350	84	0	1	349	4	353	2.852E-176	541
P79798.1	P79863.1	0.755	351	85	0	1	349	4	354	1.005E-175	540
P79798.1	Q8HY69.2	0.773	340	77	0	1	339	4	343	6.648E-175	537
P79798.1	Q8AYM7.1	0.706	344	100	0	1	342	4	347	3.184E-158	489
P79798.1	P51471.1	0.683	352	110	0	1	349	4	355	2.363E-155	481
P79798.1	Q9W6A6.2	0.696	344	104	0	1	342	4	347	3.237E-155	481
P79798.1	P28683.1	0.683	352	110	0	1	349	4	355	3.237E-155	481
P79798.1	P35357.1	0.681	352	111	0	1	349	4	355	1.140E-154	479
P79798.1	P32311.1	0.688	344	106	0	1	342	4	347	6.819E-153	474
P79798.1	P32312.1	0.683	344	108	0	1	342	4	347	1.586E-151	470
P79798.1	Q8AYM8.1	0.667	344	114	0	1	342	4	347	3.745E-147	457
P79798.1	Q9W6A5.2	0.665	344	114	0	1	342	4	347	1.318E-146	456
P79798.1	P51474.1	0.657	348	119	0	2	349	8	354	6.356E-146	454
P79798.1	P28682.1	0.552	348	154	0	6	349	14	361	6.971E-116	367
P79798.1	P51472.1	0.564	330	143	0	6	333	12	341	9.567E-113	358
P79798.1	P32310.1	0.542	336	153	0	6	340	11	346	6.299E-109	347
P79798.1	Q9W6A8.1	0.551	322	144	0	19	340	29	349	2.453E-106	339
P79798.1	P87365.1	0.539	329	150	0	8	336	17	343	1.613E-105	337
P79798.1	P51473.1	0.494	344	172	0	6	349	7	347	3.677E-98	316
P79798.1	O13092.1	0.483	343	175	0	6	348	10	348	1.277E-94	305
P79798.1	O57605.1	0.492	334	169	0	15	348	13	346	1.747E-94	305
P79798.1	P03999.2	0.479	343	176	0	6	348	6	344	1.567E-93	302
P79798.1	P60015.1	0.479	343	176	0	6	348	9	347	1.567E-93	302
P79798.1	P51475.1	0.570	274	117	0	51	324	48	319	2.934E-93	301
P79798.1	P28684.1	0.486	334	171	0	15	348	13	346	1.028E-92	300
P79798.1	P51476.1	0.562	274	119	0	51	324	50	321	1.261E-91	297
P79798.1	P51491.1	0.469	343	179	0	6	348	7	345	6.041E-91	295
P79798.1	P51490.1	0.480	329	170	0	20	348	21	348	1.013E-89	291
P79798.1	Q63652.2	0.464	343	181	0	6	348	7	345	1.896E-89	290
P79798.1	Q9W6A9.2	0.467	334	176	0	8	341	6	336	1.112E-87	285
P79798.1	Q90309.1	0.473	323	169	0	19	341	15	336	6.516E-86	280
P79798.1	P87368.1	0.457	337	179	0	3	339	2	331	8.912E-86	280
P79798.1	Q9BGI7.1	0.441	349	191	0	1	349	23	364	1.090E-84	276
P79798.1	O18913.2	0.441	349	191	0	1	349	23	364	1.491E-84	276
P79798.1	O18912.2	0.441	349	191	0	1	349	23	364	2.039E-84	276
P79798.1	O18914.2	0.440	349	191	0	1	349	23	364	2.789E-84	275
P79798.1	P04001.1	0.440	349	191	0	1	349	23	364	3.813E-84	275
P79798.1	Q95170.1	0.439	349	191	0	1	349	23	364	5.215E-84	274
P79798.1	P34989.1	0.444	340	186	0	1	340	16	350	4.663E-83	272
P79798.1	P04000.2	0.435	349	193	0	1	349	23	364	8.718E-83	271
P79798.1	O35478.2	0.433	349	193	0	1	349	23	364	2.229E-82	270
P79798.1	O18910.2	0.432	349	194	0	1	349	23	364	4.167E-82	269
P79798.1	Q9R024.1	0.432	349	194	0	1	349	23	364	4.167E-82	269
P79798.1	O35476.2	0.432	349	194	0	1	349	18	359	5.698E-82	269
P79798.1	P41592.1	0.448	332	182	0	18	349	40	369	5.698E-82	269
P79798.1	P35358.1	0.431	349	195	0	1	349	22	365	7.791E-82	268
P79798.1	O35599.1	0.428	349	195	0	1	349	18	359	6.959E-81	265
P79798.1	O42490.1	0.467	310	163	0	11	320	25	331	9.515E-81	265
P79798.1	P22329.1	0.442	332	183	0	18	349	34	362	3.325E-80	263
P79798.1	O12948.1	0.425	349	197	0	1	349	22	365	4.545E-80	263
P79798.1	P87367.1	0.425	340	191	0	1	340	20	353	1.264E-77	256
P79798.1	Q8AYN0.1	0.437	323	180	0	18	340	33	352	2.105E-76	252
P79798.1	P22331.1	0.433	325	182	0	18	342	32	353	7.346E-76	251
P79798.1	Q9W6A7.1	0.434	323	181	0	18	340	34	353	1.004E-75	250
P79798.1	P22332.2	0.432	323	181	0	18	340	34	353	3.503E-75	249
P79798.1	P32313.1	0.431	323	182	0	18	340	34	353	4.788E-75	248
P79798.1	P22330.1	0.429	325	183	0	18	342	34	355	6.544E-75	248
P79798.1	O18911.1	0.486	264	135	0	38	301	10	273	2.195E-71	238
P87369.1	P87369.1	0.974	354	9	0	1	354	1	354	3.697E-241	729
P87369.1	P79848.1	0.941	354	21	0	1	354	1	354	2.638E-231	700
P87369.1	Q9YGZ3.1	0.940	354	21	0	1	354	1	354	3.616E-231	700
P87369.1	P79756.1	0.937	354	22	0	1	354	1	354	3.282E-230	697
P87369.1	Q9YGZ6.1	0.927	354	26	0	1	354	1	353	3.363E-227	689
P87369.1	Q9DGG4.1	0.924	354	27	0	1	354	1	353	2.227E-226	686
P87369.1	Q9YGZ8.1	0.922	354	27	0	1	354	1	353	7.855E-226	685
P87369.1	Q9YH05.1	0.918	354	29	0	1	354	1	353	9.770E-225	681
P87369.1	Q9YGY9.1	0.917	354	29	0	1	354	1	352	1.835E-224	681
P87369.1	Q9YGZ2.1	0.917	354	29	0	1	354	1	352	2.514E-224	680
P87369.1	Q9YGZ5.1	0.909	354	32	0	1	354	1	353	3.889E-222	674
P87369.1	O42604.1	0.901	354	35	0	1	354	1	354	1.129E-219	667
P87369.1	P51488.1	0.893	354	38	0	1	354	1	354	1.746E-217	661
P87369.1	P35359.2	0.893	354	38	0	1	354	1	354	2.393E-217	660
P87369.1	P79807.1	0.895	351	37	0	4	354	1	349	5.588E-216	656
P87369.1	P79898.1	0.886	354	40	0	1	354	1	351	2.700E-215	654
P87369.1	P79812.1	0.882	354	41	0	1	354	1	351	2.450E-214	651
P87369.1	P32309.1	0.882	354	42	0	1	354	1	354	3.357E-214	651
P87369.1	P79808.1	0.887	351	39	0	4	354	1	348	1.184E-213	649
P87369.1	P79901.1	0.884	351	40	0	4	354	1	348	5.720E-213	647
P87369.1	P79902.1	0.883	351	41	0	4	354	1	348	1.472E-212	646
P87369.1	P79798.1	0.882	351	41	0	4	354	1	349	2.017E-212	646
P87369.1	P79914.1	0.882	351	41	0	4	354	1	348	3.788E-212	645
P87369.1	P41590.1	0.871	354	45	0	1	354	1	352	4.709E-211	642
P87369.1	P79809.1	0.868	351	46	0	4	354	1	347	2.566E-208	634
P87369.1	P79903.1	0.862	351	48	0	4	354	1	347	2.112E-206	629
P87369.1	P79911.1	0.859	351	49	0	4	354	1	347	1.020E-205	627
P87369.1	Q9YGZ0.1	0.852	354	52	0	1	354	1	351	2.625E-205	625
P87369.1	Q90215.1	0.847	354	54	0	1	354	1	352	6.127E-204	621
P87369.1	Q90214.1	0.841	354	56	0	1	354	1	352	2.685E-202	617
P87369.1	O13227.1	0.833	354	58	0	1	354	1	350	5.683E-200	610
P87369.1	O93459.1	0.808	354	68	0	1	354	1	354	1.385E-192	589
P87369.1	P22328.1	0.804	354	69	0	1	354	1	351	2.357E-191	585
P87369.1	O62796.1	0.819	346	62	0	1	346	1	345	3.230E-191	585
P87369.1	P52202.1	0.803	354	69	0	1	354	1	352	3.230E-191	585
P87369.1	P56514.1	0.802	354	70	0	1	354	1	354	6.064E-191	584
P87369.1	Q769E8.1	0.818	346	63	0	1	346	1	345	8.308E-191	584
P87369.1	Q95KU1.1	0.817	346	63	0	1	346	1	345	1.138E-190	583
P87369.1	P02699.1	0.816	346	63	0	1	346	1	345	2.137E-190	582
P87369.1	P56515.1	0.800	354	71	0	1	354	1	354	2.137E-190	582
P87369.1	O93441.1	0.800	354	71	0	1	354	1	354	2.137E-190	582
P87369.1	O18766.1	0.815	346	64	0	1	346	1	345	4.012E-190	582
P87369.1	P49912.1	0.815	346	64	0	1	346	1	345	5.498E-190	581
P87369.1	P32308.1	0.814	346	64	0	1	346	1	345	1.032E-189	580
P87369.1	Q90245.1	0.798	354	71	0	1	354	1	354	1.032E-189	580
P87369.1	P51470.1	0.798	354	71	0	1	354	1	354	1.414E-189	580
P87369.1	P15409.2	0.813	346	64	0	1	346	1	345	1.938E-189	580
P87369.1	P79863.1	0.797	354	72	0	1	354	1	354	1.938E-189	580
P87369.1	P29403.1	0.796	354	72	0	1	354	1	354	3.638E-189	579
P87369.1	P28681.1	0.811	346	65	0	1	346	1	345	9.358E-189	578
P87369.1	P51489.1	0.810	346	65	0	1	346	1	345	1.757E-188	577
P87369.1	Q68J47.1	0.810	346	65	0	1	346	1	345	1.757E-188	577
P87369.1	P56516.1	0.793	354	73	0	1	354	1	354	2.407E-188	576
P87369.1	O62791.1	0.808	346	66	0	1	346	1	345	4.519E-188	576
P87369.1	P31355.1	0.792	354	73	0	1	354	1	354	6.192E-188	575
P87369.1	Q28886.1	0.805	346	67	0	1	346	1	345	2.990E-187	573
P87369.1	O62798.1	0.805	346	67	0	1	346	1	345	2.990E-187	573
P87369.1	P02700.2	0.805	346	67	0	1	346	1	345	2.990E-187	573
P87369.1	O62794.1	0.805	346	67	0	1	346	1	345	4.097E-187	573
P87369.1	P08100.1	0.804	346	67	0	1	346	1	345	7.691E-187	572
P87369.1	P22671.1	0.788	354	75	0	1	354	1	353	1.054E-186	572
P87369.1	O62792.1	0.802	346	68	0	1	346	1	345	1.978E-186	571
P87369.1	O62793.1	0.802	346	68	0	1	346	1	345	2.711E-186	571
P87369.1	O62795.1	0.800	346	69	0	1	346	1	345	1.309E-185	569
P87369.1	Q6W3E1.1	0.794	346	71	0	1	346	1	345	4.182E-184	564
P87369.1	P41591.1	0.778	354	78	0	1	354	1	352	5.730E-184	564
P87369.1	Q98980.1	0.778	354	78	0	1	354	1	353	5.730E-184	564
P87369.1	Q8HY69.2	0.793	346	71	0	1	346	1	345	7.850E-184	563
P87369.1	P28683.1	0.716	355	100	0	1	354	1	355	2.497E-166	513
P87369.1	P51471.1	0.710	355	102	0	1	354	1	355	1.495E-164	508
P87369.1	P35357.1	0.701	355	106	0	1	354	1	355	8.104E-162	500
P87369.1	Q8AYM7.1	0.710	347	100	0	1	347	1	347	1.005E-160	497
P87369.1	Q9W6A6.2	0.706	347	102	0	1	347	1	347	2.339E-159	493
P87369.1	P32311.1	0.699	347	104	0	1	347	1	347	1.917E-157	487
P87369.1	P32312.1	0.692	347	107	0	1	347	1	347	2.152E-155	481
P87369.1	Q8AYM8.1	0.686	347	109	0	1	347	1	347	1.286E-153	476
P87369.1	Q9W6A5.2	0.677	347	112	0	1	347	1	347	3.709E-151	469
P87369.1	P51474.1	0.657	354	120	0	1	354	4	354	1.464E-148	462
P87369.1	P28682.1	0.545	348	157	0	9	354	14	361	9.541E-114	361
P87369.1	P51472.1	0.544	339	154	0	8	346	13	351	2.447E-110	351
P87369.1	P32310.1	0.541	339	154	0	8	346	12	347	1.176E-109	349
P87369.1	P87365.1	0.528	336	157	0	11	346	17	349	6.934E-105	335
P87369.1	Q9W6A8.1	0.539	325	148	0	22	346	29	350	4.556E-104	333
P87369.1	P51473.1	0.512	333	161	0	22	354	17	347	1.426E-99	320
P87369.1	O57605.1	0.504	336	165	0	18	353	13	346	2.398E-98	316
P87369.1	P28684.1	0.500	338	168	0	16	353	11	346	8.405E-98	315
P87369.1	P51475.1	0.508	326	152	0	2	327	11	319	3.617E-96	310
P87369.1	P51476.1	0.504	327	159	0	1	327	1	321	1.734E-95	308
P87369.1	O13092.1	0.491	331	166	0	23	353	21	348	3.571E-93	301
P87369.1	P03999.2	0.490	331	167	0	23	353	17	344	6.683E-93	301
P87369.1	P51491.1	0.490	331	167	0	23	353	18	345	6.683E-93	301
P87369.1	P60015.1	0.490	331	167	0	23	353	20	347	6.683E-93	301
P87369.1	Q63652.2	0.479	331	170	0	23	353	18	345	6.577E-90	292
P87369.1	P51490.1	0.478	331	171	0	23	353	21	348	8.996E-90	291
P87369.1	Q9W6A9.2	0.481	326	166	0	22	347	15	335	5.890E-89	289
P87369.1	P04001.1	0.452	353	188	0	2	354	21	364	1.102E-88	288
P87369.1	P35358.1	0.451	351	188	0	4	354	22	365	5.273E-88	286
P87369.1	P04000.2	0.449	353	189	0	2	354	21	364	9.862E-88	286
P87369.1	Q9BGI7.1	0.449	351	188	0	4	354	23	364	2.523E-87	284
P87369.1	O18913.2	0.446	353	190	0	2	354	21	364	4.718E-87	284
P87369.1	O18912.2	0.446	353	190	0	2	354	21	364	6.453E-87	283
P87369.1	O18914.2	0.448	351	188	0	4	354	23	364	6.453E-87	283
P87369.1	Q95170.1	0.447	351	189	0	4	354	23	364	1.207E-86	282
P87369.1	Q9R024.1	0.445	353	190	0	2	354	21	364	1.207E-86	282
P87369.1	P34989.1	0.452	344	184	0	2	345	14	350	3.086E-86	281
P87369.1	Q90309.1	0.469	326	170	0	22	347	15	335	7.893E-86	280
P87369.1	O35478.2	0.442	353	191	0	2	354	21	364	7.893E-86	280
P87369.1	P87368.1	0.472	322	166	0	23	344	16	331	2.018E-85	279
P87369.1	P41592.1	0.459	334	178	0	21	354	40	369	2.018E-85	279
P87369.1	O18910.2	0.440	353	192	0	2	354	21	364	3.774E-85	278
P87369.1	O12948.1	0.441	351	192	0	4	354	22	365	5.161E-85	278
P87369.1	O35476.2	0.438	353	193	0	2	354	16	359	9.651E-85	277
P87369.1	O35599.1	0.435	353	194	0	2	354	16	359	8.626E-84	274
P87369.1	P22329.1	0.452	334	180	0	21	354	34	362	2.205E-83	273
P87369.1	P87367.1	0.442	343	186	0	4	346	20	354	3.015E-83	273
P87369.1	Q8AYN0.1	0.455	326	174	0	21	346	33	353	5.034E-82	269
P87369.1	P32313.1	0.453	326	175	0	21	346	34	354	1.759E-81	267
P87369.1	Q9W6A7.1	0.452	326	175	0	21	346	34	354	2.404E-81	267
P87369.1	P22332.2	0.452	326	175	0	21	346	34	354	3.287E-81	267
P87369.1	O42490.1	0.464	308	163	0	16	323	27	331	3.576E-79	261
P87369.1	P22331.1	0.441	327	179	0	21	347	32	353	1.707E-78	259
P87369.1	P22330.1	0.437	327	181	0	21	347	34	355	1.521E-77	256
P87369.1	O18911.1	0.489	267	136	0	37	303	6	272	6.212E-73	243
O42490.1	O42490.1	0.949	444	23	0	1	444	1	444	4.566E-294	887
O42490.1	P51476.1	0.589	285	117	0	47	331	33	317	3.002E-100	326
O42490.1	P51475.1	0.544	307	139	0	25	331	11	315	1.542E-97	318
O42490.1	P02699.1	0.496	307	153	0	28	331	17	323	1.247E-85	284
O42490.1	O18766.1	0.496	307	153	0	28	331	17	323	1.247E-85	284
O42490.1	Q769E8.1	0.466	333	175	0	25	352	14	346	1.702E-85	283
O42490.1	Q8HY69.2	0.470	327	170	0	31	352	20	346	8.060E-85	281
O42490.1	P51489.1	0.465	330	173	0	28	352	17	346	1.501E-84	280
O42490.1	O62796.1	0.469	327	167	0	28	343	17	343	1.501E-84	280
O42490.1	P41591.1	0.465	330	175	0	28	356	17	346	1.501E-84	280
O42490.1	P49912.1	0.465	330	173	0	28	352	17	346	2.049E-84	280
O42490.1	O62795.1	0.491	307	154	0	28	331	17	323	2.049E-84	280
O42490.1	Q95KU1.1	0.491	307	154	0	28	331	17	323	2.796E-84	280
O42490.1	Q6W3E1.1	0.470	325	170	0	28	349	17	341	2.796E-84	280
O42490.1	P08100.1	0.487	310	157	0	25	331	14	323	2.796E-84	280
O42490.1	P52202.1	0.464	330	176	0	28	356	17	346	2.796E-84	280
O42490.1	P22328.1	0.464	329	176	0	28	356	17	345	5.208E-84	279
O42490.1	Q28886.1	0.486	310	157	0	25	331	14	323	7.107E-84	278
O42490.1	O62794.1	0.489	307	155	0	28	331	17	323	7.107E-84	278
O42490.1	P51471.1	0.493	304	152	0	31	331	20	323	7.107E-84	278
O42490.1	P32308.1	0.489	307	155	0	28	331	17	323	9.699E-84	278
O42490.1	P02700.2	0.489	307	155	0	28	331	17	323	9.699E-84	278
O42490.1	P28683.1	0.488	307	155	0	28	331	17	323	1.324E-83	278
O42490.1	P15409.2	0.458	333	177	0	25	352	14	346	1.806E-83	277
O42490.1	O62791.1	0.460	330	175	0	28	352	17	346	4.590E-83	276
O42490.1	P32312.1	0.468	322	165	0	20	331	2	323	6.263E-83	276
O42490.1	O62793.1	0.485	307	156	0	28	331	17	323	8.546E-83	275
O42490.1	P28681.1	0.455	333	178	0	25	352	14	346	1.166E-82	275
O42490.1	Q9W6A6.2	0.467	322	166	0	20	331	2	323	1.166E-82	275
O42490.1	O93459.1	0.463	326	172	0	28	349	17	342	1.166E-82	275
O42490.1	P28682.1	0.486	305	155	0	30	331	26	330	2.171E-82	274
O42490.1	P56514.1	0.483	307	157	0	28	331	17	323	2.962E-82	274
O42490.1	Q68J47.1	0.460	327	170	0	28	343	17	343	4.042E-82	273
O42490.1	O62798.1	0.455	330	177	0	28	352	17	346	7.524E-82	273
O42490.1	Q9R024.1	0.439	347	191	0	13	359	22	363	7.524E-82	273
O42490.1	P32311.1	0.484	304	155	0	31	331	20	323	1.027E-81	272
O42490.1	P04000.2	0.438	347	192	0	13	359	22	363	1.401E-81	272
O42490.1	O18914.2	0.446	338	184	0	22	359	31	363	1.911E-81	271
O42490.1	O18910.2	0.433	352	197	0	8	359	15	363	1.911E-81	271
O42490.1	O62792.1	0.453	330	177	0	28	352	17	346	2.607E-81	271
O42490.1	Q8AYM7.1	0.462	322	167	0	20	331	2	323	2.607E-81	271
O42490.1	P04001.1	0.437	347	192	0	13	359	22	363	2.607E-81	271
O42490.1	P22671.1	0.484	302	154	0	33	331	22	323	3.557E-81	271
O42490.1	O93441.1	0.457	326	174	0	28	349	17	342	3.557E-81	271
O42490.1	P79863.1	0.454	328	177	0	28	353	17	344	4.853E-81	270
O42490.1	P79911.1	0.458	324	171	0	27	342	13	336	9.032E-81	269
O42490.1	P56515.1	0.477	307	158	0	28	331	17	323	9.032E-81	269
O42490.1	P51470.1	0.480	304	156	0	31	331	20	323	9.032E-81	269
O42490.1	O35478.2	0.435	347	193	0	13	359	22	363	9.032E-81	269
O42490.1	Q98980.1	0.482	302	154	0	33	331	22	323	1.232E-80	269
O42490.1	P35358.1	0.443	338	185	0	26	358	24	361	1.232E-80	269
O42490.1	P79903.1	0.456	324	171	0	27	342	13	336	3.128E-80	268
O42490.1	P79914.1	0.451	328	179	0	27	353	13	340	3.128E-80	268
O42490.1	Q8AYM8.1	0.458	322	169	0	20	331	2	323	3.128E-80	268
O42490.1	P56516.1	0.475	307	159	0	28	331	17	323	3.128E-80	268
O42490.1	Q90245.1	0.478	304	157	0	31	331	20	323	4.267E-80	267
O42490.1	O13227.1	0.452	326	174	0	25	342	14	339	7.941E-80	267
O42490.1	P34989.1	0.441	337	186	0	13	349	15	347	7.941E-80	267
O42490.1	P29403.1	0.473	307	160	0	28	331	17	323	7.941E-80	267
O42490.1	P35357.1	0.476	304	157	0	31	331	20	323	7.941E-80	267
O42490.1	P79901.1	0.449	328	180	0	27	353	13	340	1.083E-79	266
O42490.1	P79808.1	0.449	328	180	0	27	353	13	340	1.083E-79	266
O42490.1	O18913.2	0.439	338	186	0	22	359	31	363	1.083E-79	266
O42490.1	P79902.1	0.449	328	180	0	27	353	13	340	1.478E-79	266
O42490.1	P31355.1	0.472	307	160	0	28	331	17	323	1.478E-79	266
O42490.1	P51472.1	0.523	269	127	0	65	331	60	328	1.478E-79	266
O42490.1	O18912.2	0.439	338	186	0	22	359	31	363	1.478E-79	266
O42490.1	P79812.1	0.448	328	180	0	27	353	16	343	2.749E-79	265
O42490.1	P79798.1	0.448	327	179	0	25	349	11	337	3.750E-79	265
O42490.1	P79898.1	0.447	328	180	0	27	353	16	343	3.750E-79	265
O42490.1	P22329.1	0.470	307	162	0	22	328	28	333	3.750E-79	265
O42490.1	Q9W6A5.2	0.491	290	146	0	44	331	34	323	5.115E-79	264
O42490.1	P79807.1	0.447	327	179	0	25	349	11	337	6.976E-79	264
O42490.1	Q90214.1	0.469	307	161	0	28	331	17	323	6.976E-79	264
O42490.1	P79809.1	0.450	324	173	0	27	342	13	336	9.515E-79	263
O42490.1	O35476.2	0.436	338	187	0	22	359	26	358	9.515E-79	263
O42490.1	P35359.2	0.465	310	164	0	25	331	14	323	1.298E-78	263
O42490.1	Q9BGI7.1	0.435	338	188	0	22	359	31	363	1.770E-78	263
O42490.1	P41590.1	0.462	310	165	0	25	331	14	323	4.491E-78	261
O42490.1	Q95170.1	0.433	338	188	0	22	359	31	363	4.491E-78	261
O42490.1	O35599.1	0.433	338	188	0	22	359	26	358	6.124E-78	261
O42490.1	P41592.1	0.443	328	180	0	22	349	34	357	6.124E-78	261
O42490.1	O12948.1	0.441	328	181	0	22	349	30	353	1.553E-77	260
O42490.1	Q90215.1	0.460	310	165	0	25	331	14	323	2.118E-77	259
O42490.1	Q9YGZ6.1	0.462	308	164	0	27	331	16	323	2.118E-77	259
O42490.1	P32310.1	0.453	315	170	0	32	343	25	339	3.940E-77	259
O42490.1	P87369.1	0.461	308	164	0	27	331	16	323	3.940E-77	259
O42490.1	Q9YH05.1	0.460	308	164	0	27	331	16	323	5.372E-77	258
O42490.1	Q9YGZ8.1	0.460	308	164	0	27	331	16	323	5.372E-77	258
O42490.1	Q9YGZ5.1	0.460	308	164	0	27	331	16	323	5.372E-77	258
O42490.1	P22330.1	0.435	332	185	0	22	353	28	355	5.372E-77	258
O42490.1	P28684.1	0.442	325	180	0	25	349	12	335	7.326E-77	258
O42490.1	Q9DGG4.1	0.460	308	164	0	27	331	16	323	7.326E-77	258
O42490.1	P79848.1	0.460	308	164	0	27	331	16	323	7.326E-77	258
O42490.1	P22331.1	0.434	332	185	0	22	353	26	353	9.989E-77	258
O42490.1	P51488.1	0.457	310	166	0	25	331	14	323	9.989E-77	258
O42490.1	Q9YGZ3.1	0.459	308	164	0	27	331	16	323	9.989E-77	258
O42490.1	P03999.2	0.449	317	174	0	34	349	17	333	1.362E-76	257
O42490.1	P60015.1	0.449	317	174	0	34	349	20	336	1.362E-76	257
O42490.1	O42604.1	0.458	308	165	0	27	331	16	323	2.533E-76	256
O42490.1	P79756.1	0.458	308	165	0	27	331	16	323	2.533E-76	256
O42490.1	Q9YGZ2.1	0.457	308	165	0	27	331	16	323	3.453E-76	256
O42490.1	P51474.1	0.477	290	150	0	44	331	37	326	8.753E-76	255
O42490.1	P32309.1	0.453	310	167	0	25	331	14	323	8.753E-76	255
O42490.1	Q9YGZ0.1	0.452	310	168	0	25	331	14	323	1.627E-75	254
O42490.1	P51473.1	0.447	314	170	0	33	340	17	330	3.025E-75	253
O42490.1	O13092.1	0.443	317	175	0	34	349	21	337	4.123E-75	253
O42490.1	Q9W6A8.1	0.463	299	159	0	47	343	44	342	4.123E-75	253
O42490.1	O57605.1	0.435	325	182	0	25	349	12	335	5.622E-75	252
O42490.1	Q9YGY9.1	0.452	308	167	0	27	331	16	323	5.622E-75	252
O42490.1	Q8AYN0.1	0.428	330	185	0	20	349	25	349	1.942E-74	251
O42490.1	P87367.1	0.460	299	159	0	33	328	35	333	1.942E-74	251
O42490.1	P22332.2	0.427	328	185	0	22	349	28	350	9.138E-74	249
O42490.1	Q9W6A7.1	0.422	333	189	0	17	349	23	350	1.246E-73	248
O42490.1	P87365.1	0.429	325	185	0	30	354	25	349	1.698E-73	248
O42490.1	Q9W6A9.2	0.446	304	166	0	29	329	11	314	2.021E-72	245
O42490.1	P32313.1	0.422	328	186	0	22	349	28	350	2.021E-72	245
O42490.1	P51490.1	0.432	317	179	0	34	349	21	337	2.755E-72	244
O42490.1	P51491.1	0.428	317	180	0	34	349	18	334	3.276E-71	241
O42490.1	Q90309.1	0.445	300	164	0	33	329	15	314	4.463E-71	241
O42490.1	Q63652.2	0.422	317	182	0	34	349	18	334	9.834E-70	237
O42490.1	P87368.1	0.423	307	175	0	34	338	16	322	2.558E-67	230
O42490.1	O18911.1	0.462	270	144	0	45	312	4	273	1.198E-66	228
P04001.1	P04001.1	0.974	364	9	0	1	364	1	364	8.483E-248	749
P04001.1	P04000.2	0.948	364	19	0	1	364	1	364	5.358E-240	726
P04001.1	P34989.1	0.948	349	18	0	9	357	2	350	7.164E-230	697
P04001.1	O35478.2	0.908	364	33	0	1	364	1	364	4.305E-228	692
P04001.1	O18913.2	0.907	364	34	0	1	364	1	364	5.900E-228	691
P04001.1	O18912.2	0.907	364	34	0	1	364	1	364	5.900E-228	691
P04001.1	O18914.2	0.902	364	36	0	1	364	1	364	2.587E-226	687
P04001.1	Q9BGI7.1	0.901	364	36	0	1	364	1	364	4.858E-226	686
P04001.1	Q95170.1	0.899	364	37	0	1	364	1	364	2.347E-225	684
P04001.1	Q9R024.1	0.896	364	38	0	1	364	1	364	2.130E-224	681
P04001.1	O18910.2	0.888	364	41	0	1	364	1	364	4.512E-222	674
P04001.1	O35476.2	0.899	357	36	0	8	364	3	359	7.687E-221	671
P04001.1	O35599.1	0.894	357	38	0	8	364	3	359	2.459E-219	666
P04001.1	P41592.1	0.847	361	55	0	5	364	9	369	4.064E-208	634
P04001.1	P22329.1	0.843	360	56	0	5	364	4	362	2.440E-206	629
P04001.1	O12948.1	0.809	365	69	0	1	364	1	365	5.941E-199	608
P04001.1	P87367.1	0.813	358	66	0	1	358	1	354	3.231E-196	600
P04001.1	P32313.1	0.810	358	67	0	1	358	1	354	2.930E-195	597
P04001.1	P35358.1	0.793	365	75	0	1	364	1	365	2.656E-194	594
P04001.1	Q9W6A7.1	0.804	358	69	0	1	358	1	354	1.757E-193	592
P04001.1	Q8AYN0.1	0.804	355	69	0	4	358	3	353	1.054E-191	587
P04001.1	P22332.2	0.797	358	72	0	1	358	1	354	1.978E-191	586
P04001.1	P22331.1	0.809	340	65	0	20	359	15	353	1.361E-184	566
P04001.1	P22330.1	0.795	340	69	0	20	359	17	355	1.257E-180	555
P04001.1	O18911.1	0.937	273	17	0	48	320	1	273	6.948E-175	538
P04001.1	P51476.1	0.565	302	131	0	35	336	14	314	2.146E-102	329
P04001.1	P51475.1	0.558	303	133	0	34	336	11	312	6.751E-101	324
P04001.1	Q9W6A9.2	0.502	321	159	0	39	359	16	335	7.215E-93	301
P04001.1	O13092.1	0.490	327	166	0	35	360	17	343	1.652E-91	297
P04001.1	P51490.1	0.493	324	163	0	38	360	20	343	2.260E-91	297
P04001.1	O13227.1	0.478	337	173	0	33	364	14	350	3.091E-91	296
P04001.1	O57605.1	0.480	333	171	0	35	363	14	346	1.479E-90	294
P04001.1	P41590.1	0.461	349	184	0	23	364	4	352	7.074E-90	292
P04001.1	Q63652.2	0.483	327	168	0	35	360	14	340	1.323E-89	291
P04001.1	Q90215.1	0.475	332	172	0	37	364	21	352	4.626E-89	290
P04001.1	P28683.1	0.464	342	177	0	33	364	14	355	6.327E-89	289
P04001.1	Q8HY69.2	0.473	333	173	0	30	358	13	345	1.183E-88	289
P04001.1	Q90214.1	0.473	332	172	0	37	364	21	352	1.618E-88	288
P04001.1	P22671.1	0.464	340	177	0	33	364	14	353	2.212E-88	288
P04001.1	P35359.2	0.453	351	187	0	23	364	4	354	2.212E-88	288
P04001.1	P28684.1	0.463	340	182	0	22	360	2	341	4.136E-88	287
P04001.1	P79902.1	0.469	335	176	0	33	364	14	348	4.136E-88	287
P04001.1	P03999.2	0.477	327	170	0	35	360	13	339	5.656E-88	287
P04001.1	P60015.1	0.477	327	170	0	35	360	16	342	5.656E-88	287
P04001.1	Q9W6A6.2	0.459	344	182	0	23	359	4	347	5.656E-88	287
P04001.1	P22328.1	0.454	348	186	0	23	364	4	351	7.734E-88	286
P04001.1	Q9YGZ0.1	0.454	348	186	0	23	364	4	351	7.734E-88	286
P04001.1	Q90309.1	0.470	332	175	0	28	359	4	335	1.058E-87	286
P04001.1	P79903.1	0.472	330	173	0	37	364	18	347	1.058E-87	286
P04001.1	P79808.1	0.471	331	173	0	37	364	18	348	1.058E-87	286
P04001.1	P79809.1	0.468	334	176	0	33	364	14	347	1.446E-87	286
P04001.1	P79863.1	0.450	351	188	0	23	364	4	354	1.446E-87	286
P04001.1	O93441.1	0.450	351	188	0	23	364	4	354	1.977E-87	285
P04001.1	P79914.1	0.469	331	174	0	37	364	18	348	3.697E-87	284
P04001.1	P79807.1	0.451	349	187	0	23	364	1	349	3.697E-87	284
P04001.1	P79911.1	0.470	330	173	0	37	364	18	347	5.055E-87	284
P04001.1	P79901.1	0.469	331	174	0	37	364	18	348	5.055E-87	284
P04001.1	P51491.1	0.472	327	172	0	35	360	14	340	9.451E-87	283
P04001.1	P32311.1	0.454	344	183	0	23	359	4	347	9.451E-87	283
P04001.1	P79812.1	0.468	331	174	0	37	364	21	351	9.451E-87	283
P04001.1	P87368.1	0.468	330	173	0	27	356	5	331	1.292E-86	283
P04001.1	P79756.1	0.464	334	175	0	37	364	21	354	1.292E-86	283
P04001.1	P49912.1	0.466	332	174	0	33	358	14	345	1.767E-86	282
P04001.1	P79898.1	0.467	331	174	0	37	364	21	351	1.767E-86	282
P04001.1	P87369.1	0.464	334	175	0	37	364	21	354	1.767E-86	282
P04001.1	O93459.1	0.447	351	189	0	23	364	4	354	1.767E-86	282
P04001.1	P08100.1	0.465	332	174	0	33	358	14	345	2.416E-86	282
P04001.1	P52202.1	0.458	339	179	0	33	364	14	352	2.416E-86	282
P04001.1	P51488.1	0.446	351	189	0	23	364	4	354	2.416E-86	282
P04001.1	Q8AYM7.1	0.453	344	184	0	23	359	4	347	3.303E-86	282
P04001.1	P56515.1	0.456	341	180	0	33	364	14	354	3.303E-86	282
P04001.1	P51472.1	0.463	334	178	0	31	363	20	353	3.303E-86	282
P04001.1	P51489.1	0.472	325	169	0	37	358	21	345	4.516E-86	281
P04001.1	Q98980.1	0.456	340	180	0	33	364	14	353	4.516E-86	281
P04001.1	P56516.1	0.455	341	180	0	33	364	14	354	4.516E-86	281
P04001.1	P32308.1	0.464	332	174	0	33	358	14	345	6.175E-86	281
P04001.1	Q28886.1	0.464	332	174	0	33	358	14	345	6.175E-86	281
P04001.1	P32309.1	0.445	351	189	0	23	364	4	354	6.175E-86	281
P04001.1	P79848.1	0.462	334	176	0	37	364	21	354	6.175E-86	281
P04001.1	P35357.1	0.454	342	181	0	33	364	14	355	6.175E-86	281
P04001.1	P02699.1	0.463	332	175	0	33	358	14	345	8.442E-86	280
P04001.1	Q95KU1.1	0.463	332	175	0	33	358	14	345	8.442E-86	280
P04001.1	P41591.1	0.446	349	189	0	23	364	4	352	8.442E-86	280
P04001.1	Q9YGZ3.1	0.461	334	176	0	37	364	21	354	1.154E-85	280
P04001.1	P51470.1	0.453	341	181	0	33	364	14	354	1.578E-85	280
P04001.1	O18766.1	0.462	332	175	0	33	358	14	345	2.158E-85	279
P04001.1	P32310.1	0.466	328	174	0	32	358	20	347	2.158E-85	279
P04001.1	P28681.1	0.461	332	175	0	33	358	14	345	2.950E-85	279
P04001.1	P32312.1	0.447	346	189	0	23	364	4	349	4.033E-85	278
P04001.1	P56514.1	0.452	341	181	0	33	364	14	354	4.033E-85	278
P04001.1	P31355.1	0.452	341	181	0	33	364	14	354	4.033E-85	278
P04001.1	O62794.1	0.460	332	175	0	33	358	14	345	5.514E-85	278
P04001.1	Q769E8.1	0.460	332	175	0	33	358	14	345	5.514E-85	278
P04001.1	P02700.2	0.460	332	175	0	33	358	14	345	5.514E-85	278
P04001.1	P51471.1	0.450	342	182	0	33	364	14	355	5.514E-85	278
P04001.1	O42604.1	0.458	334	177	0	37	364	21	354	7.538E-85	278
P04001.1	O62795.1	0.459	332	176	0	33	358	14	345	1.031E-84	277
P04001.1	O62796.1	0.459	332	176	0	33	358	14	345	1.031E-84	277
P04001.1	Q90245.1	0.453	338	181	0	33	364	17	354	1.031E-84	277
P04001.1	P15409.2	0.466	325	171	0	37	358	21	345	1.409E-84	277
P04001.1	Q9W6A8.1	0.466	325	172	0	35	358	26	350	1.409E-84	277
P04001.1	P29403.1	0.450	341	182	0	33	364	14	354	1.409E-84	277
P04001.1	Q9YGZ5.1	0.457	333	178	0	37	364	21	353	1.926E-84	276
P04001.1	Q68J47.1	0.457	332	176	0	33	358	14	345	4.922E-84	275
P04001.1	Q6W3E1.1	0.456	332	177	0	33	358	14	345	6.728E-84	275
P04001.1	Q9YGZ2.1	0.456	332	178	0	37	364	21	352	6.728E-84	275
P04001.1	Q9YGZ6.1	0.455	333	178	0	37	364	21	353	6.728E-84	275
P04001.1	O62791.1	0.456	332	177	0	33	358	14	345	9.198E-84	274
P04001.1	P79798.1	0.439	349	191	0	23	364	1	349	9.198E-84	274
P04001.1	Q9YH05.1	0.454	333	179	0	37	364	21	353	1.719E-83	274
P04001.1	Q9DGG4.1	0.454	333	179	0	37	364	21	353	1.719E-83	274
P04001.1	Q9YGZ8.1	0.453	333	179	0	37	364	21	353	2.350E-83	273
P04001.1	P51474.1	0.455	331	178	0	37	364	24	354	2.350E-83	273
P04001.1	P51473.1	0.452	334	180	0	35	364	14	347	3.212E-83	273
P04001.1	O62793.1	0.461	325	173	0	37	358	21	345	4.391E-83	273
P04001.1	Q9YGY9.1	0.453	332	179	0	37	364	21	352	4.391E-83	273
P04001.1	Q9W6A5.2	0.441	344	188	0	23	359	4	347	6.003E-83	272
P04001.1	O62798.1	0.452	332	178	0	33	358	14	345	1.122E-82	271
P04001.1	P28682.1	0.449	332	179	0	39	364	30	361	5.354E-82	269
P04001.1	O62792.1	0.449	332	179	0	33	358	14	345	7.318E-82	269
P04001.1	P87365.1	0.449	329	180	0	31	358	21	349	4.772E-81	267
P04001.1	Q8AYM8.1	0.434	344	190	0	23	359	4	347	6.523E-81	266
P04001.1	O42490.1	0.433	344	192	0	25	363	16	359	8.915E-81	266
P79898.1	P79898.1	0.982	351	6	0	1	351	1	351	2.343E-241	729
P79898.1	P79901.1	0.973	348	9	0	4	351	1	348	1.981E-236	715
P79898.1	P79914.1	0.970	348	10	0	4	351	1	348	1.312E-235	713
P79898.1	P79902.1	0.959	348	14	0	4	351	1	348	1.844E-232	704
P79898.1	P79812.1	0.948	351	18	0	1	351	1	351	2.293E-231	700
P79898.1	P79808.1	0.953	348	16	0	4	351	1	348	1.109E-230	698
P79898.1	P79809.1	0.925	348	26	0	4	351	1	347	6.999E-223	676
P79898.1	P79903.1	0.919	348	28	0	4	351	1	347	4.207E-221	671
P79898.1	P79911.1	0.917	348	29	0	4	351	1	347	2.033E-220	669
P79898.1	Q9YGZ2.1	0.907	352	33	0	1	351	1	352	3.818E-220	668
P79898.1	Q9YH05.1	0.904	353	34	0	1	351	1	353	3.818E-220	668
P79898.1	Q9YGY9.1	0.906	352	33	0	1	351	1	352	7.170E-220	667
P79898.1	P79807.1	0.910	349	31	0	4	351	1	349	3.465E-219	665
P79898.1	P79798.1	0.910	349	31	0	4	351	1	349	4.748E-219	665
P79898.1	Q9YGZ3.1	0.896	354	36	0	1	351	1	354	3.145E-218	662
P79898.1	Q9YGZ8.1	0.891	353	38	0	1	351	1	353	2.590E-216	657
P79898.1	O42604.1	0.889	354	39	0	1	351	1	354	2.590E-216	657
P79898.1	P87369.1	0.887	354	40	0	1	351	1	354	1.251E-215	655
P79898.1	Q9DGG4.1	0.888	353	39	0	1	351	1	353	1.715E-215	655
P79898.1	Q9YGZ6.1	0.888	353	39	0	1	351	1	353	2.350E-215	654
P79898.1	P79848.1	0.884	354	41	0	1	351	1	354	8.287E-215	653
P79898.1	P79756.1	0.881	354	42	0	1	351	1	354	7.520E-214	650
P79898.1	Q9YGZ5.1	0.867	353	47	0	1	351	1	353	3.375E-209	636
P79898.1	O13227.1	0.860	351	49	0	1	351	1	350	6.485E-206	627
P79898.1	P41590.1	0.857	352	50	0	1	351	1	352	8.887E-206	627
P79898.1	P35359.2	0.849	354	53	0	1	351	1	354	1.514E-204	623
P79898.1	Q9YGZ0.1	0.853	351	51	0	1	351	1	351	7.314E-204	621
P79898.1	P51488.1	0.845	354	54	0	1	351	1	354	1.373E-203	620
P79898.1	P32309.1	0.834	354	58	0	1	351	1	354	2.637E-200	611
P79898.1	Q90215.1	0.830	352	60	0	1	351	1	352	5.583E-198	604
P79898.1	Q90214.1	0.828	352	60	0	1	351	1	352	1.968E-197	602
P79898.1	P49912.1	0.809	343	65	0	1	343	1	343	1.260E-186	571
P79898.1	O93459.1	0.785	354	75	0	1	351	1	354	4.441E-186	570
P79898.1	O18766.1	0.804	343	67	0	1	343	1	343	2.938E-185	567
P79898.1	P32308.1	0.804	343	67	0	1	343	1	343	4.026E-185	567
P79898.1	Q95KU1.1	0.803	343	67	0	1	343	1	343	5.516E-185	567
P79898.1	O93441.1	0.780	354	77	0	1	351	1	354	1.419E-184	565
P79898.1	O62796.1	0.801	343	68	0	1	343	1	343	2.664E-184	565
P79898.1	O62794.1	0.801	343	68	0	1	343	1	343	2.664E-184	565
P79898.1	O62795.1	0.800	343	68	0	1	343	1	343	3.650E-184	564
P79898.1	P56515.1	0.777	354	78	0	1	351	1	354	1.286E-183	563
P79898.1	P56514.1	0.777	354	78	0	1	351	1	354	1.286E-183	563
P79898.1	Q68J47.1	0.798	343	69	0	1	343	1	343	1.763E-183	562
P79898.1	P08100.1	0.798	343	69	0	1	343	1	343	1.763E-183	562
P79898.1	P15409.2	0.797	343	69	0	1	343	1	343	2.415E-183	562
P79898.1	P51489.1	0.795	343	70	0	1	343	1	343	8.511E-183	560
P79898.1	P02699.1	0.795	343	70	0	1	343	1	343	8.511E-183	560
P79898.1	P22328.1	0.780	351	77	0	1	351	1	351	8.511E-183	560
P79898.1	P52202.1	0.778	352	78	0	1	351	1	352	8.511E-183	560
P79898.1	O62791.1	0.795	343	70	0	1	343	1	343	1.166E-182	560
P79898.1	Q28886.1	0.794	343	70	0	1	343	1	343	1.598E-182	559
P79898.1	Q769E8.1	0.794	343	70	0	1	343	1	343	2.189E-182	559
P79898.1	P28681.1	0.794	343	70	0	1	343	1	343	2.189E-182	559
P79898.1	Q90245.1	0.772	354	80	0	1	351	1	354	4.110E-182	558
P79898.1	O62798.1	0.792	343	71	0	1	343	1	343	7.715E-182	557
P79898.1	O62792.1	0.790	343	72	0	1	343	1	343	2.719E-181	556
P79898.1	P51470.1	0.769	354	81	0	1	351	1	354	2.719E-181	556
P79898.1	O62793.1	0.789	343	72	0	1	343	1	343	5.104E-181	555
P79898.1	P41591.1	0.772	352	80	0	1	351	1	352	5.104E-181	555
P79898.1	P02700.2	0.788	343	73	0	1	343	1	343	1.313E-180	554
P79898.1	P22671.1	0.768	353	81	0	1	351	1	353	1.799E-180	554
P79898.1	P31355.1	0.766	354	82	0	1	351	1	354	2.464E-180	553
P79898.1	P29403.1	0.766	354	82	0	1	351	1	354	2.464E-180	553
P79898.1	Q98980.1	0.766	353	82	0	1	351	1	353	6.339E-180	552
P79898.1	Q6W3E1.1	0.784	343	74	0	1	343	1	343	1.630E-179	551
P79898.1	P56516.1	0.762	354	83	0	1	351	1	354	2.234E-179	550
P79898.1	Q8HY69.2	0.783	343	74	0	1	343	1	343	3.061E-179	550
P79898.1	P79863.1	0.748	354	88	0	1	351	1	354	2.829E-175	539
P79898.1	Q8AYM7.1	0.696	351	106	0	1	351	1	349	1.354E-158	490
P79898.1	P51471.1	0.689	355	109	0	1	351	1	355	1.854E-158	490
P79898.1	P28683.1	0.686	355	110	0	1	351	1	355	1.679E-157	487
P79898.1	Q9W6A6.2	0.688	351	109	0	1	351	1	349	2.082E-156	484
P79898.1	P35357.1	0.682	355	111	0	1	351	1	355	2.082E-156	484
P79898.1	P32311.1	0.677	351	112	0	1	351	1	349	3.969E-153	475
P79898.1	P32312.1	0.676	351	113	0	1	351	1	349	1.020E-152	473
P79898.1	P51474.1	0.664	351	118	0	1	351	4	354	2.661E-149	464
P79898.1	Q8AYM8.1	0.662	351	118	0	1	351	1	349	6.840E-149	462
P79898.1	Q9W6A5.2	0.661	351	118	0	1	351	1	349	2.408E-148	461
P79898.1	P51472.1	0.556	342	151	0	9	350	12	353	9.350E-115	364
P79898.1	P28682.1	0.546	348	155	0	9	351	14	361	2.399E-114	362
P79898.1	P32310.1	0.542	342	155	0	9	350	11	349	4.500E-111	353
P79898.1	P87365.1	0.535	335	155	0	9	343	13	347	1.944E-106	340
P79898.1	Q9W6A8.1	0.550	323	144	0	22	344	29	349	1.944E-106	340
P79898.1	P51475.1	0.511	326	151	0	2	327	11	319	6.697E-97	312
P79898.1	P51473.1	0.502	331	164	0	22	351	17	347	3.211E-96	310
P79898.1	O57605.1	0.494	334	168	0	18	350	13	346	5.396E-95	306
P79898.1	P03999.2	0.480	345	176	0	4	348	2	340	1.890E-94	305
P79898.1	P60015.1	0.480	345	176	0	4	348	5	343	1.890E-94	305
P79898.1	O13092.1	0.481	343	174	0	5	347	7	343	3.539E-94	304
P79898.1	P28684.1	0.492	332	168	0	16	347	11	341	6.623E-94	303
P79898.1	P51476.1	0.507	316	153	0	12	327	11	321	1.112E-92	300
P79898.1	P51491.1	0.469	347	180	0	1	347	1	340	7.287E-92	297
P79898.1	P51490.1	0.488	325	165	0	23	347	21	343	1.672E-90	293
P79898.1	Q63652.2	0.463	347	182	0	1	347	1	340	3.128E-90	293
P79898.1	O18913.2	0.456	350	187	0	2	351	21	364	5.244E-89	289
P79898.1	P04001.1	0.454	350	187	0	2	351	21	364	1.342E-88	288
P79898.1	Q9BGI7.1	0.456	348	186	0	4	351	23	364	1.342E-88	288
P79898.1	Q9W6A9.2	0.480	325	166	0	22	346	15	335	2.510E-88	287
P79898.1	O18912.2	0.452	350	188	0	2	351	21	364	4.696E-88	286
P79898.1	Q95170.1	0.454	348	186	0	4	351	23	364	6.423E-88	286
P79898.1	O18914.2	0.454	348	186	0	4	351	23	364	6.423E-88	286
P79898.1	P04000.2	0.449	350	189	0	2	351	21	364	4.204E-87	284
P79898.1	O18910.2	0.447	350	190	0	2	351	21	364	2.012E-86	282
P79898.1	P87368.1	0.458	338	178	0	6	343	2	331	2.751E-86	281
P79898.1	Q90309.1	0.471	325	169	0	22	346	15	335	3.762E-86	281
P79898.1	Q9R024.1	0.444	350	191	0	2	351	21	364	9.623E-86	280
P79898.1	O35478.2	0.444	350	191	0	2	351	21	364	1.316E-85	279
P79898.1	P34989.1	0.450	343	185	0	2	344	14	350	2.461E-85	278
P79898.1	O35476.2	0.443	350	191	0	2	351	16	359	2.461E-85	278
P79898.1	O35599.1	0.439	350	192	0	2	351	16	359	3.010E-84	275
P79898.1	P35358.1	0.439	348	192	0	4	351	22	365	1.439E-83	273
P79898.1	P41592.1	0.452	331	180	0	21	351	40	369	1.286E-82	271
P79898.1	P22329.1	0.434	347	192	0	5	351	22	362	6.146E-82	269
P79898.1	O12948.1	0.446	331	182	0	21	351	36	365	5.489E-81	266
P79898.1	O42490.1	0.470	308	161	0	16	323	27	331	7.504E-81	265
P79898.1	P87367.1	0.434	341	188	0	4	344	20	353	2.622E-80	264
P79898.1	Q8AYN0.1	0.432	340	188	0	5	344	21	352	1.252E-79	262
P79898.1	Q9W6A7.1	0.431	340	188	0	5	344	22	353	2.339E-79	261
P79898.1	P22331.1	0.431	340	189	0	5	344	20	353	3.198E-79	261
P79898.1	P32313.1	0.429	340	189	0	5	344	22	353	8.170E-79	259
P79898.1	P22332.2	0.429	340	189	0	5	344	22	353	1.117E-78	259
P79898.1	P22330.1	0.428	340	190	0	5	344	22	355	2.087E-78	258
P79898.1	O18911.1	0.487	268	137	0	37	304	6	273	7.616E-73	242
P79808.1	P79808.1	0.975	348	9	0	1	348	1	348	2.598E-237	717
P79808.1	P79812.1	0.969	348	11	0	1	348	4	351	2.141E-235	712
P79808.1	P79902.1	0.957	348	15	0	1	348	1	348	4.124E-232	702
P79808.1	P79898.1	0.950	348	17	0	1	348	4	351	6.382E-230	696
P79808.1	P79901.1	0.948	348	18	0	1	348	1	348	1.643E-229	695
P79808.1	P79914.1	0.943	348	20	0	1	348	1	348	5.259E-228	691
P79808.1	P79903.1	0.921	348	27	0	1	348	1	347	1.038E-221	672
P79808.1	P79809.1	0.920	348	28	0	1	348	1	347	1.948E-221	672
P79808.1	P79911.1	0.920	348	28	0	1	348	1	347	2.670E-221	671
P79808.1	P79807.1	0.916	349	29	0	1	348	1	349	6.872E-221	670
P79808.1	P79798.1	0.912	349	31	0	1	348	1	349	1.171E-219	666
P79808.1	P87369.1	0.885	351	40	0	1	348	4	354	3.162E-213	648
P79808.1	Q9YH05.1	0.885	350	40	0	1	348	4	353	1.115E-212	646
P79808.1	Q9YGZ3.1	0.883	351	41	0	1	348	4	354	1.115E-212	646
P79808.1	Q9YGZ2.1	0.886	349	40	0	1	348	4	352	2.870E-212	645
P79808.1	Q9YGY9.1	0.885	349	40	0	1	348	4	352	5.389E-212	644
P79808.1	Q9YGZ6.1	0.879	350	42	0	1	348	4	353	4.890E-211	642
P79808.1	Q9YGZ8.1	0.878	350	42	0	1	348	4	353	9.182E-211	641
P79808.1	Q9DGG4.1	0.877	350	43	0	1	348	4	353	3.238E-210	639
P79808.1	P79848.1	0.873	351	44	0	1	348	4	354	6.080E-210	638
P79808.1	O42604.1	0.868	351	46	0	1	348	4	354	1.945E-208	634
P79808.1	P79756.1	0.867	351	46	0	1	348	4	354	5.006E-208	633
P79808.1	Q9YGZ5.1	0.859	350	49	0	1	348	4	353	3.739E-205	625
P79808.1	P41590.1	0.853	349	51	0	1	348	4	352	1.085E-202	617
P79808.1	O13227.1	0.844	348	54	0	1	348	4	350	1.110E-199	609
P79808.1	P35359.2	0.837	351	57	0	1	348	4	354	2.084E-199	608
P79808.1	P51488.1	0.834	351	58	0	1	348	4	354	1.891E-198	605
P79808.1	Q9YGZ0.1	0.831	348	59	0	1	348	4	351	7.515E-196	598
P79808.1	P32309.1	0.821	351	62	0	1	348	4	354	6.816E-195	595
P79808.1	Q90214.1	0.817	349	64	0	1	348	4	352	1.977E-192	588
P79808.1	Q90215.1	0.817	349	64	0	1	348	4	352	1.977E-192	588
P79808.1	P49912.1	0.802	340	67	0	1	340	4	343	3.956E-183	561
P79808.1	P32308.1	0.801	340	67	0	1	340	4	343	1.018E-182	560
P79808.1	O18766.1	0.800	340	68	0	1	340	4	343	1.911E-182	559
P79808.1	Q95KU1.1	0.798	340	68	0	1	340	4	343	6.734E-182	557
P79808.1	P56515.1	0.776	351	78	0	1	348	4	354	6.734E-182	557
P79808.1	O62796.1	0.796	340	69	0	1	340	4	343	3.252E-181	556
P79808.1	O62794.1	0.794	340	70	0	1	340	4	343	8.364E-181	554
P79808.1	P02699.1	0.794	340	70	0	1	340	4	343	8.364E-181	554
P79808.1	O62795.1	0.794	340	70	0	1	340	4	343	1.146E-180	554
P79808.1	O93459.1	0.772	351	79	0	1	348	4	354	1.570E-180	554
P79808.1	P08100.1	0.793	340	70	0	1	340	4	343	2.151E-180	553
P79808.1	P56514.1	0.771	351	79	0	1	348	4	354	2.151E-180	553
P79808.1	P15409.2	0.792	340	71	0	1	340	4	343	2.948E-180	553
P79808.1	P22328.1	0.776	348	78	0	1	348	4	351	2.948E-180	553
P79808.1	P28681.1	0.791	340	71	0	1	340	4	343	7.582E-180	552
P79808.1	P51489.1	0.790	340	71	0	1	340	4	343	1.423E-179	551
P79808.1	Q769E8.1	0.790	340	71	0	1	340	4	343	1.423E-179	551
P79808.1	Q28886.1	0.789	340	72	0	1	340	4	343	1.950E-179	550
P79808.1	O62791.1	0.789	340	72	0	1	340	4	343	1.950E-179	550
P79808.1	Q90245.1	0.768	351	81	0	1	348	4	354	1.950E-179	550
P79808.1	P52202.1	0.771	349	79	0	1	348	4	352	2.672E-179	550
P79808.1	O93441.1	0.767	351	81	0	1	348	4	354	2.672E-179	550
P79808.1	Q68J47.1	0.787	340	72	0	1	340	4	343	6.873E-179	549
P79808.1	P51470.1	0.766	351	81	0	1	348	4	354	6.873E-179	549
P79808.1	O62798.1	0.786	340	73	0	1	340	4	343	1.290E-178	548
P79808.1	O62793.1	0.785	340	73	0	1	340	4	343	2.422E-178	547
P79808.1	P22671.1	0.766	350	81	0	1	348	4	353	3.319E-178	547
P79808.1	O62792.1	0.784	340	73	0	1	340	4	343	4.547E-178	546
P79808.1	P02700.2	0.784	340	73	0	1	340	4	343	4.547E-178	546
P79808.1	P41591.1	0.766	349	81	0	1	348	4	352	8.536E-178	546
P79808.1	Q98980.1	0.764	350	82	0	1	348	4	353	8.536E-178	546
P79808.1	P31355.1	0.762	351	83	0	1	348	4	354	1.170E-177	545
P79808.1	P29403.1	0.758	351	84	0	1	348	4	354	1.060E-176	542
P79808.1	P56516.1	0.758	351	84	0	1	348	4	354	1.990E-176	542
P79808.1	Q8HY69.2	0.776	340	76	0	1	340	4	343	9.608E-176	540
P79808.1	Q6W3E1.1	0.776	340	76	0	1	340	4	343	9.608E-176	540
P79808.1	P79863.1	0.739	351	91	0	1	348	4	354	5.872E-171	526
P79808.1	Q8AYM7.1	0.691	348	107	0	1	348	4	349	8.795E-156	482
P79808.1	P51471.1	0.684	352	110	0	1	348	4	355	8.795E-156	482
P79808.1	P28683.1	0.682	352	110	0	1	348	4	355	5.812E-155	480
P79808.1	Q9W6A6.2	0.685	348	109	0	1	348	4	349	5.262E-154	477
P79808.1	P35357.1	0.677	352	112	0	1	348	4	355	9.874E-154	476
P79808.1	P32311.1	0.676	348	112	0	1	348	4	349	2.079E-151	469
P79808.1	P32312.1	0.671	348	114	0	1	348	4	349	3.531E-150	466
P79808.1	P51474.1	0.666	347	116	0	2	348	8	354	3.961E-148	460
P79808.1	Q8AYM8.1	0.655	348	119	0	1	348	4	349	1.564E-145	452
P79808.1	Q9W6A5.2	0.651	348	120	0	1	348	4	349	1.937E-144	449
P79808.1	P28682.1	0.551	348	154	0	6	348	14	361	1.253E-115	366
P79808.1	P51472.1	0.551	342	153	0	6	347	12	353	1.909E-113	360
P79808.1	P32310.1	0.542	342	155	0	6	347	11	349	5.443E-111	353
P79808.1	Q9W6A8.1	0.551	323	144	0	19	341	29	349	9.181E-107	340
P79808.1	P87365.1	0.533	335	156	0	6	340	13	347	4.411E-106	338
P79808.1	P51473.1	0.502	331	164	0	19	348	17	347	3.900E-96	310
P79808.1	O57605.1	0.493	334	168	0	15	347	13	346	8.969E-95	306
P79808.1	P51475.1	0.527	305	143	0	20	324	16	319	3.143E-94	304
P79808.1	P03999.2	0.496	326	163	0	20	345	17	340	3.858E-93	301
P79808.1	P60015.1	0.496	326	163	0	20	345	20	343	3.858E-93	301
P79808.1	P28684.1	0.489	332	169	0	13	344	11	341	5.279E-93	301
P79808.1	O13092.1	0.497	325	162	0	20	344	21	343	5.279E-93	301
P79808.1	P51476.1	0.506	316	153	0	9	324	11	321	1.849E-92	299
P79808.1	O18913.2	0.480	331	170	0	18	348	37	364	2.034E-90	293
P79808.1	P51491.1	0.485	325	166	0	20	344	18	340	7.123E-90	291
P79808.1	Q9BGI7.1	0.459	348	184	0	1	348	23	364	1.823E-89	290
P79808.1	P51490.1	0.483	325	166	0	20	344	21	343	2.494E-89	290
P79808.1	Q63652.2	0.482	325	167	0	20	344	18	340	6.383E-89	289
P79808.1	O18914.2	0.475	331	172	0	18	348	37	364	6.383E-89	289
P79808.1	P04001.1	0.474	331	172	0	18	348	37	364	8.732E-89	288
P79808.1	Q95170.1	0.457	348	185	0	1	348	23	364	8.732E-89	288
P79808.1	O18912.2	0.473	331	172	0	18	348	37	364	2.235E-88	287
P79808.1	P04000.2	0.472	331	173	0	18	348	37	364	3.057E-88	287
P79808.1	O18910.2	0.468	331	174	0	18	348	37	364	3.744E-87	284
P79808.1	Q9W6A9.2	0.474	325	168	0	19	343	15	335	7.004E-87	283
P79808.1	Q9R024.1	0.467	331	174	0	18	348	37	364	7.004E-87	283
P79808.1	O35478.2	0.466	331	175	0	18	348	37	364	1.792E-86	282
P79808.1	Q90309.1	0.472	325	169	0	19	343	15	335	2.451E-86	281
P79808.1	P34989.1	0.472	324	169	0	18	341	30	350	3.352E-86	281
P79808.1	O35476.2	0.461	331	176	0	18	348	32	359	3.000E-85	278
P79808.1	P87368.1	0.452	338	180	0	3	340	2	331	1.049E-84	276
P79808.1	O35599.1	0.458	331	177	0	18	348	32	359	1.963E-84	276
P79808.1	P41592.1	0.457	331	179	0	18	348	40	369	3.670E-84	275
P79808.1	P35358.1	0.440	348	192	0	1	348	22	365	6.864E-84	274
P79808.1	P22329.1	0.454	331	179	0	18	348	34	362	3.282E-83	272
P79808.1	O12948.1	0.451	331	181	0	18	348	36	365	1.569E-82	270
P79808.1	P87367.1	0.454	324	174	0	18	341	34	353	2.622E-81	267
P79808.1	O42490.1	0.470	308	161	0	13	320	27	331	6.702E-81	265
P79808.1	Q9W6A7.1	0.449	324	176	0	18	341	34	353	4.378E-80	263
P79808.1	Q8AYN0.1	0.447	324	176	0	18	341	33	352	1.529E-79	261
P79808.1	P32313.1	0.430	340	189	0	2	341	22	353	3.908E-79	260
P79808.1	P22332.2	0.430	340	189	0	2	341	22	353	5.343E-79	260
P79808.1	P22331.1	0.429	340	190	0	2	341	20	353	7.304E-79	259
P79808.1	P22330.1	0.427	340	191	0	2	341	22	355	2.551E-78	258
P79808.1	O18911.1	0.487	268	137	0	34	301	6	273	6.830E-73	242
P51476.1	P51476.1	0.967	349	11	0	1	349	1	349	1.637E-235	712
P51476.1	P51475.1	0.814	349	64	0	4	349	3	351	1.369E-191	586
P51476.1	P34989.1	0.572	302	128	0	14	314	28	329	2.718E-104	333
P51476.1	P51472.1	0.557	312	137	0	18	328	28	339	3.720E-104	333
P51476.1	P04000.2	0.571	302	129	0	14	314	35	336	5.091E-104	332
P51476.1	O35478.2	0.569	302	129	0	14	314	35	336	1.786E-103	331
P51476.1	O35476.2	0.567	302	130	0	14	314	30	331	3.346E-103	330
P51476.1	O35599.1	0.567	302	130	0	14	314	30	331	4.580E-103	330
P51476.1	Q9R024.1	0.567	302	130	0	14	314	35	336	4.580E-103	330
P51476.1	P04001.1	0.565	302	131	0	14	314	35	336	1.174E-102	329
P51476.1	O18914.2	0.565	302	131	0	14	314	35	336	1.174E-102	329
P51476.1	P28682.1	0.547	314	141	0	11	323	23	336	2.199E-102	328
P51476.1	O18913.2	0.563	302	131	0	14	314	35	336	4.118E-102	327
P51476.1	O18912.2	0.560	304	133	0	12	314	33	336	4.118E-102	327
P51476.1	O18910.2	0.563	302	131	0	14	314	35	336	4.118E-102	327
P51476.1	Q9BGI7.1	0.563	302	131	0	14	314	35	336	5.636E-102	327
P51476.1	O42490.1	0.587	285	117	0	33	317	47	331	1.977E-101	325
P51476.1	Q95170.1	0.558	302	133	0	14	314	35	336	6.935E-101	323
P51476.1	P41592.1	0.558	302	133	0	14	314	38	339	6.935E-101	323
P51476.1	P35358.1	0.556	302	133	0	14	314	34	335	2.432E-100	322
P51476.1	P51489.1	0.526	320	151	0	18	337	23	341	5.601E-99	318
P51476.1	P22329.1	0.550	302	135	0	14	314	32	333	5.601E-99	318
P51476.1	Q8HY69.2	0.525	320	151	0	18	336	23	342	1.049E-98	317
P51476.1	P03999.2	0.546	304	137	0	14	316	13	316	1.435E-98	317
P51476.1	P60015.1	0.546	304	137	0	14	316	16	319	1.435E-98	317
P51476.1	Q9W6A6.2	0.542	307	140	0	18	323	23	329	1.435E-98	317
P51476.1	P22671.1	0.541	307	140	0	18	323	23	329	2.687E-98	316
P51476.1	P32310.1	0.549	300	134	0	18	316	27	326	5.032E-98	315
P51476.1	P02699.1	0.539	307	141	0	18	323	23	329	6.885E-98	315
P51476.1	O93441.1	0.542	305	139	0	18	321	23	327	6.885E-98	315
P51476.1	O12948.1	0.546	302	136	0	14	314	34	335	6.885E-98	315
P51476.1	O57605.1	0.547	301	135	0	17	316	17	317	9.422E-98	314
P51476.1	P52202.1	0.509	330	161	0	18	346	23	352	9.422E-98	314
P51476.1	P22332.2	0.545	302	137	0	14	314	32	333	1.289E-97	314
P51476.1	Q6W3E1.1	0.520	320	153	0	18	337	23	341	1.764E-97	314
P51476.1	Q769E8.1	0.519	320	153	0	18	336	23	342	4.520E-97	312
P51476.1	O13092.1	0.540	304	139	0	14	316	17	320	4.520E-97	312
P51476.1	P49912.1	0.518	320	153	0	18	337	23	341	6.184E-97	312
P51476.1	P08100.1	0.535	307	142	0	18	323	23	329	6.184E-97	312
P51476.1	Q95KU1.1	0.535	307	142	0	18	323	23	329	8.462E-97	312
P51476.1	O18766.1	0.535	307	142	0	18	323	23	329	8.462E-97	312
P51476.1	P56515.1	0.524	315	149	0	18	331	23	337	8.462E-97	312
P51476.1	P35359.2	0.515	322	153	0	18	334	23	344	8.462E-97	312
P51476.1	Q8AYN0.1	0.542	302	137	0	14	314	31	332	8.462E-97	312
P51476.1	P28684.1	0.538	304	140	0	14	316	14	317	1.158E-96	311
P51476.1	O62794.1	0.517	320	154	0	18	336	23	342	1.158E-96	311
P51476.1	P22328.1	0.527	312	147	0	18	328	23	334	1.584E-96	311
P51476.1	P32308.1	0.515	320	154	0	18	336	23	342	2.966E-96	310
P51476.1	P41591.1	0.503	330	163	0	18	346	23	352	2.966E-96	310
P51476.1	O62795.1	0.514	320	155	0	18	336	23	342	5.553E-96	309
P51476.1	P22331.1	0.538	302	139	0	14	314	30	331	5.553E-96	309
P51476.1	P56514.1	0.521	315	150	0	18	331	23	337	5.553E-96	309
P51476.1	P02700.2	0.531	307	143	0	18	323	23	329	7.598E-96	309
P51476.1	P51471.1	0.513	321	155	0	18	337	23	343	7.598E-96	309
P51476.1	O62796.1	0.533	305	142	0	18	321	23	327	1.040E-95	308
P51476.1	P32312.1	0.530	307	143	0	18	323	23	329	1.040E-95	308
P51476.1	P41590.1	0.511	322	155	0	18	334	23	344	1.040E-95	308
P51476.1	Q28886.1	0.529	307	144	0	18	323	23	329	1.946E-95	308
P51476.1	P15409.2	0.529	307	144	0	18	323	23	329	1.946E-95	308
P51476.1	Q9YGZ0.1	0.532	305	142	0	18	321	23	327	1.946E-95	308
P51476.1	O93459.1	0.531	305	142	0	18	321	23	327	2.663E-95	307
P51476.1	P32313.1	0.536	302	139	0	14	314	32	333	2.663E-95	307
P51476.1	P28683.1	0.528	307	144	0	18	323	23	329	3.643E-95	307
P51476.1	O62791.1	0.511	320	156	0	18	336	23	342	4.985E-95	306
P51476.1	O62793.1	0.511	320	156	0	18	336	23	342	4.985E-95	306
P51476.1	P29403.1	0.528	307	144	0	18	323	23	329	4.985E-95	306
P51476.1	P87367.1	0.540	298	136	0	18	314	36	333	4.985E-95	306
P51476.1	Q68J47.1	0.527	307	144	0	18	323	23	329	9.331E-95	306
P51476.1	P51488.1	0.507	322	156	0	18	334	23	344	9.331E-95	306
P51476.1	P22330.1	0.533	302	140	0	14	314	32	333	9.331E-95	306
P51476.1	Q98980.1	0.526	307	145	0	18	323	23	329	1.277E-94	305
P51476.1	Q9W6A8.1	0.537	299	138	0	18	315	30	328	1.277E-94	305
P51476.1	P51470.1	0.515	315	152	0	18	331	23	337	1.277E-94	305
P51476.1	O62798.1	0.508	320	156	0	18	336	23	342	2.390E-94	304
P51476.1	Q8AYM7.1	0.524	307	145	0	18	323	23	329	3.270E-94	304
P51476.1	P31355.1	0.514	315	152	0	18	331	23	337	3.270E-94	304
P51476.1	P79807.1	0.527	305	143	0	18	321	20	324	4.474E-94	304
P51476.1	P56516.1	0.513	315	152	0	18	331	23	337	4.474E-94	304
P51476.1	P79863.1	0.527	305	143	0	18	321	23	327	4.474E-94	304
P51476.1	P28681.1	0.507	320	157	0	18	337	23	341	6.120E-94	303
P51476.1	P32311.1	0.523	307	145	0	18	323	23	329	6.120E-94	303
P51476.1	O62792.1	0.506	320	157	0	18	336	23	342	8.374E-94	303
P51476.1	P32309.1	0.504	322	157	0	18	334	23	344	8.374E-94	303
P51476.1	P87369.1	0.504	322	157	0	18	334	23	344	8.374E-94	303
P51476.1	Q9W6A7.1	0.530	302	141	0	14	314	32	333	8.374E-94	303
P51476.1	P51473.1	0.524	306	145	0	12	316	12	317	1.146E-93	302
P51476.1	P51491.1	0.525	304	143	0	14	316	14	317	2.144E-93	302
P51476.1	Q90245.1	0.511	315	153	0	18	331	23	337	2.144E-93	302
P51476.1	P35357.1	0.503	321	159	0	18	337	23	343	2.144E-93	302
P51476.1	Q9DGG4.1	0.523	305	145	0	18	321	23	327	2.934E-93	301
P51476.1	Q63652.2	0.524	304	144	0	14	316	14	317	5.491E-93	301
P51476.1	Q9YH05.1	0.522	305	145	0	18	321	23	327	7.512E-93	300
P51476.1	Q9YGZ3.1	0.500	322	158	0	18	334	23	344	7.512E-93	300
P51476.1	P79848.1	0.498	322	159	0	18	334	23	344	1.924E-92	299
P51476.1	Q9YGZ5.1	0.518	305	146	0	18	321	23	327	6.737E-92	297
P51476.1	Q8AYM8.1	0.560	276	120	0	50	323	54	329	9.217E-92	297
P51476.1	P79903.1	0.517	305	146	0	18	321	20	324	1.261E-91	297
P51476.1	P51490.1	0.522	301	143	0	17	316	20	320	1.261E-91	297
P51476.1	O42604.1	0.495	322	160	0	18	334	23	344	1.261E-91	297
P51476.1	P79901.1	0.516	305	147	0	18	321	20	324	1.725E-91	296
P51476.1	P79808.1	0.516	305	147	0	18	321	20	324	1.725E-91	296
P51476.1	Q9W6A5.2	0.514	307	148	0	18	323	23	329	1.725E-91	296
P51476.1	P87365.1	0.524	299	141	0	18	315	29	327	1.725E-91	296
P51476.1	P79756.1	0.495	322	160	0	18	334	23	344	1.725E-91	296
P51476.1	P79911.1	0.516	305	147	0	18	321	20	324	2.360E-91	296
P51476.1	Q90215.1	0.494	322	160	0	18	334	23	344	2.360E-91	296
P51476.1	Q9YGZ8.1	0.516	305	147	0	18	321	23	327	2.360E-91	296
P51476.1	Q90214.1	0.494	322	160	0	18	334	23	344	3.228E-91	295
P51476.1	P79902.1	0.515	305	147	0	18	321	20	324	4.416E-91	295
P51476.1	P79898.1	0.515	305	147	0	18	321	23	327	4.416E-91	295
P51476.1	Q9YGZ6.1	0.514	305	147	0	18	321	23	327	6.041E-91	295
P51476.1	O13227.1	0.513	305	148	0	18	321	23	327	1.130E-90	294
P51476.1	P79914.1	0.512	305	148	0	18	321	20	324	1.546E-90	293
P51476.1	P79812.1	0.512	305	148	0	18	321	23	327	1.546E-90	293
P51476.1	P51474.1	0.554	276	122	0	50	323	57	332	1.546E-90	293
P51476.1	P79809.1	0.512	305	148	0	18	321	20	324	2.115E-90	293
P51476.1	P79798.1	0.511	305	148	0	18	321	20	324	2.894E-90	293
P51476.1	Q9YGY9.1	0.511	305	148	0	18	321	23	327	3.958E-90	292
P51476.1	Q9YGZ2.1	0.509	305	149	0	18	321	23	327	1.013E-89	291
P51476.1	O18911.1	0.551	273	121	0	28	298	1	273	9.078E-89	288
P51476.1	Q9W6A9.2	0.512	297	144	0	18	313	16	312	5.944E-88	286
P51476.1	Q90309.1	0.502	297	147	0	18	313	16	312	2.280E-85	278
P51476.1	P87368.1	0.486	299	153	0	17	315	15	313	4.167E-82	269
P02700.2	P02700.2	0.971	348	10	0	1	348	1	348	4.429E-236	714
P02700.2	Q95KU1.1	0.945	348	19	0	1	348	1	348	1.491E-228	692
P02700.2	O18766.1	0.944	348	19	0	1	348	1	348	2.800E-228	691
P02700.2	P02699.1	0.941	348	20	0	1	348	1	348	1.855E-227	689
P02700.2	P32308.1	0.941	348	20	0	1	348	1	348	2.542E-227	689
P02700.2	P15409.2	0.934	348	23	0	1	348	1	348	1.528E-225	683
P02700.2	Q769E8.1	0.934	348	23	0	1	348	1	348	2.095E-225	683
P02700.2	Q28886.1	0.933	348	23	0	1	348	1	348	3.934E-225	682
P02700.2	P28681.1	0.933	348	23	0	1	348	1	348	3.934E-225	682
P02700.2	P49912.1	0.932	348	24	0	1	348	1	348	7.388E-225	681
P02700.2	O62794.1	0.932	348	24	0	1	348	1	348	1.012E-224	681
P02700.2	P08100.1	0.932	348	24	0	1	348	1	348	1.012E-224	681
P02700.2	O62796.1	0.931	348	24	0	1	348	1	348	1.901E-224	680
P02700.2	P51489.1	0.929	348	25	0	1	348	1	348	4.893E-224	679
P02700.2	Q6W3E1.1	0.927	348	25	0	1	348	1	348	2.365E-223	677
P02700.2	O62791.1	0.926	348	26	0	1	348	1	348	3.241E-223	677
P02700.2	O62795.1	0.924	348	26	0	1	348	1	348	1.143E-222	675
P02700.2	Q68J47.1	0.920	348	28	0	1	348	1	348	2.670E-221	671
P02700.2	O62798.1	0.917	348	29	0	1	348	1	348	1.768E-220	669
P02700.2	O62792.1	0.915	348	29	0	1	348	1	348	6.237E-220	667
P02700.2	O62793.1	0.910	348	31	0	1	348	1	348	1.996E-218	663
P02700.2	Q8HY69.2	0.894	348	37	0	1	348	1	348	4.775E-214	650
P02700.2	P52202.1	0.878	346	42	0	1	346	1	345	3.653E-208	633
P02700.2	P22328.1	0.865	351	47	0	1	348	1	351	1.765E-207	631
P02700.2	Q90245.1	0.863	347	47	0	1	346	1	347	1.807E-204	623
P02700.2	P56515.1	0.859	347	49	0	1	346	1	347	2.246E-203	619
P02700.2	P51470.1	0.843	354	54	0	1	348	1	354	5.779E-203	618
P02700.2	P31355.1	0.843	354	54	0	1	348	1	354	7.919E-203	618
P02700.2	P56516.1	0.840	354	56	0	1	348	1	354	5.243E-202	616
P02700.2	P29403.1	0.850	347	52	0	1	346	1	347	8.930E-201	612
P02700.2	P56514.1	0.849	347	52	0	1	346	1	347	1.677E-200	611
P02700.2	Q90215.1	0.840	347	55	0	1	346	1	347	6.666E-198	604
P02700.2	Q90214.1	0.840	347	55	0	1	346	1	347	9.134E-198	603
P02700.2	P35359.2	0.840	347	55	0	1	346	1	347	9.134E-198	603
P02700.2	P41591.1	0.826	352	60	0	1	348	1	352	6.047E-197	601
P02700.2	P22671.1	0.839	346	56	0	1	346	1	346	6.047E-197	601
P02700.2	O93459.1	0.822	354	62	0	1	348	1	354	8.285E-197	601
P02700.2	O13227.1	0.836	346	56	0	1	346	1	345	2.921E-196	599
P02700.2	Q98980.1	0.817	353	64	0	1	348	1	353	9.340E-195	595
P02700.2	P51488.1	0.818	347	63	0	1	346	1	347	1.793E-191	585
P02700.2	P79863.1	0.803	354	68	0	1	348	1	354	2.456E-191	585
P02700.2	O93441.1	0.817	347	63	0	1	346	1	347	3.366E-191	584
P02700.2	Q9YH05.1	0.813	346	65	0	1	346	1	346	1.076E-189	580
P02700.2	O42604.1	0.808	347	66	0	1	346	1	347	9.756E-189	577
P02700.2	Q9YGZ6.1	0.809	346	66	0	1	346	1	346	2.510E-188	576
P02700.2	Q9DGG4.1	0.809	346	66	0	1	346	1	346	2.510E-188	576
P02700.2	Q9YGZ0.1	0.810	345	65	0	1	345	1	345	3.439E-188	576
P02700.2	P41590.1	0.805	347	67	0	1	346	1	347	6.457E-188	575
P02700.2	P32309.1	0.805	347	67	0	1	346	1	347	6.457E-188	575
P02700.2	Q9YGZ8.1	0.802	346	68	0	1	346	1	346	2.064E-186	571
P02700.2	P87369.1	0.800	347	69	0	1	346	1	347	2.064E-186	571
P02700.2	P79848.1	0.798	347	70	0	1	346	1	347	9.966E-186	569
P02700.2	Q9YGZ5.1	0.799	346	69	0	1	346	1	346	1.366E-185	568
P02700.2	Q9YGZ3.1	0.795	347	71	0	1	346	1	347	4.813E-185	567
P02700.2	Q9YGZ2.1	0.796	346	70	0	1	346	1	345	1.238E-184	565
P02700.2	Q9YGY9.1	0.794	346	71	0	1	346	1	345	3.185E-184	564
P02700.2	P79756.1	0.791	347	72	0	1	346	1	347	8.193E-184	563
P02700.2	P79812.1	0.778	346	77	0	1	346	1	346	1.039E-179	551
P02700.2	P79898.1	0.777	346	77	0	1	346	1	346	1.950E-179	550
P02700.2	P79798.1	0.771	349	79	0	4	348	1	349	3.661E-179	550
P02700.2	P79807.1	0.770	349	79	0	4	348	1	349	6.873E-179	549
P02700.2	P79901.1	0.778	343	76	0	4	346	1	343	6.230E-178	546
P02700.2	P79808.1	0.776	343	77	0	4	346	1	343	1.602E-177	545
P02700.2	P79914.1	0.773	343	78	0	4	346	1	343	1.990E-176	542
P02700.2	P79902.1	0.770	343	79	0	4	346	1	343	9.608E-176	540
P02700.2	P79809.1	0.768	343	79	0	4	346	1	342	3.386E-175	538
P02700.2	P79911.1	0.766	343	80	0	4	346	1	342	1.193E-174	537
P02700.2	P79903.1	0.764	343	80	0	4	346	1	342	4.204E-174	535
P02700.2	P28683.1	0.740	355	90	0	1	348	1	355	2.030E-173	533
P02700.2	P35357.1	0.736	355	92	0	1	348	1	355	3.452E-172	529
P02700.2	P51471.1	0.732	355	93	0	1	348	1	355	3.128E-171	527
P02700.2	P32311.1	0.743	349	89	0	1	348	1	349	4.286E-171	526
P02700.2	Q9W6A6.2	0.742	349	90	0	1	348	1	349	8.045E-171	526
P02700.2	Q8AYM7.1	0.737	349	91	0	1	348	1	349	2.568E-169	521
P02700.2	P32312.1	0.733	349	93	0	1	348	1	349	3.188E-168	518
P02700.2	P51474.1	0.716	346	98	0	1	346	4	349	4.529E-162	500
P02700.2	Q8AYM8.1	0.704	349	103	0	1	348	1	349	6.972E-160	494
P02700.2	Q9W6A5.2	0.697	349	105	0	1	348	1	349	4.173E-158	489
P02700.2	P28682.1	0.555	349	151	0	8	348	13	361	2.889E-117	371
P02700.2	P51472.1	0.548	343	153	0	8	347	11	353	3.577E-113	359
P02700.2	P32310.1	0.537	340	157	0	8	347	10	349	6.045E-109	347
P02700.2	P87365.1	0.529	340	160	0	8	347	12	351	1.257E-106	340
P02700.2	Q9W6A8.1	0.521	340	162	0	8	347	13	352	2.610E-104	333
P02700.2	P51473.1	0.499	345	172	0	5	348	3	347	5.987E-100	321
P02700.2	P28684.1	0.501	339	167	0	8	346	6	340	1.887E-98	316
P02700.2	O57605.1	0.490	346	173	0	1	346	1	340	9.053E-98	314
P02700.2	P51475.1	0.530	312	146	0	23	334	16	326	2.319E-97	313
P02700.2	P51476.1	0.530	307	143	0	23	329	18	323	1.367E-95	308
P02700.2	P51491.1	0.481	346	175	0	1	346	1	339	3.502E-95	307
P02700.2	O13092.1	0.484	343	176	0	5	347	6	348	6.555E-95	306
P02700.2	P03999.2	0.484	338	171	0	9	346	6	338	1.507E-93	302
P02700.2	P60015.1	0.484	338	171	0	9	346	9	341	1.507E-93	302
P02700.2	Q63652.2	0.473	346	178	0	1	346	1	339	9.880E-93	300
P02700.2	Q90309.1	0.479	334	170	0	13	346	8	335	5.809E-91	295
P02700.2	Q9W6A9.2	0.472	336	174	0	11	346	6	335	9.744E-90	291
P02700.2	P51490.1	0.484	324	166	0	23	346	21	342	3.412E-89	289
P02700.2	P87368.1	0.461	338	177	0	6	343	2	331	3.744E-87	284
P02700.2	Q9BGI7.1	0.454	343	183	0	4	346	23	359	1.310E-86	282
P02700.2	P35358.1	0.451	345	188	0	4	348	22	365	3.352E-86	281
P02700.2	P04001.1	0.450	345	186	0	2	346	21	359	6.270E-86	280
P02700.2	O18912.2	0.467	328	173	0	19	346	35	359	6.270E-86	280
P02700.2	Q95170.1	0.452	343	184	0	4	346	23	359	6.270E-86	280
P02700.2	O18914.2	0.449	343	185	0	4	346	23	359	3.000E-85	278
P02700.2	O18913.2	0.461	330	176	0	17	346	33	359	7.674E-85	277
P02700.2	P04000.2	0.445	345	188	0	2	346	21	359	1.049E-84	276
P02700.2	O18910.2	0.445	345	188	0	2	346	21	359	1.049E-84	276
P02700.2	P34989.1	0.448	342	185	0	2	343	14	349	1.435E-84	276
P02700.2	O35476.2	0.444	345	188	0	2	346	16	354	2.684E-84	275
P02700.2	O42490.1	0.487	305	154	0	19	323	30	331	3.670E-84	275
P02700.2	P87367.1	0.443	345	188	0	4	348	20	357	5.019E-84	274
P02700.2	O35599.1	0.441	345	189	0	2	346	16	354	1.755E-83	273
P02700.2	O35478.2	0.441	345	189	0	2	346	21	359	1.755E-83	273
P02700.2	Q9R024.1	0.441	345	189	0	2	346	21	359	1.755E-83	273
P02700.2	P41592.1	0.449	333	180	0	14	346	36	362	2.146E-82	270
P02700.2	Q9W6A7.1	0.445	335	181	0	14	348	30	357	7.501E-82	268
P02700.2	Q8AYN0.1	0.444	335	182	0	14	348	29	356	1.402E-81	267
P02700.2	O12948.1	0.445	333	181	0	14	346	32	358	1.918E-81	267
P02700.2	P22329.1	0.445	333	180	0	14	346	30	355	2.622E-81	267
P02700.2	P22332.2	0.442	335	182	0	14	348	30	357	3.585E-81	266
P02700.2	P32313.1	0.441	335	183	0	14	348	30	357	9.163E-81	265
P02700.2	P22330.1	0.464	298	159	0	21	318	34	331	2.029E-76	252
P02700.2	P22331.1	0.462	298	160	0	21	318	32	329	5.180E-76	251
P02700.2	O18911.1	0.469	273	144	0	32	304	1	273	1.881E-70	235
P79914.1	P79914.1	0.983	348	6	0	1	348	1	348	1.678E-239	724
P79914.1	P79898.1	0.969	348	11	0	1	348	4	351	1.562E-235	712
P79914.1	P79901.1	0.964	348	12	0	1	348	1	348	6.857E-234	707
P79914.1	P79902.1	0.947	348	18	0	1	348	1	348	3.085E-229	694
P79914.1	P79808.1	0.945	348	19	0	1	348	1	348	1.088E-228	692
P79914.1	P79812.1	0.943	348	20	0	1	348	4	351	5.259E-228	691
P79914.1	P79809.1	0.924	348	26	0	1	348	1	347	1.566E-222	675
P79914.1	P79911.1	0.913	348	30	0	1	348	1	347	1.605E-219	666
P79914.1	P79798.1	0.911	349	31	0	1	348	1	349	2.200E-219	666
P79914.1	P79903.1	0.912	348	30	0	1	348	1	347	3.014E-219	665
P79914.1	P79807.1	0.905	349	33	0	1	348	1	349	9.647E-218	661
P79914.1	Q9YGZ2.1	0.898	349	35	0	1	348	4	352	7.946E-216	655
P79914.1	Q9YH05.1	0.895	350	36	0	1	348	4	353	1.492E-215	655
P79914.1	Q9YGY9.1	0.896	349	36	0	1	348	4	352	2.802E-215	654
P79914.1	Q9YGZ3.1	0.890	351	38	0	1	348	4	354	1.354E-214	652
P79914.1	O42604.1	0.889	351	39	0	1	348	4	354	2.543E-214	651
P79914.1	Q9YGZ8.1	0.886	350	40	0	1	348	4	353	8.138E-213	647
P79914.1	P87369.1	0.882	351	41	0	1	348	4	354	2.094E-212	646
P79914.1	Q9YGZ6.1	0.882	350	41	0	1	348	4	353	7.385E-212	644
P79914.1	P79848.1	0.879	351	42	0	1	348	4	354	1.900E-211	643
P79914.1	Q9DGG4.1	0.880	350	42	0	1	348	4	353	3.568E-211	642
P79914.1	P79756.1	0.875	351	43	0	1	348	4	354	1.724E-210	640
P79914.1	Q9YGZ5.1	0.861	350	48	0	1	348	4	353	1.060E-205	626
P79914.1	O13227.1	0.856	348	50	0	1	348	4	350	4.217E-203	619
P79914.1	P41590.1	0.852	349	51	0	1	348	4	352	1.487E-202	617
P79914.1	P35359.2	0.843	351	54	0	1	348	4	354	3.471E-201	613
P79914.1	P51488.1	0.840	351	56	0	1	348	4	354	2.298E-200	611
P79914.1	Q9YGZ0.1	0.846	348	53	0	1	348	4	351	4.314E-200	610
P79914.1	P32309.1	0.829	351	59	0	1	348	4	354	4.413E-197	601
P79914.1	Q90214.1	0.824	349	61	0	1	348	4	352	1.754E-194	594
P79914.1	Q90215.1	0.822	349	62	0	1	348	4	352	6.182E-194	592
P79914.1	P49912.1	0.803	340	67	0	1	340	4	343	2.888E-183	561
P79914.1	O93459.1	0.780	351	76	0	1	348	4	354	7.428E-183	560
P79914.1	O93441.1	0.779	351	77	0	1	348	4	354	1.018E-182	560
P79914.1	O18766.1	0.799	340	68	0	1	340	4	343	2.618E-182	559
P79914.1	P32308.1	0.799	340	68	0	1	340	4	343	3.587E-182	558
P79914.1	O62795.1	0.798	340	68	0	1	340	4	343	4.915E-182	558
P79914.1	Q95KU1.1	0.798	340	68	0	1	340	4	343	4.915E-182	558
P79914.1	O62796.1	0.796	340	69	0	1	340	4	343	2.373E-181	556
P79914.1	O62794.1	0.796	340	69	0	1	340	4	343	2.373E-181	556
P79914.1	Q68J47.1	0.796	340	69	0	1	340	4	343	2.373E-181	556
P79914.1	P08100.1	0.796	340	69	0	1	340	4	343	2.373E-181	556
P79914.1	P02699.1	0.794	340	70	0	1	340	4	343	1.146E-180	554
P79914.1	P22328.1	0.777	348	77	0	1	348	4	351	1.570E-180	554
P79914.1	P15409.2	0.793	340	70	0	1	340	4	343	2.151E-180	553
P79914.1	P51489.1	0.791	340	71	0	1	340	4	343	7.582E-180	552
P79914.1	O62791.1	0.790	340	71	0	1	340	4	343	1.039E-179	551
P79914.1	Q28886.1	0.790	340	71	0	1	340	4	343	1.423E-179	551
P79914.1	Q769E8.1	0.789	340	72	0	1	340	4	343	1.950E-179	550
P79914.1	P28681.1	0.789	340	72	0	1	340	4	343	1.950E-179	550
P79914.1	P56515.1	0.768	351	81	0	1	348	4	354	1.950E-179	550
P79914.1	P56514.1	0.768	351	81	0	1	348	4	354	1.950E-179	550
P79914.1	P52202.1	0.771	349	79	0	1	348	4	352	2.672E-179	550
P79914.1	P41591.1	0.771	349	79	0	1	348	4	352	2.672E-179	550
P79914.1	O62793.1	0.788	340	72	0	1	340	4	343	3.661E-179	550
P79914.1	O62798.1	0.787	340	72	0	1	340	4	343	6.873E-179	549
P79914.1	Q90245.1	0.766	351	81	0	1	348	4	354	6.873E-179	549
P79914.1	P51470.1	0.765	351	82	0	1	348	4	354	1.768E-178	548
P79914.1	O62792.1	0.785	340	73	0	1	340	4	343	2.422E-178	547
P79914.1	P22671.1	0.765	350	82	0	1	348	4	353	6.230E-178	546
P79914.1	P02700.2	0.783	340	74	0	1	340	4	343	1.170E-177	545
P79914.1	Q6W3E1.1	0.782	340	74	0	1	340	4	343	2.195E-177	544
P79914.1	P29403.1	0.761	351	83	0	1	348	4	354	2.195E-177	544
P79914.1	P31355.1	0.759	351	84	0	1	348	4	354	5.647E-177	543
P79914.1	Q98980.1	0.760	350	83	0	1	348	4	353	1.060E-176	542
P79914.1	Q8HY69.2	0.778	340	75	0	1	340	4	343	2.726E-176	541
P79914.1	P56516.1	0.756	351	85	0	1	348	4	354	5.118E-176	541
P79914.1	P79863.1	0.746	351	88	0	1	348	4	354	3.810E-173	532
P79914.1	Q8AYM7.1	0.695	348	105	0	1	348	4	349	7.091E-157	485
P79914.1	P51471.1	0.680	352	111	0	1	348	4	355	1.494E-154	479
P79914.1	Q9W6A6.2	0.684	348	109	0	1	348	4	349	7.208E-154	477
P79914.1	P35357.1	0.677	352	112	0	1	348	4	355	1.353E-153	476
P79914.1	P28683.1	0.677	352	112	0	1	348	4	355	1.353E-153	476
P79914.1	P32311.1	0.674	348	112	0	1	348	4	349	5.345E-151	468
P79914.1	P32312.1	0.672	348	113	0	1	348	4	349	1.882E-150	467
P79914.1	P51474.1	0.665	347	116	0	2	348	8	354	7.432E-148	459
P79914.1	Q8AYM8.1	0.660	348	117	0	1	348	4	349	6.725E-147	456
P79914.1	Q9W6A5.2	0.657	348	118	0	1	348	4	349	4.442E-146	454
P79914.1	P51472.1	0.560	342	150	0	6	347	12	353	3.567E-116	368
P79914.1	P28682.1	0.547	348	155	0	6	348	14	361	1.130E-114	363
P79914.1	P32310.1	0.547	342	153	0	6	347	11	349	1.720E-112	357
P79914.1	Q9W6A8.1	0.557	323	142	0	19	341	29	349	2.122E-108	345
P79914.1	P87365.1	0.540	335	154	0	6	340	13	347	3.976E-108	344
P79914.1	P51473.1	0.503	331	164	0	19	348	17	347	1.522E-96	311
P79914.1	O57605.1	0.498	334	167	0	15	347	13	346	5.336E-96	309
P79914.1	P51475.1	0.531	305	139	0	20	324	23	319	3.502E-95	307
P79914.1	P28684.1	0.496	332	166	0	13	344	11	341	6.555E-95	306
P79914.1	O13092.1	0.503	325	160	0	20	344	21	343	1.227E-94	305
P79914.1	P03999.2	0.500	326	162	0	20	345	17	340	3.143E-94	304
P79914.1	P60015.1	0.500	326	162	0	20	345	20	343	3.143E-94	304
P79914.1	P51476.1	0.504	316	154	0	9	324	11	321	4.735E-92	298
P79914.1	P51491.1	0.492	325	164	0	20	344	18	340	8.862E-92	297
P79914.1	P51490.1	0.491	325	164	0	20	344	21	343	2.269E-91	296
P79914.1	Q63652.2	0.486	325	166	0	20	344	18	340	5.207E-90	292
P79914.1	O18913.2	0.476	331	171	0	18	348	37	364	2.494E-89	290
P79914.1	P04001.1	0.475	331	172	0	18	348	37	364	4.667E-89	289
P79914.1	Q9BGI7.1	0.457	348	185	0	1	348	23	364	8.732E-89	288
P79914.1	Q9W6A9.2	0.480	325	166	0	19	343	15	335	1.634E-88	287
P79914.1	O18912.2	0.472	331	173	0	18	348	37	364	3.057E-88	287
P79914.1	O18914.2	0.472	331	173	0	18	348	37	364	3.057E-88	287
P79914.1	Q95170.1	0.454	348	186	0	1	348	23	364	4.181E-88	286
P79914.1	P04000.2	0.469	331	174	0	18	348	37	364	2.738E-87	284
P79914.1	O18910.2	0.467	331	174	0	18	348	37	364	7.004E-87	283
P79914.1	P87368.1	0.460	338	178	0	3	340	2	331	9.580E-87	282
P79914.1	Q9R024.1	0.466	331	175	0	18	348	37	364	1.310E-86	282
P79914.1	Q90309.1	0.472	325	169	0	19	343	15	335	1.792E-86	282
P79914.1	O35478.2	0.465	331	175	0	18	348	37	364	3.352E-86	281
P79914.1	O35476.2	0.464	331	175	0	18	348	32	359	4.585E-86	280
P79914.1	P34989.1	0.470	324	170	0	18	341	30	350	1.604E-85	279
P79914.1	O35599.1	0.461	331	176	0	18	348	32	359	3.000E-85	278
P79914.1	P41592.1	0.454	331	180	0	18	348	40	369	2.400E-83	273
P79914.1	P22329.1	0.453	331	179	0	18	348	34	362	6.138E-83	271
P79914.1	P35358.1	0.436	348	193	0	1	348	22	365	8.393E-83	271
P79914.1	O42490.1	0.475	308	160	0	13	320	27	331	4.012E-82	269
P79914.1	O12948.1	0.446	331	182	0	18	348	36	365	4.902E-81	266
P79914.1	P87367.1	0.450	324	175	0	18	341	34	353	2.342E-80	264
P79914.1	Q8AYN0.1	0.447	324	176	0	18	341	33	352	2.091E-79	261
P79914.1	Q9W6A7.1	0.446	324	177	0	18	341	34	353	3.908E-79	260
P79914.1	P22331.1	0.429	340	190	0	2	341	20	353	9.985E-79	259
P79914.1	P32313.1	0.428	340	189	0	2	341	22	353	1.365E-78	259
P79914.1	P22332.2	0.428	340	189	0	2	341	22	353	1.365E-78	259
P79914.1	P22330.1	0.426	340	191	0	2	341	22	355	6.517E-78	257
P79914.1	O18911.1	0.496	264	133	0	38	301	10	273	1.433E-73	244
Q90215.1	Q90215.1	0.985	352	5	0	1	352	1	352	5.596E-243	734
Q90215.1	Q90214.1	0.893	352	38	0	1	352	1	352	2.713E-216	657
Q90215.1	O13227.1	0.883	352	41	0	1	352	1	350	2.777E-213	648
Q90215.1	P35359.2	0.868	354	46	0	1	352	1	354	3.896E-210	639
Q90215.1	P51488.1	0.857	354	50	0	1	352	1	354	7.485E-207	630
Q90215.1	P41590.1	0.860	352	49	0	1	352	1	352	1.406E-206	629
Q90215.1	O42604.1	0.854	354	51	0	1	352	1	354	3.617E-206	628
Q90215.1	Q9YH05.1	0.853	353	52	0	1	352	1	353	4.496E-205	625
Q90215.1	O62796.1	0.866	346	46	0	1	346	1	345	1.585E-204	623
Q90215.1	Q9YGZ3.1	0.849	354	53	0	1	352	1	354	1.585E-204	623
Q90215.1	P32309.1	0.847	354	54	0	1	352	1	354	4.078E-204	622
Q90215.1	P79848.1	0.847	354	54	0	1	352	1	354	4.078E-204	622
Q90215.1	P87369.1	0.844	354	55	0	1	352	1	354	2.700E-203	619
Q90215.1	Q95KU1.1	0.860	346	48	0	1	346	1	345	5.070E-203	619
Q90215.1	Q9YGZ0.1	0.847	352	54	0	1	352	1	351	9.519E-203	618
Q90215.1	Q28886.1	0.858	346	49	0	1	346	1	345	3.356E-202	616
Q90215.1	Q9YGZ6.1	0.843	353	55	0	1	352	1	353	3.356E-202	616
Q90215.1	P79756.1	0.841	354	56	0	1	352	1	354	3.356E-202	616
Q90215.1	P49912.1	0.857	346	49	0	1	346	1	345	4.599E-202	616
Q90215.1	Q9DGG4.1	0.842	353	55	0	1	352	1	353	6.301E-202	616
Q90215.1	P32308.1	0.856	346	50	0	1	346	1	345	1.183E-201	615
Q90215.1	Q9YGY9.1	0.842	352	55	0	1	352	1	352	3.044E-201	614
Q90215.1	Q9YGZ2.1	0.841	352	56	0	1	352	1	352	5.716E-201	613
Q90215.1	Q68J47.1	0.853	346	51	0	1	346	1	345	7.832E-201	612
Q90215.1	P02699.1	0.851	346	51	0	1	346	1	345	2.015E-200	611
Q90215.1	O93459.1	0.847	348	53	0	1	348	1	348	2.015E-200	611
Q90215.1	P15409.2	0.851	346	51	0	1	346	1	345	2.761E-200	611
Q90215.1	O18766.1	0.851	346	51	0	1	346	1	345	2.761E-200	611
Q90215.1	P29403.1	0.834	354	58	0	1	352	1	354	3.784E-200	610
Q90215.1	Q9YGZ8.1	0.835	353	58	0	1	352	1	353	7.104E-200	610
Q90215.1	P08100.1	0.849	346	52	0	1	346	1	345	9.735E-200	609
Q90215.1	P51489.1	0.848	346	52	0	1	346	1	345	1.334E-199	609
Q90215.1	Q769E8.1	0.848	346	52	0	1	346	1	345	1.334E-199	609
Q90215.1	P22328.1	0.835	352	58	0	1	352	1	351	1.828E-199	608
Q90215.1	P52202.1	0.835	352	58	0	1	352	1	352	1.828E-199	608
Q90215.1	O62794.1	0.848	346	52	0	1	346	1	345	2.505E-199	608
Q90215.1	P28681.1	0.847	346	53	0	1	346	1	345	3.432E-199	608
Q90215.1	O62791.1	0.846	346	53	0	1	346	1	345	8.829E-199	606
Q90215.1	P56515.1	0.829	354	60	0	1	352	1	354	1.210E-198	606
Q90215.1	Q90245.1	0.827	354	61	0	1	352	1	354	3.113E-198	605
Q90215.1	P51470.1	0.827	354	61	0	1	352	1	354	4.265E-198	604
Q90215.1	O62795.1	0.842	346	54	0	1	346	1	345	8.008E-198	604
Q90215.1	P02700.2	0.842	346	54	0	1	346	1	345	8.008E-198	604
Q90215.1	O62793.1	0.841	346	55	0	1	346	1	345	1.504E-197	603
Q90215.1	P79898.1	0.827	352	61	0	1	352	1	351	3.868E-197	602
Q90215.1	O93441.1	0.823	354	62	0	1	352	1	354	3.868E-197	602
Q90215.1	O62792.1	0.839	346	55	0	1	346	1	345	5.301E-197	601
Q90215.1	P79863.1	0.835	348	57	0	1	348	1	348	5.301E-197	601
Q90215.1	P31355.1	0.823	354	62	0	1	352	1	354	5.301E-197	601
Q90215.1	O62798.1	0.838	346	56	0	1	346	1	345	9.952E-197	601
Q90215.1	Q6W3E1.1	0.836	346	56	0	1	346	1	345	4.807E-196	599
Q90215.1	Q9YGZ5.1	0.820	353	63	0	1	352	1	353	1.237E-195	597
Q90215.1	Q8HY69.2	0.833	346	57	0	1	346	1	345	4.360E-195	596
Q90215.1	P79901.1	0.826	349	60	0	4	352	1	348	5.974E-195	595
Q90215.1	P56514.1	0.816	354	65	0	1	352	1	354	5.974E-195	595
Q90215.1	P41591.1	0.819	352	64	0	1	352	1	352	8.186E-195	595
Q90215.1	P56516.1	0.815	354	65	0	1	352	1	354	1.122E-194	595
Q90215.1	P79812.1	0.816	352	64	0	1	352	1	351	7.423E-194	592
Q90215.1	P79807.1	0.820	349	63	0	4	352	1	349	2.617E-193	591
Q90215.1	P79914.1	0.820	349	62	0	4	352	1	348	3.585E-193	590
Q90215.1	P79808.1	0.817	349	64	0	4	352	1	348	2.373E-192	588
Q90215.1	P79798.1	0.817	349	64	0	4	352	1	349	2.373E-192	588
Q90215.1	P79902.1	0.815	349	64	0	4	352	1	348	8.364E-192	586
Q90215.1	P22671.1	0.801	353	70	0	1	352	1	353	5.019E-190	581
Q90215.1	P79809.1	0.806	349	67	0	4	352	1	347	4.551E-189	578
Q90215.1	P79903.1	0.802	349	69	0	4	352	1	347	5.654E-188	575
Q90215.1	Q98980.1	0.792	353	73	0	1	352	1	353	1.993E-187	574
Q90215.1	P79911.1	0.799	349	70	0	4	352	1	347	2.730E-187	573
Q90215.1	P28683.1	0.738	355	92	0	1	352	1	355	1.173E-172	531
Q90215.1	P35357.1	0.739	349	91	0	1	348	1	349	6.367E-170	523
Q90215.1	P51471.1	0.726	355	96	0	1	352	1	355	2.243E-169	522
Q90215.1	Q9W6A6.2	0.732	347	93	0	1	347	1	347	6.484E-167	514
Q90215.1	Q8AYM7.1	0.729	347	94	0	1	347	1	347	5.873E-166	512
Q90215.1	P32311.1	0.728	347	94	0	1	347	1	347	1.102E-165	511
Q90215.1	P32312.1	0.721	347	97	0	1	347	1	347	9.041E-164	505
Q90215.1	Q8AYM8.1	0.708	347	101	0	1	347	1	347	4.438E-160	495
Q90215.1	P51474.1	0.689	352	109	0	1	352	4	354	4.511E-157	486
Q90215.1	Q9W6A5.2	0.694	347	106	0	1	347	1	347	4.083E-156	483
Q90215.1	P28682.1	0.559	343	150	0	8	348	13	355	4.215E-116	368
Q90215.1	P51472.1	0.543	341	154	0	8	346	11	351	6.420E-111	353
Q90215.1	P32310.1	0.535	339	157	0	8	346	10	347	4.685E-108	344
Q90215.1	Q9W6A8.1	0.508	344	167	0	8	351	13	352	6.362E-102	327
Q90215.1	P87365.1	0.509	339	165	0	8	346	12	349	1.071E-100	323
Q90215.1	P51473.1	0.492	348	175	0	5	352	3	347	1.183E-98	317
Q90215.1	O57605.1	0.482	348	176	0	1	348	1	341	6.255E-96	309
Q90215.1	P28684.1	0.496	331	165	0	18	348	13	341	1.051E-94	306
Q90215.1	P51475.1	0.524	305	144	0	23	327	16	319	1.764E-93	302
Q90215.1	O13092.1	0.477	344	176	0	5	348	6	343	2.413E-93	302
Q90215.1	P51491.1	0.470	348	180	0	1	348	1	340	2.164E-92	299
Q90215.1	Q9BGI7.1	0.468	349	181	0	4	352	23	364	2.960E-92	299
Q90215.1	O18912.2	0.465	351	184	0	2	352	21	364	5.540E-92	298
Q90215.1	P51476.1	0.517	305	146	0	23	327	18	321	1.418E-91	297
Q90215.1	Q95170.1	0.466	349	182	0	4	352	23	364	1.418E-91	297
Q90215.1	P03999.2	0.475	340	175	0	9	348	6	339	1.940E-91	296
Q90215.1	P60015.1	0.475	340	175	0	9	348	9	342	1.940E-91	296
Q90215.1	O18913.2	0.463	351	184	0	2	352	21	364	1.940E-91	296
Q90215.1	Q63652.2	0.466	348	181	0	1	348	1	340	2.654E-91	296
Q90215.1	O18914.2	0.465	349	182	0	4	352	23	364	2.654E-91	296
Q90215.1	P04001.1	0.460	351	185	0	2	352	21	364	1.738E-90	293
Q90215.1	O18910.2	0.456	351	187	0	2	352	21	364	2.130E-89	290
Q90215.1	P04000.2	0.456	351	187	0	2	352	21	364	2.914E-89	290
Q90215.1	P51490.1	0.479	326	168	0	23	348	21	343	1.395E-88	288
Q90215.1	O35478.2	0.453	351	188	0	2	352	21	364	1.908E-88	287
Q90215.1	Q9R024.1	0.453	351	188	0	2	352	21	364	1.908E-88	287
Q90215.1	O35476.2	0.451	351	188	0	2	352	16	359	6.676E-88	286
Q90215.1	Q9W6A9.2	0.475	326	168	0	22	347	15	335	2.336E-87	284
Q90215.1	Q90309.1	0.473	326	169	0	22	347	15	335	8.172E-87	283
Q90215.1	O35599.1	0.447	351	190	0	2	352	16	359	8.172E-87	283
Q90215.1	P34989.1	0.453	344	184	0	2	345	14	350	1.118E-86	282
Q90215.1	P35358.1	0.447	349	190	0	4	352	22	365	2.859E-86	281
Q90215.1	O12948.1	0.462	332	177	0	21	352	36	365	9.999E-86	280
Q90215.1	P87368.1	0.452	339	180	0	6	344	2	331	8.943E-85	277
Q90215.1	P41592.1	0.458	332	178	0	21	352	40	369	1.672E-84	276
Q90215.1	P22329.1	0.454	332	179	0	21	352	34	362	1.495E-83	273
Q90215.1	P87367.1	0.443	343	186	0	4	346	20	354	2.044E-83	273
Q90215.1	Q8AYN0.1	0.457	326	174	0	21	346	33	353	1.826E-82	270
Q90215.1	Q9W6A7.1	0.453	326	175	0	21	346	34	354	1.631E-81	267
Q90215.1	P32313.1	0.449	326	176	0	21	346	34	354	1.991E-80	264
Q90215.1	P22332.2	0.448	326	177	0	21	346	34	354	2.722E-80	264
Q90215.1	P22331.1	0.445	327	178	0	21	347	32	353	1.300E-79	262
Q90215.1	O42490.1	0.459	310	166	0	14	323	25	331	1.585E-78	259
Q90215.1	P22330.1	0.440	327	180	0	21	347	34	355	2.166E-78	258
Q90215.1	O18911.1	0.494	273	138	0	32	304	1	273	6.003E-76	251
O62795.1	O62795.1	0.972	348	10	0	1	348	1	348	3.232E-236	714
O62795.1	O62794.1	0.963	348	13	0	1	348	1	348	1.288E-233	707
O62795.1	Q95KU1.1	0.948	348	18	0	1	348	1	348	1.643E-229	695
O62795.1	P32308.1	0.946	348	19	0	1	348	1	348	7.940E-229	693
O62795.1	P08100.1	0.940	348	21	0	1	348	1	348	4.774E-227	688
O62795.1	Q28886.1	0.938	348	22	0	1	348	1	348	1.229E-226	687
O62795.1	O18766.1	0.938	348	22	0	1	348	1	348	1.229E-226	687
O62795.1	Q769E8.1	0.937	348	22	0	1	348	1	348	2.308E-226	686
O62795.1	P49912.1	0.936	348	22	0	1	348	1	348	5.939E-226	685
O62795.1	P15409.2	0.936	348	22	0	1	348	1	348	5.939E-226	685
O62795.1	P51489.1	0.934	348	23	0	1	348	1	348	2.095E-225	683
O62795.1	O62796.1	0.934	348	23	0	1	348	1	348	2.095E-225	683
O62795.1	P28681.1	0.932	348	24	0	1	348	1	348	1.012E-224	681
O62795.1	Q6W3E1.1	0.931	348	24	0	1	348	1	348	1.901E-224	680
O62795.1	O62791.1	0.926	348	26	0	1	348	1	348	4.442E-223	676
O62795.1	P02700.2	0.923	348	27	0	1	348	1	348	4.031E-222	674
O62795.1	Q68J47.1	0.922	348	27	0	1	348	1	348	5.525E-222	673
O62795.1	P02699.1	0.921	348	27	0	1	348	1	348	1.422E-221	672
O62795.1	O62793.1	0.919	348	28	0	1	348	1	348	5.014E-221	670
O62795.1	O62798.1	0.916	348	29	0	1	348	1	348	2.423E-220	668
O62795.1	O62792.1	0.914	348	30	0	1	348	1	348	8.547E-220	667
O62795.1	Q8HY69.2	0.886	348	40	0	1	348	1	348	1.387E-211	643
O62795.1	P52202.1	0.882	345	40	0	1	345	1	344	1.036E-208	635
O62795.1	P22328.1	0.867	351	46	0	1	348	1	351	5.006E-208	633
O62795.1	Q90245.1	0.877	346	42	0	1	345	1	346	9.400E-208	632
O62795.1	P56515.1	0.862	346	47	0	1	345	1	346	1.639E-203	620
O62795.1	P51470.1	0.845	354	54	0	1	348	1	354	1.639E-203	620
O62795.1	P31355.1	0.844	354	54	0	1	348	1	354	2.246E-203	619
O62795.1	P29403.1	0.860	346	48	0	1	345	1	346	7.919E-203	618
O62795.1	P56516.1	0.841	354	55	0	1	348	1	354	2.792E-202	616
O62795.1	O93459.1	0.838	354	56	0	1	348	1	354	1.848E-201	614
O62795.1	P56514.1	0.853	346	51	0	1	345	1	346	4.756E-201	613
O62795.1	P41591.1	0.849	345	52	0	1	345	1	344	3.914E-199	607
O62795.1	P22671.1	0.844	345	54	0	1	345	1	345	9.134E-198	603
O62795.1	O13227.1	0.843	345	54	0	1	345	1	344	1.715E-197	602
O62795.1	Q90215.1	0.840	346	55	0	1	345	1	346	2.350E-197	602
O62795.1	Q90214.1	0.840	346	55	0	1	345	1	346	3.220E-197	602
O62795.1	P35359.2	0.836	346	56	0	1	345	1	346	5.484E-196	598
O62795.1	Q98980.1	0.819	353	63	0	1	348	1	353	2.649E-195	596
O62795.1	P79863.1	0.813	354	65	0	1	348	1	354	4.512E-194	593
O62795.1	O93441.1	0.828	346	59	0	1	345	1	346	8.471E-194	592
O62795.1	P51488.1	0.821	346	62	0	1	345	1	346	9.547E-192	586
O62795.1	Q9YH05.1	0.814	345	64	0	1	345	1	345	2.768E-189	579
O62795.1	P32309.1	0.811	346	65	0	1	345	1	346	5.196E-189	578
O62795.1	Q9YGZ0.1	0.812	345	65	0	1	345	1	345	1.337E-188	577
O62795.1	O42604.1	0.807	346	66	0	1	345	1	346	6.457E-188	575
O62795.1	Q9YGZ6.1	0.804	345	67	0	1	345	1	345	1.506E-186	571
O62795.1	P41590.1	0.801	346	68	0	1	345	1	346	2.828E-186	570
O62795.1	Q9DGG4.1	0.802	345	68	0	1	345	1	345	5.309E-186	569
O62795.1	P79848.1	0.798	346	69	0	1	345	1	346	3.513E-185	567
O62795.1	Q9YGZ8.1	0.797	345	70	0	1	345	1	345	2.324E-184	565
O62795.1	Q9YGZ2.1	0.796	345	70	0	1	345	1	344	3.185E-184	564
O62795.1	P87369.1	0.794	346	71	0	1	345	1	346	3.185E-184	564
O62795.1	Q9YGZ5.1	0.798	343	69	0	1	343	1	343	1.123E-183	563
O62795.1	Q9YGY9.1	0.794	345	71	0	1	345	1	344	1.538E-183	562
O62795.1	Q9YGZ3.1	0.790	346	72	0	1	345	1	346	5.421E-183	561
O62795.1	P79898.1	0.794	343	70	0	1	343	1	343	1.911E-182	559
O62795.1	P79756.1	0.788	346	73	0	1	345	1	346	1.911E-182	559
O62795.1	P79812.1	0.791	343	71	0	1	343	1	343	9.226E-182	557
O62795.1	P79798.1	0.795	340	69	0	4	343	1	339	4.455E-181	555
O62795.1	P79901.1	0.795	340	69	0	4	343	1	340	6.105E-181	555
O62795.1	P79807.1	0.793	340	70	0	4	343	1	339	1.570E-180	554
O62795.1	P79914.1	0.792	340	71	0	4	343	1	340	2.948E-180	553
O62795.1	P79808.1	0.790	340	71	0	4	343	1	340	1.423E-179	551
O62795.1	P79902.1	0.784	340	73	0	4	343	1	340	6.230E-178	546
O62795.1	P79911.1	0.779	340	75	0	4	343	1	339	1.452E-176	542
O62795.1	P79903.1	0.777	340	75	0	4	343	1	339	5.118E-176	541
O62795.1	P79809.1	0.776	340	76	0	4	343	1	339	1.316E-175	539
O62795.1	P35357.1	0.738	355	91	0	1	348	1	355	9.798E-173	531
O62795.1	P51471.1	0.734	355	92	0	1	348	1	355	1.216E-171	528
O62795.1	P28683.1	0.748	347	87	0	1	345	1	347	1.216E-171	528
O62795.1	Q9W6A6.2	0.740	349	90	0	1	348	1	349	2.069E-170	524
O62795.1	P32311.1	0.738	349	91	0	1	348	1	349	9.987E-170	522
O62795.1	Q8AYM7.1	0.737	349	91	0	1	348	1	349	2.568E-169	521
O62795.1	P32312.1	0.734	349	92	0	1	348	1	349	1.240E-168	519
O62795.1	P51474.1	0.720	345	96	0	1	345	4	348	1.762E-162	501
O62795.1	Q8AYM8.1	0.710	349	101	0	1	348	1	349	1.165E-161	499
O62795.1	Q9W6A5.2	0.701	349	104	0	1	348	1	349	3.364E-159	492
O62795.1	P28682.1	0.562	341	148	0	8	345	13	353	3.567E-116	368
O62795.1	P51472.1	0.551	343	152	0	8	347	11	353	5.434E-114	361
O62795.1	P32310.1	0.538	340	157	0	8	347	10	349	3.226E-109	347
O62795.1	P87365.1	0.532	340	159	0	8	347	12	351	1.911E-107	342
O62795.1	Q9W6A8.1	0.523	340	162	0	8	347	13	352	5.433E-105	335
O62795.1	P51473.1	0.500	345	172	0	5	348	3	347	4.375E-100	321
O62795.1	P28684.1	0.505	338	165	0	8	345	6	339	2.873E-99	319
O62795.1	O57605.1	0.495	345	171	0	1	345	1	339	7.363E-99	317
O62795.1	O13092.1	0.490	341	171	0	5	345	6	341	3.900E-96	310
O62795.1	P03999.2	0.494	337	167	0	9	345	6	337	7.302E-96	309
O62795.1	P51491.1	0.485	345	174	0	1	345	1	338	7.302E-96	309
O62795.1	P60015.1	0.494	337	167	0	9	345	9	340	7.302E-96	309
O62795.1	P51475.1	0.534	305	141	0	23	327	16	319	7.302E-96	309
O62795.1	P51476.1	0.485	342	173	0	1	342	1	336	6.555E-95	306
O62795.1	Q63652.2	0.477	345	176	0	1	345	1	338	1.507E-93	302
O62795.1	P51490.1	0.477	336	173	0	10	345	10	341	5.809E-91	295
O62795.1	Q90309.1	0.480	333	170	0	13	345	8	334	7.946E-91	294
O62795.1	Q9W6A9.2	0.472	335	173	0	11	345	6	334	2.494E-89	290
O62795.1	P87368.1	0.456	338	179	0	6	343	2	331	8.575E-86	280
O62795.1	P04001.1	0.448	344	186	0	2	345	21	358	4.103E-85	278
O62795.1	Q9BGI7.1	0.448	342	185	0	4	345	23	358	1.049E-84	276
O62795.1	O18914.2	0.448	342	185	0	4	345	23	358	1.435E-84	276
O62795.1	O18913.2	0.445	344	187	0	2	345	21	358	2.684E-84	275
O62795.1	P87367.1	0.443	345	188	0	4	348	20	357	3.670E-84	275
O62795.1	O18912.2	0.444	344	187	0	2	345	21	358	3.670E-84	275
O62795.1	P04000.2	0.444	344	187	0	2	345	21	358	5.019E-84	274
O62795.1	Q95170.1	0.446	342	186	0	4	345	23	358	5.019E-84	274
O62795.1	P34989.1	0.445	342	186	0	2	343	14	349	6.864E-84	274
O62795.1	O42490.1	0.486	305	155	0	19	323	30	331	6.864E-84	274
O62795.1	O18910.2	0.443	344	188	0	2	345	21	358	9.387E-84	274
O62795.1	P35358.1	0.444	342	186	0	4	345	22	357	1.284E-83	273
O62795.1	O35476.2	0.439	344	189	0	2	345	16	353	8.393E-83	271
O62795.1	O35478.2	0.439	344	189	0	2	345	21	358	1.148E-82	271
O62795.1	Q9R024.1	0.437	344	190	0	2	345	21	358	4.012E-82	269
O62795.1	O35599.1	0.437	344	190	0	2	345	16	353	5.486E-82	269
O62795.1	Q9W6A7.1	0.444	335	182	0	14	348	30	357	1.402E-81	267
O62795.1	Q8AYN0.1	0.443	335	182	0	14	348	29	356	2.622E-81	267
O62795.1	P41592.1	0.444	332	181	0	14	345	36	361	6.702E-81	265
O62795.1	P22332.2	0.441	335	183	0	14	348	30	357	9.163E-81	265
O62795.1	O12948.1	0.434	342	190	0	4	345	22	357	9.163E-81	265
O62795.1	P32313.1	0.436	340	187	0	9	348	25	357	1.253E-80	265
O62795.1	P22329.1	0.440	332	181	0	14	345	30	354	1.119E-79	262
O62795.1	P22330.1	0.441	322	178	0	21	342	34	353	2.275E-77	255
O62795.1	P22331.1	0.439	322	179	0	21	342	32	351	7.944E-77	254
O62795.1	O18911.1	0.468	273	145	0	32	304	1	273	3.511E-70	234
P28681.1	P28681.1	0.972	348	10	0	1	348	1	348	3.232E-236	714
P28681.1	P15409.2	0.951	348	17	0	1	348	1	348	3.398E-230	697
P28681.1	Q95KU1.1	0.946	348	19	0	1	348	1	348	5.794E-229	693
P28681.1	Q769E8.1	0.943	348	20	0	1	348	1	348	5.259E-228	691
P28681.1	P51489.1	0.941	348	20	0	1	348	1	348	2.542E-227	689
P28681.1	P49912.1	0.939	348	21	0	1	348	1	348	6.543E-227	687
P28681.1	P32308.1	0.939	348	21	0	1	348	1	348	8.966E-227	687
P28681.1	Q28886.1	0.939	348	21	0	1	348	1	348	8.966E-227	687
P28681.1	P08100.1	0.937	348	22	0	1	348	1	348	2.308E-226	686
P28681.1	O62794.1	0.936	348	22	0	1	348	1	348	4.334E-226	685
P28681.1	O18766.1	0.934	348	23	0	1	348	1	348	2.095E-225	683
P28681.1	O62795.1	0.931	348	24	0	1	348	1	348	1.387E-224	681
P28681.1	P02700.2	0.931	348	24	0	1	348	1	348	1.901E-224	680
P28681.1	O62796.1	0.929	348	25	0	1	348	1	348	6.706E-224	679
P28681.1	Q6W3E1.1	0.926	348	26	0	1	348	1	348	3.241E-223	677
P28681.1	O62791.1	0.923	348	27	0	1	348	1	348	2.147E-222	674
P28681.1	P02699.1	0.922	348	27	0	1	348	1	348	5.525E-222	673
P28681.1	Q68J47.1	0.917	348	29	0	1	348	1	348	1.768E-220	669
P28681.1	O62798.1	0.914	348	30	0	1	348	1	348	1.171E-219	666
P28681.1	O62792.1	0.911	348	31	0	1	348	1	348	7.757E-219	664
P28681.1	O62793.1	0.911	348	31	0	1	348	1	348	1.063E-218	664
P28681.1	Q8HY69.2	0.885	348	40	0	1	348	1	348	1.900E-211	643
P28681.1	P52202.1	0.883	345	40	0	1	345	1	344	5.517E-209	636
P28681.1	P22328.1	0.859	351	49	0	1	348	1	351	1.060E-205	626
P28681.1	P56515.1	0.851	354	52	0	1	348	1	354	3.739E-205	625
P28681.1	Q90245.1	0.851	354	52	0	1	348	1	354	3.739E-205	625
P28681.1	P51470.1	0.848	354	53	0	1	348	1	354	1.807E-204	623
P28681.1	P31355.1	0.848	354	53	0	1	348	1	354	2.476E-204	622
P28681.1	P29403.1	0.846	354	53	0	1	348	1	354	6.370E-204	621
P28681.1	P56516.1	0.844	354	54	0	1	348	1	354	3.078E-203	619
P28681.1	P56514.1	0.842	354	55	0	1	348	1	354	1.085E-202	617
P28681.1	Q90215.1	0.844	346	54	0	1	345	1	346	1.891E-198	605
P28681.1	O13227.1	0.843	345	54	0	1	345	1	344	1.252E-197	603
P28681.1	P35359.2	0.841	346	55	0	1	345	1	346	1.252E-197	603
P28681.1	Q90214.1	0.841	346	55	0	1	345	1	346	1.715E-197	602
P28681.1	P41591.1	0.826	352	60	0	1	348	1	352	8.285E-197	601
P28681.1	P22671.1	0.841	345	55	0	1	345	1	345	8.285E-197	601
P28681.1	O93459.1	0.820	354	62	0	1	348	1	354	2.921E-196	599
P28681.1	Q98980.1	0.815	353	64	0	1	348	1	353	3.293E-194	593
P28681.1	P51488.1	0.824	346	61	0	1	345	1	346	7.683E-193	589
P28681.1	P79863.1	0.807	354	67	0	1	348	1	354	1.443E-192	588
P28681.1	O93441.1	0.800	354	69	0	1	348	1	354	1.626E-190	582
P28681.1	Q9YH05.1	0.817	345	63	0	1	345	1	345	4.182E-190	581
P28681.1	P32309.1	0.814	346	64	0	1	345	1	346	7.852E-190	580
P28681.1	Q9YGZ0.1	0.812	345	65	0	1	345	1	345	9.756E-189	577
P28681.1	Q9YGZ6.1	0.811	345	65	0	1	345	1	345	2.510E-188	576
P28681.1	P41590.1	0.808	346	66	0	1	345	1	346	3.439E-188	576
P28681.1	O42604.1	0.808	346	66	0	1	345	1	346	4.712E-188	575
P28681.1	Q9DGG4.1	0.809	345	66	0	1	345	1	345	6.457E-188	575
P28681.1	P87369.1	0.804	346	67	0	1	345	1	346	4.273E-187	572
P28681.1	P79848.1	0.802	346	68	0	1	345	1	346	1.506E-186	571
P28681.1	Q9YGZ8.1	0.804	345	67	0	1	345	1	345	2.064E-186	571
P28681.1	Q9YGZ3.1	0.798	346	69	0	1	345	1	346	2.564E-185	567
P28681.1	Q9YGZ5.1	0.802	343	68	0	1	343	1	343	9.036E-185	566
P28681.1	P79756.1	0.796	346	70	0	1	345	1	346	9.036E-185	566
P28681.1	Q9YGZ2.1	0.797	345	70	0	1	345	1	344	2.324E-184	565
P28681.1	Q9YGY9.1	0.795	345	70	0	1	345	1	344	5.979E-184	563
P28681.1	P79812.1	0.773	351	79	0	1	348	1	351	8.364E-181	554
P28681.1	P79807.1	0.776	349	77	0	4	348	1	349	1.146E-180	554
P28681.1	P79898.1	0.772	351	79	0	1	348	1	351	1.570E-180	554
P28681.1	P79798.1	0.775	349	77	0	4	348	1	349	2.151E-180	553
P28681.1	P79901.1	0.773	348	78	0	4	348	1	348	3.661E-179	550
P28681.1	P79808.1	0.771	348	79	0	4	348	1	348	9.417E-179	548
P28681.1	P79914.1	0.767	348	80	0	4	348	1	348	1.170E-177	545
P28681.1	P79902.1	0.765	348	81	0	4	348	1	348	7.737E-177	543
P28681.1	P79911.1	0.761	347	82	0	4	348	1	347	2.471E-175	539
P28681.1	P79809.1	0.760	347	83	0	4	348	1	347	4.639E-175	538
P28681.1	P79903.1	0.759	347	83	0	4	348	1	347	8.707E-175	537
P28681.1	P35357.1	0.734	355	92	0	1	348	1	355	8.879E-172	528
P28681.1	P28683.1	0.733	355	93	0	1	348	1	355	1.667E-171	527
P28681.1	Q9W6A6.2	0.738	349	91	0	1	348	1	349	7.290E-170	523
P28681.1	P51471.1	0.728	355	94	0	1	348	1	355	7.290E-170	523
P28681.1	P32311.1	0.737	349	91	0	1	348	1	349	1.875E-169	522
P28681.1	Q8AYM7.1	0.735	349	92	0	1	348	1	349	9.049E-169	520
P28681.1	P32312.1	0.729	349	94	0	1	348	1	349	2.888E-167	515
P28681.1	P51474.1	0.718	345	97	0	1	345	4	348	4.529E-162	500
P28681.1	Q8AYM8.1	0.701	349	104	0	1	348	1	349	3.364E-159	492
P28681.1	Q9W6A5.2	0.696	349	105	0	1	348	1	349	1.470E-157	487
P28681.1	P28682.1	0.549	349	153	0	8	348	13	361	1.253E-115	366
P28681.1	P51472.1	0.543	343	155	0	8	347	11	353	1.550E-111	354
P28681.1	P32310.1	0.540	340	156	0	8	347	10	349	1.258E-109	349
P28681.1	Q9W6A8.1	0.525	340	161	0	8	347	13	352	1.548E-105	337
P28681.1	P87365.1	0.523	340	162	0	8	347	12	351	3.970E-105	336
P28681.1	P51473.1	0.507	345	169	0	5	348	3	347	2.890E-102	327
P28681.1	P28684.1	0.507	338	164	0	8	345	6	339	8.193E-100	320
P28681.1	O57605.1	0.496	345	170	0	1	345	1	339	3.932E-99	318
P28681.1	O13092.1	0.489	341	171	0	5	345	6	341	7.302E-96	309
P28681.1	P03999.2	0.490	337	169	0	9	345	6	337	6.555E-95	306
P28681.1	P51491.1	0.481	345	175	0	1	345	1	338	6.555E-95	306
P28681.1	P60015.1	0.490	337	169	0	9	345	9	340	6.555E-95	306
P28681.1	P51475.1	0.533	302	140	0	23	324	16	316	8.969E-95	306
P28681.1	Q9W6A9.2	0.486	335	169	0	11	345	6	334	2.820E-93	301
P28681.1	Q90309.1	0.488	333	167	0	13	345	8	334	3.858E-93	301
P28681.1	P51476.1	0.519	307	147	0	23	329	18	323	7.222E-93	300
P28681.1	Q63652.2	0.472	345	178	0	1	345	1	338	3.461E-92	298
P28681.1	P87368.1	0.471	338	174	0	6	343	2	331	5.207E-90	292
P28681.1	P51490.1	0.473	336	174	0	10	345	10	341	5.207E-90	292
P28681.1	O18914.2	0.452	342	184	0	4	345	23	358	1.173E-85	279
P28681.1	P04001.1	0.451	342	184	0	4	345	23	358	1.604E-85	279
P28681.1	P35358.1	0.464	329	174	0	17	345	32	357	2.194E-85	278
P28681.1	Q9BGI7.1	0.450	342	184	0	4	345	23	358	3.000E-85	278
P28681.1	O18913.2	0.460	332	175	0	14	345	33	358	4.103E-85	278
P28681.1	O18912.2	0.450	342	184	0	4	345	23	358	4.103E-85	278
P28681.1	P34989.1	0.450	340	183	0	4	343	16	349	1.435E-84	276
P28681.1	O35476.2	0.448	342	185	0	4	345	18	353	1.435E-84	276
P28681.1	Q95170.1	0.448	342	185	0	4	345	23	358	1.435E-84	276
P28681.1	P87367.1	0.444	345	187	0	4	348	20	357	1.963E-84	276
P28681.1	P04000.2	0.447	342	185	0	4	345	23	358	1.963E-84	276
P28681.1	O18910.2	0.446	342	186	0	4	345	23	358	3.670E-84	275
P28681.1	O35599.1	0.455	332	177	0	14	345	28	353	9.387E-84	274
P28681.1	O35478.2	0.444	342	186	0	4	345	23	358	1.284E-83	273
P28681.1	Q9R024.1	0.444	342	186	0	4	345	23	358	1.755E-83	273
P28681.1	P41592.1	0.449	333	181	0	13	345	33	361	1.569E-82	270
P28681.1	O42490.1	0.474	310	161	0	14	323	25	331	2.146E-82	270
P28681.1	O12948.1	0.448	333	181	0	13	345	29	357	4.012E-82	269
P28681.1	Q9W6A7.1	0.444	336	183	0	13	348	27	357	5.486E-82	269
P28681.1	Q8AYN0.1	0.443	336	184	0	13	348	26	356	1.026E-81	268
P28681.1	P22329.1	0.446	333	181	0	13	345	27	354	1.402E-81	267
P28681.1	P22332.2	0.442	336	184	0	13	348	27	357	2.622E-81	267
P28681.1	P32313.1	0.440	336	185	0	13	348	27	357	6.702E-81	265
P28681.1	P22330.1	0.433	331	184	0	13	343	27	352	1.218E-77	256
P28681.1	P22331.1	0.431	331	185	0	13	343	25	350	4.252E-77	254
P28681.1	O18911.1	0.466	273	145	0	32	304	1	273	8.952E-70	233
Q9YGZ5.1	Q9YGZ5.1	0.976	353	8	0	1	353	1	353	4.834E-241	728
Q9YGZ5.1	Q9DGG4.1	0.927	353	26	0	1	353	1	353	8.261E-227	687
Q9YGZ5.1	Q9YGZ6.1	0.924	353	27	0	1	353	1	353	1.027E-225	684
Q9YGZ5.1	Q9YGZ8.1	0.922	353	27	0	1	353	1	353	2.644E-225	683
Q9YGZ5.1	P79756.1	0.908	354	32	0	1	353	1	354	6.971E-222	673
Q9YGZ5.1	Q9YGZ3.1	0.906	354	33	0	1	353	1	354	2.458E-221	672
Q9YGZ5.1	P87369.1	0.905	354	33	0	1	353	1	354	4.617E-221	671
Q9YGZ5.1	P79848.1	0.903	354	34	0	1	353	1	354	3.057E-220	668
Q9YGZ5.1	Q9YH05.1	0.902	353	34	0	1	353	1	353	2.775E-219	666
Q9YGZ5.1	Q9YGY9.1	0.892	353	38	0	1	353	1	352	1.513E-216	658
Q9YGZ5.1	Q9YGZ2.1	0.892	353	38	0	1	353	1	352	2.073E-216	657
Q9YGZ5.1	O42604.1	0.873	354	45	0	1	353	1	354	1.275E-211	644
Q9YGZ5.1	P35359.2	0.866	354	47	0	1	353	1	354	1.971E-209	637
Q9YGZ5.1	P51488.1	0.860	354	49	0	1	353	1	354	8.640E-208	632
Q9YGZ5.1	P79898.1	0.862	353	48	0	1	353	1	351	1.184E-207	632
Q9YGZ5.1	P79807.1	0.864	350	47	0	4	353	1	349	1.472E-206	629
Q9YGZ5.1	P79901.1	0.860	350	49	0	4	353	1	348	2.507E-205	625
Q9YGZ5.1	P79812.1	0.852	353	52	0	1	353	1	351	8.839E-205	624
Q9YGZ5.1	P32309.1	0.849	354	53	0	1	353	1	354	1.660E-204	623
Q9YGZ5.1	P79808.1	0.857	350	50	0	4	353	1	348	2.274E-204	623
Q9YGZ5.1	P79914.1	0.856	350	50	0	4	353	1	348	3.116E-204	622
Q9YGZ5.1	P79902.1	0.856	350	50	0	4	353	1	348	3.116E-204	622
Q9YGZ5.1	P79798.1	0.854	350	51	0	4	353	1	349	1.099E-203	621
Q9YGZ5.1	Q9YGZ0.1	0.846	353	54	0	1	353	1	351	3.874E-203	619
Q9YGZ5.1	P41590.1	0.846	353	54	0	1	353	1	352	5.308E-203	619
Q9YGZ5.1	P79809.1	0.840	350	55	0	4	353	1	347	1.396E-199	609
Q9YGZ5.1	P79903.1	0.833	350	58	0	4	353	1	347	1.149E-197	603
Q9YGZ5.1	P79911.1	0.832	350	58	0	4	353	1	347	2.955E-197	602
Q9YGZ5.1	Q90214.1	0.820	353	63	0	1	353	1	352	1.774E-195	597
Q9YGZ5.1	Q90215.1	0.818	353	64	0	1	353	1	352	4.564E-195	596
Q9YGZ5.1	O13227.1	0.811	353	66	0	1	353	1	350	7.046E-193	589
Q9YGZ5.1	P56514.1	0.801	354	70	0	1	353	1	354	1.490E-190	583
Q9YGZ5.1	P56515.1	0.799	354	71	0	1	353	1	354	7.198E-190	581
Q9YGZ5.1	P02699.1	0.817	343	63	0	1	343	1	343	8.942E-189	578
Q9YGZ5.1	O62796.1	0.816	343	63	0	1	343	1	343	1.225E-188	577
Q9YGZ5.1	Q769E8.1	0.813	343	64	0	1	343	1	343	8.107E-188	575
Q9YGZ5.1	Q95KU1.1	0.813	343	64	0	1	343	1	343	8.107E-188	575
Q9YGZ5.1	O18766.1	0.812	343	64	0	1	343	1	343	1.522E-187	574
Q9YGZ5.1	Q68J47.1	0.811	343	65	0	1	343	1	343	2.857E-187	573
Q9YGZ5.1	P49912.1	0.811	343	65	0	1	343	1	343	3.915E-187	573
Q9YGZ5.1	P22328.1	0.791	353	73	0	1	353	1	351	3.915E-187	573
Q9YGZ5.1	O93459.1	0.789	354	74	0	1	353	1	354	3.915E-187	573
Q9YGZ5.1	Q90245.1	0.788	354	75	0	1	353	1	354	7.350E-187	572
Q9YGZ5.1	P32308.1	0.809	343	65	0	1	343	1	343	1.380E-186	571
Q9YGZ5.1	O62791.1	0.808	343	66	0	1	343	1	343	1.891E-186	571
Q9YGZ5.1	P51470.1	0.787	354	75	0	1	353	1	354	1.891E-186	571
Q9YGZ5.1	P56516.1	0.785	354	76	0	1	353	1	354	4.863E-186	570
Q9YGZ5.1	P52202.1	0.787	353	75	0	1	353	1	352	6.663E-186	569
Q9YGZ5.1	O62794.1	0.806	343	66	0	1	343	1	343	9.130E-186	569
Q9YGZ5.1	P28681.1	0.806	343	66	0	1	343	1	343	1.251E-185	569
Q9YGZ5.1	O62798.1	0.806	343	66	0	1	343	1	343	1.251E-185	569
Q9YGZ5.1	P02700.2	0.806	343	66	0	1	343	1	343	1.251E-185	569
Q9YGZ5.1	P29403.1	0.783	354	76	0	1	353	1	354	2.348E-185	568
Q9YGZ5.1	P31355.1	0.782	354	77	0	1	353	1	354	4.409E-185	567
Q9YGZ5.1	P51489.1	0.803	343	67	0	1	343	1	343	8.276E-185	566
Q9YGZ5.1	O62792.1	0.803	343	67	0	1	343	1	343	8.276E-185	566
Q9YGZ5.1	Q28886.1	0.802	343	68	0	1	343	1	343	1.134E-184	566
Q9YGZ5.1	O62793.1	0.802	343	68	0	1	343	1	343	1.134E-184	566
Q9YGZ5.1	P15409.2	0.802	343	68	0	1	343	1	343	1.554E-184	565
Q9YGZ5.1	O62795.1	0.801	343	68	0	1	343	1	343	2.917E-184	565
Q9YGZ5.1	P08100.1	0.801	343	68	0	1	343	1	343	2.917E-184	565
Q9YGZ5.1	O93441.1	0.778	354	78	0	1	353	1	354	5.476E-184	564
Q9YGZ5.1	Q6W3E1.1	0.793	343	71	0	1	343	1	343	3.284E-182	559
Q9YGZ5.1	P41591.1	0.773	353	80	0	1	353	1	352	8.446E-182	557
Q9YGZ5.1	P79863.1	0.771	354	81	0	1	353	1	354	8.446E-182	557
Q9YGZ5.1	P22671.1	0.771	353	81	0	1	353	1	353	2.172E-181	556
Q9YGZ5.1	Q8HY69.2	0.788	343	73	0	1	343	1	343	1.437E-180	554
Q9YGZ5.1	Q98980.1	0.766	353	82	0	1	353	1	353	9.507E-180	552
Q9YGZ5.1	P28683.1	0.701	355	105	0	1	353	1	355	5.658E-162	500
Q9YGZ5.1	P51471.1	0.700	355	106	0	1	353	1	355	1.062E-161	499
Q9YGZ5.1	P35357.1	0.692	355	108	0	1	353	1	355	3.066E-159	492
Q9YGZ5.1	Q8AYM7.1	0.698	347	104	0	1	346	1	347	2.513E-157	487
Q9YGZ5.1	Q9W6A6.2	0.695	347	105	0	1	346	1	347	2.274E-156	484
Q9YGZ5.1	P32311.1	0.685	347	109	0	1	346	1	347	1.686E-153	476
Q9YGZ5.1	P32312.1	0.680	347	110	0	1	346	1	347	5.373E-152	471
Q9YGZ5.1	Q8AYM8.1	0.669	347	114	0	1	346	1	347	5.451E-149	463
Q9YGZ5.1	Q9W6A5.2	0.669	347	114	0	1	346	1	347	7.467E-149	462
Q9YGZ5.1	P51474.1	0.659	353	119	0	1	353	4	354	1.023E-148	462
Q9YGZ5.1	P28682.1	0.532	348	161	0	9	353	14	361	3.215E-110	351
Q9YGZ5.1	P51472.1	0.537	339	155	0	9	344	12	350	1.391E-108	346
Q9YGZ5.1	P32310.1	0.540	336	154	0	9	344	11	346	3.566E-108	345
Q9YGZ5.1	P87365.1	0.531	335	157	0	9	343	13	347	2.597E-105	336
Q9YGZ5.1	Q9W6A8.1	0.517	336	162	0	9	344	14	349	6.623E-102	327
Q9YGZ5.1	P51473.1	0.501	332	165	0	22	353	17	347	3.477E-96	310
Q9YGZ5.1	O57605.1	0.476	352	181	0	1	352	1	346	1.667E-95	308
Q9YGZ5.1	P28684.1	0.488	339	173	0	14	352	9	346	5.839E-95	306
Q9YGZ5.1	P51475.1	0.501	326	154	0	2	327	11	319	2.046E-94	305
Q9YGZ5.1	P51476.1	0.508	316	153	0	12	327	11	321	6.426E-93	301
Q9YGZ5.1	O13092.1	0.487	330	168	0	23	352	21	348	1.078E-91	297
Q9YGZ5.1	P03999.2	0.463	349	184	0	4	352	2	344	9.660E-91	294
Q9YGZ5.1	P60015.1	0.463	349	184	0	4	352	5	347	9.660E-91	294
Q9YGZ5.1	P51491.1	0.458	352	186	0	1	352	1	345	4.626E-90	292
Q9YGZ5.1	Q63652.2	0.452	352	189	0	1	352	1	345	1.450E-88	288
Q9YGZ5.1	P51490.1	0.469	330	174	0	23	352	21	348	4.540E-87	284
Q9YGZ5.1	Q9W6A9.2	0.469	325	170	0	22	346	15	335	1.943E-85	279
Q9YGZ5.1	P35358.1	0.443	350	191	0	4	353	22	365	2.657E-85	278
Q9YGZ5.1	P04001.1	0.440	352	192	0	2	353	21	364	4.968E-85	278
Q9YGZ5.1	Q9BGI7.1	0.440	350	191	0	4	353	23	364	1.737E-84	276
Q9YGZ5.1	P87368.1	0.450	338	181	0	6	343	2	331	4.441E-84	275
Q9YGZ5.1	O18912.2	0.437	352	193	0	2	353	21	364	4.441E-84	275
Q9YGZ5.1	P04000.2	0.436	352	193	0	2	353	21	364	8.304E-84	274
Q9YGZ5.1	Q95170.1	0.438	350	192	0	4	353	23	364	8.304E-84	274
Q9YGZ5.1	Q9R024.1	0.435	352	194	0	2	353	21	364	1.553E-83	273
Q9YGZ5.1	O35478.2	0.433	352	194	0	2	353	21	364	3.969E-83	272
Q9YGZ5.1	O18914.2	0.435	350	193	0	4	353	23	364	3.969E-83	272
Q9YGZ5.1	O18913.2	0.451	333	180	0	21	353	37	364	5.427E-83	272
Q9YGZ5.1	P34989.1	0.441	343	188	0	2	344	14	350	7.420E-83	271
Q9YGZ5.1	O18910.2	0.432	352	195	0	2	353	21	364	1.015E-82	271
Q9YGZ5.1	Q90309.1	0.456	325	174	0	22	346	15	335	4.847E-82	269
Q9YGZ5.1	O35476.2	0.429	352	196	0	2	353	16	359	6.627E-82	269
Q9YGZ5.1	P41592.1	0.444	333	183	0	21	353	40	369	4.328E-81	266
Q9YGZ5.1	O35599.1	0.425	352	197	0	2	353	16	359	8.089E-81	265
Q9YGZ5.1	O12948.1	0.442	333	184	0	21	353	36	365	2.067E-80	264
Q9YGZ5.1	P22329.1	0.441	333	183	0	21	353	34	362	2.826E-80	264
Q9YGZ5.1	P87367.1	0.429	341	190	0	4	344	20	353	4.710E-79	260
Q9YGZ5.1	Q8AYN0.1	0.444	324	177	0	21	344	33	352	1.644E-78	259
Q9YGZ5.1	O42490.1	0.460	308	164	0	16	323	27	331	2.248E-78	258
Q9YGZ5.1	P32313.1	0.427	340	190	0	5	344	22	353	4.200E-78	258
Q9YGZ5.1	Q9W6A7.1	0.426	340	190	0	5	344	22	353	7.846E-78	257
Q9YGZ5.1	P22332.2	0.425	340	190	0	5	344	22	353	1.072E-77	256
Q9YGZ5.1	P22330.1	0.428	332	187	0	5	336	22	349	2.439E-76	252
Q9YGZ5.1	P22331.1	0.424	332	188	0	5	336	20	347	2.172E-75	250
Q9YGZ5.1	O18911.1	0.483	263	135	0	42	304	11	273	1.647E-70	235
Q98980.1	Q98980.1	0.968	353	11	0	1	353	1	353	1.025E-238	722
Q98980.1	P22671.1	0.925	353	26	0	1	353	1	353	5.471E-226	685
Q98980.1	P56515.1	0.834	354	58	0	1	353	1	354	3.961E-200	610
Q98980.1	P52202.1	0.835	353	58	0	1	353	1	352	7.438E-200	610
Q98980.1	P51470.1	0.833	354	59	0	1	353	1	354	7.438E-200	610
Q98980.1	P29403.1	0.830	354	60	0	1	353	1	354	3.593E-199	608
Q98980.1	P41591.1	0.831	353	59	0	1	353	1	352	1.267E-198	606
Q98980.1	P31355.1	0.828	354	61	0	1	353	1	354	1.736E-198	606
Q98980.1	P22328.1	0.830	353	60	0	1	353	1	351	2.378E-198	605
Q98980.1	P32308.1	0.826	353	60	0	1	353	1	348	2.157E-197	602
Q98980.1	P56516.1	0.822	354	63	0	1	353	1	354	7.603E-197	601
Q98980.1	P56514.1	0.821	354	63	0	1	353	1	354	2.680E-196	599
Q98980.1	Q90245.1	0.820	354	63	0	1	353	1	354	5.032E-196	599
Q98980.1	Q95KU1.1	0.821	353	62	0	1	353	1	348	9.448E-196	598
Q98980.1	P49912.1	0.818	353	63	0	1	353	1	348	4.564E-195	596
Q98980.1	P08100.1	0.818	353	63	0	1	353	1	348	4.564E-195	596
Q98980.1	O18766.1	0.817	353	64	0	1	353	1	348	1.174E-194	595
Q98980.1	P02699.1	0.816	353	64	0	1	353	1	348	1.609E-194	594
Q98980.1	O62791.1	0.816	353	64	0	1	353	1	348	1.609E-194	594
Q98980.1	O62794.1	0.816	353	64	0	1	353	1	348	2.204E-194	594
Q98980.1	O62795.1	0.814	353	65	0	1	353	1	348	1.065E-193	592
Q98980.1	P15409.2	0.813	353	65	0	1	353	1	348	1.999E-193	591
Q98980.1	O93459.1	0.811	354	67	0	1	353	1	354	1.999E-193	591
Q98980.1	Q28886.1	0.812	353	65	0	1	353	1	348	2.739E-193	591
Q98980.1	O62793.1	0.812	353	65	0	1	353	1	348	2.739E-193	591
Q98980.1	O62796.1	0.811	353	66	0	1	353	1	348	5.142E-193	590
Q98980.1	P28681.1	0.810	353	66	0	1	353	1	348	9.655E-193	589
Q98980.1	Q769E8.1	0.810	353	66	0	1	353	1	348	1.323E-192	589
Q98980.1	P02700.2	0.810	353	66	0	1	353	1	348	1.323E-192	589
Q98980.1	P51489.1	0.809	353	66	0	1	353	1	348	2.484E-192	588
Q98980.1	Q68J47.1	0.808	353	67	0	1	353	1	348	6.389E-192	587
Q98980.1	O62798.1	0.806	353	67	0	1	353	1	348	2.252E-191	585
Q98980.1	Q6W3E1.1	0.803	353	68	0	1	353	1	348	1.088E-190	583
Q98980.1	O62792.1	0.803	353	68	0	1	353	1	348	1.490E-190	583
Q98980.1	P79863.1	0.800	354	70	0	1	353	1	354	2.042E-190	582
Q98980.1	Q8HY69.2	0.802	353	69	0	1	353	1	348	2.798E-190	582
Q98980.1	O93441.1	0.796	354	72	0	1	353	1	354	4.763E-189	578
Q98980.1	P51471.1	0.793	355	73	0	1	353	1	355	8.942E-189	578
Q98980.1	P35359.2	0.789	354	74	0	1	353	1	354	5.364E-187	572
Q98980.1	P51488.1	0.788	354	75	0	1	353	1	354	1.007E-186	572
Q98980.1	P28683.1	0.784	355	76	0	1	353	1	355	2.590E-186	571
Q98980.1	Q90214.1	0.785	353	75	0	1	353	1	352	2.348E-185	568
Q98980.1	Q90215.1	0.785	353	75	0	1	353	1	352	2.348E-185	568
Q98980.1	P32309.1	0.783	354	76	0	1	353	1	354	2.348E-185	568
Q98980.1	Q9YGY9.1	0.781	353	77	0	1	353	1	352	2.917E-184	565
Q98980.1	P35357.1	0.775	355	79	0	1	353	1	355	1.408E-183	563
Q98980.1	O42604.1	0.776	354	79	0	1	353	1	354	2.644E-183	562
Q98980.1	Q9YH05.1	0.777	353	78	0	1	353	1	353	4.964E-183	561
Q98980.1	Q9YGZ2.1	0.776	353	79	0	1	353	1	352	6.801E-183	561
Q98980.1	O13227.1	0.776	353	78	0	1	353	1	350	1.277E-182	560
Q98980.1	P87369.1	0.770	354	81	0	1	353	1	354	1.157E-181	557
Q98980.1	P79848.1	0.769	354	81	0	1	353	1	354	2.172E-181	556
Q98980.1	Q9DGG4.1	0.770	353	81	0	1	353	1	353	4.078E-181	556
Q98980.1	Q9YGZ6.1	0.769	353	81	0	1	353	1	353	1.049E-180	554
Q98980.1	Q9YGZ8.1	0.768	353	82	0	1	353	1	353	1.437E-180	554
Q98980.1	P41590.1	0.767	353	82	0	1	353	1	352	5.064E-180	552
Q98980.1	Q9W6A6.2	0.776	347	77	0	1	346	1	347	2.445E-179	550
Q98980.1	Q9YGZ0.1	0.763	353	83	0	1	353	1	351	4.590E-179	550
Q98980.1	Q9YGZ5.1	0.762	353	84	0	1	353	1	353	8.616E-179	549
Q98980.1	Q9YGZ3.1	0.761	354	84	0	1	353	1	354	8.616E-179	549
Q98980.1	P79756.1	0.760	354	84	0	1	353	1	354	1.617E-178	548
Q98980.1	P32311.1	0.771	347	79	0	1	346	1	347	4.160E-178	547
Q98980.1	Q8AYM7.1	0.768	347	80	0	1	346	1	347	3.770E-177	544
Q98980.1	P79898.1	0.756	353	85	0	1	353	1	351	5.165E-177	544
Q98980.1	P32312.1	0.767	347	80	0	1	346	1	347	7.076E-177	543
Q98980.1	P79812.1	0.755	353	86	0	1	353	1	351	9.695E-177	543
Q98980.1	P51474.1	0.754	353	86	0	1	353	4	354	1.820E-176	542
Q98980.1	P79807.1	0.759	350	84	0	4	353	1	349	2.493E-176	542
Q98980.1	P79902.1	0.758	350	84	0	4	353	1	348	4.680E-176	541
Q98980.1	P79808.1	0.757	350	84	0	4	353	1	348	8.785E-176	540
Q98980.1	P79798.1	0.757	350	85	0	4	353	1	349	1.204E-175	540
Q98980.1	P79901.1	0.752	350	86	0	4	353	1	348	3.843E-174	535
Q98980.1	P79914.1	0.751	350	86	0	4	353	1	348	5.265E-174	535
Q98980.1	P79809.1	0.743	350	89	0	4	353	1	347	1.523E-171	528
Q98980.1	P79903.1	0.742	350	89	0	4	353	1	347	2.086E-171	527
Q98980.1	P79911.1	0.740	350	90	0	4	353	1	347	1.007E-170	526
Q98980.1	Q8AYM8.1	0.731	347	93	0	1	346	1	347	1.273E-166	514
Q98980.1	Q9W6A5.2	0.729	347	93	0	1	346	1	347	6.141E-166	512
Q98980.1	P28682.1	0.567	350	150	0	7	353	12	361	5.385E-121	382
Q98980.1	P51472.1	0.574	342	144	0	7	345	10	351	4.857E-120	379
Q98980.1	P32310.1	0.568	339	146	0	7	345	9	347	3.561E-117	371
Q98980.1	Q9W6A8.1	0.544	339	154	0	7	345	12	350	1.716E-110	351
Q98980.1	P51473.1	0.527	349	163	0	5	353	3	347	3.962E-109	347
Q98980.1	P87365.1	0.531	339	159	0	7	345	11	349	1.126E-106	340
Q98980.1	O57605.1	0.518	346	164	0	7	352	5	346	1.898E-105	337
Q98980.1	P28684.1	0.510	346	167	0	7	352	5	346	2.875E-103	331
Q98980.1	O13092.1	0.507	348	169	0	5	352	6	348	5.384E-103	330
Q98980.1	P03999.2	0.503	346	169	0	7	352	4	344	3.179E-101	325
Q98980.1	P60015.1	0.503	346	169	0	7	352	7	347	3.179E-101	325
Q98980.1	P51491.1	0.495	347	173	0	6	352	3	345	3.511E-99	319
Q98980.1	Q63652.2	0.486	347	176	0	6	352	3	345	7.251E-97	312
Q98980.1	P51490.1	0.484	349	177	0	4	352	5	348	7.251E-97	312
Q98980.1	P51475.1	0.527	305	143	0	23	327	16	319	3.829E-94	304
Q98980.1	Q90309.1	0.499	325	160	0	22	346	15	335	1.835E-93	302
Q98980.1	P51476.1	0.518	307	147	0	23	329	18	323	1.203E-92	300
Q98980.1	P87368.1	0.476	338	172	0	6	343	2	331	3.774E-91	295
Q98980.1	Q9W6A9.2	0.474	336	173	0	11	346	6	335	4.626E-90	292
Q98980.1	O18912.2	0.444	350	190	0	4	353	23	364	1.421E-85	279
Q98980.1	Q9BGI7.1	0.443	350	190	0	4	353	23	364	1.943E-85	279
Q98980.1	P04001.1	0.443	350	190	0	4	353	23	364	2.657E-85	278
Q98980.1	Q95170.1	0.443	350	190	0	4	353	23	364	2.657E-85	278
Q98980.1	P35358.1	0.443	350	191	0	4	353	22	365	2.657E-85	278
Q98980.1	P04000.2	0.442	350	190	0	4	353	23	364	4.968E-85	278
Q98980.1	O18913.2	0.442	350	190	0	4	353	23	364	4.968E-85	278
Q98980.1	O18914.2	0.441	350	191	0	4	353	23	364	6.794E-85	277
Q98980.1	P41592.1	0.441	350	192	0	4	353	26	369	1.270E-84	276
Q98980.1	Q8AYN0.1	0.447	342	185	0	4	345	19	353	3.248E-84	275
Q98980.1	O12948.1	0.438	350	193	0	4	353	22	365	6.073E-84	274
Q98980.1	P22329.1	0.438	350	192	0	4	353	20	362	8.304E-84	274
Q98980.1	P87367.1	0.444	342	186	0	4	345	20	354	1.553E-83	273
Q98980.1	O35476.2	0.436	350	192	0	4	353	18	359	2.903E-83	273
Q98980.1	P34989.1	0.443	341	186	0	4	344	16	350	7.420E-83	271
Q98980.1	Q9W6A7.1	0.451	332	178	0	14	345	30	354	1.387E-82	271
Q98980.1	O18910.2	0.433	350	193	0	4	353	23	364	1.387E-82	271
Q98980.1	O35599.1	0.432	350	194	0	4	353	18	359	2.593E-82	270
Q98980.1	Q9R024.1	0.432	350	194	0	4	353	23	364	4.847E-82	269
Q98980.1	O35478.2	0.431	350	194	0	4	353	23	364	9.061E-82	268
Q98980.1	P32313.1	0.438	342	188	0	4	345	20	354	1.239E-81	268
Q98980.1	P22332.2	0.443	332	180	0	14	345	30	354	2.067E-80	264
Q98980.1	O42490.1	0.471	302	158	0	22	323	33	331	2.521E-79	261
Q98980.1	P22331.1	0.427	343	192	0	4	346	18	353	6.439E-79	260
Q98980.1	P22330.1	0.423	343	193	0	4	346	20	355	1.072E-77	256
Q98980.1	O18911.1	0.461	273	147	0	32	304	1	273	1.770E-68	229
Q9W6A9.2	Q9W6A9.2	0.958	336	14	0	1	336	1	336	3.828E-224	679
Q9W6A9.2	Q90309.1	0.867	336	45	0	1	336	1	336	5.794E-199	606
Q9W6A9.2	P87368.1	0.760	325	78	0	8	332	8	331	1.557E-163	504
Q9W6A9.2	P28684.1	0.663	332	111	0	8	336	10	341	7.678E-141	438
Q9W6A9.2	O57605.1	0.662	332	111	0	8	336	10	341	1.973E-140	437
Q9W6A9.2	P51473.1	0.661	332	111	0	8	336	10	341	3.703E-140	436
Q9W6A9.2	P51491.1	0.662	331	111	0	8	336	10	340	5.072E-140	436
Q9W6A9.2	P51490.1	0.661	331	111	0	8	336	13	343	9.516E-140	435
Q9W6A9.2	P03999.2	0.652	331	114	0	8	336	9	339	2.742E-137	428
Q9W6A9.2	P60015.1	0.652	331	114	0	8	336	12	342	2.742E-137	428
Q9W6A9.2	Q63652.2	0.649	331	115	0	8	336	10	340	2.480E-136	425
Q9W6A9.2	O13092.1	0.648	331	115	0	8	336	13	343	4.653E-136	424
Q9W6A9.2	Q9W6A6.2	0.529	326	151	0	15	335	22	347	3.321E-102	327
Q9W6A9.2	P32311.1	0.528	326	151	0	15	335	22	347	6.223E-102	326
Q9W6A9.2	P32312.1	0.523	326	153	0	15	335	22	347	1.436E-100	322
Q9W6A9.2	Q8AYM7.1	0.520	326	154	0	15	335	22	347	1.293E-99	319
Q9W6A9.2	Q8AYM8.1	0.520	326	154	0	15	335	22	347	1.293E-99	319
Q9W6A9.2	P51474.1	0.518	325	154	0	16	336	26	350	6.208E-99	317
Q9W6A9.2	Q9W6A5.2	0.510	326	157	0	15	335	22	347	6.874E-97	311
Q9W6A9.2	P22671.1	0.490	340	170	0	2	335	7	346	6.181E-96	308
Q9W6A9.2	P28683.1	0.500	328	161	0	15	336	22	349	5.556E-95	306
Q9W6A9.2	P35357.1	0.495	328	162	0	15	336	22	349	9.350E-94	302
Q9W6A9.2	P28681.1	0.486	335	169	0	6	334	11	345	1.751E-93	301
Q9W6A9.2	P08100.1	0.486	335	169	0	6	334	11	345	2.396E-93	301
Q9W6A9.2	Q8HY69.2	0.485	335	169	0	6	334	11	345	4.486E-93	300
Q9W6A9.2	Q6W3E1.1	0.484	335	169	0	6	334	11	345	6.139E-93	300
Q9W6A9.2	P51471.1	0.492	328	163	0	15	336	22	349	6.139E-93	300
Q9W6A9.2	P87367.1	0.503	319	158	0	16	334	36	354	6.139E-93	300
Q9W6A9.2	O18912.2	0.494	327	165	0	10	336	34	360	6.139E-93	300
Q9W6A9.2	Q28886.1	0.484	335	169	0	6	334	11	345	8.400E-93	299
Q9W6A9.2	P22332.2	0.503	319	158	0	16	334	36	354	8.400E-93	299
Q9W6A9.2	O13227.1	0.482	336	171	0	6	336	11	346	1.149E-92	299
Q9W6A9.2	O93441.1	0.493	327	163	0	15	336	22	348	1.149E-92	299
Q9W6A9.2	P04001.1	0.498	322	161	0	16	336	39	360	1.149E-92	299
Q9W6A9.2	Q9BGI7.1	0.498	322	161	0	16	336	39	360	1.149E-92	299
Q9W6A9.2	O18914.2	0.493	327	165	0	10	336	34	360	1.149E-92	299
Q9W6A9.2	Q95170.1	0.498	322	161	0	16	336	39	360	1.573E-92	299
Q9W6A9.2	P41592.1	0.499	321	160	0	16	335	42	362	2.152E-92	298
Q9W6A9.2	Q68J47.1	0.482	335	170	0	6	334	11	345	2.945E-92	298
Q9W6A9.2	Q95KU1.1	0.481	335	170	0	6	334	11	345	4.029E-92	297
Q9W6A9.2	P49912.1	0.494	324	161	0	15	334	22	345	5.514E-92	297
Q9W6A9.2	Q769E8.1	0.480	335	171	0	6	334	11	345	7.544E-92	297
Q9W6A9.2	P15409.2	0.480	335	171	0	6	334	11	345	7.544E-92	297
Q9W6A9.2	O18913.2	0.490	327	166	0	10	336	34	360	7.544E-92	297
Q9W6A9.2	Q9W6A7.1	0.498	319	160	0	16	334	36	354	1.032E-91	296
Q9W6A9.2	O35478.2	0.489	327	167	0	10	336	34	360	1.032E-91	296
Q9W6A9.2	P02699.1	0.480	335	171	0	6	334	11	345	1.413E-91	296
Q9W6A9.2	Q8AYN0.1	0.484	331	170	0	5	334	23	353	1.413E-91	296
Q9W6A9.2	P22329.1	0.497	320	160	0	16	335	36	355	1.413E-91	296
Q9W6A9.2	P51472.1	0.486	329	168	0	10	336	22	350	1.933E-91	295
Q9W6A9.2	P35358.1	0.495	321	161	0	16	335	38	358	1.933E-91	295
Q9W6A9.2	Q98980.1	0.477	336	172	0	6	335	11	346	2.645E-91	295
Q9W6A9.2	P51489.1	0.478	335	171	0	6	334	11	345	4.951E-91	294
Q9W6A9.2	P32313.1	0.496	319	160	0	16	334	36	354	4.951E-91	294
Q9W6A9.2	Q9R024.1	0.492	322	163	0	16	336	39	360	4.951E-91	294
Q9W6A9.2	P32308.1	0.477	335	172	0	6	334	11	345	6.774E-91	294
Q9W6A9.2	P34989.1	0.495	319	160	0	16	333	32	350	6.774E-91	294
Q9W6A9.2	P52202.1	0.477	335	172	0	6	335	11	345	6.774E-91	294
Q9W6A9.2	P04000.2	0.492	322	163	0	16	336	39	360	6.774E-91	294
Q9W6A9.2	O62793.1	0.477	335	172	0	6	334	11	345	9.269E-91	293
Q9W6A9.2	P22331.1	0.480	332	172	0	5	335	22	353	9.269E-91	293
Q9W6A9.2	Q90245.1	0.473	338	174	0	6	336	11	348	9.269E-91	293
Q9W6A9.2	O35476.2	0.491	322	163	0	16	336	34	355	1.268E-90	293
Q9W6A9.2	O62794.1	0.476	335	172	0	6	334	11	345	1.735E-90	293
Q9W6A9.2	P32310.1	0.480	331	171	0	6	334	17	347	1.735E-90	293
Q9W6A9.2	O42604.1	0.484	327	166	0	15	336	22	348	1.735E-90	293
Q9W6A9.2	O12948.1	0.491	321	162	0	16	335	38	358	1.735E-90	293
Q9W6A9.2	O62796.1	0.475	335	172	0	6	334	11	345	2.374E-90	292
Q9W6A9.2	O18766.1	0.475	335	172	0	6	334	11	345	2.374E-90	292
Q9W6A9.2	P87365.1	0.485	326	167	0	10	335	23	347	2.374E-90	292
Q9W6A9.2	O35599.1	0.484	327	168	0	10	336	29	355	2.374E-90	292
Q9W6A9.2	P29403.1	0.483	327	166	0	15	336	22	348	3.248E-90	292
Q9W6A9.2	Q90214.1	0.482	327	166	0	15	336	22	348	6.081E-90	291
Q9W6A9.2	O18910.2	0.488	322	164	0	16	336	39	360	6.081E-90	291
Q9W6A9.2	P22328.1	0.486	323	164	0	15	335	22	344	8.320E-90	291
Q9W6A9.2	O62791.1	0.473	335	173	0	6	334	11	345	1.138E-89	290
Q9W6A9.2	P79863.1	0.481	327	167	0	15	336	22	348	1.138E-89	290
Q9W6A9.2	P51470.1	0.482	326	166	0	15	335	22	347	1.557E-89	290
Q9W6A9.2	O62795.1	0.472	335	173	0	6	334	11	345	2.131E-89	289
Q9W6A9.2	Q9W6A8.1	0.480	327	168	0	10	334	24	350	2.131E-89	289
Q9W6A9.2	P02700.2	0.471	335	174	0	6	334	11	345	2.915E-89	289
Q9W6A9.2	P22330.1	0.473	332	174	0	5	335	24	355	5.457E-89	288
Q9W6A9.2	P41591.1	0.482	324	166	0	15	335	22	345	7.466E-89	288
Q9W6A9.2	P56515.1	0.478	327	168	0	15	336	22	348	7.466E-89	288
Q9W6A9.2	O62798.1	0.469	335	174	0	6	334	11	345	1.398E-88	287
Q9W6A9.2	P51476.1	0.506	303	149	0	10	312	12	313	1.398E-88	287
Q9W6A9.2	P28682.1	0.496	311	156	0	5	315	19	329	1.912E-88	287
Q9W6A9.2	P56514.1	0.476	327	168	0	15	336	22	348	2.616E-88	286
Q9W6A9.2	P79911.1	0.480	323	167	0	15	336	19	341	3.579E-88	286
Q9W6A9.2	P79807.1	0.468	334	176	0	6	336	8	341	3.579E-88	286
Q9W6A9.2	P31355.1	0.477	326	167	0	15	335	22	347	3.579E-88	286
Q9W6A9.2	P56516.1	0.476	326	168	0	15	335	22	347	4.896E-88	286
Q9W6A9.2	P79903.1	0.479	323	167	0	15	336	19	341	6.698E-88	285
Q9W6A9.2	O62792.1	0.466	335	175	0	6	334	11	345	9.164E-88	285
Q9W6A9.2	P79809.1	0.478	323	168	0	15	336	19	341	1.254E-87	284
Q9W6A9.2	P79901.1	0.474	326	169	0	15	336	19	344	1.715E-87	284
Q9W6A9.2	P79902.1	0.474	326	169	0	15	336	19	344	1.715E-87	284
Q9W6A9.2	P79798.1	0.466	334	176	0	6	336	8	341	1.715E-87	284
Q9W6A9.2	P87369.1	0.473	327	169	0	15	336	22	348	1.715E-87	284
Q9W6A9.2	O93459.1	0.473	327	169	0	15	336	22	348	1.715E-87	284
Q9W6A9.2	P51488.1	0.461	338	178	0	6	336	11	348	3.210E-87	283
Q9W6A9.2	P35359.2	0.457	341	181	0	3	336	8	348	3.210E-87	283
Q9W6A9.2	P79914.1	0.473	326	169	0	15	336	19	344	4.391E-87	283
Q9W6A9.2	P79898.1	0.473	326	169	0	15	336	22	347	4.391E-87	283
Q9W6A9.2	Q9YGY9.1	0.474	325	169	0	15	336	22	346	4.391E-87	283
Q9W6A9.2	P32309.1	0.455	342	182	0	2	336	7	348	8.218E-87	282
Q9W6A9.2	Q9YGZ3.1	0.470	327	170	0	15	336	22	348	1.124E-86	282
Q9W6A9.2	Q90215.1	0.470	327	170	0	15	336	22	348	1.538E-86	281
Q9W6A9.2	Q9YGZ2.1	0.471	325	170	0	15	336	22	346	2.104E-86	281
Q9W6A9.2	Q9YGZ6.1	0.470	326	170	0	15	336	22	347	2.104E-86	281
Q9W6A9.2	Q9YGZ8.1	0.470	326	170	0	15	336	22	347	2.104E-86	281
Q9W6A9.2	P79756.1	0.469	327	170	0	15	336	22	348	2.104E-86	281
Q9W6A9.2	Q9YGZ0.1	0.472	324	168	0	15	334	22	345	2.878E-86	280
Q9W6A9.2	P79808.1	0.469	326	170	0	15	336	19	344	3.937E-86	280
Q9W6A9.2	P79812.1	0.469	326	170	0	15	336	22	347	5.386E-86	280
Q9W6A9.2	P41590.1	0.456	338	180	0	6	336	11	348	5.386E-86	280
Q9W6A9.2	Q9DGG4.1	0.469	326	170	0	15	336	22	347	5.386E-86	280
Q9W6A9.2	P79848.1	0.467	327	171	0	15	336	22	348	1.008E-85	279
Q9W6A9.2	Q9YGZ5.1	0.467	326	171	0	15	336	22	347	1.379E-85	278
Q9W6A9.2	Q9YH05.1	0.467	326	171	0	15	336	22	347	1.886E-85	278
Q9W6A9.2	P51475.1	0.492	297	150	0	16	312	16	311	2.832E-83	272
Q9W6A9.2	O18911.1	0.483	273	141	0	25	297	1	273	9.216E-74	244
Q9W6A9.2	O42490.1	0.444	304	167	0	11	314	29	329	2.354E-73	243
P56516.1	P56516.1	0.965	354	12	0	1	354	1	354	2.018E-238	721
P56516.1	P51470.1	0.945	354	19	0	1	354	1	354	1.548E-232	704
P56516.1	P31355.1	0.940	354	21	0	1	354	1	354	4.955E-231	700
P56516.1	P56515.1	0.914	354	30	0	1	354	1	354	1.215E-223	678
P56516.1	P56514.1	0.907	354	33	0	1	354	1	354	1.371E-221	672
P56516.1	P29403.1	0.901	354	35	0	1	354	1	354	1.129E-219	667
P56516.1	Q90245.1	0.889	354	39	0	1	354	1	354	4.078E-216	657
P56516.1	P52202.1	0.858	354	50	0	1	354	1	352	3.190E-207	631
P56516.1	P22328.1	0.855	354	51	0	1	354	1	351	2.112E-206	629
P56516.1	P32308.1	0.845	354	54	0	1	354	1	348	1.576E-203	620
P56516.1	P49912.1	0.845	354	54	0	1	354	1	348	1.576E-203	620
P56516.1	Q68J47.1	0.842	354	55	0	1	354	1	348	1.959E-202	617
P56516.1	Q95KU1.1	0.842	354	55	0	1	354	1	348	1.959E-202	617
P56516.1	P15409.2	0.840	354	56	0	1	354	1	348	5.041E-202	616
P56516.1	P08100.1	0.840	354	56	0	1	354	1	348	5.041E-202	616
P56516.1	Q28886.1	0.837	354	57	0	1	354	1	348	3.337E-201	614
P56516.1	O18766.1	0.837	354	57	0	1	354	1	348	6.265E-201	613
P56516.1	P28681.1	0.835	354	57	0	1	354	1	348	1.612E-200	612
P56516.1	O62794.1	0.834	354	58	0	1	354	1	348	4.147E-200	610
P56516.1	O62791.1	0.832	354	58	0	1	354	1	348	1.462E-199	609
P56516.1	O62795.1	0.831	354	59	0	1	354	1	348	2.003E-199	608
P56516.1	O62796.1	0.831	354	59	0	1	354	1	348	2.003E-199	608
P56516.1	Q8HY69.2	0.830	354	59	0	1	354	1	348	3.761E-199	608
P56516.1	Q769E8.1	0.830	354	59	0	1	354	1	348	5.154E-199	607
P56516.1	P51489.1	0.829	354	59	0	1	354	1	348	1.326E-198	606
P56516.1	P02699.1	0.829	354	59	0	1	354	1	348	1.326E-198	606
P56516.1	P02700.2	0.829	354	59	0	1	354	1	348	1.326E-198	606
P56516.1	O93459.1	0.827	354	61	0	1	354	1	354	3.411E-198	605
P56516.1	Q6W3E1.1	0.827	354	60	0	1	354	1	348	4.674E-198	604
P56516.1	O62793.1	0.824	354	61	0	1	354	1	348	2.258E-197	602
P56516.1	Q90214.1	0.824	354	62	0	1	354	1	352	2.258E-197	602
P56516.1	O62798.1	0.822	354	62	0	1	354	1	348	7.959E-197	601
P56516.1	O62792.1	0.820	354	62	0	1	354	1	348	5.268E-196	599
P56516.1	P22671.1	0.818	354	64	0	1	354	1	353	1.355E-195	597
P56516.1	P41591.1	0.817	354	64	0	1	354	1	352	3.486E-195	596
P56516.1	Q98980.1	0.817	354	64	0	1	354	1	353	3.486E-195	596
P56516.1	P35359.2	0.808	354	68	0	1	354	1	354	1.385E-192	589
P56516.1	Q90215.1	0.804	354	69	0	1	354	1	352	2.357E-191	585
P56516.1	O13227.1	0.803	354	69	0	1	354	1	350	3.230E-191	585
P56516.1	O93441.1	0.800	354	71	0	1	354	1	354	2.137E-190	582
P56516.1	P79863.1	0.799	354	71	0	1	354	1	354	4.012E-190	582
P56516.1	P51488.1	0.796	354	72	0	1	354	1	354	4.985E-189	578
P56516.1	O42604.1	0.789	354	74	0	1	354	1	354	5.614E-187	572
P56516.1	P41590.1	0.788	354	74	0	1	354	1	352	7.691E-187	572
P56516.1	Q9YGZ0.1	0.784	354	76	0	1	354	1	351	1.309E-185	569
P56516.1	P32309.1	0.784	354	76	0	1	354	1	354	1.794E-185	568
P56516.1	Q9YH05.1	0.782	354	77	0	1	354	1	353	6.321E-185	567
P56516.1	P87369.1	0.781	354	77	0	1	354	1	354	1.187E-184	566
P56516.1	Q9DGG4.1	0.780	354	77	0	1	354	1	353	2.228E-184	565
P56516.1	Q9YGZ3.1	0.780	354	78	0	1	354	1	354	2.228E-184	565
P56516.1	Q9YGZ5.1	0.777	354	78	0	1	354	1	353	1.474E-183	563
P56516.1	Q9YGZ6.1	0.776	354	79	0	1	354	1	353	2.019E-183	562
P56516.1	Q9YGZ2.1	0.775	354	79	0	1	354	1	352	5.194E-183	561
P56516.1	Q9YGZ8.1	0.775	354	79	0	1	354	1	353	5.194E-183	561
P56516.1	Q9YGY9.1	0.775	354	79	0	1	354	1	352	7.116E-183	561
P56516.1	P79756.1	0.772	354	80	0	1	354	1	354	4.708E-182	558
P56516.1	P79848.1	0.772	354	80	0	1	354	1	354	4.708E-182	558
P56516.1	P79807.1	0.758	351	84	0	4	354	1	349	1.390E-176	542
P56516.1	P35357.1	0.751	355	88	0	1	354	1	355	1.390E-176	542
P56516.1	P28683.1	0.751	355	88	0	1	354	1	355	1.390E-176	542
P56516.1	P79798.1	0.756	351	85	0	4	354	1	349	9.190E-176	540
P56516.1	P79898.1	0.747	354	89	0	1	354	1	351	6.078E-175	538
P56516.1	P79812.1	0.744	354	90	0	1	354	1	351	7.545E-174	535
P56516.1	P51471.1	0.741	355	91	0	1	354	1	355	1.034E-173	534
P56516.1	P79902.1	0.746	351	88	0	4	354	1	348	4.990E-173	532
P56516.1	P79901.1	0.746	351	88	0	4	354	1	348	6.836E-173	532
P56516.1	P79808.1	0.745	351	88	0	4	354	1	348	9.366E-173	531
P56516.1	P79914.1	0.741	351	90	0	4	354	1	348	1.162E-171	528
P56516.1	P79903.1	0.739	351	90	0	4	354	1	347	7.687E-171	526
P56516.1	P79911.1	0.737	351	91	0	4	354	1	347	1.977E-170	525
P56516.1	P32311.1	0.744	347	89	0	1	347	1	347	2.708E-170	524
P56516.1	P79809.1	0.732	351	93	0	4	354	1	347	4.604E-169	521
P56516.1	Q9W6A6.2	0.740	347	90	0	1	347	1	347	4.604E-169	521
P56516.1	Q8AYM7.1	0.732	347	93	0	1	347	1	347	7.090E-167	514
P56516.1	P32312.1	0.729	347	94	0	1	347	1	347	4.687E-166	512
P56516.1	Q9W6A5.2	0.718	347	98	0	1	347	1	347	6.533E-163	503
P56516.1	Q8AYM8.1	0.714	347	99	0	1	347	1	347	1.110E-161	499
P56516.1	P51474.1	0.695	354	107	0	1	354	4	354	1.247E-159	494
P56516.1	P28682.1	0.539	349	160	0	8	354	13	361	2.205E-112	357
P56516.1	P51472.1	0.526	341	160	0	8	346	11	351	4.116E-106	339
P56516.1	O57605.1	0.503	353	171	0	1	353	1	346	2.187E-103	331
P56516.1	P51473.1	0.498	350	173	0	5	354	3	347	4.528E-101	324
P56516.1	P32310.1	0.509	339	165	0	8	346	10	347	8.479E-101	323
P56516.1	P28684.1	0.493	346	172	0	8	353	6	346	2.398E-98	316
P56516.1	O13092.1	0.484	349	176	0	5	353	6	348	1.032E-96	312
P56516.1	Q9W6A8.1	0.508	328	161	0	8	335	13	340	1.032E-96	312
P56516.1	P03999.2	0.487	345	173	0	9	353	6	344	2.644E-96	310
P56516.1	P60015.1	0.487	345	173	0	9	353	9	347	2.644E-96	310
P56516.1	P87365.1	0.491	339	172	0	8	346	12	349	9.263E-96	309
P56516.1	P51491.1	0.468	353	183	0	1	353	1	345	2.611E-93	302
P56516.1	Q63652.2	0.460	353	186	0	1	353	1	345	5.368E-91	295
P56516.1	P51476.1	0.511	307	149	0	23	329	18	323	1.004E-90	294
P56516.1	P51490.1	0.480	331	170	0	23	353	21	348	3.516E-90	293
P56516.1	P51475.1	0.510	305	148	0	23	327	16	319	8.996E-90	291
P56516.1	Q90309.1	0.478	326	167	0	22	347	15	335	2.819E-88	287
P56516.1	P35358.1	0.441	351	192	0	4	354	22	365	3.774E-85	278
P56516.1	Q9W6A9.2	0.466	326	171	0	22	347	15	335	7.058E-85	277
P56516.1	P87368.1	0.454	337	179	0	6	342	2	329	9.651E-85	277
P56516.1	P04001.1	0.435	353	194	0	2	354	21	364	8.626E-84	274
P56516.1	O35478.2	0.431	353	195	0	2	354	21	364	1.054E-82	271
P56516.1	O18912.2	0.431	353	195	0	2	354	21	364	1.054E-82	271
P56516.1	Q9BGI7.1	0.433	351	193	0	4	354	23	364	1.054E-82	271
P56516.1	P04000.2	0.430	353	196	0	2	354	21	364	1.970E-82	270
P56516.1	Q95170.1	0.432	351	194	0	4	354	23	364	1.970E-82	270
P56516.1	O18914.2	0.432	351	194	0	4	354	23	364	2.693E-82	270
P56516.1	Q9R024.1	0.429	353	196	0	2	354	21	364	3.682E-82	269
P56516.1	O12948.1	0.431	351	195	0	4	354	22	365	3.682E-82	269
P56516.1	O18913.2	0.429	353	196	0	2	354	21	364	5.034E-82	269
P56516.1	P34989.1	0.436	344	190	0	2	345	14	350	9.409E-82	268
P56516.1	O35476.2	0.427	353	197	0	2	354	16	359	1.759E-81	267
P56516.1	P22329.1	0.433	346	191	0	9	354	25	362	1.759E-81	267
P56516.1	P41592.1	0.433	346	192	0	9	354	31	369	1.759E-81	267
P56516.1	O18910.2	0.426	353	197	0	2	354	21	364	2.404E-81	267
P56516.1	P87367.1	0.435	343	189	0	4	346	20	354	3.287E-81	267
P56516.1	O35599.1	0.423	353	198	0	2	354	16	359	2.146E-80	264
P56516.1	Q9W6A7.1	0.435	338	186	0	9	346	25	354	5.481E-80	263
P56516.1	P32313.1	0.431	338	187	0	9	346	25	354	9.134E-79	259
P56516.1	Q8AYN0.1	0.431	338	187	0	9	346	24	353	1.249E-78	259
P56516.1	P22332.2	0.431	338	187	0	9	346	25	354	1.249E-78	259
P56516.1	O42490.1	0.462	305	162	0	19	323	30	331	8.142E-78	257
P56516.1	P22331.1	0.418	339	192	0	9	347	23	353	2.253E-75	250
P56516.1	P22330.1	0.417	339	192	0	9	347	25	355	4.207E-75	249
P56516.1	O18911.1	0.454	273	149	0	32	304	1	273	5.646E-67	225
P51475.1	P51475.1	0.965	351	12	0	1	351	1	351	2.714E-236	715
P51475.1	P51476.1	0.817	348	63	0	4	351	5	349	1.095E-191	586
P51475.1	P04000.2	0.562	303	132	0	11	312	34	336	4.465E-102	327
P51475.1	O18913.2	0.562	303	132	0	11	312	34	336	4.465E-102	327
P51475.1	O18912.2	0.562	303	132	0	11	312	34	336	4.465E-102	327
P51475.1	O18914.2	0.560	303	132	0	11	312	34	336	1.144E-101	326
P51475.1	O35599.1	0.559	303	133	0	11	312	29	331	2.143E-101	325
P51475.1	O35476.2	0.558	303	133	0	11	312	29	331	2.933E-101	325
P51475.1	P04001.1	0.558	303	133	0	11	312	34	336	4.013E-101	324
P51475.1	P34989.1	0.557	303	133	0	11	312	27	329	5.492E-101	324
P51475.1	P51489.1	0.543	312	142	0	16	326	23	334	1.029E-100	323
P51475.1	O18910.2	0.554	303	134	0	11	312	34	336	2.636E-100	322
P51475.1	P02699.1	0.541	312	142	0	16	326	23	334	4.936E-100	321
P51475.1	Q9BGI7.1	0.553	303	135	0	11	312	34	336	4.936E-100	321
P51475.1	O35478.2	0.507	338	163	0	11	348	34	364	6.754E-100	321
P51475.1	Q8HY69.2	0.540	312	143	0	16	326	23	334	9.243E-100	320
P51475.1	P28682.1	0.549	305	133	0	23	319	30	334	9.243E-100	320
P51475.1	Q9R024.1	0.552	303	135	0	11	312	34	336	9.243E-100	320
P51475.1	Q95170.1	0.552	303	135	0	11	312	34	336	1.265E-99	320
P51475.1	Q6W3E1.1	0.538	312	143	0	16	326	23	334	2.368E-99	319
P51475.1	P51472.1	0.596	274	109	0	48	319	59	332	3.241E-99	319
P51475.1	O18766.1	0.533	315	146	0	16	329	23	337	4.435E-99	318
P51475.1	Q769E8.1	0.536	312	144	0	16	326	23	334	6.068E-99	318
P51475.1	P08100.1	0.536	312	144	0	16	326	23	334	6.068E-99	318
P51475.1	Q95KU1.1	0.536	312	144	0	16	326	23	334	8.304E-99	317
P51475.1	P49912.1	0.535	312	144	0	16	326	23	334	1.136E-98	317
P51475.1	P41592.1	0.548	303	136	0	11	312	37	339	1.136E-98	317
P51475.1	Q9YGZ0.1	0.544	305	138	0	16	319	23	327	2.127E-98	316
P51475.1	O42490.1	0.579	282	118	0	34	315	50	331	2.127E-98	316
P51475.1	P22329.1	0.546	303	137	0	11	312	31	333	2.911E-98	316
P51475.1	P22671.1	0.542	305	139	0	16	319	23	327	5.450E-98	315
P51475.1	P35359.2	0.542	305	139	0	16	319	23	327	5.450E-98	315
P51475.1	P32308.1	0.532	312	145	0	16	326	23	334	7.458E-98	315
P51475.1	O62796.1	0.542	305	139	0	16	319	23	327	7.458E-98	315
P51475.1	O62794.1	0.542	305	139	0	16	319	23	327	7.458E-98	315
P51475.1	P02700.2	0.532	312	145	0	16	326	23	334	7.458E-98	315
P51475.1	P56515.1	0.541	305	139	0	16	319	23	327	1.396E-97	314
P51475.1	P35358.1	0.544	303	137	0	11	312	33	335	1.396E-97	314
P51475.1	Q28886.1	0.531	312	145	0	16	326	23	334	1.911E-97	314
P51475.1	O93441.1	0.540	305	139	0	16	319	23	327	1.911E-97	314
P51475.1	P41591.1	0.526	315	148	0	16	329	23	337	2.614E-97	313
P51475.1	O62795.1	0.539	305	140	0	16	319	23	327	3.577E-97	313
P51475.1	P15409.2	0.529	312	146	0	16	326	23	334	3.577E-97	313
P51475.1	Q9W6A6.2	0.539	305	140	0	16	319	23	327	3.577E-97	313
P51475.1	O62791.1	0.528	312	146	0	16	326	23	334	9.163E-97	312
P51475.1	P52202.1	0.502	333	164	0	16	348	23	352	9.163E-97	312
P51475.1	Q9YH05.1	0.537	305	140	0	16	319	23	327	9.163E-97	312
P51475.1	Q8AYN0.1	0.540	303	138	0	11	312	30	332	1.254E-96	311
P51475.1	Q68J47.1	0.536	305	141	0	16	319	23	327	1.715E-96	311
P51475.1	P22328.1	0.536	305	141	0	16	319	23	327	1.715E-96	311
P51475.1	P41590.1	0.501	333	164	0	16	348	23	352	1.715E-96	311
P51475.1	Q98980.1	0.500	333	165	0	16	348	23	353	2.347E-96	310
P51475.1	P51488.1	0.536	305	141	0	16	319	23	327	2.347E-96	310
P51475.1	O62793.1	0.535	305	141	0	16	319	23	327	3.211E-96	310
P51475.1	O62798.1	0.525	312	147	0	16	326	23	334	4.394E-96	310
P51475.1	O12948.1	0.537	303	139	0	11	312	33	335	4.394E-96	310
P51475.1	Q9DGG4.1	0.534	305	141	0	16	319	23	327	6.012E-96	309
P51475.1	P32309.1	0.534	305	141	0	16	319	23	327	8.226E-96	309
P51475.1	P29403.1	0.534	305	141	0	16	319	23	327	8.226E-96	309
P51475.1	P28681.1	0.537	302	139	0	16	316	23	324	1.125E-95	308
P51475.1	P32310.1	0.556	289	127	0	28	314	38	326	1.125E-95	308
P51475.1	P22332.2	0.536	303	140	0	11	312	31	333	1.125E-95	308
P51475.1	O62792.1	0.523	312	148	0	16	326	23	334	1.540E-95	308
P51475.1	O93459.1	0.531	305	142	0	16	319	23	327	3.944E-95	307
P51475.1	P79807.1	0.530	305	142	0	16	319	20	324	5.396E-95	306
P51475.1	P79898.1	0.530	305	142	0	16	319	23	327	5.396E-95	306
P51475.1	P31355.1	0.530	305	142	0	16	319	23	327	5.396E-95	306
P51475.1	P51470.1	0.529	305	143	0	16	319	23	327	1.010E-94	306
P51475.1	P79848.1	0.529	305	143	0	16	319	23	327	1.010E-94	306
P51475.1	Q90214.1	0.493	333	167	0	16	348	23	352	1.890E-94	305
P51475.1	P56514.1	0.528	305	143	0	16	319	23	327	2.586E-94	304
P51475.1	P79901.1	0.527	305	143	0	16	319	20	324	3.539E-94	304
P51475.1	P32312.1	0.527	305	143	0	16	319	23	327	3.539E-94	304
P51475.1	O42604.1	0.527	305	143	0	16	319	23	327	3.539E-94	304
P51475.1	P51471.1	0.527	305	143	0	16	319	23	327	3.539E-94	304
P51475.1	P28683.1	0.527	305	143	0	16	319	23	327	3.539E-94	304
P51475.1	P03999.2	0.532	301	140	0	15	314	16	316	4.841E-94	304
P51475.1	P60015.1	0.532	301	140	0	15	314	19	319	4.841E-94	304
P51475.1	P87369.1	0.527	305	143	0	16	319	23	327	4.841E-94	304
P51475.1	P32313.1	0.529	303	142	0	11	312	31	333	4.841E-94	304
P51475.1	P22331.1	0.529	303	142	0	11	312	29	331	6.623E-94	303
P51475.1	P79914.1	0.525	305	144	0	16	319	20	324	9.061E-94	303
P51475.1	Q9YGZ8.1	0.525	305	144	0	16	319	23	327	9.061E-94	303
P51475.1	P79808.1	0.525	305	144	0	16	319	20	324	1.240E-93	302
P51475.1	P87367.1	0.528	303	142	0	11	312	31	333	1.240E-93	302
P51475.1	Q90215.1	0.490	333	168	0	16	348	23	352	1.696E-93	302
P51475.1	Q9YGZ5.1	0.490	333	168	0	16	348	23	353	1.696E-93	302
P51475.1	P79902.1	0.524	305	144	0	16	319	20	324	2.320E-93	302
P51475.1	Q9YGZ6.1	0.524	305	144	0	16	319	23	327	2.320E-93	302
P51475.1	Q9YGZ3.1	0.524	305	144	0	16	319	23	327	2.320E-93	302
P51475.1	P22330.1	0.527	303	142	0	11	312	31	333	2.320E-93	302
P51475.1	Q9W6A7.1	0.527	303	142	0	11	312	31	333	2.320E-93	302
P51475.1	P79903.1	0.523	305	145	0	16	319	20	324	4.342E-93	301
P51475.1	P79863.1	0.523	305	145	0	16	319	23	327	4.342E-93	301
P51475.1	P32311.1	0.522	305	145	0	16	319	23	327	5.941E-93	301
P51475.1	Q9YGY9.1	0.522	305	145	0	16	319	23	327	8.127E-93	300
P51475.1	Q9YGZ2.1	0.522	305	145	0	16	319	23	327	8.127E-93	300
P51475.1	P56516.1	0.522	305	145	0	16	319	23	327	8.127E-93	300
P51475.1	P79911.1	0.521	305	145	0	16	319	20	324	1.521E-92	299
P51475.1	P79812.1	0.521	305	145	0	16	319	23	327	1.521E-92	299
P51475.1	P35357.1	0.521	305	145	0	16	319	23	327	1.521E-92	299
P51475.1	O57605.1	0.525	301	142	0	15	314	17	317	2.081E-92	299
P51475.1	Q9W6A8.1	0.528	299	137	0	23	313	30	328	2.081E-92	299
P51475.1	Q8AYM7.1	0.519	305	146	0	16	319	23	327	2.847E-92	299
P51475.1	P79756.1	0.519	305	146	0	16	319	23	327	3.894E-92	298
P51475.1	P79809.1	0.518	305	146	0	16	319	20	324	5.327E-92	298
P51475.1	P79798.1	0.518	305	146	0	16	319	20	324	5.327E-92	298
P51475.1	O13227.1	0.518	305	146	0	16	319	23	327	7.287E-92	297
P51475.1	O13092.1	0.523	301	143	0	15	314	20	320	9.969E-92	297
P51475.1	Q90245.1	0.517	305	146	0	16	319	23	327	9.969E-92	297
P51475.1	P28684.1	0.515	306	147	0	11	314	12	317	1.865E-91	296
P51475.1	P51473.1	0.518	300	144	0	16	314	18	317	3.128E-90	293
P51475.1	P51474.1	0.556	274	120	0	48	319	57	330	4.279E-90	292
P51475.1	P51491.1	0.480	330	165	0	15	333	17	346	8.007E-90	291
P51475.1	Q63652.2	0.478	330	166	0	15	333	17	346	2.049E-89	290
P51475.1	Q9W6A5.2	0.507	305	149	0	16	319	23	327	2.803E-89	290
P51475.1	Q8AYM8.1	0.506	305	150	0	16	319	23	327	7.172E-89	289
P51475.1	P87365.1	0.512	299	142	0	23	313	29	327	1.835E-88	287
P51475.1	O18911.1	0.548	273	122	0	26	296	1	273	4.696E-88	286
P51475.1	P51490.1	0.507	301	147	0	15	314	20	320	8.785E-88	286
P51475.1	Q9W6A9.2	0.492	297	150	0	16	311	16	312	5.031E-83	272
P51475.1	P87368.1	0.480	299	155	0	15	313	15	313	1.026E-80	265
P51475.1	Q90309.1	0.481	297	153	0	16	311	16	312	3.584E-80	263
P29403.1	P29403.1	0.962	354	13	0	1	354	1	354	1.337E-237	719
P29403.1	P51470.1	0.915	354	30	0	1	354	1	354	8.867E-224	679
P29403.1	P56515.1	0.910	354	32	0	1	354	1	354	2.071E-222	675
P29403.1	P31355.1	0.908	354	32	0	1	354	1	354	7.303E-222	673
P29403.1	P56516.1	0.899	354	36	0	1	354	1	354	3.983E-219	665
P29403.1	P56514.1	0.898	354	36	0	1	354	1	354	7.479E-219	664
P29403.1	Q90245.1	0.886	354	40	0	1	354	1	354	2.700E-215	654
P29403.1	P22328.1	0.856	354	50	0	1	354	1	351	1.541E-206	629
P29403.1	P52202.1	0.849	354	53	0	1	354	1	352	1.268E-204	623
P29403.1	P49912.1	0.862	346	47	0	1	346	1	345	1.576E-203	620
P29403.1	Q95KU1.1	0.860	346	48	0	1	346	1	345	1.044E-202	618
P29403.1	Q68J47.1	0.859	346	49	0	1	346	1	345	1.430E-202	617
P29403.1	O62796.1	0.858	346	49	0	1	346	1	345	2.685E-202	617
P29403.1	P15409.2	0.858	346	49	0	1	346	1	345	2.685E-202	617
P29403.1	P32308.1	0.858	346	49	0	1	346	1	345	3.679E-202	616
P29403.1	P08100.1	0.857	346	49	0	1	346	1	345	6.908E-202	616
P29403.1	Q28886.1	0.855	346	50	0	1	346	1	345	2.435E-201	614
P29403.1	P28681.1	0.854	346	50	0	1	346	1	345	4.572E-201	613
P29403.1	O62794.1	0.852	346	51	0	1	346	1	345	1.612E-200	612
P29403.1	O62795.1	0.849	346	52	0	1	346	1	345	7.787E-200	610
P29403.1	O18766.1	0.849	346	52	0	1	346	1	345	7.787E-200	610
P29403.1	P51489.1	0.846	346	53	0	1	346	1	345	7.062E-199	607
P29403.1	O62791.1	0.846	346	53	0	1	346	1	345	9.677E-199	606
P29403.1	Q6W3E1.1	0.846	346	53	0	1	346	1	345	9.677E-199	606
P29403.1	O62793.1	0.845	346	53	0	1	346	1	345	1.817E-198	606
P29403.1	P22671.1	0.828	354	61	0	1	354	1	353	2.490E-198	605
P29403.1	Q769E8.1	0.844	346	54	0	1	346	1	345	3.411E-198	605
P29403.1	Q90214.1	0.827	354	61	0	1	354	1	352	4.674E-198	604
P29403.1	P41591.1	0.827	354	61	0	1	354	1	352	4.674E-198	604
P29403.1	P02700.2	0.840	346	55	0	1	346	1	345	3.094E-197	602
P29403.1	Q98980.1	0.823	354	62	0	1	354	1	353	5.809E-197	601
P29403.1	P02699.1	0.838	346	56	0	1	346	1	345	1.091E-196	601
P29403.1	Q90215.1	0.821	354	63	0	1	354	1	352	2.806E-196	599
P29403.1	O62798.1	0.836	346	56	0	1	346	1	345	5.268E-196	599
P29403.1	Q8HY69.2	0.834	346	57	0	1	346	1	345	2.544E-195	597
P29403.1	P79863.1	0.817	354	65	0	1	354	1	354	2.544E-195	597
P29403.1	O62792.1	0.833	346	57	0	1	346	1	345	3.486E-195	596
P29403.1	O93459.1	0.810	354	67	0	1	354	1	354	3.928E-193	590
P29403.1	P35359.2	0.809	354	67	0	1	354	1	354	5.382E-193	590
P29403.1	O13227.1	0.806	354	68	0	1	354	1	350	6.687E-192	587
P29403.1	P51488.1	0.801	354	70	0	1	354	1	354	1.138E-190	583
P29403.1	O42604.1	0.799	354	71	0	1	354	1	354	7.533E-190	581
P29403.1	O93441.1	0.798	354	71	0	1	354	1	354	1.032E-189	580
P29403.1	Q9YH05.1	0.796	354	72	0	1	354	1	353	3.638E-189	579
P29403.1	Q9DGG4.1	0.790	354	74	0	1	354	1	353	2.990E-187	573
P29403.1	P32309.1	0.789	354	74	0	1	354	1	354	4.097E-187	573
P29403.1	P79848.1	0.783	354	77	0	1	354	1	354	3.367E-185	567
P29403.1	Q9YGZ0.1	0.782	354	76	0	1	354	1	351	6.321E-185	567
P29403.1	P87369.1	0.782	354	77	0	1	354	1	354	6.321E-185	567
P29403.1	Q9YGZ6.1	0.781	354	77	0	1	354	1	353	8.660E-185	566
P29403.1	Q9YGZ8.1	0.780	354	77	0	1	354	1	353	2.228E-184	565
P29403.1	Q9YGY9.1	0.776	354	79	0	1	354	1	352	2.019E-183	562
P29403.1	Q9YGZ3.1	0.774	354	80	0	1	354	1	354	1.336E-182	560
P29403.1	Q9YGZ2.1	0.773	354	80	0	1	354	1	352	1.830E-182	559
P29403.1	Q9YGZ5.1	0.773	354	80	0	1	354	1	353	2.508E-182	559
P29403.1	P79756.1	0.772	354	80	0	1	354	1	354	3.436E-182	559
P29403.1	P41590.1	0.772	354	80	0	1	354	1	352	4.708E-182	558
P29403.1	P35357.1	0.760	355	85	0	1	354	1	355	4.802E-179	550
P29403.1	P28683.1	0.756	355	86	0	1	354	1	355	5.962E-178	546
P29403.1	P51471.1	0.750	355	88	0	1	354	1	355	3.573E-176	541
P29403.1	P79798.1	0.757	351	85	0	4	354	1	349	4.896E-176	541
P29403.1	P79898.1	0.750	354	88	0	1	354	1	351	1.259E-175	540
P29403.1	P79807.1	0.755	351	85	0	4	354	1	349	1.725E-175	539
P29403.1	P79812.1	0.744	354	90	0	1	354	1	351	7.545E-174	535
P29403.1	P79901.1	0.749	351	87	0	4	354	1	348	1.034E-173	534
P29403.1	P79914.1	0.745	351	88	0	4	354	1	348	9.366E-173	531
P29403.1	P79808.1	0.745	351	88	0	4	354	1	348	9.366E-173	531
P29403.1	P79902.1	0.743	351	89	0	4	354	1	348	4.521E-172	529
P29403.1	P79809.1	0.739	351	90	0	4	354	1	347	5.611E-171	526
P29403.1	P32311.1	0.743	347	89	0	1	347	1	347	5.083E-170	524
P29403.1	P79903.1	0.735	351	92	0	4	354	1	347	9.540E-170	523
P29403.1	P79911.1	0.733	351	92	0	4	354	1	347	2.453E-169	522
P29403.1	Q9W6A6.2	0.737	347	91	0	1	347	1	347	3.044E-168	518
P29403.1	P32312.1	0.732	347	93	0	1	347	1	347	5.175E-167	515
P29403.1	Q8AYM7.1	0.730	347	93	0	1	347	1	347	2.497E-166	513
P29403.1	Q8AYM8.1	0.717	347	98	0	1	347	1	347	1.226E-162	502
P29403.1	P51474.1	0.703	354	104	0	1	354	4	354	5.915E-162	500
P29403.1	Q9W6A5.2	0.713	347	99	0	1	347	1	347	2.083E-161	499
P29403.1	P28682.1	0.556	349	154	0	8	354	13	361	2.711E-117	371
P29403.1	P51472.1	0.528	341	160	0	8	346	11	351	1.605E-106	340
P29403.1	P32310.1	0.516	339	163	0	8	346	10	347	1.437E-102	329
P29403.1	O57605.1	0.495	353	174	0	1	353	1	346	3.309E-101	325
P29403.1	P51473.1	0.497	350	173	0	5	354	3	347	6.196E-101	324
P29403.1	P28684.1	0.501	336	166	0	18	353	13	346	1.573E-97	314
P29403.1	Q9W6A8.1	0.498	339	169	0	8	346	13	350	1.573E-97	314
P29403.1	P87365.1	0.492	339	171	0	8	346	12	349	4.949E-96	310
P29403.1	O13092.1	0.480	349	178	0	5	353	6	348	1.734E-95	308
P29403.1	P03999.2	0.478	345	176	0	9	353	6	344	7.454E-94	303
P29403.1	P60015.1	0.478	345	176	0	9	353	9	347	7.454E-94	303
P29403.1	P51491.1	0.466	353	184	0	1	353	1	345	6.683E-93	301
P29403.1	P51475.1	0.519	305	146	0	23	327	16	319	4.379E-92	298
P29403.1	P51476.1	0.514	307	148	0	23	329	18	323	1.533E-91	297
P29403.1	Q63652.2	0.458	353	186	0	1	353	1	345	1.374E-90	294
P29403.1	P51490.1	0.476	331	171	0	23	353	21	348	4.306E-89	289
P29403.1	Q90309.1	0.477	326	167	0	22	347	15	335	5.273E-88	286
P29403.1	Q9W6A9.2	0.472	326	169	0	22	347	15	335	1.207E-86	282
P29403.1	P87368.1	0.454	339	180	0	6	344	2	331	2.018E-85	279
P29403.1	P35358.1	0.438	351	193	0	4	354	22	365	4.613E-84	275
P29403.1	Q9BGI7.1	0.436	351	192	0	4	354	23	364	1.613E-83	273
P29403.1	Q95170.1	0.433	351	193	0	4	354	23	364	7.706E-83	271
P29403.1	O18912.2	0.430	353	196	0	2	354	21	364	1.970E-82	270
P29403.1	O18914.2	0.432	351	194	0	4	354	23	364	1.970E-82	270
P29403.1	O18910.2	0.428	353	196	0	2	354	21	364	6.882E-82	269
P29403.1	O18913.2	0.428	353	196	0	2	354	21	364	9.409E-82	268
P29403.1	P04001.1	0.427	353	197	0	2	354	21	364	1.286E-81	268
P29403.1	O12948.1	0.428	351	196	0	4	354	22	365	3.287E-81	267
P29403.1	P22329.1	0.435	341	188	0	14	354	30	362	1.148E-80	265
P29403.1	O35476.2	0.424	353	198	0	2	354	16	359	1.570E-80	265
P29403.1	O35478.2	0.424	353	198	0	2	354	21	364	1.570E-80	265
P29403.1	Q9R024.1	0.424	353	198	0	2	354	21	364	1.570E-80	265
P29403.1	P04000.2	0.423	353	198	0	2	354	21	364	2.146E-80	264
P29403.1	P34989.1	0.430	344	192	0	2	345	14	350	5.481E-80	263
P29403.1	P87367.1	0.430	343	190	0	4	346	20	354	1.024E-79	262
P29403.1	O35599.1	0.420	353	199	0	2	354	16	359	1.400E-79	262
P29403.1	P41592.1	0.431	341	189	0	14	354	36	369	1.400E-79	262
P29403.1	Q9W6A7.1	0.430	333	185	0	14	346	30	354	2.841E-77	255
P29403.1	O42490.1	0.458	305	163	0	19	323	30	331	7.254E-77	254
P29403.1	P22332.2	0.428	333	185	0	14	346	30	354	1.355E-76	253
P29403.1	P32313.1	0.423	338	190	0	9	346	25	354	1.852E-76	253
P29403.1	Q8AYN0.1	0.426	333	186	0	14	346	29	353	3.459E-76	252
P29403.1	P22331.1	0.417	327	187	0	21	347	32	353	2.957E-72	241
P29403.1	P22330.1	0.416	327	187	0	21	347	34	355	5.520E-72	240
P29403.1	O18911.1	0.457	273	148	0	32	304	1	273	1.189E-67	227
P03999.2	P03999.2	0.977	345	8	0	1	345	1	345	9.904E-236	713
P03999.2	P60015.1	0.977	345	8	0	1	345	4	348	9.904E-236	713
P03999.2	O13092.1	0.914	343	29	0	3	345	7	349	1.960E-216	657
P03999.2	Q63652.2	0.880	342	41	0	3	344	4	345	3.588E-206	627
P03999.2	P51491.1	0.877	342	42	0	3	344	4	345	3.256E-205	625
P03999.2	P51490.1	0.873	343	43	0	3	345	7	349	8.377E-205	623
P03999.2	O57605.1	0.840	343	55	0	3	344	4	346	1.685E-195	597
P03999.2	P28684.1	0.821	344	61	0	2	344	3	346	1.034E-190	583
P03999.2	P51473.1	0.797	345	70	0	1	344	2	346	1.480E-184	565
P03999.2	P87368.1	0.665	331	110	0	6	336	5	332	1.138E-140	438
P03999.2	Q90309.1	0.658	332	113	0	7	338	6	335	2.644E-139	434
P03999.2	Q9W6A9.2	0.655	330	113	0	9	338	8	335	1.578E-137	429
P03999.2	P32310.1	0.538	339	154	0	4	337	9	347	7.313E-109	346
P03999.2	P51472.1	0.532	343	156	0	3	337	9	351	1.001E-108	346
P03999.2	P28682.1	0.520	349	163	0	4	344	12	360	2.312E-107	342
P03999.2	P87365.1	0.530	334	154	0	11	344	23	351	4.807E-105	335
P03999.2	Q9W6A8.1	0.520	339	160	0	4	337	12	350	5.921E-104	332
P03999.2	P22671.1	0.511	346	166	0	4	344	7	352	1.109E-103	331
P03999.2	Q90245.1	0.511	345	165	0	6	344	9	353	2.078E-103	331
P03999.2	Q98980.1	0.510	346	167	0	4	344	7	352	2.844E-103	330
P03999.2	P41591.1	0.508	345	167	0	4	344	7	351	1.366E-102	328
P03999.2	P28683.1	0.523	332	156	0	17	344	23	354	2.559E-102	327
P03999.2	P35357.1	0.521	332	157	0	17	344	23	354	6.560E-102	326
P03999.2	P32311.1	0.529	325	151	0	17	338	23	347	1.229E-101	325
P03999.2	O93441.1	0.502	347	169	0	4	344	7	353	1.682E-101	325
P03999.2	Q8AYM7.1	0.528	325	152	0	17	338	23	347	2.302E-101	325
P03999.2	Q9W6A6.2	0.528	325	152	0	17	338	23	347	3.150E-101	324
P03999.2	Q8HY69.2	0.512	337	162	0	6	337	9	345	5.900E-101	323
P03999.2	P52202.1	0.503	344	168	0	5	344	8	351	8.075E-101	323
P03999.2	P32312.1	0.525	325	152	0	17	338	23	347	1.512E-100	322
P03999.2	P56515.1	0.501	345	169	0	6	344	9	353	2.070E-100	322
P03999.2	P51471.1	0.515	332	159	0	17	344	23	354	2.833E-100	321
P03999.2	P56516.1	0.499	345	169	0	6	344	9	353	5.305E-100	321
P03999.2	O93459.1	0.497	347	171	0	4	344	7	353	5.305E-100	321
P03999.2	Q8AYM8.1	0.522	325	153	0	17	338	23	347	7.260E-100	320
P03999.2	P22328.1	0.499	344	170	0	4	344	7	350	9.936E-100	320
P03999.2	P56514.1	0.498	345	170	0	6	344	9	353	1.360E-99	319
P03999.2	Q9W6A5.2	0.521	325	154	0	17	338	23	347	1.861E-99	319
P03999.2	P51476.1	0.548	304	137	0	13	316	14	316	4.769E-99	318
P03999.2	P51470.1	0.510	331	160	0	17	344	23	353	1.673E-98	316
P03999.2	P31355.1	0.491	345	172	0	6	344	9	353	8.027E-98	314
P03999.2	P29403.1	0.508	331	161	0	17	344	23	353	8.027E-98	314
P03999.2	P79863.1	0.487	347	174	0	4	344	7	353	2.815E-97	313
P03999.2	P51489.1	0.498	337	166	0	6	337	9	345	5.271E-97	312
P03999.2	P08100.1	0.498	337	166	0	6	337	9	345	5.271E-97	312
P03999.2	P51474.1	0.518	320	153	0	22	339	31	350	5.271E-97	312
P03999.2	Q28886.1	0.496	337	167	0	6	337	9	345	1.351E-96	311
P03999.2	O13227.1	0.495	338	168	0	6	339	9	346	1.351E-96	311
P03999.2	Q90214.1	0.493	340	169	0	6	339	9	348	1.351E-96	311
P03999.2	O62795.1	0.496	337	167	0	6	337	9	345	1.848E-96	310
P03999.2	O18766.1	0.496	337	167	0	6	337	9	345	1.848E-96	310
P03999.2	O62794.1	0.495	337	167	0	6	337	9	345	3.460E-96	310
P03999.2	Q769E8.1	0.494	337	167	0	6	337	9	345	4.735E-96	309
P03999.2	P51488.1	0.485	345	174	0	6	344	9	353	4.735E-96	309
P03999.2	Q68J47.1	0.494	337	167	0	6	337	9	345	6.479E-96	309
P03999.2	P15409.2	0.494	337	167	0	6	337	9	345	6.479E-96	309
P03999.2	O42604.1	0.484	346	175	0	5	344	8	353	6.479E-96	309
P03999.2	P32308.1	0.493	337	168	0	6	337	9	345	8.865E-96	308
P03999.2	P49912.1	0.492	338	169	0	5	337	8	345	8.865E-96	308
P03999.2	Q95KU1.1	0.493	337	168	0	6	337	9	345	8.865E-96	308
P03999.2	P28681.1	0.493	337	168	0	6	337	9	345	1.213E-95	308
P03999.2	P02699.1	0.492	337	168	0	6	337	9	345	1.660E-95	308
P03999.2	Q6W3E1.1	0.492	337	168	0	6	337	9	345	1.660E-95	308
P03999.2	P79807.1	0.485	343	174	0	6	344	6	348	1.660E-95	308
P03999.2	O62796.1	0.492	337	168	0	6	337	9	345	2.271E-95	307
P03999.2	O62791.1	0.492	337	168	0	6	337	9	345	2.271E-95	307
P03999.2	O62793.1	0.491	337	168	0	6	337	9	345	4.252E-95	306
P03999.2	P79798.1	0.483	343	175	0	6	344	6	348	7.961E-95	306
P03999.2	Q9YGY9.1	0.477	348	179	0	2	344	4	351	1.089E-94	305
P03999.2	Q9YGZ2.1	0.476	348	179	0	2	344	4	351	2.039E-94	304
P03999.2	P51475.1	0.533	301	140	0	16	316	15	314	2.790E-94	304
P03999.2	O62798.1	0.485	337	170	0	6	337	9	345	1.338E-93	302
P03999.2	P32309.1	0.477	345	177	0	6	344	9	353	1.338E-93	302
P03999.2	P02700.2	0.485	337	170	0	6	337	9	345	1.831E-93	302
P03999.2	P79898.1	0.477	344	176	0	2	339	4	347	1.831E-93	302
P03999.2	P79911.1	0.482	339	173	0	5	339	5	343	3.427E-93	301
P03999.2	P79914.1	0.476	344	177	0	2	339	1	344	3.427E-93	301
P03999.2	P41590.1	0.480	340	173	0	6	339	9	348	3.427E-93	301
P03999.2	P79902.1	0.481	339	173	0	6	339	6	344	4.689E-93	301
P03999.2	O62792.1	0.483	337	171	0	6	337	9	345	4.689E-93	301
P03999.2	P79809.1	0.481	339	173	0	5	339	5	343	6.415E-93	300
P03999.2	P79901.1	0.475	344	177	0	2	339	1	344	6.415E-93	300
P03999.2	P79808.1	0.475	344	177	0	2	339	1	344	8.777E-93	300
P03999.2	Q9YGZ0.1	0.475	344	177	0	2	339	4	347	8.777E-93	300
P03999.2	P87369.1	0.489	331	167	0	17	344	23	353	8.777E-93	300
P03999.2	P79903.1	0.480	339	174	0	5	339	5	343	1.201E-92	299
P03999.2	P79812.1	0.474	344	177	0	2	339	4	347	1.201E-92	299
P03999.2	P35359.2	0.473	345	178	0	6	344	9	353	1.201E-92	299
P03999.2	Q9YGZ8.1	0.468	349	182	0	2	344	4	352	2.248E-92	299
P03999.2	P79848.1	0.467	350	182	0	2	344	4	353	2.248E-92	299
P03999.2	Q9DGG4.1	0.468	349	182	0	2	344	4	352	3.075E-92	298
P03999.2	Q9YGZ3.1	0.467	350	182	0	2	344	4	353	3.075E-92	298
P03999.2	Q9YGZ6.1	0.467	349	182	0	2	344	4	352	5.756E-92	297
P03999.2	Q9YH05.1	0.467	349	182	0	2	344	4	352	5.756E-92	297
P03999.2	Q9YGZ5.1	0.467	349	182	0	2	344	4	352	5.756E-92	297
P03999.2	P79756.1	0.464	350	183	0	2	344	4	353	2.017E-91	296
P03999.2	Q90215.1	0.474	340	175	0	6	339	9	348	2.759E-91	295
P03999.2	P35358.1	0.473	338	178	0	7	344	27	364	1.322E-90	293
P03999.2	O35476.2	0.470	338	179	0	2	339	18	355	8.666E-90	291
P03999.2	Q9R024.1	0.470	338	179	0	2	339	23	360	1.185E-89	291
P03999.2	O35478.2	0.469	338	179	0	2	339	23	360	2.218E-89	290
P03999.2	P04001.1	0.468	338	179	0	2	339	23	360	4.151E-89	289
P03999.2	O35599.1	0.479	327	169	0	13	339	30	355	5.679E-89	289
P03999.2	P04000.2	0.467	338	180	0	2	339	23	360	7.768E-89	288
P03999.2	O18910.2	0.466	338	180	0	2	339	23	360	1.063E-88	288
P03999.2	P34989.1	0.466	334	178	0	2	335	16	349	2.437E-87	284
P03999.2	P41592.1	0.456	343	186	0	2	344	26	368	3.333E-87	284
P03999.2	O18913.2	0.476	324	169	0	16	339	38	360	4.559E-87	283
P03999.2	Q9BGI7.1	0.460	338	182	0	2	339	23	360	8.530E-87	282
P03999.2	O18914.2	0.459	338	182	0	2	339	23	360	1.167E-86	282
P03999.2	O18912.2	0.462	334	179	0	6	339	28	360	2.183E-86	281
P03999.2	Q95170.1	0.456	338	183	0	2	339	23	360	1.045E-85	279
P03999.2	P22329.1	0.450	343	188	0	2	344	20	361	1.429E-85	279
P03999.2	O12948.1	0.463	329	176	0	16	344	37	364	2.673E-85	278
P03999.2	P87367.1	0.466	321	170	0	17	337	36	354	1.565E-83	273
P03999.2	Q9W6A7.1	0.444	336	186	0	2	337	20	354	4.895E-82	269
P03999.2	Q8AYN0.1	0.459	321	172	0	17	337	35	353	6.694E-82	268
P03999.2	P22330.1	0.439	337	188	0	2	338	20	355	5.983E-81	265
P03999.2	P22332.2	0.441	335	186	0	3	337	22	354	5.983E-81	265
P03999.2	P32313.1	0.439	336	187	0	2	337	20	354	1.119E-80	265
P03999.2	P22331.1	0.436	337	189	0	2	338	18	353	5.345E-80	263
P03999.2	O42490.1	0.444	317	175	0	17	333	34	349	7.106E-77	254
P03999.2	O18911.1	0.466	273	145	0	26	298	1	273	1.098E-69	233
O62791.1	O62791.1	0.965	348	12	0	1	348	1	348	1.944E-234	709
O62791.1	O62798.1	0.953	348	16	0	1	348	1	348	9.635E-231	698
O62791.1	O62792.1	0.950	348	17	0	1	348	1	348	6.382E-230	696
O62791.1	O62793.1	0.942	348	20	0	1	348	1	348	9.877E-228	690
O62791.1	O18766.1	0.941	348	20	0	1	348	1	348	2.542E-227	689
O62791.1	Q95KU1.1	0.939	348	21	0	1	348	1	348	8.966E-227	687
O62791.1	P32308.1	0.932	348	24	0	1	348	1	348	1.012E-224	681
O62791.1	P49912.1	0.928	348	25	0	1	348	1	348	9.190E-224	678
O62791.1	O62794.1	0.924	348	26	0	1	348	1	348	1.566E-222	675
O62791.1	Q28886.1	0.923	348	27	0	1	348	1	348	2.147E-222	674
O62791.1	O62795.1	0.923	348	27	0	1	348	1	348	2.147E-222	674
O62791.1	P08100.1	0.923	348	27	0	1	348	1	348	2.942E-222	674
O62791.1	Q769E8.1	0.923	348	27	0	1	348	1	348	4.031E-222	674
O62791.1	P15409.2	0.923	348	27	0	1	348	1	348	4.031E-222	674
O62791.1	P02700.2	0.922	348	27	0	1	348	1	348	5.525E-222	673
O62791.1	P28681.1	0.922	348	27	0	1	348	1	348	7.571E-222	673
O62791.1	O62796.1	0.921	348	27	0	1	348	1	348	1.038E-221	672
O62791.1	Q68J47.1	0.921	348	27	0	1	348	1	348	1.422E-221	672
O62791.1	P02699.1	0.917	348	29	0	1	348	1	348	1.768E-220	669
O62791.1	P51489.1	0.916	348	29	0	1	348	1	348	2.423E-220	668
O62791.1	Q6W3E1.1	0.911	348	31	0	1	348	1	348	1.063E-218	664
O62791.1	Q8HY69.2	0.888	348	39	0	1	348	1	348	2.870E-212	645
O62791.1	P22328.1	0.879	345	41	0	1	345	1	343	9.400E-208	632
O62791.1	P52202.1	0.876	345	43	0	1	345	1	344	6.224E-207	630
O62791.1	Q90245.1	0.873	346	44	0	1	345	1	346	1.169E-206	629
O62791.1	P56515.1	0.864	346	47	0	1	345	1	346	3.392E-204	622
O62791.1	P51470.1	0.844	354	54	0	1	348	1	354	4.217E-203	619
O62791.1	P31355.1	0.843	354	54	0	1	348	1	354	5.779E-203	618
O62791.1	P56516.1	0.839	354	56	0	1	348	1	354	9.844E-202	615
O62791.1	P56514.1	0.855	346	50	0	1	345	1	346	1.349E-201	614
O62791.1	P29403.1	0.853	346	51	0	1	345	1	346	4.756E-201	613
O62791.1	P41591.1	0.838	352	56	0	1	348	1	352	3.149E-200	610
O62791.1	Q90214.1	0.849	346	52	0	1	345	1	346	5.912E-200	610
O62791.1	O13227.1	0.847	345	52	0	1	345	1	344	1.380E-198	606
O62791.1	O93459.1	0.827	354	60	0	1	348	1	354	2.591E-198	605
O62791.1	P22671.1	0.844	345	54	0	1	345	1	345	9.134E-198	603
O62791.1	Q90215.1	0.841	346	55	0	1	345	1	346	1.252E-197	603
O62791.1	Q98980.1	0.819	353	63	0	1	348	1	353	1.933E-195	597
O62791.1	P35359.2	0.830	346	58	0	1	345	1	346	1.754E-194	594
O62791.1	O93441.1	0.830	346	58	0	1	345	1	346	2.403E-194	593
O62791.1	P79863.1	0.804	354	68	0	1	348	1	354	1.793E-191	585
O62791.1	P51488.1	0.816	346	63	0	1	345	1	346	1.626E-190	582
O62791.1	Q9YH05.1	0.818	345	63	0	1	345	1	345	2.227E-190	582
O62791.1	Q9YGZ0.1	0.813	345	64	0	1	345	1	345	5.196E-189	578
O62791.1	O42604.1	0.810	346	65	0	1	345	1	346	1.337E-188	577
O62791.1	Q9DGG4.1	0.809	345	66	0	1	345	1	345	6.457E-188	575
O62791.1	P32309.1	0.806	346	67	0	1	345	1	346	1.212E-187	574
O62791.1	Q9YGZ6.1	0.806	345	67	0	1	345	1	345	5.855E-187	572
O62791.1	P41590.1	0.802	346	68	0	1	345	1	346	1.506E-186	571
O62791.1	P87369.1	0.800	346	69	0	1	345	1	346	5.309E-186	569
O62791.1	P79848.1	0.800	346	69	0	1	345	1	346	9.966E-186	569
O62791.1	Q9YGZ8.1	0.800	345	69	0	1	345	1	345	3.513E-185	567
O62791.1	Q9YGZ5.1	0.800	345	69	0	1	345	1	345	3.513E-185	567
O62791.1	Q9YGZ3.1	0.797	346	70	0	1	345	1	346	4.813E-185	567
O62791.1	P79756.1	0.794	346	71	0	1	345	1	346	4.364E-184	564
O62791.1	Q9YGZ2.1	0.793	345	71	0	1	345	1	344	2.888E-183	561
O62791.1	Q9YGY9.1	0.790	345	72	0	1	345	1	344	1.394E-182	559
O62791.1	P79898.1	0.782	345	75	0	1	345	1	345	2.948E-180	553
O62791.1	P79812.1	0.781	345	75	0	1	345	1	345	7.582E-180	552
O62791.1	P79807.1	0.772	349	78	0	4	348	1	349	1.950E-179	550
O62791.1	P79798.1	0.771	349	79	0	4	348	1	349	3.661E-179	550
O62791.1	P79901.1	0.780	342	75	0	4	345	1	342	4.547E-178	546
O62791.1	P79808.1	0.779	342	75	0	4	345	1	342	8.536E-178	546
O62791.1	P79914.1	0.778	342	76	0	4	345	1	342	2.195E-177	544
O62791.1	P79902.1	0.775	342	77	0	4	345	1	342	1.452E-176	542
O62791.1	P79911.1	0.772	342	78	0	4	345	1	341	1.316E-175	539
O62791.1	P79809.1	0.770	342	78	0	4	345	1	341	4.639E-175	538
O62791.1	P79903.1	0.770	342	78	0	4	345	1	341	4.639E-175	538
O62791.1	P35357.1	0.745	355	88	0	1	348	1	355	6.355E-175	537
O62791.1	P28683.1	0.737	355	91	0	1	348	1	355	1.342E-172	531
O62791.1	Q9W6A6.2	0.745	349	88	0	1	348	1	349	1.216E-171	528
O62791.1	P51471.1	0.733	355	93	0	1	348	1	355	1.667E-171	527
O62791.1	P32311.1	0.743	349	89	0	1	348	1	349	3.128E-171	527
O62791.1	Q8AYM7.1	0.737	349	91	0	1	348	1	349	1.875E-169	522
O62791.1	P32312.1	0.735	349	92	0	1	348	1	349	6.605E-169	520
O62791.1	P51474.1	0.722	345	96	0	1	345	4	348	3.650E-163	503
O62791.1	Q8AYM8.1	0.706	349	102	0	1	348	1	349	1.979E-160	496
O62791.1	Q9W6A5.2	0.699	349	104	0	1	348	1	349	1.185E-158	490
O62791.1	P28682.1	0.563	349	149	0	8	348	13	361	1.894E-119	377
O62791.1	P51472.1	0.556	343	151	0	8	347	11	353	2.349E-115	365
O62791.1	P32310.1	0.547	340	154	0	8	347	10	349	8.270E-112	355
O62791.1	P87365.1	0.540	340	156	0	8	347	12	351	9.188E-110	349
O62791.1	Q9W6A8.1	0.528	340	160	0	8	347	13	352	2.354E-106	339
O62791.1	P51473.1	0.502	345	171	0	5	348	3	347	1.247E-100	323
O62791.1	P28684.1	0.502	338	166	0	8	345	6	339	1.379E-98	317
O62791.1	O57605.1	0.490	345	172	0	1	345	1	339	2.319E-97	313
O62791.1	P51491.1	0.484	345	174	0	1	345	1	338	9.991E-96	308
O62791.1	P51475.1	0.522	312	148	0	23	334	16	326	2.559E-95	307
O62791.1	P03999.2	0.488	337	169	0	9	345	6	337	3.143E-94	304
O62791.1	P60015.1	0.488	337	169	0	9	345	9	340	3.143E-94	304
O62791.1	O13092.1	0.483	341	173	0	5	345	6	341	3.143E-94	304
O62791.1	P51476.1	0.522	307	146	0	23	329	18	323	1.507E-93	302
O62791.1	Q63652.2	0.475	345	177	0	1	345	1	338	3.858E-93	301
O62791.1	Q90309.1	0.494	324	161	0	22	345	15	334	8.862E-92	297
O62791.1	Q9W6A9.2	0.471	335	174	0	11	345	6	334	6.383E-89	289
O62791.1	P51490.1	0.483	323	165	0	23	345	21	341	8.732E-89	288
O62791.1	P87368.1	0.457	338	179	0	6	343	2	331	4.585E-86	280
O62791.1	P04001.1	0.442	344	188	0	2	345	21	358	1.284E-83	273
O62791.1	P35358.1	0.443	342	187	0	4	345	22	357	3.282E-83	272
O62791.1	O18913.2	0.439	344	189	0	2	345	21	358	8.393E-83	271
O62791.1	O18912.2	0.439	344	189	0	2	345	21	358	8.393E-83	271
O62791.1	Q9BGI7.1	0.441	342	187	0	4	345	23	358	8.393E-83	271
O62791.1	O18914.2	0.441	342	187	0	4	345	23	358	1.148E-82	271
O62791.1	P04000.2	0.439	344	189	0	2	345	21	358	1.569E-82	270
O62791.1	O18910.2	0.439	344	189	0	2	345	21	358	1.569E-82	270
O62791.1	P34989.1	0.439	342	188	0	2	343	14	349	2.934E-82	269
O62791.1	Q95170.1	0.439	342	188	0	4	345	23	358	4.012E-82	269
O62791.1	O42490.1	0.479	304	156	0	20	323	31	331	5.486E-82	269
O62791.1	O35476.2	0.435	344	190	0	2	345	16	353	1.402E-81	267
O62791.1	P87367.1	0.433	345	191	0	4	348	20	357	2.622E-81	267
O62791.1	O35478.2	0.434	344	191	0	2	345	21	358	3.585E-81	266
O62791.1	O35599.1	0.432	344	191	0	2	345	16	353	9.163E-81	265
O62791.1	Q9R024.1	0.429	344	192	0	2	345	21	358	5.985E-80	263
O62791.1	Q9W6A7.1	0.436	335	184	0	14	348	30	357	2.091E-79	261
O62791.1	P41592.1	0.439	332	182	0	14	345	36	361	2.091E-79	261
O62791.1	Q8AYN0.1	0.433	335	185	0	14	348	29	356	9.985E-79	259
O62791.1	P22329.1	0.436	332	183	0	14	345	30	354	9.985E-79	259
O62791.1	O12948.1	0.436	332	183	0	14	345	32	357	9.985E-79	259
O62791.1	P22332.2	0.431	335	186	0	14	348	30	357	3.487E-78	258
O62791.1	P32313.1	0.430	335	186	0	14	348	30	357	8.908E-78	256
O62791.1	P22331.1	0.454	298	162	0	21	318	32	329	4.110E-74	246
O62791.1	P22330.1	0.453	298	162	0	21	318	34	331	1.049E-73	244
O62791.1	O18911.1	0.459	273	147	0	32	304	1	273	3.779E-68	228
Q9W6A7.1	Q9W6A7.1	0.983	357	6	0	1	357	1	357	6.900E-246	743
Q9W6A7.1	P32313.1	0.940	357	21	0	1	357	1	357	5.048E-233	706
Q9W6A7.1	Q8AYN0.1	0.926	357	26	0	1	357	1	356	6.434E-229	694
Q9W6A7.1	P22332.2	0.911	357	32	0	1	357	1	357	1.539E-224	681
Q9W6A7.1	P87367.1	0.900	357	36	0	1	357	1	357	2.160E-221	672
Q9W6A7.1	P41592.1	0.850	358	53	0	1	355	5	362	3.662E-207	631
Q9W6A7.1	P22329.1	0.852	351	52	0	7	355	5	355	1.809E-203	620
Q9W6A7.1	P22331.1	0.840	355	56	0	1	355	1	353	1.641E-202	617
Q9W6A7.1	O12948.1	0.825	358	62	0	1	355	1	358	8.934E-200	610
Q9W6A7.1	P22330.1	0.830	355	60	0	1	355	1	355	1.677E-199	609
Q9W6A7.1	P04000.2	0.806	359	69	0	1	355	1	359	1.029E-194	595
Q9W6A7.1	O18913.2	0.795	364	73	0	1	357	1	364	2.646E-194	594
Q9W6A7.1	Q95170.1	0.792	364	74	0	1	357	1	364	1.751E-193	591
Q9W6A7.1	O18912.2	0.790	364	75	0	1	357	1	364	6.171E-193	590
Q9W6A7.1	P04001.1	0.799	359	71	0	1	355	1	359	1.159E-192	589
Q9W6A7.1	Q9BGI7.1	0.789	364	75	0	1	357	1	364	1.588E-192	589
Q9W6A7.1	O18914.2	0.788	364	75	0	1	357	1	364	2.980E-192	588
Q9W6A7.1	P34989.1	0.835	338	55	0	17	353	13	350	6.951E-191	584
Q9W6A7.1	O35478.2	0.781	364	78	0	1	357	1	364	3.357E-190	582
Q9W6A7.1	O35476.2	0.821	340	61	0	17	355	15	354	3.780E-188	576
Q9W6A7.1	Q9R024.1	0.774	364	80	0	1	357	1	364	3.780E-188	576
Q9W6A7.1	O35599.1	0.819	340	61	0	17	355	15	354	9.722E-188	575
Q9W6A7.1	O18910.2	0.773	364	81	0	1	357	1	364	9.722E-188	575
Q9W6A7.1	P35358.1	0.782	358	77	0	1	355	1	358	3.426E-187	573
Q9W6A7.1	O18911.1	0.839	273	44	0	45	317	1	273	3.773E-153	475
Q9W6A7.1	P51476.1	0.522	301	143	0	33	333	15	314	2.357E-91	296
Q9W6A7.1	P51475.1	0.517	303	145	0	31	333	11	312	6.032E-91	295
Q9W6A7.1	Q9W6A9.2	0.493	320	162	0	36	355	16	335	3.949E-90	293
Q9W6A7.1	P32311.1	0.475	329	170	0	34	357	21	349	4.327E-88	287
Q9W6A7.1	Q9W6A6.2	0.468	329	172	0	34	357	21	349	2.531E-86	282
Q9W6A7.1	P32312.1	0.468	329	172	0	34	357	21	349	3.461E-86	281
Q9W6A7.1	Q90309.1	0.461	332	178	0	25	355	4	335	2.263E-85	279
Q9W6A7.1	Q8AYM7.1	0.461	329	174	0	34	357	21	349	1.479E-84	276
Q9W6A7.1	Q9W6A5.2	0.443	346	188	0	20	357	4	349	3.780E-84	275
Q9W6A7.1	P87368.1	0.470	317	167	0	36	352	16	331	1.806E-83	273
Q9W6A7.1	P22671.1	0.460	326	173	0	34	355	21	346	3.377E-83	273
Q9W6A7.1	O57605.1	0.462	323	172	0	36	355	18	340	4.616E-83	272
Q9W6A7.1	O13092.1	0.463	322	171	0	36	355	21	342	4.616E-83	272
Q9W6A7.1	P28683.1	0.456	328	175	0	34	355	21	348	8.629E-83	271
Q9W6A7.1	Q8HY69.2	0.447	336	182	0	27	357	13	348	1.613E-82	271
Q9W6A7.1	Q98980.1	0.457	326	174	0	34	355	21	346	2.205E-82	270
Q9W6A7.1	Q8AYM8.1	0.452	329	177	0	34	357	21	349	4.121E-82	269
Q9W6A7.1	P51490.1	0.459	322	173	0	36	355	21	342	5.634E-82	269
Q9W6A7.1	P02699.1	0.451	328	177	0	34	357	21	348	1.440E-81	268
Q9W6A7.1	P08100.1	0.451	328	177	0	34	357	21	348	1.440E-81	268
Q9W6A7.1	O13227.1	0.449	330	178	0	34	357	21	350	1.440E-81	268
Q9W6A7.1	P49912.1	0.450	328	178	0	34	357	21	348	2.690E-81	267
Q9W6A7.1	Q28886.1	0.450	328	178	0	34	357	21	348	2.690E-81	267
Q9W6A7.1	Q769E8.1	0.450	328	178	0	34	357	21	348	2.690E-81	267
Q9W6A7.1	O18766.1	0.450	328	178	0	34	357	21	348	3.678E-81	267
Q9W6A7.1	P56516.1	0.451	327	176	0	34	355	21	347	3.678E-81	267
Q9W6A7.1	Q9W6A8.1	0.455	323	174	0	36	356	30	352	5.028E-81	266
Q9W6A7.1	P51470.1	0.450	327	177	0	34	355	21	347	6.873E-81	266
Q9W6A7.1	P28681.1	0.448	328	178	0	34	357	21	348	9.395E-81	265
Q9W6A7.1	P32310.1	0.454	323	175	0	36	356	27	349	9.395E-81	265
Q9W6A7.1	P32308.1	0.448	328	178	0	34	357	21	348	1.284E-80	265
Q9W6A7.1	O62794.1	0.448	328	178	0	34	357	21	348	1.284E-80	265
Q9W6A7.1	Q63652.2	0.454	322	174	0	36	355	18	339	1.756E-80	265
Q9W6A7.1	Q95KU1.1	0.447	328	179	0	34	357	21	348	1.756E-80	265
Q9W6A7.1	O62795.1	0.447	328	179	0	34	357	21	348	2.400E-80	264
Q9W6A7.1	P56515.1	0.447	327	178	0	34	355	21	347	3.281E-80	264
Q9W6A7.1	P31355.1	0.447	327	178	0	34	355	21	347	3.281E-80	264
Q9W6A7.1	P35357.1	0.446	328	178	0	34	355	21	348	3.281E-80	264
Q9W6A7.1	P15409.2	0.446	328	179	0	34	357	21	348	4.484E-80	263
Q9W6A7.1	P52202.1	0.449	325	177	0	34	355	21	345	4.484E-80	263
Q9W6A7.1	P02700.2	0.445	328	179	0	34	357	21	348	6.130E-80	263
Q9W6A7.1	P22328.1	0.449	324	177	0	34	355	21	344	6.130E-80	263
Q9W6A7.1	P51471.1	0.445	328	178	0	34	355	21	348	6.130E-80	263
Q9W6A7.1	O62796.1	0.445	328	179	0	34	357	21	348	8.379E-80	263
Q9W6A7.1	P56514.1	0.446	327	178	0	34	355	21	347	8.379E-80	263
Q9W6A7.1	Q90215.1	0.440	332	181	0	34	357	21	352	1.145E-79	262
Q9W6A7.1	O93441.1	0.445	327	178	0	34	355	21	347	1.145E-79	262
Q9W6A7.1	P03999.2	0.450	322	175	0	36	355	17	338	1.565E-79	262
Q9W6A7.1	P60015.1	0.450	322	175	0	36	355	20	341	1.565E-79	262
Q9W6A7.1	P28684.1	0.437	334	186	0	24	355	7	340	2.140E-79	261
Q9W6A7.1	Q6W3E1.1	0.443	328	180	0	34	357	21	348	2.140E-79	261
Q9W6A7.1	P41590.1	0.439	332	181	0	34	357	21	352	2.140E-79	261
Q9W6A7.1	P51489.1	0.443	328	180	0	34	357	21	348	2.925E-79	261
Q9W6A7.1	P79863.1	0.444	327	178	0	34	355	21	347	2.925E-79	261
Q9W6A7.1	P51491.1	0.448	322	176	0	36	355	18	339	3.998E-79	261
Q9W6A7.1	O62793.1	0.435	335	185	0	30	357	14	348	3.998E-79	261
Q9W6A7.1	Q90214.1	0.438	332	182	0	34	357	21	352	5.464E-79	260
Q9W6A7.1	P79756.1	0.443	327	179	0	34	355	21	347	5.464E-79	260
Q9W6A7.1	O93459.1	0.443	327	179	0	34	355	21	347	5.464E-79	260
Q9W6A7.1	P29403.1	0.442	327	179	0	34	355	21	347	7.469E-79	260
Q9W6A7.1	Q90245.1	0.442	327	179	0	34	355	21	347	1.021E-78	259
Q9W6A7.1	O62791.1	0.440	328	181	0	34	357	21	348	1.395E-78	259
Q9W6A7.1	P51488.1	0.425	344	193	0	20	355	4	347	1.907E-78	259
Q9W6A7.1	P87369.1	0.441	327	179	0	34	355	21	347	1.907E-78	259
Q9W6A7.1	P79848.1	0.440	327	180	0	34	355	21	347	3.562E-78	258
Q9W6A7.1	P35359.2	0.439	327	180	0	34	355	21	347	4.869E-78	258
Q9W6A7.1	Q9YGZ0.1	0.441	325	179	0	34	354	21	345	6.655E-78	257
Q9W6A7.1	P51472.1	0.432	334	186	0	28	356	20	353	6.655E-78	257
Q9W6A7.1	O62798.1	0.437	328	182	0	34	357	21	348	9.095E-78	257
Q9W6A7.1	P79808.1	0.434	331	183	0	34	357	18	348	1.243E-77	256
Q9W6A7.1	Q68J47.1	0.436	328	182	0	34	357	21	348	1.699E-77	256
Q9W6A7.1	P51473.1	0.428	336	190	0	22	355	5	340	2.322E-77	256
Q9W6A7.1	Q9YGZ8.1	0.438	326	180	0	34	355	21	346	2.322E-77	256
Q9W6A7.1	O62792.1	0.435	328	182	0	34	357	21	348	3.173E-77	255
Q9W6A7.1	O42604.1	0.436	327	181	0	34	355	21	347	3.173E-77	255
Q9W6A7.1	P79903.1	0.432	330	183	0	34	357	18	347	5.926E-77	254
Q9W6A7.1	P79902.1	0.417	347	195	0	22	357	2	348	5.926E-77	254
Q9W6A7.1	Q9YGZ2.1	0.421	341	193	0	22	355	5	345	8.099E-77	254
Q9W6A7.1	Q9YGZ6.1	0.436	326	181	0	34	355	21	346	8.099E-77	254
Q9W6A7.1	P32309.1	0.422	340	191	0	24	355	8	347	8.099E-77	254
Q9W6A7.1	P79807.1	0.436	325	181	0	34	355	18	342	1.107E-76	254
Q9W6A7.1	P79812.1	0.430	331	184	0	34	357	21	351	1.107E-76	254
Q9W6A7.1	P51474.1	0.435	326	181	0	34	355	24	349	1.513E-76	253
Q9W6A7.1	Q9YGZ3.1	0.434	327	182	0	34	355	21	347	1.513E-76	253
Q9W6A7.1	P79901.1	0.429	331	184	0	34	357	18	348	2.067E-76	253
Q9W6A7.1	Q9YGY9.1	0.420	341	193	0	22	355	5	345	2.067E-76	253
Q9W6A7.1	P79911.1	0.430	330	184	0	34	357	18	347	2.825E-76	252
Q9W6A7.1	P79898.1	0.413	347	197	0	22	357	5	351	5.275E-76	252
Q9W6A7.1	P79914.1	0.427	331	185	0	34	357	18	348	7.208E-76	251
Q9W6A7.1	Q9YGZ5.1	0.432	326	182	0	34	355	21	346	9.850E-76	251
Q9W6A7.1	Q9YH05.1	0.416	342	194	0	22	355	5	346	1.839E-75	250
Q9W6A7.1	P79809.1	0.426	330	185	0	34	357	18	347	3.434E-75	249
Q9W6A7.1	P28682.1	0.424	332	185	0	36	357	30	361	3.434E-75	249
Q9W6A7.1	P41591.1	0.422	332	187	0	34	357	21	352	8.762E-75	248
Q9W6A7.1	Q9DGG4.1	0.412	342	196	0	22	355	5	346	2.235E-74	247
Q9W6A7.1	P87365.1	0.421	331	190	0	28	356	21	351	3.054E-74	246
Q9W6A7.1	P79798.1	0.425	325	185	0	34	355	18	342	7.789E-74	245
Q9W6A7.1	O42490.1	0.424	317	181	0	35	350	33	349	1.567E-71	239
P60015.1	P60015.1	0.977	348	8	0	1	348	1	348	1.009E-237	719
P60015.1	P03999.2	0.977	345	8	0	4	348	1	345	1.140E-235	713
P60015.1	O13092.1	0.902	349	34	0	1	348	1	349	8.756E-217	658
P60015.1	Q63652.2	0.880	342	41	0	6	347	4	345	4.121E-206	627
P60015.1	P51490.1	0.863	349	48	0	1	348	1	349	1.060E-205	626
P60015.1	P51491.1	0.877	342	42	0	6	347	4	345	3.739E-205	625
P60015.1	O57605.1	0.840	343	55	0	6	347	4	346	1.933E-195	597
P60015.1	P28684.1	0.821	344	61	0	5	347	3	346	1.186E-190	583
P60015.1	P51473.1	0.797	345	70	0	4	347	2	346	1.696E-184	565
P60015.1	P87368.1	0.665	331	110	0	9	339	5	332	1.296E-140	438
P60015.1	Q90309.1	0.658	332	113	0	10	341	6	335	3.012E-139	434
P60015.1	Q9W6A9.2	0.655	330	113	0	12	341	8	335	1.798E-137	429
P60015.1	P32310.1	0.529	347	160	0	1	340	1	347	6.045E-109	347
P60015.1	P51472.1	0.532	343	156	0	6	340	9	351	1.133E-108	346
P60015.1	P28682.1	0.520	349	163	0	7	347	12	360	2.616E-107	342
P60015.1	P87365.1	0.530	334	154	0	14	347	23	351	5.433E-105	335
P60015.1	Q9W6A8.1	0.520	339	160	0	7	340	12	350	6.691E-104	332
P60015.1	P22671.1	0.511	346	166	0	7	347	7	352	1.253E-103	331
P60015.1	Q90245.1	0.511	345	165	0	9	347	9	353	2.348E-103	331
P60015.1	Q98980.1	0.510	346	167	0	7	347	7	352	3.213E-103	330
P60015.1	P41591.1	0.508	345	167	0	7	347	7	351	1.543E-102	328
P60015.1	P28683.1	0.523	332	156	0	20	347	23	354	2.890E-102	327
P60015.1	P35357.1	0.521	332	157	0	20	347	23	354	7.408E-102	326
P60015.1	P32311.1	0.529	325	151	0	20	341	23	347	1.387E-101	325
P60015.1	O93441.1	0.502	347	169	0	7	347	7	353	1.899E-101	325
P60015.1	Q8AYM7.1	0.528	325	152	0	20	341	23	347	2.599E-101	325
P60015.1	Q9W6A6.2	0.528	325	152	0	20	341	23	347	3.556E-101	324
P60015.1	Q8HY69.2	0.512	337	162	0	9	340	9	345	6.660E-101	323
P60015.1	P52202.1	0.503	344	168	0	8	347	8	351	9.115E-101	323
P60015.1	P32312.1	0.525	325	152	0	20	341	23	347	1.707E-100	322
P60015.1	P56515.1	0.501	345	169	0	9	347	9	353	2.336E-100	322
P60015.1	P51471.1	0.515	332	159	0	20	347	23	354	3.197E-100	321
P60015.1	P56516.1	0.499	345	169	0	9	347	9	353	5.987E-100	321
P60015.1	O93459.1	0.497	347	171	0	7	347	7	353	5.987E-100	321
P60015.1	Q8AYM8.1	0.522	325	153	0	20	341	23	347	8.193E-100	320
P60015.1	P22328.1	0.499	344	170	0	7	347	7	350	1.121E-99	320
P60015.1	P56514.1	0.498	345	170	0	9	347	9	353	1.534E-99	319
P60015.1	Q9W6A5.2	0.521	325	154	0	20	341	23	347	2.100E-99	319
P60015.1	P51476.1	0.548	304	137	0	16	319	14	316	5.381E-99	318
P60015.1	P51470.1	0.510	331	160	0	20	347	23	353	1.887E-98	316
P60015.1	P31355.1	0.491	345	172	0	9	347	9	353	9.053E-98	314
P60015.1	P29403.1	0.508	331	161	0	20	347	23	353	9.053E-98	314
P60015.1	P79863.1	0.487	347	174	0	7	347	7	353	3.174E-97	313
P60015.1	P51489.1	0.498	337	166	0	9	340	9	345	5.942E-97	312
P60015.1	P08100.1	0.498	337	166	0	9	340	9	345	5.942E-97	312
P60015.1	P51474.1	0.518	320	153	0	25	342	31	350	5.942E-97	312
P60015.1	Q28886.1	0.496	337	167	0	9	340	9	345	1.522E-96	311
P60015.1	O13227.1	0.495	338	168	0	9	342	9	346	1.522E-96	311
P60015.1	Q90214.1	0.493	340	169	0	9	342	9	348	1.522E-96	311
P60015.1	O62795.1	0.496	337	167	0	9	340	9	345	2.083E-96	310
P60015.1	O18766.1	0.496	337	167	0	9	340	9	345	2.083E-96	310
P60015.1	O62794.1	0.495	337	167	0	9	340	9	345	3.900E-96	310
P60015.1	Q769E8.1	0.494	337	167	0	9	340	9	345	5.336E-96	309
P60015.1	P51488.1	0.485	345	174	0	9	347	9	353	5.336E-96	309
P60015.1	Q68J47.1	0.494	337	167	0	9	340	9	345	7.302E-96	309
P60015.1	P15409.2	0.494	337	167	0	9	340	9	345	7.302E-96	309
P60015.1	O42604.1	0.484	346	175	0	8	347	8	353	7.302E-96	309
P60015.1	P32308.1	0.493	337	168	0	9	340	9	345	9.991E-96	308
P60015.1	P49912.1	0.492	338	169	0	8	340	8	345	9.991E-96	308
P60015.1	Q95KU1.1	0.493	337	168	0	9	340	9	345	9.991E-96	308
P60015.1	P28681.1	0.493	337	168	0	9	340	9	345	1.367E-95	308
P60015.1	P02699.1	0.492	337	168	0	9	340	9	345	1.870E-95	308
P60015.1	Q6W3E1.1	0.492	337	168	0	9	340	9	345	1.870E-95	308
P60015.1	P79807.1	0.485	343	174	0	9	347	6	348	1.870E-95	308
P60015.1	O62796.1	0.492	337	168	0	9	340	9	345	2.559E-95	307
P60015.1	O62791.1	0.492	337	168	0	9	340	9	345	2.559E-95	307
P60015.1	O62793.1	0.491	337	168	0	9	340	9	345	4.791E-95	306
P60015.1	P79798.1	0.483	343	175	0	9	347	6	348	8.969E-95	306
P60015.1	Q9YGY9.1	0.477	348	179	0	5	347	4	351	1.227E-94	305
P60015.1	Q9YGZ2.1	0.476	348	179	0	5	347	4	351	2.297E-94	304
P60015.1	P51475.1	0.533	301	140	0	19	319	15	314	3.143E-94	304
P60015.1	O62798.1	0.485	337	170	0	9	340	9	345	1.507E-93	302
P60015.1	P32309.1	0.477	345	177	0	9	347	9	353	1.507E-93	302
P60015.1	P02700.2	0.485	337	170	0	9	340	9	345	2.061E-93	302
P60015.1	P79898.1	0.477	344	176	0	5	342	4	347	2.061E-93	302
P60015.1	P79911.1	0.482	339	173	0	8	342	5	343	3.858E-93	301
P60015.1	P79914.1	0.476	344	177	0	5	342	1	344	3.858E-93	301
P60015.1	P41590.1	0.480	340	173	0	9	342	9	348	3.858E-93	301
P60015.1	P79902.1	0.481	339	173	0	9	342	6	344	5.279E-93	301
P60015.1	O62792.1	0.483	337	171	0	9	340	9	345	5.279E-93	301
P60015.1	P79809.1	0.481	339	173	0	8	342	5	343	7.222E-93	300
P60015.1	P79901.1	0.475	344	177	0	5	342	1	344	7.222E-93	300
P60015.1	P79808.1	0.475	344	177	0	5	342	1	344	9.880E-93	300
P60015.1	Q9YGZ0.1	0.475	344	177	0	5	342	4	347	9.880E-93	300
P60015.1	P87369.1	0.489	331	167	0	20	347	23	353	9.880E-93	300
P60015.1	P79903.1	0.480	339	174	0	8	342	5	343	1.352E-92	299
P60015.1	P79812.1	0.474	344	177	0	5	342	4	347	1.352E-92	299
P60015.1	P35359.2	0.473	345	178	0	9	347	9	353	1.352E-92	299
P60015.1	Q9YGZ8.1	0.468	349	182	0	5	347	4	352	2.530E-92	299
P60015.1	P79848.1	0.467	350	182	0	5	347	4	353	2.530E-92	299
P60015.1	Q9DGG4.1	0.468	349	182	0	5	347	4	352	3.461E-92	298
P60015.1	Q9YGZ3.1	0.467	350	182	0	5	347	4	353	3.461E-92	298
P60015.1	Q9YGZ6.1	0.467	349	182	0	5	347	4	352	6.478E-92	297
P60015.1	Q9YH05.1	0.467	349	182	0	5	347	4	352	6.478E-92	297
P60015.1	Q9YGZ5.1	0.467	349	182	0	5	347	4	352	6.478E-92	297
P60015.1	P79756.1	0.464	350	183	0	5	347	4	353	2.269E-91	296
P60015.1	Q90215.1	0.474	340	175	0	9	342	9	348	3.104E-91	295
P60015.1	P35358.1	0.473	338	178	0	10	347	27	364	1.487E-90	293
P60015.1	O35476.2	0.470	338	179	0	5	342	18	355	9.744E-90	291
P60015.1	Q9R024.1	0.470	338	179	0	5	342	23	360	1.333E-89	291
P60015.1	O35478.2	0.469	338	179	0	5	342	23	360	2.494E-89	290
P60015.1	P04001.1	0.468	338	179	0	5	342	23	360	4.667E-89	289
P60015.1	O35599.1	0.479	327	169	0	16	342	30	355	6.383E-89	289
P60015.1	P04000.2	0.467	338	180	0	5	342	23	360	8.732E-89	288
P60015.1	O18910.2	0.466	338	180	0	5	342	23	360	1.194E-88	288
P60015.1	P34989.1	0.466	334	178	0	5	338	16	349	2.738E-87	284
P60015.1	P41592.1	0.456	343	186	0	5	347	26	368	3.744E-87	284
P60015.1	O18913.2	0.476	324	169	0	19	342	38	360	5.121E-87	283
P60015.1	O18914.2	0.456	342	186	0	1	342	19	360	7.004E-87	283
P60015.1	Q9BGI7.1	0.460	338	182	0	5	342	23	360	9.580E-87	282
P60015.1	O18912.2	0.462	334	179	0	9	342	28	360	2.451E-86	281
P60015.1	P22329.1	0.443	351	192	0	2	347	11	361	1.173E-85	279
P60015.1	Q95170.1	0.456	338	183	0	5	342	23	360	1.173E-85	279
P60015.1	O12948.1	0.463	329	176	0	19	347	37	364	3.000E-85	278
P60015.1	P87367.1	0.466	321	170	0	20	340	36	354	1.755E-83	273
P60015.1	Q9W6A7.1	0.444	336	186	0	5	340	20	354	5.486E-82	269
P60015.1	Q8AYN0.1	0.459	321	172	0	20	340	35	353	7.501E-82	268
P60015.1	P22330.1	0.439	337	188	0	5	341	20	355	6.702E-81	265
P60015.1	P22332.2	0.441	335	186	0	6	340	22	354	6.702E-81	265
P60015.1	P32313.1	0.439	336	187	0	5	340	20	354	1.253E-80	265
P60015.1	P22331.1	0.436	337	189	0	5	341	18	353	5.985E-80	263
P60015.1	O42490.1	0.444	317	175	0	20	336	34	349	7.944E-77	254
P60015.1	O18911.1	0.466	273	145	0	29	301	1	273	1.223E-69	233
P79809.1	P79809.1	0.977	347	8	0	1	347	1	347	6.379E-237	716
P79809.1	P79911.1	0.941	347	20	0	1	347	1	347	8.557E-227	687
P79809.1	P79903.1	0.939	347	21	0	1	347	1	347	3.018E-226	685
P79809.1	P79901.1	0.924	348	26	0	1	347	1	348	1.495E-222	675
P79809.1	P79902.1	0.924	348	26	0	1	347	1	348	1.495E-222	675
P79809.1	P79898.1	0.924	348	26	0	1	347	4	351	1.495E-222	675
P79809.1	P79914.1	0.923	348	27	0	1	347	1	348	2.808E-222	674
P79809.1	P79808.1	0.922	348	27	0	1	347	1	348	7.226E-222	673
P79809.1	P79812.1	0.919	348	28	0	1	347	4	351	3.493E-221	671
P79809.1	P79798.1	0.888	349	39	0	1	347	1	349	7.769E-213	647
P79809.1	P79807.1	0.885	349	40	0	1	347	1	349	3.754E-212	645
P79809.1	Q9YGZ2.1	0.878	349	42	0	1	347	4	352	4.237E-210	639
P79809.1	O42604.1	0.874	351	44	0	1	347	4	354	4.237E-210	639
P79809.1	Q9YGY9.1	0.874	349	44	0	1	347	4	352	9.892E-209	635
P79809.1	P87369.1	0.867	351	46	0	1	347	4	354	3.488E-208	633
P79809.1	Q9YGZ3.1	0.867	351	46	0	1	347	4	354	3.488E-208	633
P79809.1	Q9YH05.1	0.869	350	45	0	1	347	4	353	4.780E-208	633
P79809.1	Q9YGZ6.1	0.865	350	47	0	1	347	4	353	5.943E-207	630
P79809.1	Q9YGZ8.1	0.863	350	47	0	1	347	4	353	2.096E-206	628
P79809.1	P79848.1	0.860	351	48	0	1	347	4	354	5.393E-206	627
P79809.1	Q9DGG4.1	0.859	350	49	0	1	347	4	353	3.570E-205	625
P79809.1	P79756.1	0.851	351	52	0	1	347	4	354	1.565E-203	620
P79809.1	Q9YGZ5.1	0.843	350	54	0	1	347	4	353	1.601E-200	611
P79809.1	O13227.1	0.847	347	53	0	1	347	4	350	5.646E-200	610
P79809.1	P41590.1	0.834	349	57	0	1	347	4	352	2.245E-197	602
P79809.1	P35359.2	0.827	351	60	0	1	347	4	354	2.036E-196	599
P79809.1	P51488.1	0.826	351	60	0	1	347	4	354	2.790E-196	599
P79809.1	Q9YGZ0.1	0.825	348	61	0	1	347	4	351	4.310E-194	593
P79809.1	P32309.1	0.816	351	64	0	1	347	4	354	2.853E-193	590
P79809.1	Q90214.1	0.814	349	64	0	1	347	4	352	1.250E-191	586
P79809.1	Q90215.1	0.806	349	67	0	1	347	4	352	1.930E-189	579
P79809.1	P49912.1	0.797	340	69	0	1	339	4	343	1.208E-181	557
P79809.1	O18766.1	0.777	347	77	0	1	347	4	348	7.246E-180	552
P79809.1	O62796.1	0.789	340	71	0	1	339	4	343	2.554E-179	550
P79809.1	Q95KU1.1	0.788	340	72	0	1	339	4	343	3.499E-179	550
P79809.1	P32308.1	0.788	340	72	0	1	339	4	343	4.794E-179	549
P79809.1	O93459.1	0.767	351	81	0	1	347	4	354	4.794E-179	549
P79809.1	P56514.1	0.766	351	81	0	1	347	4	354	9.000E-179	548
P79809.1	Q769E8.1	0.786	340	72	0	1	339	4	343	1.690E-178	548
P79809.1	P22328.1	0.770	348	80	0	1	347	4	351	1.690E-178	548
P79809.1	P56515.1	0.765	351	81	0	1	347	4	354	1.690E-178	548
P79809.1	P52202.1	0.767	349	81	0	1	347	4	352	3.172E-178	547
P79809.1	O93441.1	0.763	351	82	0	1	347	4	354	5.954E-178	546
P79809.1	P02699.1	0.783	340	73	0	1	339	4	343	1.118E-177	545
P79809.1	Q68J47.1	0.783	340	73	0	1	339	4	343	1.118E-177	545
P79809.1	Q90245.1	0.762	351	82	0	1	347	4	354	1.118E-177	545
P79809.1	O62794.1	0.782	340	74	0	1	339	4	343	2.098E-177	544
P79809.1	P08100.1	0.782	340	74	0	1	339	4	343	2.098E-177	544
P79809.1	P15409.2	0.781	340	74	0	1	339	4	343	3.939E-177	544
P79809.1	O62795.1	0.780	340	74	0	1	339	4	343	5.397E-177	543
P79809.1	O62791.1	0.780	340	74	0	1	339	4	343	7.395E-177	543
P79809.1	Q28886.1	0.779	340	75	0	1	339	4	343	1.013E-176	542
P79809.1	P51489.1	0.777	340	75	0	1	339	4	343	3.571E-176	541
P79809.1	P28681.1	0.777	340	75	0	1	339	4	343	3.571E-176	541
P79809.1	O62793.1	0.777	340	75	0	1	339	4	343	3.571E-176	541
P79809.1	O62798.1	0.777	340	75	0	1	339	4	343	4.892E-176	541
P79809.1	P41591.1	0.760	349	83	0	1	347	4	352	4.892E-176	541
P79809.1	P02700.2	0.776	340	76	0	1	339	4	343	6.703E-176	540
P79809.1	O62792.1	0.774	340	76	0	1	339	4	343	3.236E-175	538
P79809.1	P51470.1	0.753	351	85	0	1	347	4	354	3.236E-175	538
P79809.1	P29403.1	0.753	351	85	0	1	347	4	354	3.236E-175	538
P79809.1	P22671.1	0.751	350	86	0	1	347	4	353	4.018E-174	535
P79809.1	P31355.1	0.750	351	87	0	1	347	4	354	4.018E-174	535
P79809.1	Q8HY69.2	0.770	340	78	0	1	339	4	343	5.506E-174	535
P79809.1	Q98980.1	0.750	350	87	0	1	347	4	353	7.543E-174	534
P79809.1	Q6W3E1.1	0.766	340	79	0	1	339	4	343	4.990E-173	532
P79809.1	P56516.1	0.745	351	88	0	1	347	4	354	9.366E-173	531
P79809.1	P79863.1	0.738	351	91	0	1	347	4	354	1.054E-170	525
P79809.1	Q8AYM7.1	0.697	347	105	0	1	347	4	349	4.952E-157	486
P79809.1	P28683.1	0.678	352	111	0	1	347	4	355	5.034E-154	477
P79809.1	P51471.1	0.678	352	111	0	1	347	4	355	6.896E-154	477
P79809.1	Q9W6A6.2	0.685	347	109	0	1	347	4	349	1.294E-153	476
P79809.1	P32311.1	0.677	347	111	0	1	347	4	349	1.990E-151	469
P79809.1	P35357.1	0.669	352	115	0	1	347	4	355	2.726E-151	469
P79809.1	P32312.1	0.673	347	113	0	1	347	4	349	3.379E-150	466
P79809.1	Q8AYM8.1	0.665	347	116	0	1	347	4	349	7.113E-148	459
P79809.1	Q9W6A5.2	0.664	347	116	0	1	347	4	349	1.335E-147	458
P79809.1	P51474.1	0.663	347	116	0	2	347	8	354	3.430E-147	457
P79809.1	P28682.1	0.559	349	151	0	5	347	13	361	1.639E-118	374
P79809.1	P51472.1	0.559	343	150	0	5	346	11	353	3.421E-116	368
P79809.1	P32310.1	0.551	342	152	0	5	346	10	349	1.831E-113	360
P79809.1	Q9W6A8.1	0.536	337	155	0	5	340	13	349	1.340E-107	343
P79809.1	P87365.1	0.536	332	154	0	5	336	12	343	7.933E-106	338
P79809.1	P51473.1	0.487	346	176	0	2	347	3	347	1.069E-96	311
P79809.1	P28684.1	0.484	339	173	0	5	343	6	341	7.737E-94	303
P79809.1	O57605.1	0.488	335	170	0	14	346	12	346	1.059E-93	302
P79809.1	P03999.2	0.482	340	174	0	5	344	5	340	1.448E-93	302
P79809.1	P60015.1	0.482	340	174	0	5	344	8	343	1.448E-93	302
P79809.1	O13092.1	0.480	342	175	0	2	343	6	343	1.448E-93	302
P79809.1	P51475.1	0.567	274	117	0	51	324	48	319	9.498E-93	300
P79809.1	P51476.1	0.561	274	119	0	51	324	50	321	2.182E-91	296
P79809.1	P51491.1	0.472	339	176	0	5	343	6	340	1.956E-90	293
P79809.1	Q90309.1	0.486	323	165	0	19	341	15	336	1.282E-89	291
P79809.1	O18914.2	0.473	334	174	0	14	347	33	364	2.399E-89	290
P79809.1	P04001.1	0.472	334	175	0	14	347	33	364	4.488E-89	289
P79809.1	O18913.2	0.472	334	175	0	14	347	33	364	4.488E-89	289
P79809.1	Q9BGI7.1	0.472	334	175	0	14	347	33	364	6.140E-89	289
P79809.1	Q9W6A9.2	0.483	323	166	0	19	341	15	336	1.149E-88	288
P79809.1	Q95170.1	0.469	334	176	0	14	347	33	364	2.940E-88	287
P79809.1	P51490.1	0.479	324	168	0	20	343	21	343	7.524E-88	286
P79809.1	O18912.2	0.472	330	173	0	18	347	37	364	7.524E-88	286
P79809.1	Q63652.2	0.460	339	180	0	5	343	6	340	2.634E-87	284
P79809.1	P04000.2	0.466	334	177	0	14	347	33	364	2.634E-87	284
P79809.1	O18910.2	0.464	334	177	0	14	347	33	364	9.217E-87	282
P79809.1	P34989.1	0.470	327	172	0	14	340	26	350	2.358E-86	281
P79809.1	O35478.2	0.459	334	179	0	14	347	33	364	2.111E-85	278
P79809.1	Q9R024.1	0.459	334	179	0	14	347	33	364	2.111E-85	278
P79809.1	O35476.2	0.458	334	179	0	14	347	28	359	3.948E-85	278
P79809.1	P35358.1	0.456	336	182	0	12	347	31	365	3.948E-85	278
P79809.1	O35599.1	0.455	334	180	0	14	347	28	359	1.889E-84	276
P79809.1	P41592.1	0.452	334	182	0	14	347	36	369	1.690E-83	273
P79809.1	P87368.1	0.464	316	168	0	20	335	16	329	9.875E-82	268
P79809.1	P22329.1	0.445	334	184	0	14	347	30	362	1.350E-81	267
P79809.1	O12948.1	0.442	334	186	0	14	347	32	365	6.453E-81	265
P79809.1	P87367.1	0.438	334	184	0	14	347	30	357	1.077E-79	262
P79809.1	O42490.1	0.465	308	163	0	13	320	27	331	1.077E-79	262
P79809.1	P22332.2	0.433	334	185	0	14	347	30	357	1.798E-78	258
P79809.1	Q9W6A7.1	0.432	334	186	0	14	347	30	357	4.592E-78	257
P79809.1	Q8AYN0.1	0.431	334	186	0	14	347	29	356	8.582E-78	256
P79809.1	P22331.1	0.439	325	180	0	18	342	32	353	1.173E-77	256
P79809.1	P32313.1	0.430	334	186	0	14	347	30	357	1.604E-77	256
P79809.1	P22330.1	0.435	325	181	0	18	342	34	355	1.955E-76	252
P79809.1	O18911.1	0.497	264	132	0	38	301	10	273	7.400E-74	245
P56515.1	P56515.1	0.962	354	13	0	1	354	1	354	1.832E-237	718
P56515.1	P56514.1	0.937	354	22	0	1	354	1	354	3.282E-230	697
P56515.1	P51470.1	0.924	354	27	0	1	354	1	354	1.625E-226	687
P56515.1	P31355.1	0.916	354	30	0	1	354	1	354	4.722E-224	679
P56515.1	P56516.1	0.915	354	30	0	1	354	1	354	8.867E-224	679
P56515.1	P29403.1	0.913	354	31	0	1	354	1	354	4.285E-223	677
P56515.1	Q90245.1	0.900	354	35	0	1	354	1	354	2.121E-219	666
P56515.1	P22328.1	0.866	354	47	0	1	354	1	351	1.506E-209	638
P56515.1	P52202.1	0.859	354	49	0	1	354	1	352	2.328E-207	631
P56515.1	P49912.1	0.873	346	44	0	1	346	1	345	1.125E-206	629
P56515.1	P32308.1	0.872	346	44	0	1	346	1	345	2.112E-206	629
P56515.1	Q68J47.1	0.868	346	45	0	1	346	1	345	3.597E-205	625
P56515.1	Q95KU1.1	0.868	346	45	0	1	346	1	345	4.929E-205	625
P56515.1	P15409.2	0.866	346	46	0	1	346	1	345	1.268E-204	623
P56515.1	Q28886.1	0.864	346	47	0	1	346	1	345	6.127E-204	621
P56515.1	O18766.1	0.863	346	47	0	1	346	1	345	8.396E-204	621
P56515.1	P08100.1	0.863	346	47	0	1	346	1	345	1.150E-203	621
P56515.1	O62796.1	0.862	346	47	0	1	346	1	345	1.576E-203	620
P56515.1	P28681.1	0.860	346	48	0	1	346	1	345	5.558E-203	619
P56515.1	O62794.1	0.860	346	48	0	1	346	1	345	1.044E-202	618
P56515.1	O62791.1	0.859	346	49	0	1	346	1	345	1.430E-202	617
P56515.1	Q8HY69.2	0.857	346	49	0	1	346	1	345	6.908E-202	616
P56515.1	P51489.1	0.854	346	50	0	1	346	1	345	3.337E-201	614
P56515.1	O62795.1	0.854	346	50	0	1	346	1	345	3.337E-201	614
P56515.1	Q769E8.1	0.854	346	50	0	1	346	1	345	3.337E-201	614
P56515.1	P41591.1	0.836	354	58	0	1	354	1	352	8.585E-201	612
P56515.1	P02700.2	0.852	346	51	0	1	346	1	345	1.612E-200	612
P56515.1	O62793.1	0.851	346	51	0	1	346	1	345	3.027E-200	611
P56515.1	P02699.1	0.850	346	52	0	1	346	1	345	5.683E-200	610
P56515.1	O62798.1	0.849	346	52	0	1	346	1	345	7.787E-200	610
P56515.1	P22671.1	0.832	354	59	0	1	354	1	353	1.462E-199	609
P56515.1	Q6W3E1.1	0.847	346	53	0	1	346	1	345	3.761E-199	608
P56515.1	O62792.1	0.847	346	53	0	1	346	1	345	5.154E-199	607
P56515.1	Q90214.1	0.830	354	60	0	1	354	1	352	5.154E-199	607
P56515.1	Q98980.1	0.829	354	60	0	1	354	1	353	1.326E-198	606
P56515.1	O93459.1	0.829	354	60	0	1	354	1	354	1.326E-198	606
P56515.1	Q90215.1	0.818	354	64	0	1	354	1	352	1.857E-195	597
P56515.1	P35359.2	0.814	354	66	0	1	354	1	354	1.684E-194	594
P56515.1	O93441.1	0.813	354	66	0	1	354	1	354	4.332E-194	593
P56515.1	O13227.1	0.812	354	66	0	1	354	1	350	8.133E-194	592
P56515.1	P79863.1	0.804	354	69	0	1	354	1	354	1.720E-191	586
P56515.1	O42604.1	0.804	354	69	0	1	354	1	354	2.357E-191	585
P56515.1	P51488.1	0.803	354	70	0	1	354	1	354	4.425E-191	584
P56515.1	Q9YH05.1	0.800	354	70	0	1	354	1	353	2.137E-190	582
P56515.1	Q9YGZ8.1	0.794	354	73	0	1	354	1	353	1.282E-188	577
P56515.1	Q9DGG4.1	0.794	354	73	0	1	354	1	353	1.282E-188	577
P56515.1	P32309.1	0.792	354	73	0	1	354	1	354	4.519E-188	576
P56515.1	P41590.1	0.791	354	73	0	1	354	1	352	8.484E-188	575
P56515.1	Q9YGZ0.1	0.791	354	73	0	1	354	1	351	1.593E-187	574
P56515.1	Q9YGZ5.1	0.791	354	74	0	1	354	1	353	1.593E-187	574
P56515.1	P79848.1	0.789	354	74	0	1	354	1	354	4.097E-187	573
P56515.1	Q9YGZ6.1	0.789	354	74	0	1	354	1	353	5.614E-187	572
P56515.1	P87369.1	0.788	354	75	0	1	354	1	354	7.691E-187	572
P56515.1	Q9YGY9.1	0.784	354	76	0	1	354	1	352	1.309E-185	569
P56515.1	Q9YGZ2.1	0.783	354	76	0	1	354	1	352	3.367E-185	567
P56515.1	P79756.1	0.782	354	77	0	1	354	1	354	4.613E-185	567
P56515.1	Q9YGZ3.1	0.782	354	77	0	1	354	1	354	4.613E-185	567
P56515.1	P28683.1	0.770	355	81	0	1	354	1	355	4.708E-182	558
P56515.1	P35357.1	0.768	355	82	0	1	354	1	355	2.273E-181	556
P56515.1	P79807.1	0.770	351	80	0	4	354	1	349	7.259E-180	552
P56515.1	P51471.1	0.762	355	84	0	1	354	1	355	9.946E-180	552
P56515.1	P79812.1	0.763	354	83	0	1	354	1	351	1.363E-179	551
P56515.1	P79898.1	0.763	354	83	0	1	354	1	351	1.867E-179	551
P56515.1	P79902.1	0.765	351	82	0	4	354	1	348	1.692E-178	548
P56515.1	P79808.1	0.765	351	82	0	4	354	1	348	1.692E-178	548
P56515.1	P79798.1	0.764	351	82	0	4	354	1	349	3.176E-178	547
P56515.1	P79901.1	0.761	351	83	0	4	354	1	348	2.878E-177	544
P56515.1	P79903.1	0.759	351	83	0	4	354	1	347	1.014E-176	543
P56515.1	P79911.1	0.758	351	84	0	4	354	1	347	2.608E-176	542
P56515.1	P79914.1	0.754	351	85	0	4	354	1	348	2.363E-175	539
P56515.1	P79809.1	0.753	351	85	0	4	354	1	347	6.078E-175	538
P56515.1	P32311.1	0.755	347	85	0	1	347	1	347	1.416E-173	534
P56515.1	Q9W6A6.2	0.749	347	87	0	1	347	1	347	8.485E-172	529
P56515.1	Q8AYM7.1	0.746	347	88	0	1	347	1	347	7.687E-171	526
P56515.1	P32312.1	0.743	347	89	0	1	347	1	347	3.710E-170	524
P56515.1	P51474.1	0.712	354	101	0	1	354	4	354	1.495E-164	508
P56515.1	Q8AYM8.1	0.722	347	96	0	1	347	1	347	3.844E-164	507
P56515.1	Q9W6A5.2	0.717	347	98	0	1	347	1	347	1.226E-162	502
P56515.1	P28682.1	0.557	349	153	0	8	354	13	361	1.447E-117	372
P56515.1	P51472.1	0.538	341	156	0	8	346	11	351	1.609E-109	349
P56515.1	P32310.1	0.530	339	158	0	8	346	10	347	1.605E-106	340
P56515.1	O57605.1	0.502	353	172	0	1	353	1	346	4.096E-103	330
P56515.1	P51473.1	0.501	350	172	0	5	354	3	347	5.039E-102	327
P56515.1	P28684.1	0.496	346	171	0	8	353	6	346	2.670E-99	319
P56515.1	Q9W6A8.1	0.502	339	168	0	8	346	13	350	1.281E-98	317
P56515.1	O13092.1	0.487	349	175	0	5	353	6	348	1.573E-97	314
P56515.1	P03999.2	0.490	345	172	0	9	353	6	344	4.030E-97	313
P56515.1	P60015.1	0.490	345	172	0	9	353	9	347	4.030E-97	313
P56515.1	P87365.1	0.496	339	170	0	8	346	12	349	4.030E-97	313
P56515.1	P51475.1	0.529	305	143	0	23	327	16	319	1.137E-94	306
P56515.1	P51476.1	0.523	307	145	0	23	329	18	323	1.020E-93	303
P56515.1	P51491.1	0.466	353	184	0	1	353	1	345	1.251E-92	300
P56515.1	Q63652.2	0.457	353	187	0	1	353	1	345	4.809E-90	292
P56515.1	P51490.1	0.476	331	171	0	23	353	21	348	3.149E-89	290
P56515.1	Q90309.1	0.477	326	167	0	22	347	15	335	7.211E-88	286
P56515.1	P35358.1	0.449	351	189	0	4	354	22	365	3.450E-87	284
P56515.1	Q9W6A9.2	0.469	326	170	0	22	347	15	335	7.893E-86	280
P56515.1	Q9BGI7.1	0.444	351	190	0	4	354	23	364	7.893E-86	280
P56515.1	O18912.2	0.440	353	192	0	2	354	21	364	3.774E-85	278
P56515.1	Q95170.1	0.441	351	191	0	4	354	23	364	3.774E-85	278
P56515.1	O18914.2	0.441	351	191	0	4	354	23	364	5.161E-85	278
P56515.1	P87368.1	0.452	339	180	0	6	344	2	331	9.651E-85	277
P56515.1	P04001.1	0.437	353	193	0	2	354	21	364	2.467E-84	276
P56515.1	O18913.2	0.436	353	193	0	2	354	21	364	3.374E-84	275
P56515.1	O18910.2	0.436	353	193	0	2	354	21	364	3.374E-84	275
P56515.1	P04000.2	0.435	353	194	0	2	354	21	364	6.308E-84	274
P56515.1	O35478.2	0.434	353	194	0	2	354	21	364	1.179E-83	274
P56515.1	Q9R024.1	0.433	353	194	0	2	354	21	364	4.122E-83	272
P56515.1	O35476.2	0.432	353	195	0	2	354	16	359	5.636E-83	272
P56515.1	P22329.1	0.439	346	189	0	9	354	25	362	5.636E-83	272
P56515.1	P41592.1	0.439	346	190	0	9	354	31	369	5.636E-83	272
P56515.1	O12948.1	0.433	351	194	0	4	354	22	365	1.054E-82	271
P56515.1	O35599.1	0.428	353	196	0	2	354	16	359	6.882E-82	269
P56515.1	P34989.1	0.436	344	190	0	2	345	14	350	9.409E-82	268
P56515.1	P87367.1	0.435	343	189	0	4	346	20	354	3.287E-81	267
P56515.1	Q9W6A7.1	0.433	338	187	0	9	346	25	354	1.914E-79	261
P56515.1	Q8AYN0.1	0.433	338	187	0	9	346	24	353	3.576E-79	261
P56515.1	O42490.1	0.465	305	161	0	19	323	30	331	1.249E-78	259
P56515.1	P22332.2	0.429	338	188	0	9	346	25	354	4.358E-78	258
P56515.1	P32313.1	0.428	338	188	0	9	346	25	354	5.957E-78	257
P56515.1	P22331.1	0.422	339	191	0	9	347	23	353	1.355E-76	253
P56515.1	P22330.1	0.421	339	191	0	9	347	25	355	3.459E-76	252
P56515.1	O18911.1	0.465	273	146	0	32	304	1	273	2.068E-69	232
O42604.1	O42604.1	0.982	354	6	0	1	354	1	354	2.388E-243	735
O42604.1	Q9YGZ3.1	0.910	354	32	0	1	354	1	354	2.071E-222	675
O42604.1	Q9DGG4.1	0.906	354	33	0	1	354	1	353	2.575E-221	672
O42604.1	Q9YH05.1	0.905	354	33	0	1	354	1	353	6.627E-221	670
O42604.1	Q9YGY9.1	0.903	354	34	0	1	354	1	352	3.203E-220	668
O42604.1	Q9YGZ2.1	0.901	354	35	0	1	354	1	352	8.242E-220	667
O42604.1	P87369.1	0.900	354	35	0	1	354	1	354	2.121E-219	666
O42604.1	P79848.1	0.899	354	36	0	1	354	1	354	2.906E-219	666
O42604.1	Q9YGZ8.1	0.898	354	36	0	1	354	1	353	7.479E-219	664
O42604.1	Q9YGZ6.1	0.896	354	37	0	1	354	1	353	2.637E-218	663
O42604.1	P79756.1	0.896	354	37	0	1	354	1	354	2.637E-218	663
O42604.1	P51488.1	0.890	354	39	0	1	354	1	354	2.172E-216	657
O42604.1	P79898.1	0.887	354	40	0	1	354	1	351	1.438E-215	655
O42604.1	P35359.2	0.886	354	40	0	1	354	1	354	2.700E-215	654
O42604.1	P79914.1	0.887	351	39	0	4	354	1	348	1.184E-213	649
O42604.1	P79901.1	0.886	351	40	0	4	354	1	348	1.622E-213	649
O42604.1	Q9YGZ5.1	0.876	354	44	0	1	354	1	353	2.017E-212	646
O42604.1	P32309.1	0.870	354	46	0	1	354	1	354	8.842E-211	641
O42604.1	P79812.1	0.868	354	46	0	1	354	1	351	4.272E-210	639
O42604.1	P79809.1	0.873	351	44	0	4	354	1	347	8.022E-210	638
O42604.1	P79902.1	0.870	351	45	0	4	354	1	348	7.278E-209	636
O42604.1	P79798.1	0.870	351	45	0	4	354	1	349	7.278E-209	636
O42604.1	P79808.1	0.869	351	45	0	4	354	1	348	1.873E-208	634
O42604.1	P79807.1	0.865	351	47	0	4	354	1	349	1.699E-207	632
O42604.1	Q90214.1	0.855	354	51	0	1	354	1	352	2.894E-206	628
O42604.1	Q90215.1	0.855	354	51	0	1	354	1	352	2.894E-206	628
O42604.1	Q9YGZ0.1	0.854	354	51	0	1	354	1	351	3.965E-206	628
O42604.1	P79911.1	0.859	351	49	0	4	354	1	347	1.398E-205	626
O42604.1	P79903.1	0.858	351	49	0	4	354	1	347	2.625E-205	625
O42604.1	P41590.1	0.848	354	53	0	1	354	1	352	3.263E-204	622
O42604.1	O13227.1	0.845	354	54	0	1	354	1	350	2.160E-203	620
O42604.1	O93459.1	0.817	354	65	0	1	354	1	354	2.544E-195	597
O42604.1	O93441.1	0.816	354	65	0	1	354	1	354	6.546E-195	595
O42604.1	P56515.1	0.815	354	65	0	1	354	1	354	1.229E-194	595
O42604.1	P22328.1	0.812	354	66	0	1	354	1	351	8.133E-194	592
O42604.1	P29403.1	0.812	354	66	0	1	354	1	354	8.133E-194	592
O42604.1	Q68J47.1	0.828	346	59	0	1	346	1	345	1.114E-193	592
O42604.1	P51470.1	0.812	354	66	0	1	354	1	354	1.114E-193	592
O42604.1	P49912.1	0.827	346	60	0	1	346	1	345	2.092E-193	591
O42604.1	P31355.1	0.809	354	67	0	1	354	1	354	5.382E-193	590
O42604.1	O62796.1	0.825	346	60	0	1	346	1	345	7.375E-193	589
O42604.1	P56514.1	0.809	354	67	0	1	354	1	354	7.375E-193	589
O42604.1	Q90245.1	0.807	354	68	0	1	354	1	354	2.600E-192	588
O42604.1	Q95KU1.1	0.822	346	61	0	1	346	1	345	6.687E-192	587
O42604.1	O18766.1	0.821	346	62	0	1	346	1	345	1.256E-191	586
O42604.1	P32308.1	0.819	346	62	0	1	346	1	345	3.230E-191	585
O42604.1	P52202.1	0.803	354	69	0	1	354	1	352	4.425E-191	584
O42604.1	P08100.1	0.817	346	63	0	1	346	1	345	1.138E-190	583
O42604.1	Q769E8.1	0.817	346	63	0	1	346	1	345	1.560E-190	583
O42604.1	P56516.1	0.800	354	71	0	1	354	1	354	2.137E-190	582
O42604.1	Q28886.1	0.815	346	64	0	1	346	1	345	4.012E-190	582
O42604.1	O62793.1	0.814	346	64	0	1	346	1	345	7.533E-190	581
O42604.1	P02699.1	0.814	346	64	0	1	346	1	345	1.032E-189	580
O42604.1	O62791.1	0.814	346	64	0	1	346	1	345	1.032E-189	580
O42604.1	P15409.2	0.814	346	64	0	1	346	1	345	1.032E-189	580
O42604.1	O62794.1	0.812	346	65	0	1	346	1	345	4.985E-189	578
O42604.1	P28681.1	0.811	346	65	0	1	346	1	345	9.358E-189	578
O42604.1	P02700.2	0.810	346	65	0	1	346	1	345	1.282E-188	577
O42604.1	P51489.1	0.810	346	65	0	1	346	1	345	1.757E-188	577
O42604.1	O62795.1	0.809	346	66	0	1	346	1	345	2.407E-188	576
O42604.1	Q8HY69.2	0.808	346	66	0	1	346	1	345	4.519E-188	576
O42604.1	P41591.1	0.792	354	73	0	1	354	1	352	6.192E-188	575
O42604.1	P22671.1	0.791	354	74	0	1	354	1	353	8.484E-188	575
O42604.1	O62798.1	0.806	346	67	0	1	346	1	345	2.182E-187	574
O42604.1	O62792.1	0.803	346	68	0	1	346	1	345	1.444E-186	571
O42604.1	P79863.1	0.785	354	76	0	1	354	1	354	5.089E-186	570
O42604.1	Q6W3E1.1	0.800	346	69	0	1	346	1	345	9.554E-186	569
O42604.1	Q98980.1	0.783	354	76	0	1	354	1	353	2.457E-185	568
O42604.1	P28683.1	0.714	355	101	0	1	354	1	355	1.205E-165	511
O42604.1	P35357.1	0.707	355	103	0	1	354	1	355	9.883E-164	505
O42604.1	P51471.1	0.706	355	104	0	1	354	1	355	2.541E-163	504
O42604.1	Q9W6A6.2	0.717	347	98	0	1	347	1	347	1.226E-162	502
O42604.1	Q8AYM7.1	0.714	347	99	0	1	347	1	347	1.110E-161	499
O42604.1	P32311.1	0.712	347	100	0	1	347	1	347	3.910E-161	498
O42604.1	P32312.1	0.704	347	102	0	1	347	1	347	8.238E-159	491
O42604.1	Q9W6A5.2	0.695	347	106	0	1	347	1	347	3.256E-156	484
O42604.1	Q8AYM8.1	0.691	347	107	0	1	347	1	347	4.037E-155	481
O42604.1	P51474.1	0.669	354	116	0	1	354	4	354	5.614E-152	471
O42604.1	P28682.1	0.563	349	151	0	8	354	13	361	2.437E-119	377
O42604.1	P51472.1	0.555	341	150	0	8	346	11	351	2.717E-114	362
O42604.1	P32310.1	0.550	339	152	0	8	346	10	347	4.131E-112	356
O42604.1	P87365.1	0.515	339	163	0	8	346	12	349	2.691E-102	328
O42604.1	Q9W6A8.1	0.515	339	163	0	8	346	13	350	2.691E-102	328
O42604.1	P51473.1	0.501	350	172	0	5	354	3	347	6.895E-102	327
O42604.1	P28684.1	0.502	346	169	0	8	353	6	346	6.196E-101	324
O42604.1	O57605.1	0.491	353	176	0	1	353	1	346	5.566E-100	321
O42604.1	O13092.1	0.484	349	176	0	5	353	6	348	7.545E-97	312
O42604.1	P03999.2	0.501	331	163	0	23	353	17	344	9.263E-96	309
O42604.1	P60015.1	0.501	331	163	0	23	353	20	347	9.263E-96	309
O42604.1	P51491.1	0.476	353	180	0	1	353	1	345	1.267E-95	308
O42604.1	P51475.1	0.528	305	143	0	23	327	16	319	2.128E-94	305
O42604.1	Q63652.2	0.470	348	181	0	6	353	3	345	1.711E-92	299
O42604.1	P51490.1	0.488	331	167	0	23	353	21	348	1.711E-92	299
O42604.1	P51476.1	0.491	327	163	0	1	327	1	321	8.194E-92	297
O42604.1	Q9W6A9.2	0.489	326	164	0	22	347	15	335	5.368E-91	295
O42604.1	Q90309.1	0.472	326	169	0	22	347	15	335	1.207E-86	282
O42604.1	P87368.1	0.472	325	168	0	23	347	16	334	2.257E-86	282
O42604.1	Q9BGI7.1	0.445	351	189	0	4	354	23	364	3.086E-86	281
O42604.1	P04001.1	0.461	334	176	0	21	354	37	364	7.893E-86	280
O42604.1	O18912.2	0.461	334	176	0	21	354	37	364	7.893E-86	280
O42604.1	Q95170.1	0.444	351	190	0	4	354	23	364	7.893E-86	280
O42604.1	O18914.2	0.461	334	176	0	21	354	37	364	7.893E-86	280
O42604.1	O18913.2	0.460	334	177	0	21	354	37	364	1.476E-85	279
O42604.1	P22329.1	0.458	334	178	0	21	354	34	362	3.774E-85	278
O42604.1	P35358.1	0.439	351	192	0	4	354	22	365	1.805E-84	276
O42604.1	P04000.2	0.455	334	178	0	21	354	37	364	2.467E-84	276
O42604.1	O18910.2	0.454	334	179	0	21	354	37	364	4.613E-84	275
O42604.1	P41592.1	0.453	334	180	0	21	354	40	369	8.626E-84	274
O42604.1	O35476.2	0.453	334	179	0	21	354	32	359	1.179E-83	274
O42604.1	O35478.2	0.451	334	180	0	21	354	37	364	3.015E-83	273
O42604.1	Q9R024.1	0.451	334	180	0	21	354	37	364	3.015E-83	273
O42604.1	O12948.1	0.451	334	181	0	21	354	36	365	3.015E-83	273
O42604.1	P34989.1	0.460	325	173	0	21	345	30	350	5.636E-83	272
O42604.1	O35599.1	0.450	334	180	0	21	354	32	359	7.706E-83	271
O42604.1	P87367.1	0.434	343	189	0	4	346	20	354	6.143E-81	266
O42604.1	Q9W6A7.1	0.444	326	178	0	21	346	34	354	3.576E-79	261
O42604.1	Q8AYN0.1	0.443	326	178	0	21	346	33	353	6.683E-79	260
O42604.1	P22332.2	0.442	326	179	0	21	346	34	354	1.249E-78	259
O42604.1	P32313.1	0.442	326	179	0	21	346	34	354	1.707E-78	259
O42604.1	O42490.1	0.457	308	165	0	16	323	27	331	2.079E-77	256
O42604.1	P22331.1	0.435	327	181	0	21	347	32	353	5.308E-77	254
O42604.1	P22330.1	0.433	327	182	0	21	347	34	355	2.531E-76	252
O42604.1	O18911.1	0.488	268	137	0	37	304	6	273	6.212E-73	243
Q90309.1	Q90309.1	0.954	336	15	0	1	336	1	336	3.475E-223	676
Q90309.1	Q9W6A9.2	0.861	336	47	0	1	336	1	336	3.481E-197	601
Q90309.1	P87368.1	0.752	332	82	0	1	332	1	331	4.875E-165	508
Q90309.1	P51491.1	0.659	333	113	0	6	336	8	340	3.703E-140	436
Q90309.1	P51490.1	0.659	331	112	0	8	336	13	343	3.350E-139	434
Q90309.1	P51473.1	0.650	334	116	0	6	336	8	341	5.687E-138	430
Q90309.1	P03999.2	0.648	333	116	0	6	336	7	339	3.756E-137	428
Q90309.1	P60015.1	0.648	333	116	0	6	336	10	342	3.756E-137	428
Q90309.1	O57605.1	0.643	334	118	0	6	336	8	341	3.397E-136	425
Q90309.1	Q63652.2	0.644	333	117	0	6	336	8	340	4.653E-136	424
Q90309.1	P28684.1	0.642	334	118	0	6	336	8	341	8.730E-136	424
Q90309.1	O13092.1	0.641	333	118	0	6	336	11	343	4.209E-135	422
Q90309.1	P32311.1	0.523	326	153	0	15	335	22	347	1.436E-100	322
Q90309.1	P32312.1	0.517	326	155	0	15	335	22	347	8.497E-99	317
Q90309.1	Q9W6A6.2	0.516	326	155	0	15	335	22	347	1.592E-98	316
Q90309.1	P51474.1	0.512	325	156	0	16	336	26	350	3.670E-97	312
Q90309.1	Q8AYM7.1	0.508	326	157	0	15	335	22	347	1.762E-96	310
Q90309.1	P22671.1	0.492	340	169	0	2	335	7	346	1.762E-96	310
Q90309.1	P28683.1	0.502	328	160	0	15	336	22	349	2.168E-95	307
Q90309.1	Q8AYM8.1	0.498	326	161	0	15	335	22	347	9.350E-94	302
Q90309.1	P51472.1	0.494	329	165	0	10	336	22	350	9.350E-94	302
Q90309.1	P51471.1	0.495	328	162	0	15	336	22	349	1.279E-93	302
Q90309.1	Q98980.1	0.486	334	168	0	8	335	13	346	4.486E-93	300
Q90309.1	Q9W6A8.1	0.485	332	169	0	5	334	19	350	4.029E-92	297
Q90309.1	P49912.1	0.494	324	161	0	15	334	22	345	5.514E-92	297
Q90309.1	P32310.1	0.490	327	165	0	10	334	21	347	5.514E-92	297
Q90309.1	P08100.1	0.483	333	169	0	8	334	13	345	7.544E-92	297
Q90309.1	P02699.1	0.482	333	169	0	8	334	13	345	1.032E-91	296
Q90309.1	Q6W3E1.1	0.482	333	169	0	8	334	13	345	1.032E-91	296
Q90309.1	P28681.1	0.482	333	169	0	8	334	13	345	1.413E-91	296
Q90309.1	O62793.1	0.482	333	169	0	8	334	13	345	1.413E-91	296
Q90309.1	Q95KU1.1	0.480	333	170	0	8	334	13	345	3.618E-91	295
Q90309.1	P35357.1	0.486	328	165	0	15	336	22	349	3.618E-91	295
Q90309.1	O18766.1	0.480	333	170	0	8	334	13	345	4.951E-91	294
Q90309.1	Q28886.1	0.479	333	170	0	8	334	13	345	9.269E-91	293
Q90309.1	O62791.1	0.479	333	170	0	8	334	13	345	9.269E-91	293
Q90309.1	Q9W6A5.2	0.487	326	164	0	15	335	22	347	9.269E-91	293
Q90309.1	Q8HY69.2	0.478	333	170	0	8	334	13	345	1.268E-90	293
Q90309.1	P51470.1	0.485	326	165	0	15	335	22	347	2.374E-90	292
Q90309.1	P51489.1	0.477	333	170	0	8	334	13	345	3.248E-90	292
Q90309.1	Q68J47.1	0.477	333	170	0	8	334	13	345	3.248E-90	292
Q90309.1	O62798.1	0.477	333	170	0	8	334	13	345	3.248E-90	292
Q90309.1	P32308.1	0.476	333	171	0	8	334	13	345	4.445E-90	291
Q90309.1	P15409.2	0.476	333	171	0	8	334	13	345	4.445E-90	291
Q90309.1	Q90245.1	0.472	336	173	0	8	336	13	348	6.081E-90	291
Q90309.1	Q769E8.1	0.475	333	171	0	8	334	13	345	1.138E-89	290
Q90309.1	O62796.1	0.474	333	171	0	8	334	13	345	1.557E-89	290
Q90309.1	P29403.1	0.481	327	167	0	15	336	22	348	1.557E-89	290
Q90309.1	O62794.1	0.474	333	171	0	8	334	13	345	2.131E-89	289
Q90309.1	O62792.1	0.474	333	171	0	8	334	13	345	2.131E-89	289
Q90309.1	P56516.1	0.481	326	166	0	15	335	22	347	2.131E-89	289
Q90309.1	O62795.1	0.473	333	172	0	8	334	13	345	2.915E-89	289
Q90309.1	O13227.1	0.482	325	166	0	15	336	22	346	2.915E-89	289
Q90309.1	O93441.1	0.480	327	167	0	15	336	22	348	2.915E-89	289
Q90309.1	P31355.1	0.480	326	166	0	15	335	22	347	3.989E-89	289
Q90309.1	P56515.1	0.478	327	168	0	15	336	22	348	7.466E-89	288
Q90309.1	P02700.2	0.471	333	172	0	8	334	13	345	1.022E-88	287
Q90309.1	P52202.1	0.471	333	173	0	8	335	13	345	1.022E-88	287
Q90309.1	P22328.1	0.481	323	166	0	15	335	22	344	1.912E-88	287
Q90309.1	P41591.1	0.480	324	166	0	15	335	22	345	1.912E-88	287
Q90309.1	P87365.1	0.475	326	170	0	10	335	23	347	9.164E-88	285
Q90309.1	P28682.1	0.499	306	153	0	10	315	24	329	1.254E-87	284
Q90309.1	P56514.1	0.472	327	169	0	15	336	22	348	4.391E-87	283
Q90309.1	Q90214.1	0.471	327	170	0	15	336	22	348	6.007E-87	282
Q90309.1	P79809.1	0.474	323	169	0	15	336	19	341	1.538E-86	281
Q90309.1	O18913.2	0.462	333	179	0	4	336	28	360	2.878E-86	280
Q90309.1	O18912.2	0.462	333	179	0	4	336	28	360	2.878E-86	280
Q90309.1	O18914.2	0.462	333	179	0	4	336	28	360	2.878E-86	280
Q90309.1	P79911.1	0.473	323	169	0	15	336	19	341	3.937E-86	280
Q90309.1	Q9BGI7.1	0.462	333	179	0	4	336	28	360	3.937E-86	280
Q90309.1	P79863.1	0.468	327	171	0	15	336	22	348	5.386E-86	280
Q90309.1	P04001.1	0.461	333	179	0	4	336	28	360	5.386E-86	280
Q90309.1	Q95170.1	0.461	333	179	0	4	336	28	360	5.386E-86	280
Q90309.1	P79903.1	0.472	323	169	0	15	336	19	341	7.368E-86	279
Q90309.1	P87367.1	0.461	332	178	0	3	334	24	354	1.008E-85	279
Q90309.1	P04000.2	0.460	333	179	0	4	336	28	360	1.008E-85	279
Q90309.1	O35478.2	0.460	333	179	0	4	336	28	360	1.379E-85	278
Q90309.1	Q9W6A7.1	0.461	331	177	0	4	334	25	354	1.886E-85	278
Q90309.1	P35358.1	0.460	332	179	0	4	335	27	358	1.886E-85	278
Q90309.1	O18910.2	0.459	333	180	0	4	336	28	360	2.580E-85	278
Q90309.1	P22332.2	0.459	332	179	0	3	334	24	354	3.529E-85	277
Q90309.1	Q8AYN0.1	0.458	333	179	0	2	334	22	353	4.827E-85	277
Q90309.1	O12948.1	0.459	332	179	0	4	335	27	358	4.827E-85	277
Q90309.1	P34989.1	0.460	330	178	0	4	333	21	350	6.603E-85	276
Q90309.1	P79902.1	0.464	326	172	0	15	336	19	344	1.236E-84	276
Q90309.1	O93459.1	0.463	327	172	0	15	336	22	348	1.236E-84	276
Q90309.1	P79807.1	0.466	323	171	0	15	336	19	341	1.690E-84	275
Q90309.1	O35476.2	0.456	333	181	0	4	336	23	355	1.690E-84	275
Q90309.1	P22329.1	0.457	332	179	0	4	335	25	355	1.690E-84	275
Q90309.1	P41592.1	0.457	332	180	0	4	335	31	362	1.690E-84	275
Q90309.1	O35599.1	0.455	333	181	0	4	336	23	355	2.312E-84	275
Q90309.1	O42604.1	0.461	327	173	0	15	336	22	348	4.325E-84	274
Q90309.1	P51476.1	0.488	303	154	0	10	312	12	313	5.916E-84	274
Q90309.1	Q90215.1	0.460	327	173	0	15	336	22	348	5.916E-84	274
Q90309.1	P41590.1	0.460	327	173	0	15	336	22	348	8.092E-84	273
Q90309.1	P79798.1	0.463	323	172	0	15	336	19	341	1.107E-83	273
Q90309.1	P32313.1	0.468	319	169	0	16	334	36	354	1.107E-83	273
Q90309.1	Q9R024.1	0.453	333	182	0	4	336	28	360	1.107E-83	273
Q90309.1	P79808.1	0.460	326	173	0	15	336	19	344	1.514E-83	273
Q90309.1	P79812.1	0.459	326	174	0	15	336	22	347	2.071E-83	272
Q90309.1	P22331.1	0.451	333	182	0	3	335	22	353	2.832E-83	272
Q90309.1	P35359.2	0.457	327	174	0	15	336	22	348	3.874E-83	271
Q90309.1	P79914.1	0.458	326	174	0	15	336	19	344	5.299E-83	271
Q90309.1	P79901.1	0.458	326	174	0	15	336	19	344	5.299E-83	271
Q90309.1	P79898.1	0.457	326	174	0	15	336	22	347	7.247E-83	271
Q90309.1	Q9YGZ0.1	0.459	324	173	0	15	334	22	345	9.912E-83	270
Q90309.1	P51488.1	0.455	327	175	0	15	336	22	348	9.912E-83	270
Q90309.1	P87369.1	0.454	327	175	0	15	336	22	348	2.536E-82	269
Q90309.1	Q9YGY9.1	0.455	325	175	0	15	336	22	346	4.744E-82	268
Q90309.1	P32309.1	0.453	327	176	0	15	336	22	348	4.744E-82	268
Q90309.1	P22330.1	0.447	333	183	0	3	335	24	355	4.744E-82	268
Q90309.1	Q9YGZ6.1	0.453	326	176	0	15	336	22	347	8.873E-82	267
Q90309.1	Q9YGZ2.1	0.453	325	176	0	15	336	22	346	1.214E-81	267
Q90309.1	Q9YGZ3.1	0.451	327	176	0	15	336	22	348	1.214E-81	267
Q90309.1	Q9YGZ8.1	0.452	326	176	0	15	336	22	347	1.660E-81	267
Q90309.1	Q9YH05.1	0.450	326	177	0	15	336	22	347	4.246E-81	265
Q90309.1	Q9DGG4.1	0.447	326	178	0	15	336	22	347	2.777E-80	263
Q90309.1	P79848.1	0.446	327	178	0	15	336	22	348	2.777E-80	263
Q90309.1	Q9YGZ5.1	0.447	326	178	0	15	336	22	347	3.798E-80	263
Q90309.1	P79756.1	0.445	327	178	0	15	336	22	348	5.194E-80	262
Q90309.1	P51475.1	0.472	297	156	0	16	312	16	311	2.221E-78	258
Q90309.1	O42490.1	0.434	300	168	0	15	314	33	329	5.806E-70	233
Q90309.1	O18911.1	0.448	273	150	0	25	297	1	273	6.764E-66	221
Q9YGZ2.1	Q9YGZ2.1	0.983	352	6	0	1	352	1	352	3.707E-242	732
Q9YGZ2.1	Q9YGY9.1	0.974	352	9	0	1	352	1	352	1.477E-239	724
Q9YGZ2.1	Q9YGZ3.1	0.937	354	22	0	1	352	1	354	2.989E-230	697
Q9YGZ2.1	P79848.1	0.927	354	26	0	1	352	1	354	2.236E-227	689
Q9YGZ2.1	Q9YGZ8.1	0.927	353	26	0	1	352	1	353	1.481E-226	687
Q9YGZ2.1	P79756.1	0.924	354	27	0	1	352	1	354	2.029E-226	686
Q9YGZ2.1	Q9YH05.1	0.924	353	27	0	1	352	1	353	9.807E-226	684
Q9YGZ2.1	Q9YGZ6.1	0.923	353	27	0	1	352	1	353	1.344E-225	684
Q9YGZ2.1	P87369.1	0.918	354	29	0	1	352	1	354	1.220E-224	681
Q9YGZ2.1	Q9DGG4.1	0.919	353	28	0	1	352	1	353	3.139E-224	680
Q9YGZ2.1	O42604.1	0.903	354	34	0	1	352	1	354	2.130E-220	669
Q9YGZ2.1	P79898.1	0.906	352	33	0	1	352	1	351	5.481E-220	668
Q9YGZ2.1	P79901.1	0.906	349	33	0	4	352	1	348	6.186E-218	662
Q9YGZ2.1	Q9YGZ5.1	0.897	353	36	0	1	352	1	353	6.186E-218	662
Q9YGZ2.1	P79914.1	0.898	349	35	0	4	352	1	348	9.565E-216	655
Q9YGZ2.1	P79902.1	0.897	349	36	0	4	352	1	348	1.796E-215	655
Q9YGZ2.1	P51488.1	0.886	354	40	0	1	352	1	354	1.796E-215	655
Q9YGZ2.1	P79807.1	0.894	349	37	0	4	352	1	349	1.189E-214	652
Q9YGZ2.1	P79812.1	0.885	352	40	0	1	352	1	351	7.876E-214	650
Q9YGZ2.1	P79798.1	0.891	349	38	0	4	352	1	349	1.479E-213	649
Q9YGZ2.1	P35359.2	0.880	354	42	0	1	352	1	354	1.479E-213	649
Q9YGZ2.1	P79808.1	0.888	349	39	0	4	352	1	348	7.146E-213	647
Q9YGZ2.1	P32309.1	0.875	354	44	0	1	352	1	354	3.453E-212	645
Q9YGZ2.1	P41590.1	0.876	352	44	0	1	352	1	352	2.286E-211	643
Q9YGZ2.1	Q9YGZ0.1	0.875	352	44	0	1	352	1	351	8.062E-211	641
Q9YGZ2.1	P79809.1	0.879	349	42	0	4	352	1	347	2.843E-210	640
Q9YGZ2.1	P79903.1	0.879	349	42	0	4	352	1	347	3.896E-210	639
Q9YGZ2.1	P79911.1	0.876	349	43	0	4	352	1	347	1.882E-209	637
Q9YGZ2.1	O13227.1	0.850	352	52	0	1	352	1	350	1.438E-203	620
Q9YGZ2.1	Q90214.1	0.844	352	55	0	1	352	1	352	4.599E-202	616
Q9YGZ2.1	Q90215.1	0.843	352	55	0	1	352	1	352	8.635E-202	615
Q9YGZ2.1	O62796.1	0.821	345	61	0	1	344	1	345	4.040E-191	584
Q9YGZ2.1	P22328.1	0.805	352	68	0	1	352	1	351	1.424E-190	583
Q9YGZ2.1	P52202.1	0.804	352	69	0	1	352	1	352	2.673E-190	582
Q9YGZ2.1	P32308.1	0.816	345	63	0	1	344	1	345	6.877E-190	581
Q9YGZ2.1	P49912.1	0.815	345	63	0	1	344	1	345	1.291E-189	580
Q9YGZ2.1	O93459.1	0.798	354	71	0	1	352	1	354	1.291E-189	580
Q9YGZ2.1	Q95KU1.1	0.814	345	64	0	1	344	1	345	3.321E-189	579
Q9YGZ2.1	P56515.1	0.796	354	72	0	1	352	1	354	4.551E-189	578
Q9YGZ2.1	P51470.1	0.795	354	72	0	1	352	1	354	6.236E-189	578
Q9YGZ2.1	O18766.1	0.813	345	64	0	1	344	1	345	8.544E-189	578
Q9YGZ2.1	P02699.1	0.812	345	64	0	1	344	1	345	1.604E-188	577
Q9YGZ2.1	O93441.1	0.794	354	72	0	1	352	1	354	1.604E-188	577
Q9YGZ2.1	P56514.1	0.792	354	73	0	1	352	1	354	5.654E-188	575
Q9YGZ2.1	Q68J47.1	0.809	345	66	0	1	344	1	345	7.747E-188	575
Q9YGZ2.1	P31355.1	0.791	354	73	0	1	352	1	354	7.747E-188	575
Q9YGZ2.1	Q90245.1	0.791	354	73	0	1	352	1	354	1.061E-187	574
Q9YGZ2.1	Q769E8.1	0.808	345	66	0	1	344	1	345	1.993E-187	574
Q9YGZ2.1	O62794.1	0.807	345	66	0	1	344	1	345	2.730E-187	573
Q9YGZ2.1	P15409.2	0.806	345	67	0	1	344	1	345	5.126E-187	572
Q9YGZ2.1	P22671.1	0.791	353	73	0	1	352	1	353	5.126E-187	572
Q9YGZ2.1	P56516.1	0.789	354	74	0	1	352	1	354	5.126E-187	572
Q9YGZ2.1	P29403.1	0.789	354	74	0	1	352	1	354	5.126E-187	572
Q9YGZ2.1	Q28886.1	0.805	345	67	0	1	344	1	345	9.623E-187	572
Q9YGZ2.1	P28681.1	0.803	345	68	0	1	344	1	345	4.647E-186	570
Q9YGZ2.1	P08100.1	0.803	345	68	0	1	344	1	345	4.647E-186	570
Q9YGZ2.1	P51489.1	0.802	345	68	0	1	344	1	345	6.367E-186	569
Q9YGZ2.1	O62795.1	0.802	345	68	0	1	344	1	345	8.724E-186	569
Q9YGZ2.1	P02700.2	0.802	345	68	0	1	344	1	345	1.195E-185	569
Q9YGZ2.1	O62791.1	0.801	345	68	0	1	344	1	345	1.638E-185	568
Q9YGZ2.1	Q98980.1	0.785	353	75	0	1	352	1	353	1.638E-185	568
Q9YGZ2.1	P41591.1	0.785	352	75	0	1	352	1	352	7.909E-185	566
Q9YGZ2.1	Q6W3E1.1	0.798	345	69	0	1	344	1	345	1.084E-184	566
Q9YGZ2.1	O62798.1	0.798	345	69	0	1	344	1	345	1.084E-184	566
Q9YGZ2.1	Q8HY69.2	0.796	345	70	0	1	344	1	345	5.233E-184	564
Q9YGZ2.1	O62792.1	0.795	345	70	0	1	344	1	345	7.170E-184	563
Q9YGZ2.1	P79863.1	0.777	354	78	0	1	352	1	354	1.346E-183	563
Q9YGZ2.1	O62793.1	0.793	345	71	0	1	344	1	345	2.527E-183	562
Q9YGZ2.1	P28683.1	0.708	355	102	0	1	352	1	355	6.600E-164	506
Q9YGZ2.1	P51471.1	0.707	355	103	0	1	352	1	355	9.041E-164	505
Q9YGZ2.1	P35357.1	0.700	355	105	0	1	352	1	355	1.391E-161	499
Q9YGZ2.1	Q8AYM7.1	0.695	347	105	0	1	345	1	347	2.981E-156	484
Q9YGZ2.1	Q9W6A6.2	0.692	347	106	0	1	345	1	347	1.438E-155	482
Q9YGZ2.1	P32311.1	0.686	347	108	0	1	345	1	347	6.278E-154	477
Q9YGZ2.1	Q8AYM8.1	0.680	347	110	0	1	345	1	347	5.142E-152	471
Q9YGZ2.1	P32312.1	0.679	347	110	0	1	345	1	347	7.043E-152	471
Q9YGZ2.1	Q9W6A5.2	0.672	347	113	0	1	345	1	347	1.082E-149	465
Q9YGZ2.1	P51474.1	0.661	352	119	0	1	352	4	354	7.147E-149	462
Q9YGZ2.1	P28682.1	0.545	348	156	0	9	352	14	361	6.416E-114	361
Q9YGZ2.1	P51472.1	0.540	340	154	0	9	344	12	351	1.483E-109	349
Q9YGZ2.1	P32310.1	0.543	337	153	0	9	344	11	347	2.029E-109	348
Q9YGZ2.1	Q9W6A8.1	0.538	323	148	0	22	344	29	350	2.761E-103	331
Q9YGZ2.1	P87365.1	0.520	337	161	0	9	344	13	349	5.171E-103	330
Q9YGZ2.1	P51473.1	0.505	331	163	0	22	352	17	347	5.093E-97	312
Q9YGZ2.1	O57605.1	0.494	334	168	0	18	351	13	346	7.680E-95	306
Q9YGZ2.1	P51475.1	0.502	326	153	0	2	327	11	319	1.051E-94	306
Q9YGZ2.1	P03999.2	0.477	348	179	0	4	351	2	344	1.437E-94	305
Q9YGZ2.1	P60015.1	0.477	348	179	0	4	351	5	347	1.437E-94	305
Q9YGZ2.1	O13092.1	0.477	347	178	0	5	351	7	348	2.691E-94	304
Q9YGZ2.1	P28684.1	0.488	336	172	0	16	351	11	346	5.036E-94	304
Q9YGZ2.1	P51491.1	0.469	351	183	0	1	351	1	345	4.517E-93	301
Q9YGZ2.1	P51476.1	0.501	316	155	0	12	327	11	321	3.630E-91	295
Q9YGZ2.1	Q63652.2	0.460	351	186	0	1	351	1	345	1.738E-90	293
Q9YGZ2.1	P51490.1	0.483	329	169	0	23	351	21	348	1.738E-90	293
Q9YGZ2.1	Q9W6A9.2	0.479	324	167	0	22	345	15	335	6.676E-88	286
Q9YGZ2.1	O18914.2	0.451	349	187	0	4	352	23	364	1.708E-87	285
Q9YGZ2.1	Q9BGI7.1	0.451	349	187	0	4	352	23	364	2.336E-87	284
Q9YGZ2.1	O18912.2	0.448	351	189	0	2	352	21	364	5.975E-87	283
Q9YGZ2.1	Q95170.1	0.449	349	188	0	4	352	23	364	1.118E-86	282
Q9YGZ2.1	P04001.1	0.444	351	191	0	2	352	21	364	5.346E-86	280
Q9YGZ2.1	O18913.2	0.459	336	179	0	17	352	33	364	5.346E-86	280
Q9YGZ2.1	P35358.1	0.445	349	190	0	4	352	22	365	1.367E-85	279
Q9YGZ2.1	P04000.2	0.442	351	191	0	2	352	21	364	2.557E-85	278
Q9YGZ2.1	Q90309.1	0.469	324	170	0	22	345	15	335	3.497E-85	278
Q9YGZ2.1	P41592.1	0.460	332	178	0	21	352	40	369	4.782E-85	278
Q9YGZ2.1	P87368.1	0.451	340	182	0	6	345	2	334	8.943E-85	277
Q9YGZ2.1	O18910.2	0.440	351	192	0	2	352	21	364	1.223E-84	276
Q9YGZ2.1	O12948.1	0.458	332	178	0	21	352	36	365	1.672E-84	276
Q9YGZ2.1	Q9R024.1	0.437	351	193	0	2	352	21	364	5.847E-84	274
Q9YGZ2.1	P34989.1	0.445	342	186	0	2	343	14	350	1.093E-83	274
Q9YGZ2.1	O35476.2	0.436	351	193	0	2	352	16	359	1.093E-83	274
Q9YGZ2.1	O35478.2	0.435	351	194	0	2	352	21	364	2.044E-83	273
Q9YGZ2.1	P22329.1	0.437	348	191	0	5	352	22	362	3.821E-83	272
Q9YGZ2.1	O35599.1	0.432	351	195	0	2	352	16	359	1.336E-82	271
Q9YGZ2.1	P87367.1	0.437	341	188	0	4	344	20	354	3.049E-81	267
Q9YGZ2.1	Q9W6A7.1	0.435	340	188	0	5	344	22	354	2.722E-80	264
Q9YGZ2.1	Q8AYN0.1	0.432	340	189	0	5	344	21	353	1.300E-79	262
Q9YGZ2.1	P32313.1	0.432	340	189	0	5	344	22	354	1.776E-79	261
Q9YGZ2.1	P22332.2	0.431	340	189	0	5	344	22	354	3.320E-79	261
Q9YGZ2.1	P22331.1	0.425	341	191	0	5	345	20	353	7.561E-78	257
Q9YGZ2.1	O42490.1	0.458	308	165	0	16	323	27	331	7.561E-78	257
Q9YGZ2.1	P22330.1	0.422	341	192	0	5	345	22	355	3.607E-77	255
Q9YGZ2.1	O18911.1	0.482	268	138	0	37	304	6	273	9.588E-72	239
P31355.1	P31355.1	0.968	354	11	0	1	354	1	354	2.223E-239	724
P31355.1	P51470.1	0.954	354	16	0	1	354	1	354	3.886E-235	711
P31355.1	P56516.1	0.942	354	20	0	1	354	1	354	1.405E-231	701
P31355.1	P56515.1	0.917	354	29	0	1	354	1	354	1.835E-224	681
P31355.1	P29403.1	0.912	354	31	0	1	354	1	354	5.872E-223	676
P31355.1	P56514.1	0.902	354	35	0	1	354	1	354	6.014E-220	668
P31355.1	Q90245.1	0.884	354	41	0	1	354	1	354	9.522E-215	653
P31355.1	P22328.1	0.858	354	50	0	1	354	1	351	4.371E-207	631
P31355.1	P52202.1	0.857	354	50	0	1	354	1	352	8.208E-207	630
P31355.1	P49912.1	0.851	354	52	0	1	354	1	348	3.597E-205	625
P31355.1	P32308.1	0.850	354	52	0	1	354	1	348	6.754E-205	624
P31355.1	Q68J47.1	0.847	354	53	0	1	354	1	348	4.471E-204	622
P31355.1	Q95KU1.1	0.847	354	53	0	1	354	1	348	4.471E-204	622
P31355.1	P15409.2	0.846	354	53	0	1	354	1	348	1.150E-203	621
P31355.1	P08100.1	0.846	354	53	0	1	354	1	348	1.150E-203	621
P31355.1	Q28886.1	0.843	354	54	0	1	354	1	348	7.615E-203	618
P31355.1	O18766.1	0.842	354	55	0	1	354	1	348	1.430E-202	617
P31355.1	P28681.1	0.841	354	55	0	1	354	1	348	3.679E-202	616
P31355.1	O62794.1	0.839	354	56	0	1	354	1	348	9.465E-202	615
P31355.1	O62791.1	0.838	354	56	0	1	354	1	348	2.435E-201	614
P31355.1	O62795.1	0.837	354	57	0	1	354	1	348	4.572E-201	613
P31355.1	O62796.1	0.837	354	57	0	1	354	1	348	4.572E-201	613
P31355.1	Q769E8.1	0.836	354	57	0	1	354	1	348	1.176E-200	612
P31355.1	Q8HY69.2	0.835	354	57	0	1	354	1	348	1.612E-200	612
P31355.1	P51489.1	0.834	354	58	0	1	354	1	348	3.027E-200	611
P31355.1	P02699.1	0.834	354	58	0	1	354	1	348	3.027E-200	611
P31355.1	P02700.2	0.833	354	58	0	1	354	1	348	5.683E-200	610
P31355.1	Q90214.1	0.832	354	59	0	1	354	1	352	1.462E-199	609
P31355.1	Q6W3E1.1	0.831	354	59	0	1	354	1	348	2.003E-199	608
P31355.1	O62793.1	0.830	354	59	0	1	354	1	348	3.761E-199	608
P31355.1	O62798.1	0.829	354	59	0	1	354	1	348	1.326E-198	606
P31355.1	O62792.1	0.826	354	60	0	1	354	1	348	8.776E-198	604
P31355.1	P41591.1	0.824	354	62	0	1	354	1	352	2.258E-197	602
P31355.1	Q98980.1	0.824	354	62	0	1	354	1	353	2.258E-197	602
P31355.1	P22671.1	0.824	354	62	0	1	354	1	353	3.094E-197	602
P31355.1	O93459.1	0.822	354	63	0	1	354	1	354	7.959E-197	601
P31355.1	Q90215.1	0.814	354	65	0	1	354	1	352	3.162E-194	593
P31355.1	P35359.2	0.813	354	66	0	1	354	1	354	4.332E-194	593
P31355.1	O13227.1	0.812	354	66	0	1	354	1	350	8.133E-194	592
P31355.1	P51488.1	0.805	354	69	0	1	354	1	354	9.163E-192	586
P31355.1	P79863.1	0.804	354	69	0	1	354	1	354	1.720E-191	586
P31355.1	O42604.1	0.799	354	71	0	1	354	1	354	4.012E-190	582
P31355.1	O93441.1	0.799	354	71	0	1	354	1	354	7.533E-190	581
P31355.1	P32309.1	0.793	354	73	0	1	354	1	354	2.407E-188	576
P31355.1	Q9YGZ0.1	0.791	354	73	0	1	354	1	351	1.593E-187	574
P31355.1	Q9DGG4.1	0.789	354	74	0	1	354	1	353	4.097E-187	573
P31355.1	Q9YH05.1	0.788	354	75	0	1	354	1	353	1.054E-186	572
P31355.1	P41590.1	0.786	354	75	0	1	354	1	352	2.711E-186	571
P31355.1	Q9YGZ6.1	0.783	354	76	0	1	354	1	353	3.367E-185	567
P31355.1	Q9YGY9.1	0.781	354	77	0	1	354	1	352	8.660E-185	566
P31355.1	Q9YGZ8.1	0.781	354	77	0	1	354	1	353	8.660E-185	566
P31355.1	P87369.1	0.781	354	77	0	1	354	1	354	8.660E-185	566
P31355.1	Q9YGZ2.1	0.780	354	77	0	1	354	1	352	2.228E-184	565
P31355.1	Q9YGZ3.1	0.779	354	78	0	1	354	1	354	3.052E-184	565
P31355.1	Q9YGZ5.1	0.776	354	79	0	1	354	1	353	3.791E-183	561
P31355.1	P79848.1	0.776	354	79	0	1	354	1	354	3.791E-183	561
P31355.1	P79756.1	0.768	354	82	0	1	354	1	354	5.846E-181	555
P31355.1	P79807.1	0.763	351	82	0	4	354	1	349	8.169E-178	546
P31355.1	P28683.1	0.755	355	86	0	1	354	1	355	1.119E-177	546
P31355.1	P79798.1	0.760	351	84	0	4	354	1	349	5.403E-177	544
P31355.1	P35357.1	0.753	355	87	0	1	354	1	355	5.403E-177	544
P31355.1	P79898.1	0.753	354	86	0	1	354	1	351	1.904E-176	542
P31355.1	P79812.1	0.750	354	88	0	1	354	1	351	1.259E-175	540
P31355.1	P51471.1	0.746	355	90	0	1	354	1	355	6.078E-175	538
P31355.1	P79902.1	0.751	351	86	0	4	354	1	348	1.563E-174	537
P31355.1	P79808.1	0.751	351	86	0	4	354	1	348	1.563E-174	537
P31355.1	P79901.1	0.750	351	87	0	4	354	1	348	5.507E-174	535
P31355.1	P79914.1	0.747	351	88	0	4	354	1	348	3.642E-173	533
P31355.1	P79903.1	0.745	351	88	0	4	354	1	347	9.366E-173	531
P31355.1	P79911.1	0.744	351	89	0	4	354	1	347	2.408E-172	530
P31355.1	P79809.1	0.739	351	90	0	4	354	1	347	5.611E-171	526
P31355.1	P32311.1	0.746	347	88	0	1	347	1	347	7.687E-171	526
P31355.1	Q9W6A6.2	0.737	347	91	0	1	347	1	347	3.044E-168	518
P31355.1	P32312.1	0.731	347	93	0	1	347	1	347	1.331E-166	514
P31355.1	Q8AYM7.1	0.729	347	94	0	1	347	1	347	4.687E-166	512
P31355.1	Q9W6A5.2	0.712	347	100	0	1	347	1	347	2.854E-161	498
P31355.1	Q8AYM8.1	0.710	347	100	0	1	347	1	347	1.005E-160	497
P31355.1	P51474.1	0.697	354	106	0	1	354	4	354	2.584E-160	496
P31355.1	P28682.1	0.547	349	157	0	8	354	13	361	7.736E-115	364
P31355.1	P51472.1	0.527	341	160	0	8	346	11	351	2.197E-106	340
P31355.1	O57605.1	0.505	353	171	0	1	353	1	346	3.329E-104	333
P31355.1	P32310.1	0.518	339	162	0	8	346	10	347	2.993E-103	331
P31355.1	P51473.1	0.503	350	171	0	5	354	3	347	1.437E-102	329
P31355.1	P28684.1	0.495	346	172	0	8	353	6	346	5.000E-99	318
P31355.1	O13092.1	0.489	349	175	0	5	353	6	348	4.489E-98	316
P31355.1	Q9W6A8.1	0.508	328	161	0	8	335	13	340	7.545E-97	312
P31355.1	P87365.1	0.492	339	171	0	8	346	12	349	6.771E-96	309
P31355.1	P03999.2	0.481	345	175	0	9	353	6	344	1.137E-94	306
P31355.1	P60015.1	0.481	345	175	0	9	353	9	347	1.137E-94	306
P31355.1	P51491.1	0.469	353	183	0	1	353	1	345	1.395E-93	302
P31355.1	P51475.1	0.520	305	145	0	23	327	16	319	2.340E-92	299
P31355.1	Q63652.2	0.461	353	185	0	1	353	1	345	2.869E-91	296
P31355.1	P51476.1	0.513	307	149	0	23	329	18	323	2.869E-91	296
P31355.1	P51490.1	0.481	331	170	0	23	353	21	348	1.374E-90	294
P31355.1	Q90309.1	0.479	326	167	0	22	347	15	335	1.507E-88	288
P31355.1	Q9W6A9.2	0.468	326	170	0	22	347	15	335	1.476E-85	279
P31355.1	P87368.1	0.453	337	179	0	6	342	2	329	1.320E-84	276
P31355.1	O18912.2	0.436	353	193	0	2	354	21	364	3.374E-84	275
P31355.1	Q9BGI7.1	0.437	351	192	0	4	354	23	364	8.626E-84	274
P31355.1	O18913.2	0.434	353	194	0	2	354	21	364	1.613E-83	273
P31355.1	Q95170.1	0.436	351	192	0	4	354	23	364	1.613E-83	273
P31355.1	P04001.1	0.434	353	194	0	2	354	21	364	2.205E-83	273
P31355.1	O18914.2	0.435	351	193	0	4	354	23	364	2.205E-83	273
P31355.1	P35358.1	0.435	351	194	0	4	354	22	365	3.015E-83	273
P31355.1	O35476.2	0.431	353	195	0	2	354	16	359	1.054E-82	271
P31355.1	O18910.2	0.431	353	195	0	2	354	21	364	1.441E-82	271
P31355.1	O35478.2	0.429	353	196	0	2	354	21	364	3.682E-82	269
P31355.1	P04000.2	0.429	353	196	0	2	354	21	364	3.682E-82	269
P31355.1	O12948.1	0.431	351	195	0	4	354	22	365	5.034E-82	269
P31355.1	Q9R024.1	0.428	353	196	0	2	354	21	364	9.409E-82	268
P31355.1	O35599.1	0.427	353	197	0	2	354	16	359	1.286E-81	268
P31355.1	P22329.1	0.432	346	191	0	9	354	25	362	3.287E-81	267
P31355.1	P34989.1	0.434	344	190	0	2	345	14	350	4.494E-81	266
P31355.1	P41592.1	0.431	346	192	0	9	354	31	369	6.143E-81	266
P31355.1	P87367.1	0.433	343	189	0	4	346	20	354	1.148E-80	265
P31355.1	Q9W6A7.1	0.434	338	186	0	9	346	25	354	1.400E-79	262
P31355.1	P32313.1	0.430	338	188	0	9	346	25	354	2.333E-78	258
P31355.1	Q8AYN0.1	0.429	338	188	0	9	346	24	353	3.189E-78	258
P31355.1	P22332.2	0.428	338	188	0	9	346	25	354	5.957E-78	257
P31355.1	O42490.1	0.461	305	162	0	19	323	30	331	1.113E-77	256
P31355.1	P22331.1	0.417	339	192	0	9	347	23	353	3.079E-75	249
P31355.1	P22330.1	0.415	339	193	0	9	347	25	355	1.467E-74	247
P31355.1	O18911.1	0.459	273	147	0	32	304	1	273	3.419E-68	229
P49912.1	P49912.1	0.969	348	11	0	1	348	1	348	2.141E-235	712
P49912.1	Q95KU1.1	0.951	348	17	0	1	348	1	348	3.398E-230	697
P49912.1	P08100.1	0.948	348	18	0	1	348	1	348	2.251E-229	694
P49912.1	P32308.1	0.946	348	19	0	1	348	1	348	7.940E-229	693
P49912.1	Q28886.1	0.945	348	19	0	1	348	1	348	1.088E-228	692
P49912.1	P15409.2	0.941	348	20	0	1	348	1	348	2.542E-227	689
P49912.1	O62794.1	0.940	348	21	0	1	348	1	348	3.484E-227	688
P49912.1	P28681.1	0.939	348	21	0	1	348	1	348	8.966E-227	687
P49912.1	O18766.1	0.938	348	22	0	1	348	1	348	1.229E-226	687
P49912.1	O62796.1	0.938	348	22	0	1	348	1	348	1.684E-226	686
P49912.1	O62795.1	0.935	348	23	0	1	348	1	348	1.115E-225	684
P49912.1	P51489.1	0.934	348	23	0	1	348	1	348	1.528E-225	683
P49912.1	Q769E8.1	0.933	348	23	0	1	348	1	348	2.871E-225	683
P49912.1	O62791.1	0.930	348	24	0	1	348	1	348	3.571E-224	679
P49912.1	P02700.2	0.929	348	25	0	1	348	1	348	4.893E-224	679
P49912.1	Q68J47.1	0.924	348	26	0	1	348	1	348	1.566E-222	675
P49912.1	Q6W3E1.1	0.924	348	26	0	1	348	1	348	1.566E-222	675
P49912.1	P02699.1	0.922	348	27	0	1	348	1	348	7.571E-222	673
P49912.1	O62793.1	0.921	348	27	0	1	348	1	348	1.422E-221	672
P49912.1	O62798.1	0.920	348	28	0	1	348	1	348	1.948E-221	672
P49912.1	O62792.1	0.917	348	29	0	1	348	1	348	1.290E-220	669
P49912.1	Q8HY69.2	0.897	348	36	0	1	348	1	348	7.211E-215	653
P49912.1	P52202.1	0.894	345	36	0	1	345	1	344	3.932E-212	645
P49912.1	P22328.1	0.890	345	38	0	1	345	1	343	6.701E-211	641
P49912.1	P56515.1	0.880	346	41	0	1	345	1	346	1.036E-208	635
P49912.1	P31355.1	0.858	354	49	0	1	348	1	354	3.315E-207	631
P49912.1	P51470.1	0.857	354	50	0	1	348	1	354	4.542E-207	630
P49912.1	Q90245.1	0.874	346	43	0	1	345	1	346	6.224E-207	630
P49912.1	P56514.1	0.872	346	44	0	1	345	1	346	3.007E-206	628
P49912.1	P29403.1	0.872	346	44	0	1	345	1	346	3.007E-206	628
P49912.1	P56516.1	0.854	354	51	0	1	348	1	354	4.121E-206	627
P49912.1	Q90215.1	0.854	346	50	0	1	345	1	346	2.533E-201	614
P49912.1	P41591.1	0.856	345	49	0	1	345	1	344	3.471E-201	613
P49912.1	Q90214.1	0.852	346	51	0	1	345	1	346	1.224E-200	612
P49912.1	O93459.1	0.834	354	58	0	1	348	1	354	3.149E-200	610
P49912.1	O13227.1	0.849	345	52	0	1	345	1	344	3.914E-199	607
P49912.1	P22671.1	0.848	345	52	0	1	345	1	345	7.349E-199	606
P49912.1	P35359.2	0.843	346	54	0	1	345	1	346	4.865E-198	604
P49912.1	Q98980.1	0.823	353	61	0	1	348	1	353	2.132E-196	599
P49912.1	P79863.1	0.816	354	64	0	1	348	1	354	4.974E-195	595
P49912.1	Q9YH05.1	0.833	345	57	0	1	345	1	345	9.340E-195	595
P49912.1	Q9YGZ0.1	0.830	345	58	0	1	345	1	345	8.471E-194	592
P49912.1	P51488.1	0.828	346	59	0	1	345	1	346	8.471E-194	592
P49912.1	O93441.1	0.825	346	60	0	1	345	1	346	5.607E-193	589
P49912.1	O42604.1	0.824	346	61	0	1	345	1	346	1.053E-192	589
P49912.1	P32309.1	0.817	346	63	0	1	345	1	346	8.658E-191	583
P49912.1	P41590.1	0.815	346	64	0	1	345	1	346	4.182E-190	581
P49912.1	Q9YGZ8.1	0.816	345	63	0	1	345	1	345	5.730E-190	581
P49912.1	Q9YGZ6.1	0.815	345	64	0	1	345	1	345	1.076E-189	580
P49912.1	Q9DGG4.1	0.814	345	64	0	1	345	1	345	3.792E-189	578
P49912.1	P87369.1	0.809	346	66	0	1	345	1	346	2.510E-188	576
P49912.1	P79848.1	0.808	346	66	0	1	345	1	346	4.712E-188	575
P49912.1	Q9YGZ2.1	0.809	345	66	0	1	345	1	344	6.457E-188	575
P49912.1	Q9YGZ3.1	0.805	346	67	0	1	345	1	346	2.276E-187	573
P49912.1	Q9YGY9.1	0.807	345	66	0	1	345	1	344	3.118E-187	573
P49912.1	Q9YGZ5.1	0.803	345	68	0	1	345	1	345	2.828E-186	570
P49912.1	P79756.1	0.801	346	68	0	1	345	1	346	3.874E-186	570
P49912.1	P79898.1	0.798	345	69	0	1	345	1	345	1.238E-184	565
P49912.1	P79812.1	0.795	345	71	0	1	345	1	345	5.979E-184	563
P49912.1	P79901.1	0.800	342	68	0	4	345	1	342	1.123E-183	563
P49912.1	P79807.1	0.797	342	69	0	4	345	1	341	7.428E-183	560
P49912.1	P79798.1	0.796	342	69	0	4	345	1	341	1.394E-182	559
P49912.1	P79808.1	0.794	342	70	0	4	345	1	342	6.734E-182	557
P49912.1	P79914.1	0.792	342	71	0	4	345	1	342	2.373E-181	556
P49912.1	P79902.1	0.792	342	71	0	4	345	1	342	3.252E-181	556
P49912.1	P79809.1	0.789	342	72	0	4	345	1	341	2.151E-180	553
P49912.1	P79911.1	0.788	342	72	0	4	345	1	341	4.039E-180	552
P49912.1	P79903.1	0.786	342	73	0	4	345	1	341	1.423E-179	551
P49912.1	P28683.1	0.746	355	88	0	1	348	1	355	4.639E-175	538
P49912.1	P35357.1	0.743	355	89	0	1	348	1	355	2.239E-174	536
P49912.1	P32311.1	0.750	349	87	0	1	348	1	349	2.781E-173	533
P49912.1	Q9W6A6.2	0.749	349	87	0	1	348	1	349	5.220E-173	532
P49912.1	P51471.1	0.738	355	91	0	1	348	1	355	9.798E-173	531
P49912.1	Q8AYM7.1	0.746	349	88	0	1	348	1	349	4.730E-172	529
P49912.1	P32312.1	0.740	349	90	0	1	348	1	349	2.069E-170	524
P49912.1	P51474.1	0.729	345	93	0	1	345	4	348	4.449E-165	509
P49912.1	Q8AYM8.1	0.711	349	100	0	1	348	1	349	4.529E-162	500
P49912.1	Q9W6A5.2	0.708	349	101	0	1	348	1	349	2.994E-161	498
P49912.1	P28682.1	0.573	341	144	0	8	345	13	353	2.594E-119	377
P49912.1	P51472.1	0.560	343	149	0	8	347	11	353	2.605E-116	368
P49912.1	P32310.1	0.547	340	154	0	8	347	10	349	1.132E-111	355
P49912.1	P87365.1	0.537	340	157	0	8	347	12	351	6.045E-109	347
P49912.1	Q9W6A8.1	0.531	340	159	0	8	347	13	352	3.580E-107	342
P49912.1	P51473.1	0.510	345	168	0	5	348	3	347	4.398E-103	330
P49912.1	P28684.1	0.509	338	164	0	8	345	6	339	2.336E-100	322
P49912.1	O57605.1	0.499	345	169	0	1	345	1	339	5.987E-100	321
P49912.1	P51475.1	0.531	312	145	0	23	334	16	326	1.695E-97	314
P49912.1	P51491.1	0.487	345	173	0	1	345	1	338	1.522E-96	311
P49912.1	O13092.1	0.491	341	171	0	5	345	6	341	2.083E-96	310
P49912.1	P51476.1	0.530	307	143	0	23	329	18	323	9.991E-96	308
P49912.1	P03999.2	0.490	338	169	0	8	345	5	337	3.502E-95	307
P49912.1	P60015.1	0.490	338	169	0	8	345	8	340	3.502E-95	307
P49912.1	Q90309.1	0.500	324	160	0	22	345	15	334	1.507E-93	302
P49912.1	Q63652.2	0.476	345	177	0	1	345	1	338	2.061E-93	302
P49912.1	Q9W6A9.2	0.492	324	162	0	22	345	15	334	1.659E-91	296
P49912.1	P51490.1	0.490	323	163	0	23	345	21	341	1.487E-90	293
P49912.1	P87368.1	0.468	338	175	0	6	343	2	331	4.667E-89	289
P49912.1	Q9BGI7.1	0.456	342	182	0	4	345	23	358	5.121E-87	283
P49912.1	P04001.1	0.454	344	184	0	2	345	21	358	7.004E-87	283
P49912.1	O18914.2	0.456	342	182	0	4	345	23	358	7.004E-87	283
P49912.1	P35358.1	0.455	342	183	0	4	345	22	357	1.310E-86	282
P49912.1	O18912.2	0.453	344	184	0	2	345	21	358	1.792E-86	282
P49912.1	Q95170.1	0.454	342	183	0	4	345	23	358	2.451E-86	281
P49912.1	O18910.2	0.452	344	185	0	2	345	21	358	2.451E-86	281
P49912.1	P04000.2	0.450	344	185	0	2	345	21	358	8.575E-86	280
P49912.1	O18913.2	0.450	344	185	0	2	345	21	358	1.173E-85	279
P49912.1	P34989.1	0.451	342	184	0	2	343	14	349	1.604E-85	279
P49912.1	O35478.2	0.448	344	186	0	2	345	21	358	3.000E-85	278
P49912.1	O35476.2	0.448	344	186	0	2	345	16	353	4.103E-85	278
P49912.1	P87367.1	0.445	345	187	0	4	348	20	357	1.049E-84	276
P49912.1	Q9R024.1	0.446	344	187	0	2	345	21	358	1.435E-84	276
P49912.1	O35599.1	0.445	344	187	0	2	345	16	353	2.684E-84	275
P49912.1	O42490.1	0.486	305	155	0	19	323	30	331	6.864E-84	274
P49912.1	Q9W6A7.1	0.447	335	181	0	14	348	30	357	1.569E-82	270
P49912.1	P22329.1	0.450	332	178	0	14	345	30	354	2.146E-82	270
P49912.1	Q8AYN0.1	0.446	335	181	0	14	348	29	356	2.934E-82	269
P49912.1	P41592.1	0.449	332	179	0	14	345	36	361	2.934E-82	269
P49912.1	O12948.1	0.438	342	188	0	4	345	22	357	5.486E-82	269
P49912.1	P22332.2	0.444	335	182	0	14	348	30	357	1.026E-81	268
P49912.1	P32313.1	0.439	340	186	0	9	348	25	357	1.402E-81	267
P49912.1	P22330.1	0.440	323	178	0	21	343	34	352	3.110E-77	255
P49912.1	P22331.1	0.439	323	178	0	21	343	32	350	4.252E-77	254
P49912.1	O18911.1	0.475	273	143	0	32	304	1	273	8.300E-72	239
P79903.1	P79903.1	0.975	347	9	0	1	347	1	347	2.250E-236	715
P79903.1	P79911.1	0.972	347	10	0	1	347	1	347	1.088E-235	713
P79903.1	P79809.1	0.937	347	22	0	1	347	1	347	1.459E-225	683
P79903.1	P79808.1	0.920	348	28	0	1	347	1	348	1.860E-221	672
P79903.1	P79898.1	0.915	348	29	0	1	347	4	351	4.344E-220	668
P79903.1	P79812.1	0.915	348	29	0	1	347	4	351	4.344E-220	668
P79903.1	P79901.1	0.914	348	30	0	1	347	1	348	8.158E-220	667
P79903.1	P79902.1	0.914	348	30	0	1	347	1	348	1.118E-219	666
P79903.1	P79914.1	0.909	348	31	0	1	347	1	348	2.611E-218	662
P79903.1	P79807.1	0.885	349	40	0	1	347	1	349	3.754E-212	645
P79903.1	P79798.1	0.884	349	40	0	1	347	1	349	1.324E-211	643
P79903.1	Q9YGZ2.1	0.875	349	43	0	1	347	4	352	2.805E-209	636
P79903.1	Q9YGY9.1	0.871	349	45	0	1	347	4	352	6.550E-208	632
P79903.1	Q9YGZ3.1	0.861	351	48	0	1	347	4	354	2.096E-206	628
P79903.1	Q9YH05.1	0.861	350	48	0	1	347	4	353	7.390E-206	627
P79903.1	P87369.1	0.859	351	49	0	1	347	4	354	1.013E-205	626
P79903.1	Q9YGZ6.1	0.859	350	49	0	1	347	4	353	3.570E-205	625
P79903.1	O42604.1	0.856	351	50	0	1	347	4	354	4.893E-205	624
P79903.1	Q9YGZ8.1	0.858	350	49	0	1	347	4	353	6.705E-205	624
P79903.1	Q9DGG4.1	0.856	350	50	0	1	347	4	353	3.239E-204	622
P79903.1	P79848.1	0.850	351	52	0	1	347	4	354	4.027E-203	619
P79903.1	P79756.1	0.842	351	55	0	1	347	4	354	8.529E-201	612
P79903.1	P41590.1	0.840	349	55	0	1	347	4	352	5.122E-199	607
P79903.1	O13227.1	0.843	347	54	0	1	347	4	350	7.019E-199	606
P79903.1	Q9YGZ5.1	0.834	350	57	0	1	347	4	353	4.646E-198	604
P79903.1	P35359.2	0.823	351	61	0	1	347	4	354	1.847E-195	597
P79903.1	P51488.1	0.821	351	62	0	1	347	4	354	8.922E-195	595
P79903.1	Q9YGZ0.1	0.817	348	63	0	1	347	4	351	6.656E-192	586
P79903.1	P32309.1	0.808	351	66	0	1	347	4	354	6.037E-191	584
P79903.1	Q90214.1	0.806	349	67	0	1	347	4	352	3.623E-189	578
P79903.1	Q90215.1	0.801	349	69	0	1	347	4	352	8.453E-188	574
P79903.1	P49912.1	0.792	340	70	0	1	339	4	343	3.860E-180	552
P79903.1	P56515.1	0.768	351	80	0	1	347	4	354	1.360E-179	551
P79903.1	Q95KU1.1	0.786	340	72	0	1	339	4	343	1.233E-178	548
P79903.1	O18766.1	0.773	347	78	0	1	347	4	348	1.233E-178	548
P79903.1	P32308.1	0.786	340	72	0	1	339	4	343	1.690E-178	548
P79903.1	O62796.1	0.772	347	78	0	1	347	4	348	1.690E-178	548
P79903.1	O93459.1	0.763	351	82	0	1	347	4	354	4.346E-178	546
P79903.1	P22328.1	0.768	348	80	0	1	347	4	351	5.954E-178	546
P79903.1	P56514.1	0.762	351	82	0	1	347	4	354	8.158E-178	546
P79903.1	Q769E8.1	0.782	340	74	0	1	339	4	343	1.532E-177	545
P79903.1	P02699.1	0.781	340	74	0	1	339	4	343	2.875E-177	544
P79903.1	P52202.1	0.764	349	82	0	1	347	4	352	2.875E-177	544
P79903.1	O93441.1	0.759	351	83	0	1	347	4	354	5.397E-177	543
P79903.1	O62794.1	0.780	340	74	0	1	339	4	343	7.395E-177	543
P79903.1	P08100.1	0.780	340	74	0	1	339	4	343	7.395E-177	543
P79903.1	O62795.1	0.779	340	75	0	1	339	4	343	1.013E-176	542
P79903.1	Q90245.1	0.758	351	84	0	1	347	4	354	1.013E-176	542
P79903.1	Q68J47.1	0.778	340	75	0	1	339	4	343	2.606E-176	541
P79903.1	P15409.2	0.778	340	75	0	1	339	4	343	2.606E-176	541
P79903.1	Q28886.1	0.777	340	75	0	1	339	4	343	3.571E-176	541
P79903.1	O62791.1	0.777	340	75	0	1	339	4	343	3.571E-176	541
P79903.1	P51470.1	0.756	351	84	0	1	347	4	354	4.892E-176	541
P79903.1	P51489.1	0.776	340	76	0	1	339	4	343	6.703E-176	540
P79903.1	O62793.1	0.776	340	76	0	1	339	4	343	1.258E-175	539
P79903.1	O62798.1	0.775	340	76	0	1	339	4	343	2.362E-175	539
P79903.1	P41591.1	0.757	349	84	0	1	347	4	352	2.362E-175	539
P79903.1	P28681.1	0.774	340	76	0	1	339	4	343	3.236E-175	538
P79903.1	P31355.1	0.753	351	85	0	1	347	4	354	3.236E-175	538
P79903.1	O62792.1	0.773	340	77	0	1	339	4	343	8.323E-175	537
P79903.1	P02700.2	0.770	340	78	0	1	339	4	343	4.018E-174	535
P79903.1	P56516.1	0.749	351	87	0	1	347	4	354	7.543E-174	534
P79903.1	P22671.1	0.749	350	87	0	1	347	4	353	1.416E-173	533
P79903.1	P29403.1	0.747	351	88	0	1	347	4	354	2.658E-173	533
P79903.1	Q98980.1	0.748	350	87	0	1	347	4	353	4.990E-173	532
P79903.1	Q6W3E1.1	0.764	340	80	0	1	339	4	343	1.758E-172	530
P79903.1	Q8HY69.2	0.764	340	80	0	1	339	4	343	2.409E-172	530
P79903.1	P79863.1	0.729	351	94	0	1	347	4	354	3.048E-168	518
P79903.1	Q8AYM7.1	0.697	347	105	0	1	347	4	349	6.783E-157	485
P79903.1	P28683.1	0.688	352	108	0	1	347	4	355	6.783E-157	485
P79903.1	P51471.1	0.684	352	109	0	1	347	4	355	1.579E-155	481
P79903.1	Q9W6A6.2	0.685	347	109	0	1	347	4	349	1.294E-153	476
P79903.1	P32311.1	0.678	347	111	0	1	347	4	349	1.453E-151	470
P79903.1	P35357.1	0.670	352	114	0	1	347	4	355	1.453E-151	470
P79903.1	P32312.1	0.672	347	113	0	1	347	4	349	6.341E-150	465
P79903.1	P51474.1	0.663	347	116	0	2	347	8	354	2.504E-147	458
P79903.1	Q8AYM8.1	0.657	347	118	0	1	347	4	349	1.093E-145	453
P79903.1	Q9W6A5.2	0.656	347	119	0	1	347	4	349	2.050E-145	452
P79903.1	P28682.1	0.565	342	148	0	5	345	13	354	1.478E-117	372
P79903.1	P51472.1	0.561	343	150	0	5	346	11	353	1.333E-116	369
P79903.1	P32310.1	0.552	342	152	0	5	346	10	349	9.769E-114	361
P79903.1	Q9W6A8.1	0.526	342	161	0	5	346	13	352	1.651E-106	340
P79903.1	P87365.1	0.524	342	161	0	5	346	12	351	5.796E-106	338
P79903.1	P51473.1	0.486	346	177	0	2	347	3	347	2.002E-96	310
P79903.1	O57605.1	0.488	334	169	0	15	346	13	346	1.982E-93	302
P79903.1	P51475.1	0.523	305	145	0	20	324	16	319	2.711E-93	301
P79903.1	O13092.1	0.477	342	176	0	2	343	6	343	6.943E-93	300
P79903.1	P03999.2	0.479	340	175	0	5	344	5	340	9.498E-93	300
P79903.1	P60015.1	0.479	340	175	0	5	344	8	343	9.498E-93	300
P79903.1	P28684.1	0.476	341	175	0	5	345	6	340	3.328E-92	298
P79903.1	P51476.1	0.505	316	153	0	9	324	11	321	3.328E-92	298
P79903.1	P51491.1	0.471	339	177	0	5	343	6	340	3.661E-90	292
P79903.1	O18913.2	0.476	334	173	0	14	347	33	364	3.661E-90	292
P79903.1	O18914.2	0.476	334	173	0	14	347	33	364	5.008E-90	292
P79903.1	Q9BGI7.1	0.458	347	185	0	1	347	23	364	6.140E-89	289
P79903.1	P04001.1	0.474	330	172	0	18	347	37	364	1.571E-88	287
P79903.1	Q9W6A9.2	0.482	323	166	0	19	341	15	336	2.149E-88	287
P79903.1	Q90309.1	0.482	323	166	0	19	341	15	336	2.149E-88	287
P79903.1	O18912.2	0.473	330	172	0	18	347	37	364	2.940E-88	287
P79903.1	Q95170.1	0.456	347	186	0	1	347	23	364	2.940E-88	287
P79903.1	P04000.2	0.471	330	173	0	18	347	37	364	1.029E-87	285
P79903.1	P51490.1	0.477	324	168	0	20	343	21	343	2.634E-87	284
P79903.1	O18910.2	0.470	330	173	0	18	347	37	364	2.634E-87	284
P79903.1	Q63652.2	0.460	339	180	0	5	343	6	340	3.602E-87	284
P79903.1	O35476.2	0.469	330	174	0	18	347	32	359	3.602E-87	284
P79903.1	O35599.1	0.466	330	175	0	18	347	32	359	2.358E-86	281
P79903.1	Q9R024.1	0.466	330	175	0	18	347	37	364	2.358E-86	281
P79903.1	O35478.2	0.462	334	178	0	14	347	33	364	3.225E-86	281
P79903.1	P34989.1	0.473	323	169	0	18	340	30	350	4.411E-86	280
P79903.1	P35358.1	0.441	347	192	0	1	347	22	365	4.831E-84	274
P79903.1	P41592.1	0.456	330	179	0	18	347	40	369	1.690E-83	273
P79903.1	P22329.1	0.450	330	180	0	18	347	34	362	5.282E-82	269
P79903.1	O12948.1	0.448	330	182	0	18	347	36	365	1.846E-81	267
P79903.1	P87368.1	0.462	316	168	0	20	335	16	329	4.720E-81	266
P79903.1	O42490.1	0.451	324	173	0	13	336	27	342	1.206E-80	265
P79903.1	P87367.1	0.443	330	180	0	18	347	34	357	4.216E-80	263
P79903.1	Q9W6A7.1	0.440	330	181	0	18	347	34	357	3.764E-79	260
P79903.1	Q8AYN0.1	0.438	330	182	0	18	347	33	356	1.315E-78	259
P79903.1	P22331.1	0.442	325	179	0	18	342	32	353	1.798E-78	258
P79903.1	P32313.1	0.437	330	182	0	18	347	34	357	2.457E-78	258
P79903.1	P22332.2	0.436	330	182	0	18	347	34	357	4.592E-78	257
P79903.1	P22330.1	0.435	325	181	0	18	342	34	355	1.430E-76	253
P79903.1	O18911.1	0.484	268	138	0	34	301	6	273	2.296E-72	241
P51472.1	P51472.1	0.976	355	8	0	1	355	1	355	3.114E-242	732
P51472.1	P32310.1	0.792	355	73	0	1	355	1	351	1.839E-188	577
P51472.1	Q9W6A8.1	0.763	355	84	0	1	355	1	354	5.543E-180	552
P51472.1	P87365.1	0.743	351	89	0	3	353	4	351	3.451E-172	530
P51472.1	P28682.1	0.743	345	88	0	7	351	9	353	6.596E-169	520
P51472.1	P32312.1	0.591	343	139	0	11	353	8	348	4.717E-125	394
P51472.1	Q8AYM7.1	0.589	343	140	0	11	353	8	348	1.658E-124	392
P51472.1	P32311.1	0.586	344	141	0	10	353	7	348	5.828E-124	391
P51472.1	P22671.1	0.585	342	140	0	10	351	7	345	5.258E-123	388
P51472.1	Q9W6A6.2	0.583	343	142	0	11	353	8	348	7.199E-123	387
P51472.1	Q98980.1	0.584	342	141	0	10	351	7	345	9.857E-123	387
P51472.1	Q8AYM8.1	0.576	343	144	0	11	353	8	348	1.098E-120	381
P51472.1	P51474.1	0.572	344	147	0	10	353	10	353	3.858E-120	379
P51472.1	P35357.1	0.574	341	144	0	11	351	8	347	1.856E-119	377
P51472.1	Q9W6A5.2	0.570	343	146	0	11	353	8	348	4.762E-119	376
P51472.1	P79911.1	0.567	343	148	0	11	353	5	346	2.291E-118	374
P51472.1	O93441.1	0.569	342	146	0	10	351	7	346	2.291E-118	374
P51472.1	P49912.1	0.567	343	147	0	11	353	8	347	3.136E-118	374
P51472.1	P51471.1	0.569	341	146	0	11	351	8	347	3.136E-118	374
P51472.1	P79903.1	0.566	343	148	0	11	353	5	346	4.293E-118	374
P51472.1	O62793.1	0.566	343	147	0	11	353	8	347	4.293E-118	374
P51472.1	O62791.1	0.565	343	147	0	11	353	8	347	8.047E-118	373
P51472.1	O18766.1	0.564	343	148	0	11	353	8	347	1.508E-117	372
P51472.1	O62798.1	0.563	343	148	0	11	353	8	347	2.827E-117	371
P51472.1	P79809.1	0.563	343	149	0	11	353	5	346	3.870E-117	371
P51472.1	Q8HY69.2	0.562	343	148	0	11	353	8	347	5.298E-117	370
P51472.1	P32308.1	0.561	343	149	0	11	353	8	347	9.930E-117	370
P51472.1	P79914.1	0.563	342	149	0	12	353	6	347	9.930E-117	370
P51472.1	O62792.1	0.561	343	149	0	11	353	8	347	1.861E-116	369
P51472.1	P51489.1	0.560	343	149	0	11	353	8	347	3.488E-116	368
P51472.1	Q28886.1	0.560	343	149	0	11	353	8	347	3.488E-116	368
P51472.1	Q95KU1.1	0.560	343	149	0	11	353	8	347	3.488E-116	368
P51472.1	O62795.1	0.558	343	150	0	11	353	8	347	8.949E-116	367
P51472.1	O62794.1	0.558	343	150	0	11	353	8	347	8.949E-116	367
P51472.1	P79902.1	0.559	342	150	0	12	353	6	347	8.949E-116	367
P51472.1	O13227.1	0.558	343	151	0	11	353	8	349	1.225E-115	366
P51472.1	O93459.1	0.559	342	149	0	10	351	7	346	1.225E-115	366
P51472.1	P28683.1	0.560	341	149	0	11	351	8	347	1.225E-115	366
P51472.1	P15409.2	0.557	343	150	0	11	353	8	347	1.677E-115	366
P51472.1	Q6W3E1.1	0.557	343	150	0	11	353	8	347	1.677E-115	366
P51472.1	P08100.1	0.557	343	150	0	11	353	8	347	1.677E-115	366
P51472.1	P79863.1	0.558	342	150	0	10	351	7	346	1.677E-115	366
P51472.1	P79898.1	0.558	342	151	0	12	353	9	350	2.296E-115	366
P51472.1	O42604.1	0.559	341	149	0	11	351	8	346	2.296E-115	366
P51472.1	P79901.1	0.557	342	151	0	12	353	6	347	3.143E-115	365
P51472.1	P02699.1	0.556	343	151	0	11	353	8	347	3.143E-115	365
P51472.1	O62796.1	0.555	343	151	0	11	353	8	347	8.063E-115	364
P51472.1	Q769E8.1	0.555	343	151	0	11	353	8	347	8.063E-115	364
P51472.1	Q68J47.1	0.554	343	151	0	11	353	8	347	1.104E-114	364
P51472.1	P79808.1	0.556	342	151	0	12	353	6	347	1.104E-114	364
P51472.1	P79812.1	0.556	342	151	0	12	353	9	350	1.104E-114	364
P51472.1	P02700.2	0.553	343	152	0	11	353	8	347	2.069E-114	363
P51472.1	Q90214.1	0.555	341	150	0	11	351	8	346	3.876E-114	362
P51472.1	P79798.1	0.554	340	149	0	12	351	6	341	1.361E-113	361
P51472.1	P52202.1	0.553	341	150	0	11	351	8	344	1.361E-113	361
P51472.1	P28681.1	0.550	343	153	0	11	353	8	347	1.863E-113	360
P51472.1	P56515.1	0.552	341	151	0	11	351	8	346	2.551E-113	360
P51472.1	P51473.1	0.548	343	151	0	9	351	4	339	4.780E-113	359
P51472.1	Q90245.1	0.550	341	152	0	11	351	8	346	8.957E-113	358
P51472.1	P51488.1	0.550	340	152	0	12	351	9	346	1.678E-112	357
P51472.1	P56514.1	0.549	341	152	0	11	351	8	346	1.678E-112	357
P51472.1	P79807.1	0.550	340	151	0	12	351	6	341	2.297E-112	357
P51472.1	P41591.1	0.547	342	153	0	10	351	7	344	2.297E-112	357
P51472.1	O57605.1	0.546	343	152	0	9	351	4	339	3.145E-112	357
P51472.1	P22328.1	0.549	340	152	0	10	349	7	344	3.145E-112	357
P51472.1	Q90215.1	0.547	341	153	0	11	351	8	346	5.893E-112	356
P51472.1	Q9YGZ3.1	0.548	340	152	0	12	351	9	346	8.066E-112	355
P51472.1	P32309.1	0.547	340	153	0	12	351	9	346	1.104E-111	355
P51472.1	P29403.1	0.544	341	154	0	11	351	8	346	5.306E-111	353
P51472.1	P41590.1	0.543	340	154	0	12	351	9	346	1.361E-110	352
P51472.1	Q9DGG4.1	0.543	340	154	0	12	351	9	345	1.863E-110	351
P51472.1	P56516.1	0.541	341	155	0	11	351	8	346	2.550E-110	351
P51472.1	P87369.1	0.544	339	154	0	13	351	8	346	2.550E-110	351
P51472.1	P79756.1	0.542	340	154	0	12	351	9	346	2.550E-110	351
P51472.1	P51470.1	0.540	341	155	0	11	351	8	346	4.777E-110	350
P51472.1	P31355.1	0.540	341	155	0	11	351	8	346	4.777E-110	350
P51472.1	P03999.2	0.537	343	155	0	9	351	3	337	6.539E-110	350
P51472.1	P60015.1	0.537	343	155	0	9	351	6	340	6.539E-110	350
P51472.1	Q9YGZ5.1	0.541	340	154	0	12	351	9	345	6.539E-110	350
P51472.1	P79848.1	0.541	340	155	0	12	351	9	346	6.539E-110	350
P51472.1	Q9YGY9.1	0.541	340	154	0	12	351	9	344	8.950E-110	349
P51472.1	Q9YGZ2.1	0.540	340	154	0	12	351	9	344	1.225E-109	349
P51472.1	P28684.1	0.536	342	155	0	10	351	5	339	3.141E-109	348
P51472.1	Q9YH05.1	0.539	340	155	0	12	351	9	345	3.141E-109	348
P51472.1	O13092.1	0.525	351	162	0	1	351	1	341	4.300E-109	347
P51472.1	P35359.2	0.538	340	156	0	12	351	9	346	4.300E-109	347
P51472.1	Q9YGZ0.1	0.538	340	155	0	12	351	9	345	5.885E-109	347
P51472.1	P51491.1	0.522	347	162	0	9	355	4	342	4.765E-107	342
P51472.1	Q9YGZ8.1	0.529	340	158	0	12	351	9	345	1.222E-106	340
P51472.1	Q9YGZ6.1	0.529	340	158	0	12	351	9	345	1.672E-106	340
P51472.1	P51476.1	0.547	323	145	0	17	339	7	328	2.058E-105	337
P51472.1	Q63652.2	0.516	347	164	0	9	355	4	342	3.855E-105	336
P51472.1	P51490.1	0.535	330	152	0	22	351	15	341	9.882E-105	335
P51472.1	P51475.1	0.603	274	108	0	59	332	48	319	1.208E-100	323
P51472.1	Q90309.1	0.509	328	160	0	22	349	10	335	4.193E-97	313
P51472.1	P87368.1	0.499	328	161	0	22	349	10	331	1.618E-94	305
P51472.1	Q9W6A9.2	0.494	328	164	0	22	349	10	335	5.081E-93	301
P51472.1	P04001.1	0.472	334	175	0	20	353	31	363	8.373E-89	289
P51472.1	P04000.2	0.471	334	176	0	20	353	31	363	1.566E-88	288
P51472.1	P34989.1	0.468	331	173	0	20	350	24	350	4.903E-87	284
P51472.1	O35478.2	0.449	350	192	0	4	353	14	363	6.705E-87	283
P51472.1	O18914.2	0.464	334	178	0	20	353	31	363	9.170E-87	283
P51472.1	O35476.2	0.464	334	178	0	20	353	26	358	1.254E-86	282
P51472.1	O18910.2	0.449	349	191	0	5	353	16	363	1.254E-86	282
P51472.1	O35599.1	0.463	334	178	0	20	353	26	358	2.345E-86	282
P51472.1	O18913.2	0.463	334	178	0	20	353	31	363	2.345E-86	282
P51472.1	O18912.2	0.460	334	179	0	20	353	31	363	1.121E-85	280
P51472.1	Q9R024.1	0.458	334	180	0	20	353	31	363	3.921E-85	278
P51472.1	Q9BGI7.1	0.442	350	195	0	4	353	14	363	5.362E-85	278
P51472.1	P35358.1	0.458	332	177	0	20	351	30	357	1.874E-84	276
P51472.1	Q95170.1	0.440	350	195	0	4	353	14	363	2.563E-84	276
P51472.1	Q8AYN0.1	0.453	334	179	0	20	353	27	355	8.959E-84	274
P51472.1	P22332.2	0.452	334	180	0	20	353	28	356	1.675E-83	273
P51472.1	P22329.1	0.452	334	182	0	20	353	28	361	2.290E-83	273
P51472.1	P41592.1	0.454	332	179	0	20	351	34	361	2.290E-83	273
P51472.1	P22331.1	0.454	330	179	0	20	349	26	353	8.003E-83	271
P51472.1	O42490.1	0.531	269	125	0	60	328	65	331	8.003E-83	271
P51472.1	Q9W6A7.1	0.445	334	182	0	20	353	28	356	1.336E-81	268
P51472.1	O12948.1	0.447	332	181	0	20	351	30	357	1.336E-81	268
P51472.1	P22330.1	0.445	330	181	0	20	349	28	355	1.629E-80	265
P51472.1	P32313.1	0.441	334	183	0	20	353	28	356	2.227E-80	264
P51472.1	P87367.1	0.440	334	184	0	20	353	28	356	3.045E-80	264
P51472.1	O18911.1	0.490	261	133	0	49	309	13	273	2.722E-71	238
Q8AYN0.1	Q8AYN0.1	0.978	356	8	0	1	356	1	356	1.914E-243	736
Q8AYN0.1	Q9W6A7.1	0.923	357	27	0	1	356	1	357	4.067E-228	691
Q8AYN0.1	P32313.1	0.907	357	33	0	1	356	1	357	1.827E-223	678
Q8AYN0.1	P22332.2	0.895	354	37	0	3	356	4	357	7.446E-218	662
Q8AYN0.1	P87367.1	0.878	357	43	0	1	356	1	357	7.622E-215	653
Q8AYN0.1	P22331.1	0.864	346	47	0	9	354	8	353	4.902E-204	622
Q8AYN0.1	P41592.1	0.846	354	54	0	4	354	9	362	1.261E-203	621
Q8AYN0.1	P22329.1	0.838	355	57	0	1	354	1	355	5.526E-202	616
Q8AYN0.1	P22330.1	0.850	346	52	0	9	354	10	355	4.545E-200	610
Q8AYN0.1	O12948.1	0.819	351	63	0	7	354	8	358	4.746E-194	593
Q8AYN0.1	O18913.2	0.820	345	61	0	16	356	20	364	6.642E-191	584
Q8AYN0.1	P04000.2	0.830	340	57	0	16	354	20	359	9.100E-191	584
Q8AYN0.1	O18914.2	0.819	345	62	0	16	356	20	364	1.708E-190	583
Q8AYN0.1	P34989.1	0.833	338	56	0	16	352	13	350	2.341E-190	582
Q8AYN0.1	P04001.1	0.828	340	58	0	16	354	20	359	3.207E-190	582
Q8AYN0.1	O18912.2	0.818	345	62	0	16	356	20	364	3.207E-190	582
Q8AYN0.1	Q95170.1	0.818	345	62	0	16	356	20	364	3.207E-190	582
Q8AYN0.1	Q9BGI7.1	0.815	345	63	0	16	356	20	364	2.908E-189	579
Q8AYN0.1	O35478.2	0.808	345	65	0	16	356	20	364	2.390E-187	574
Q8AYN0.1	O35476.2	0.816	340	62	0	16	354	15	354	1.154E-186	572
Q8AYN0.1	Q9R024.1	0.805	345	66	0	16	356	20	364	1.154E-186	572
Q8AYN0.1	P35358.1	0.786	354	75	0	4	354	5	358	2.968E-186	571
Q8AYN0.1	O35599.1	0.811	340	64	0	16	354	15	354	1.964E-185	568
Q8AYN0.1	O18910.2	0.794	345	70	0	16	356	20	364	2.211E-183	562
Q8AYN0.1	O18911.1	0.837	273	44	0	44	316	1	273	1.271E-152	473
Q8AYN0.1	P51476.1	0.536	301	139	0	32	332	15	314	4.804E-95	307
Q8AYN0.1	P51475.1	0.533	303	141	0	30	332	11	312	6.572E-95	306
Q8AYN0.1	Q9W6A9.2	0.497	320	160	0	35	354	16	335	3.101E-91	296
Q8AYN0.1	P32312.1	0.461	346	182	0	19	356	4	349	3.402E-89	290
Q8AYN0.1	Q9W6A6.2	0.460	346	182	0	19	356	4	349	6.363E-89	289
Q8AYN0.1	P32311.1	0.477	329	169	0	33	356	21	349	8.702E-89	289
Q8AYN0.1	Q8AYM7.1	0.456	346	183	0	19	356	4	349	5.695E-88	286
Q8AYN0.1	Q90309.1	0.476	320	167	0	35	354	16	335	6.230E-86	280
Q8AYN0.1	P87368.1	0.477	317	165	0	35	351	16	331	2.979E-85	278
Q8AYN0.1	Q8AYM8.1	0.447	346	186	0	19	356	4	349	2.979E-85	278
Q8AYN0.1	Q9W6A5.2	0.461	329	174	0	33	356	21	349	1.424E-84	276
Q8AYN0.1	P22671.1	0.465	326	172	0	33	354	21	346	1.424E-84	276
Q8AYN0.1	Q98980.1	0.464	326	172	0	33	354	21	346	1.947E-84	276
Q8AYN0.1	O13092.1	0.468	322	170	0	35	354	21	342	2.662E-84	276
Q8AYN0.1	P28683.1	0.461	328	173	0	33	354	21	348	3.640E-84	275
Q8AYN0.1	O57605.1	0.465	323	171	0	35	354	18	340	9.304E-84	274
Q8AYN0.1	Q8HY69.2	0.451	336	181	0	26	356	13	348	1.272E-83	274
Q8AYN0.1	P51490.1	0.465	322	171	0	35	354	21	342	1.739E-83	273
Q8AYN0.1	O13227.1	0.453	330	177	0	33	356	21	350	1.553E-82	271
Q8AYN0.1	P32310.1	0.460	323	173	0	35	355	27	349	2.124E-82	270
Q8AYN0.1	P02699.1	0.454	328	176	0	33	356	21	348	2.903E-82	270
Q8AYN0.1	Q63652.2	0.459	322	173	0	35	354	18	339	5.427E-82	269
Q8AYN0.1	P08100.1	0.453	328	177	0	33	356	21	348	5.427E-82	269
Q8AYN0.1	P49912.1	0.452	328	177	0	33	356	21	348	1.014E-81	268
Q8AYN0.1	Q28886.1	0.452	328	177	0	33	356	21	348	1.014E-81	268
Q8AYN0.1	Q769E8.1	0.452	328	177	0	33	356	21	348	1.014E-81	268
Q8AYN0.1	O18766.1	0.451	328	177	0	33	356	21	348	1.387E-81	268
Q8AYN0.1	P79863.1	0.452	327	176	0	33	354	21	347	1.896E-81	267
Q8AYN0.1	P35357.1	0.451	328	176	0	33	354	21	348	1.896E-81	267
Q8AYN0.1	P51489.1	0.450	328	178	0	33	356	21	348	2.591E-81	267
Q8AYN0.1	Q90215.1	0.446	332	179	0	33	356	21	352	2.591E-81	267
Q8AYN0.1	P28681.1	0.450	328	178	0	33	356	21	348	3.543E-81	267
Q8AYN0.1	P32308.1	0.449	328	178	0	33	356	21	348	4.843E-81	266
Q8AYN0.1	O62794.1	0.449	328	178	0	33	356	21	348	4.843E-81	266
Q8AYN0.1	P52202.1	0.452	325	176	0	33	354	21	345	4.843E-81	266
Q8AYN0.1	O93459.1	0.450	327	177	0	33	354	21	347	4.843E-81	266
Q8AYN0.1	P51471.1	0.449	328	177	0	33	354	21	348	4.843E-81	266
Q8AYN0.1	P28684.1	0.441	336	186	0	21	354	5	340	6.621E-81	266
Q8AYN0.1	Q95KU1.1	0.449	328	178	0	33	356	21	348	6.621E-81	266
Q8AYN0.1	P03999.2	0.455	322	174	0	35	354	17	338	9.051E-81	265
Q8AYN0.1	P60015.1	0.455	322	174	0	35	354	20	341	9.051E-81	265
Q8AYN0.1	O62795.1	0.448	328	178	0	33	356	21	348	9.051E-81	265
Q8AYN0.1	O93441.1	0.449	327	177	0	33	354	21	347	9.051E-81	265
Q8AYN0.1	P51472.1	0.442	334	183	0	27	355	20	353	9.051E-81	265
Q8AYN0.1	P51491.1	0.454	322	174	0	35	354	18	339	1.237E-80	265
Q8AYN0.1	P56515.1	0.449	327	177	0	33	354	21	347	1.237E-80	265
Q8AYN0.1	P79756.1	0.449	327	177	0	33	354	21	347	1.237E-80	265
Q8AYN0.1	P15409.2	0.447	328	179	0	33	356	21	348	1.691E-80	265
Q8AYN0.1	P56516.1	0.448	327	177	0	33	354	21	347	1.691E-80	265
Q8AYN0.1	P35359.2	0.436	340	187	0	23	354	8	347	1.691E-80	265
Q8AYN0.1	P02700.2	0.447	328	179	0	33	356	21	348	2.312E-80	264
Q8AYN0.1	P22328.1	0.451	324	176	0	33	354	21	344	2.312E-80	264
Q8AYN0.1	P56514.1	0.448	327	177	0	33	354	21	347	2.312E-80	264
Q8AYN0.1	O62796.1	0.446	328	179	0	33	356	21	348	3.161E-80	264
Q8AYN0.1	Q90214.1	0.442	332	180	0	33	356	21	352	3.161E-80	264
Q8AYN0.1	Q9W6A8.1	0.451	323	176	0	35	355	30	352	3.161E-80	264
Q8AYN0.1	P51470.1	0.447	327	178	0	33	354	21	347	3.161E-80	264
Q8AYN0.1	P79848.1	0.447	327	178	0	33	354	21	347	4.320E-80	263
Q8AYN0.1	Q6W3E1.1	0.445	328	179	0	33	356	21	348	8.073E-80	263
Q8AYN0.1	P87369.1	0.446	327	178	0	33	354	21	347	8.073E-80	263
Q8AYN0.1	P31355.1	0.445	327	178	0	33	354	21	347	1.508E-79	262
Q8AYN0.1	P51473.1	0.447	323	176	0	35	354	18	340	3.852E-79	261
Q8AYN0.1	P41590.1	0.438	332	182	0	33	356	21	352	3.852E-79	261
Q8AYN0.1	P51488.1	0.443	327	179	0	33	354	21	347	3.852E-79	261
Q8AYN0.1	Q90245.1	0.443	327	179	0	33	354	21	347	3.852E-79	261
Q8AYN0.1	P28682.1	0.438	332	180	0	35	356	30	361	3.852E-79	261
Q8AYN0.1	O62793.1	0.434	335	185	0	29	356	14	348	7.197E-79	260
Q8AYN0.1	P79807.1	0.444	325	178	0	33	354	18	342	9.838E-79	259
Q8AYN0.1	P32309.1	0.442	327	179	0	33	354	21	347	9.838E-79	259
Q8AYN0.1	O62791.1	0.440	328	181	0	33	356	21	348	1.345E-78	259
Q8AYN0.1	P51474.1	0.442	326	179	0	33	354	24	349	1.838E-78	259
Q8AYN0.1	P29403.1	0.441	327	179	0	33	354	21	347	1.838E-78	259
Q8AYN0.1	O62798.1	0.439	328	181	0	33	356	21	348	2.512E-78	258
Q8AYN0.1	Q9YGZ0.1	0.442	325	179	0	33	353	21	345	2.512E-78	258
Q8AYN0.1	Q9YGZ3.1	0.440	327	180	0	33	354	21	347	3.433E-78	258
Q8AYN0.1	P79902.1	0.435	331	182	0	33	356	18	348	4.693E-78	258
Q8AYN0.1	Q68J47.1	0.438	328	182	0	33	356	21	348	6.414E-78	257
Q8AYN0.1	P79808.1	0.434	331	183	0	33	356	18	348	8.766E-78	257
Q8AYN0.1	O62792.1	0.437	328	182	0	33	356	21	348	8.766E-78	257
Q8AYN0.1	P79901.1	0.434	331	183	0	33	356	18	348	1.198E-77	256
Q8AYN0.1	Q9YGZ8.1	0.439	326	180	0	33	354	21	346	1.198E-77	256
Q8AYN0.1	O42604.1	0.437	327	181	0	33	354	21	347	1.637E-77	256
Q8AYN0.1	Q9YGZ5.1	0.437	326	181	0	33	354	21	346	3.058E-77	255
Q8AYN0.1	P79903.1	0.433	330	183	0	33	356	18	347	4.180E-77	255
Q8AYN0.1	P79898.1	0.432	331	183	0	33	356	21	351	4.180E-77	255
Q8AYN0.1	Q9YGZ6.1	0.437	326	181	0	33	354	21	346	4.180E-77	255
Q8AYN0.1	Q9YGZ2.1	0.437	325	181	0	33	354	21	345	5.713E-77	254
Q8AYN0.1	P79914.1	0.431	331	184	0	33	356	18	348	7.807E-77	254
Q8AYN0.1	P79812.1	0.431	331	184	0	33	356	21	351	7.807E-77	254
Q8AYN0.1	P41591.1	0.429	332	184	0	33	356	21	352	1.067E-76	254
Q8AYN0.1	Q9YGY9.1	0.436	325	181	0	33	354	21	345	1.458E-76	253
Q8AYN0.1	P79911.1	0.430	330	184	0	33	356	18	347	1.993E-76	253
Q8AYN0.1	P79809.1	0.427	330	185	0	33	356	18	347	1.298E-75	250
Q8AYN0.1	P87365.1	0.426	331	188	0	27	355	21	351	1.298E-75	250
Q8AYN0.1	Q9DGG4.1	0.431	326	183	0	33	354	21	346	1.298E-75	250
Q8AYN0.1	Q9YH05.1	0.431	326	183	0	33	354	21	346	1.773E-75	250
Q8AYN0.1	P79798.1	0.430	325	183	0	33	354	18	342	3.312E-75	249
Q8AYN0.1	O42490.1	0.418	330	189	0	25	349	20	349	4.887E-73	243
P28684.1	P28684.1	0.973	347	9	0	1	347	1	347	7.938E-236	713
P28684.1	O57605.1	0.868	346	46	0	1	346	1	346	2.606E-205	625
P28684.1	P51490.1	0.823	346	61	0	1	346	4	348	1.888E-192	588
P28684.1	P51491.1	0.821	346	62	0	1	346	1	345	6.656E-192	586
P28684.1	P03999.2	0.820	344	62	0	3	346	2	344	2.128E-190	582
P28684.1	P60015.1	0.820	344	62	0	3	346	5	347	2.128E-190	582
P28684.1	O13092.1	0.815	346	64	0	1	346	4	348	2.916E-190	582
P28684.1	Q63652.2	0.808	346	66	0	1	346	1	345	4.502E-188	575
P28684.1	P51473.1	0.795	346	71	0	1	346	1	346	1.621E-184	565
P28684.1	Q9W6A9.2	0.668	331	109	0	10	340	8	335	2.575E-141	440
P28684.1	Q90309.1	0.653	333	114	0	8	340	6	335	3.572E-138	431
P28684.1	P87368.1	0.651	331	114	0	7	337	5	331	8.296E-137	427
P28684.1	P28682.1	0.529	349	161	0	5	346	12	360	1.207E-109	349
P28684.1	P35357.1	0.543	337	152	0	13	346	18	354	1.652E-109	348
P28684.1	P51472.1	0.531	342	157	0	5	339	10	351	7.151E-108	344
P28684.1	P28683.1	0.534	337	155	0	13	346	18	354	4.704E-107	341
P28684.1	P22671.1	0.519	346	164	0	5	346	7	352	7.933E-106	338
P28684.1	Q98980.1	0.516	346	165	0	5	346	7	352	3.811E-105	336
P28684.1	P87365.1	0.524	339	159	0	5	339	11	349	5.216E-105	335
P28684.1	Q90245.1	0.515	345	164	0	7	346	9	353	1.831E-104	334
P28684.1	Q8HY69.2	0.529	333	156	0	8	339	13	345	2.506E-104	333
P28684.1	P32310.1	0.520	339	160	0	5	339	9	347	8.792E-104	332
P28684.1	P51471.1	0.522	337	159	0	13	346	18	354	8.792E-104	332
P28684.1	P32311.1	0.530	330	154	0	13	340	18	347	1.203E-103	331
P28684.1	P52202.1	0.511	344	166	0	6	346	8	351	4.223E-103	330
P28684.1	P56515.1	0.520	336	160	0	13	346	18	353	7.910E-103	329
P28684.1	P31355.1	0.518	336	161	0	13	346	18	353	2.775E-102	327
P28684.1	P56516.1	0.517	336	161	0	13	346	18	353	3.798E-102	327
P28684.1	Q8AYM7.1	0.524	330	156	0	13	340	18	347	5.198E-102	327
P28684.1	P79863.1	0.517	336	161	0	13	346	18	353	5.198E-102	327
P28684.1	O93459.1	0.504	347	169	0	5	346	7	353	5.198E-102	327
P28684.1	Q9W6A6.2	0.524	330	156	0	13	340	18	347	7.114E-102	326
P28684.1	Q9W6A8.1	0.513	339	163	0	5	339	12	350	7.114E-102	326
P28684.1	P29403.1	0.516	336	161	0	13	346	18	353	7.114E-102	326
P28684.1	P22328.1	0.508	343	167	0	6	346	8	350	9.736E-102	326
P28684.1	P51470.1	0.515	336	162	0	13	346	18	353	1.332E-101	325
P28684.1	O93441.1	0.515	336	162	0	13	346	18	353	1.332E-101	325
P28684.1	P32312.1	0.522	330	156	0	13	340	18	347	1.824E-101	325
P28684.1	P49912.1	0.512	338	163	0	6	339	8	345	3.415E-101	324
P28684.1	P08100.1	0.513	337	162	0	7	339	9	345	3.415E-101	324
P28684.1	O42604.1	0.502	346	169	0	6	346	8	353	3.415E-101	324
P28684.1	P51488.1	0.514	336	162	0	13	346	18	353	3.415E-101	324
P28684.1	P56514.1	0.514	336	162	0	13	346	18	353	3.415E-101	324
P28684.1	Q769E8.1	0.512	337	162	0	7	339	9	345	4.674E-101	324
P28684.1	O18766.1	0.511	337	162	0	7	339	9	345	8.754E-101	323
P28684.1	P41591.1	0.515	334	162	0	13	346	18	351	8.754E-101	323
P28684.1	P28681.1	0.511	337	162	0	7	339	9	345	1.198E-100	323
P28684.1	Q28886.1	0.510	337	163	0	7	339	9	345	1.640E-100	322
P28684.1	P02699.1	0.510	337	163	0	7	339	9	345	2.244E-100	322
P28684.1	Q68J47.1	0.510	337	163	0	7	339	9	345	2.244E-100	322
P28684.1	Q95KU1.1	0.510	337	163	0	7	339	9	345	2.244E-100	322
P28684.1	P15409.2	0.510	337	163	0	7	339	9	345	2.244E-100	322
P28684.1	O62795.1	0.509	337	163	0	7	339	9	345	4.202E-100	321
P28684.1	O62791.1	0.509	337	163	0	7	339	9	345	4.202E-100	321
P28684.1	Q9W6A5.2	0.517	330	158	0	13	340	18	347	5.751E-100	321
P28684.1	P32308.1	0.508	337	163	0	7	339	9	345	7.870E-100	320
P28684.1	O62794.1	0.508	337	163	0	7	339	9	345	7.870E-100	320
P28684.1	Q6W3E1.1	0.507	337	164	0	7	339	9	345	1.077E-99	320
P28684.1	Q8AYM8.1	0.516	330	158	0	13	340	18	347	1.077E-99	320
P28684.1	P51489.1	0.507	337	164	0	7	339	9	345	1.474E-99	319
P28684.1	O62793.1	0.506	337	164	0	7	339	9	345	2.760E-99	319
P28684.1	P51474.1	0.501	341	168	0	5	341	10	350	2.760E-99	319
P28684.1	P32309.1	0.505	336	165	0	13	346	18	353	9.680E-99	317
P28684.1	O62796.1	0.503	337	165	0	7	339	9	345	1.325E-98	317
P28684.1	P02700.2	0.503	337	165	0	7	339	9	345	1.325E-98	317
P28684.1	O62798.1	0.502	337	165	0	7	339	9	345	2.480E-98	316
P28684.1	Q90214.1	0.508	331	161	0	13	341	18	348	6.356E-98	315
P28684.1	P87369.1	0.499	338	168	0	11	346	16	353	8.697E-98	314
P28684.1	O62792.1	0.500	337	166	0	7	339	9	345	1.629E-97	314
P28684.1	P51476.1	0.542	304	138	0	14	317	14	316	1.629E-97	314
P28684.1	P79848.1	0.498	338	168	0	11	346	16	353	2.228E-97	313
P28684.1	P35359.2	0.499	336	167	0	13	346	18	353	5.710E-97	312
P28684.1	O13227.1	0.506	329	162	0	13	341	18	346	1.069E-96	311
P28684.1	P79756.1	0.494	338	170	0	11	346	16	353	2.002E-96	310
P28684.1	Q9YGZ5.1	0.493	339	171	0	9	346	14	352	2.739E-96	310
P28684.1	Q9YGZ0.1	0.502	330	163	0	13	341	18	347	5.128E-96	309
P28684.1	Q9YGZ3.1	0.493	338	170	0	11	346	16	353	5.128E-96	309
P28684.1	P41590.1	0.501	331	164	0	13	341	18	348	7.017E-96	309
P28684.1	Q9DGG4.1	0.489	339	172	0	9	346	14	352	2.459E-95	307
P28684.1	P79807.1	0.494	334	168	0	13	346	15	348	6.300E-95	306
P28684.1	Q90215.1	0.496	331	165	0	13	341	18	348	1.179E-94	305
P28684.1	Q9YGZ8.1	0.489	337	171	0	11	346	16	352	1.614E-94	305
P28684.1	Q9YH05.1	0.488	337	172	0	11	346	16	352	2.208E-94	304
P28684.1	Q9YGY9.1	0.489	336	171	0	11	346	16	351	3.021E-94	304
P28684.1	Q9YGZ6.1	0.488	337	172	0	11	346	16	352	3.021E-94	304
P28684.1	P79914.1	0.492	332	168	0	11	341	13	344	5.655E-94	303
P28684.1	P79798.1	0.490	334	170	0	13	346	15	348	7.737E-94	303
P28684.1	Q9YGZ2.1	0.486	336	172	0	11	346	16	351	1.448E-93	302
P28684.1	P79902.1	0.490	332	168	0	11	341	13	344	1.982E-93	302
P28684.1	P79809.1	0.482	339	174	0	6	341	5	343	2.711E-93	301
P28684.1	P79901.1	0.490	332	168	0	11	341	13	344	2.711E-93	301
P28684.1	P79898.1	0.489	332	169	0	11	341	16	347	5.075E-93	301
P28684.1	P79911.1	0.477	341	175	0	6	340	5	345	1.300E-92	299
P28684.1	P79808.1	0.487	332	169	0	11	341	13	344	1.300E-92	299
P28684.1	P79812.1	0.487	332	169	0	11	341	16	347	1.778E-92	299
P28684.1	P79903.1	0.476	341	175	0	6	340	5	345	2.432E-92	299
P28684.1	P51475.1	0.518	306	146	0	12	317	11	314	3.328E-92	298
P28684.1	P35358.1	0.465	350	184	0	2	346	15	364	8.521E-92	297
P28684.1	Q9R024.1	0.474	334	175	0	8	341	28	360	1.754E-89	290
P28684.1	P04001.1	0.466	340	180	0	2	341	22	360	4.488E-89	289
P28684.1	O35478.2	0.465	340	181	0	2	341	22	360	8.398E-89	288
P28684.1	P04000.2	0.463	340	182	0	2	341	22	360	2.940E-88	287
P28684.1	O35476.2	0.469	334	176	0	8	341	23	355	4.022E-88	286
P28684.1	P22329.1	0.460	342	183	0	5	346	22	361	4.022E-88	286
P28684.1	O35599.1	0.468	334	177	0	8	341	23	355	5.501E-88	286
P28684.1	O18910.2	0.468	334	177	0	8	341	28	360	7.524E-88	286
P28684.1	O18913.2	0.464	334	178	0	8	341	28	360	6.739E-87	283
P28684.1	P41592.1	0.455	342	185	0	5	346	28	368	9.217E-87	282
P28684.1	P34989.1	0.460	337	181	0	2	338	15	350	1.261E-86	282
P28684.1	O18914.2	0.462	334	179	0	8	341	28	360	3.225E-86	281
P28684.1	O18912.2	0.458	335	180	0	7	341	28	360	1.543E-85	279
P28684.1	Q9BGI7.1	0.453	340	185	0	2	341	22	360	2.111E-85	278
P28684.1	Q95170.1	0.451	340	186	0	2	341	22	360	5.400E-85	277
P28684.1	Q8AYN0.1	0.448	335	183	0	5	339	21	353	1.105E-82	271
P28684.1	P87367.1	0.450	332	181	0	8	339	25	354	1.511E-82	270
P28684.1	O12948.1	0.443	339	188	0	8	346	27	364	2.066E-82	270
P28684.1	P22332.2	0.449	332	181	0	8	339	25	354	3.863E-82	269
P28684.1	P32313.1	0.448	332	182	0	8	339	25	354	5.282E-82	269
P28684.1	Q9W6A7.1	0.447	332	182	0	8	339	25	354	9.875E-82	268
P28684.1	P22331.1	0.431	333	188	0	8	340	23	353	1.173E-77	256
P28684.1	P22330.1	0.431	333	188	0	8	340	25	355	1.173E-77	256
P28684.1	O42490.1	0.438	325	182	0	12	335	25	349	2.997E-77	255
P28684.1	O18911.1	0.461	273	147	0	27	299	1	273	1.431E-68	229
P41592.1	P41592.1	0.962	369	14	0	1	369	1	369	1.072E-247	749
P41592.1	P22329.1	0.899	362	36	0	8	369	3	362	3.678E-224	681
P41592.1	O12948.1	0.875	358	45	0	12	369	8	365	1.902E-214	653
P41592.1	P04000.2	0.842	365	57	0	5	369	1	364	5.636E-209	637
P41592.1	P35358.1	0.840	365	58	0	5	369	1	365	3.730E-208	634
P41592.1	P87367.1	0.856	357	51	0	5	361	1	354	5.111E-208	634
P41592.1	O18913.2	0.873	347	44	0	23	369	20	364	6.351E-207	631
P41592.1	P34989.1	0.892	338	36	0	23	360	13	350	1.192E-206	630
P41592.1	Q9W6A7.1	0.851	357	53	0	5	361	1	354	1.192E-206	630
P41592.1	P04001.1	0.834	365	60	0	5	369	1	364	2.239E-206	629
P41592.1	P32313.1	0.849	357	53	0	5	361	1	354	5.759E-206	628
P41592.1	P22332.2	0.846	355	54	0	7	361	3	354	4.735E-204	623
P41592.1	Q8AYN0.1	0.850	353	52	0	9	361	4	353	6.488E-204	622
P41592.1	O18914.2	0.860	347	48	0	23	369	20	364	4.293E-203	620
P41592.1	O35478.2	0.822	365	65	0	5	369	1	364	5.882E-203	619
P41592.1	Q95170.1	0.858	347	49	0	23	369	20	364	1.104E-202	619
P41592.1	Q9BGI7.1	0.858	347	49	0	23	369	20	364	1.513E-202	618
P41592.1	O18912.2	0.856	347	50	0	23	369	20	364	3.892E-202	617
P41592.1	Q9R024.1	0.854	347	50	0	23	369	20	364	1.880E-201	615
P41592.1	O35476.2	0.848	347	52	0	23	369	15	359	8.230E-200	610
P41592.1	O18910.2	0.809	365	69	0	5	369	1	364	7.461E-199	608
P41592.1	O35599.1	0.843	347	54	0	23	369	15	359	2.629E-198	606
P41592.1	P22331.1	0.821	350	62	0	13	362	7	353	1.174E-193	593
P41592.1	P22330.1	0.801	353	69	0	10	362	6	355	1.086E-189	581
P41592.1	O18911.1	0.876	273	34	0	51	323	1	273	4.043E-161	499
P41592.1	P51476.1	0.554	301	133	0	39	339	15	314	3.538E-99	319
P41592.1	P51475.1	0.542	303	138	0	37	339	11	312	5.319E-97	313
P41592.1	Q9W6A9.2	0.496	321	161	0	42	362	16	335	5.123E-91	296
P41592.1	O57605.1	0.476	330	171	0	41	368	17	346	1.957E-88	288
P41592.1	O13092.1	0.477	329	171	0	41	368	20	348	1.957E-88	288
P41592.1	P51490.1	0.472	329	173	0	41	368	20	348	3.268E-87	285
P41592.1	P28683.1	0.463	335	177	0	40	369	21	355	2.134E-86	282
P41592.1	P32311.1	0.470	327	171	0	40	362	21	347	3.989E-86	282
P41592.1	Q9W6A6.2	0.469	327	171	0	40	362	21	347	7.456E-86	281
P41592.1	O13227.1	0.465	330	176	0	40	369	21	350	1.393E-85	280
P41592.1	O93441.1	0.461	334	177	0	40	369	21	354	1.393E-85	280
P41592.1	P87368.1	0.476	319	166	0	41	359	15	331	2.604E-85	279
P41592.1	P22671.1	0.461	333	177	0	40	369	21	353	2.604E-85	279
P41592.1	Q63652.2	0.451	341	187	0	28	368	5	345	9.095E-85	278
P41592.1	P22328.1	0.460	331	178	0	40	369	21	351	1.243E-84	277
P41592.1	Q90309.1	0.459	332	179	0	31	362	4	335	1.700E-84	277
P41592.1	Q8AYM7.1	0.464	327	173	0	40	362	21	347	1.700E-84	277
P41592.1	Q8HY69.2	0.457	333	178	0	33	361	13	345	2.323E-84	276
P41592.1	P52202.1	0.458	332	178	0	40	369	21	352	2.323E-84	276
P41592.1	P03999.2	0.461	329	176	0	41	368	16	344	3.176E-84	276
P41592.1	P60015.1	0.461	329	176	0	41	368	19	347	3.176E-84	276
P41592.1	P28684.1	0.447	342	188	0	28	368	5	346	5.934E-84	275
P41592.1	Q98980.1	0.456	333	179	0	40	369	21	353	5.934E-84	275
P41592.1	P56515.1	0.455	334	179	0	40	369	21	354	5.934E-84	275
P41592.1	P35359.2	0.454	334	180	0	40	369	21	354	8.112E-84	275
P41592.1	P56514.1	0.453	334	180	0	40	369	21	354	1.516E-83	274
P41592.1	P79807.1	0.454	332	180	0	40	369	18	349	2.832E-83	273
P41592.1	P32312.1	0.460	327	174	0	40	362	21	347	2.832E-83	273
P41592.1	P51473.1	0.443	343	190	0	28	369	5	347	3.871E-83	273
P41592.1	P51471.1	0.451	335	181	0	40	369	21	355	3.871E-83	273
P41592.1	Q9W6A5.2	0.441	344	188	0	26	362	4	347	5.291E-83	273
P41592.1	P79756.1	0.451	334	181	0	40	369	21	354	5.291E-83	273
P41592.1	P51491.1	0.444	341	189	0	28	368	5	345	7.232E-83	272
P41592.1	P41590.1	0.453	332	180	0	40	369	21	352	7.232E-83	272
P41592.1	Q90245.1	0.451	334	181	0	40	369	21	354	7.232E-83	272
P41592.1	P79863.1	0.450	334	181	0	40	369	21	354	9.885E-83	272
P41592.1	P56516.1	0.450	334	181	0	40	369	21	354	1.351E-82	271
P41592.1	P87369.1	0.450	334	181	0	40	369	21	354	1.351E-82	271
P41592.1	P35357.1	0.449	335	181	0	40	369	21	355	1.351E-82	271
P41592.1	P79848.1	0.449	334	181	0	40	369	21	354	2.524E-82	271
P41592.1	Q90215.1	0.450	332	181	0	40	369	21	352	3.450E-82	270
P41592.1	P51470.1	0.448	334	182	0	40	369	21	354	3.450E-82	270
P41592.1	Q9YGZ2.1	0.450	332	181	0	40	369	21	352	4.715E-82	270
P41592.1	Q9YGZ8.1	0.448	333	182	0	40	369	21	353	8.808E-82	269
P41592.1	O93459.1	0.447	334	182	0	40	369	21	354	8.808E-82	269
P41592.1	P79808.1	0.449	331	181	0	40	369	18	348	1.204E-81	269
P41592.1	Q90214.1	0.448	332	182	0	40	369	21	352	1.204E-81	269
P41592.1	P51488.1	0.430	351	196	0	26	369	4	354	1.204E-81	269
P41592.1	Q769E8.1	0.455	325	175	0	40	361	21	345	1.645E-81	268
P41592.1	Q8AYM8.1	0.453	327	176	0	40	362	21	347	1.645E-81	268
P41592.1	Q9YGZ0.1	0.449	331	181	0	40	369	21	351	1.645E-81	268
P41592.1	Q9YGY9.1	0.448	332	182	0	40	369	21	352	1.645E-81	268
P41592.1	Q9YGZ6.1	0.447	333	182	0	40	369	21	353	1.645E-81	268
P41592.1	P31355.1	0.446	334	182	0	40	369	21	354	1.645E-81	268
P41592.1	P08100.1	0.455	325	175	0	40	361	21	345	2.249E-81	268
P41592.1	P29403.1	0.445	334	183	0	40	369	21	354	2.249E-81	268
P41592.1	P79903.1	0.449	330	181	0	40	369	18	347	3.073E-81	267
P41592.1	Q28886.1	0.454	325	175	0	40	361	21	345	3.073E-81	267
P41592.1	P02699.1	0.454	325	175	0	40	361	21	345	3.073E-81	267
P41592.1	Q95KU1.1	0.454	325	175	0	40	361	21	345	3.073E-81	267
P41592.1	P28681.1	0.454	325	175	0	40	361	21	345	3.073E-81	267
P41592.1	O42604.1	0.445	334	183	0	40	369	21	354	3.073E-81	267
P41592.1	O18766.1	0.453	325	176	0	40	361	21	345	4.200E-81	267
P41592.1	P49912.1	0.452	325	176	0	40	361	21	345	7.845E-81	266
P41592.1	P79902.1	0.446	331	182	0	40	369	18	348	7.845E-81	266
P41592.1	P79812.1	0.446	331	182	0	40	369	21	351	1.072E-80	266
P41592.1	P32309.1	0.427	351	197	0	26	369	4	354	1.072E-80	266
P41592.1	Q9YGZ3.1	0.443	334	183	0	40	369	21	354	1.072E-80	266
P41592.1	P79911.1	0.446	330	182	0	40	369	18	347	1.465E-80	265
P41592.1	P79809.1	0.446	330	182	0	40	369	18	347	1.465E-80	265
P41592.1	P32308.1	0.451	325	176	0	40	361	21	345	1.465E-80	265
P41592.1	P79798.1	0.444	332	183	0	40	369	18	349	1.465E-80	265
P41592.1	P02700.2	0.451	325	176	0	40	361	21	345	2.002E-80	265
P41592.1	O62796.1	0.450	325	177	0	40	361	21	345	3.740E-80	264
P41592.1	P15409.2	0.450	325	177	0	40	361	21	345	3.740E-80	264
P41592.1	Q9YH05.1	0.442	333	184	0	40	369	21	353	3.740E-80	264
P41592.1	P28682.1	0.443	332	182	0	42	369	30	361	3.740E-80	264
P41592.1	P51489.1	0.449	325	177	0	40	361	21	345	5.110E-80	264
P41592.1	P79914.1	0.443	331	183	0	40	369	18	348	5.110E-80	264
P41592.1	O62794.1	0.449	325	177	0	40	361	21	345	6.984E-80	263
P41592.1	P51472.1	0.442	332	182	0	34	361	20	351	6.984E-80	263
P41592.1	P79901.1	0.442	331	184	0	40	369	18	348	9.544E-80	263
P41592.1	O62795.1	0.448	325	177	0	40	361	21	345	1.304E-79	263
P41592.1	P79898.1	0.442	331	184	0	40	369	21	351	1.304E-79	263
P41592.1	Q9YGZ5.1	0.440	333	184	0	40	369	21	353	1.304E-79	263
P41592.1	P51474.1	0.441	331	184	0	40	369	24	354	2.435E-79	262
P41592.1	P41591.1	0.439	332	185	0	40	369	21	352	3.328E-79	261
P41592.1	Q9DGG4.1	0.438	333	185	0	40	369	21	353	4.548E-79	261
P41592.1	Q9W6A8.1	0.450	321	175	0	42	361	30	350	4.548E-79	261
P41592.1	O62793.1	0.438	332	183	0	36	361	14	345	6.214E-79	261
P41592.1	Q6W3E1.1	0.444	325	178	0	40	361	21	345	1.160E-78	260
P41592.1	P32310.1	0.448	321	176	0	42	361	27	347	1.160E-78	260
P41592.1	O62791.1	0.444	325	178	0	40	361	21	345	1.585E-78	259
P41592.1	Q68J47.1	0.443	325	179	0	40	361	21	345	2.960E-78	259
P41592.1	O62798.1	0.440	325	180	0	40	361	21	345	1.926E-77	256
P41592.1	O62792.1	0.438	325	180	0	40	361	21	345	6.712E-77	255
P41592.1	O42490.1	0.465	298	157	0	42	339	34	328	1.712E-76	254
P41592.1	P87365.1	0.411	329	193	0	34	361	21	349	6.096E-71	237
Q9W6A8.1	Q9W6A8.1	0.975	354	9	0	1	354	1	354	1.968E-241	730
Q9W6A8.1	P32310.1	0.846	349	54	0	6	354	3	351	1.176E-200	612
Q9W6A8.1	P51472.1	0.773	349	78	0	9	354	7	355	9.946E-180	552
Q9W6A8.1	P87365.1	0.736	344	91	0	9	352	8	351	1.331E-166	514
Q9W6A8.1	P28682.1	0.675	348	112	0	7	351	7	354	3.709E-151	469
Q9W6A8.1	P22671.1	0.565	340	147	0	12	351	7	346	9.525E-117	370
Q9W6A8.1	P32312.1	0.555	341	151	0	13	352	8	348	2.717E-114	362
Q9W6A8.1	P32311.1	0.553	342	152	0	12	352	7	348	5.091E-114	362
Q9W6A8.1	Q98980.1	0.554	340	151	0	12	351	7	346	1.306E-113	361
Q9W6A8.1	P35357.1	0.551	341	152	0	13	351	8	348	4.587E-113	359
Q9W6A8.1	Q8AYM7.1	0.568	327	140	0	29	352	22	348	1.611E-112	357
Q9W6A8.1	Q9W6A6.2	0.563	329	142	0	27	352	20	348	4.131E-112	356
Q9W6A8.1	P51471.1	0.546	341	153	0	13	351	8	348	1.060E-111	355
Q9W6A8.1	Q8AYM8.1	0.562	327	141	0	29	352	22	348	6.971E-111	353
Q9W6A8.1	Q9W6A5.2	0.557	327	143	0	29	352	22	348	1.176E-109	349
Q9W6A8.1	P28683.1	0.538	341	156	0	13	351	8	348	1.609E-109	349
Q9W6A8.1	P49912.1	0.539	340	156	0	13	352	8	347	2.203E-109	348
Q9W6A8.1	O62791.1	0.556	326	143	0	29	352	22	347	4.127E-109	347
Q9W6A8.1	P79914.1	0.551	329	145	0	29	352	19	347	7.732E-109	347
Q9W6A8.1	O62793.1	0.555	326	144	0	29	352	22	347	7.732E-109	347
Q9W6A8.1	P32308.1	0.555	326	144	0	29	352	22	347	1.058E-108	346
Q9W6A8.1	P79911.1	0.533	342	158	0	13	352	5	346	1.983E-108	346
Q9W6A8.1	P79809.1	0.533	342	158	0	13	352	5	346	1.983E-108	346
Q9W6A8.1	O62798.1	0.554	326	144	0	29	352	22	347	1.983E-108	346
Q9W6A8.1	O18766.1	0.553	326	144	0	29	352	22	347	2.714E-108	345
Q9W6A8.1	P79903.1	0.532	342	159	0	13	352	5	346	3.715E-108	345
Q9W6A8.1	O93441.1	0.533	341	158	0	12	351	7	347	3.715E-108	345
Q9W6A8.1	P79901.1	0.548	329	146	0	29	352	19	347	5.084E-108	344
Q9W6A8.1	P79807.1	0.555	324	143	0	29	351	19	342	5.084E-108	344
Q9W6A8.1	P79798.1	0.555	324	143	0	29	351	19	342	5.084E-108	344
Q9W6A8.1	P79808.1	0.548	329	146	0	29	352	19	347	6.959E-108	344
Q9W6A8.1	P28681.1	0.551	326	145	0	29	352	22	347	9.525E-108	344
Q9W6A8.1	O62792.1	0.551	326	145	0	29	352	22	347	9.525E-108	344
Q9W6A8.1	P79812.1	0.547	329	146	0	29	352	22	350	9.525E-108	344
Q9W6A8.1	P79863.1	0.532	341	159	0	12	351	7	347	9.525E-108	344
Q9W6A8.1	Q95KU1.1	0.551	326	145	0	29	352	22	347	1.304E-107	343
Q9W6A8.1	Q8HY69.2	0.551	326	145	0	29	352	22	347	1.304E-107	343
Q9W6A8.1	P79902.1	0.530	342	159	0	14	352	6	347	1.784E-107	343
Q9W6A8.1	P15409.2	0.531	340	159	0	13	352	8	347	3.343E-107	342
Q9W6A8.1	P51489.1	0.531	340	159	0	13	352	8	347	4.575E-107	342
Q9W6A8.1	O62795.1	0.549	326	146	0	29	352	22	347	4.575E-107	342
Q9W6A8.1	O62794.1	0.549	326	146	0	29	352	22	347	4.575E-107	342
Q9W6A8.1	P02699.1	0.549	326	146	0	29	352	22	347	4.575E-107	342
Q9W6A8.1	P08100.1	0.549	326	146	0	29	352	22	347	4.575E-107	342
Q9W6A8.1	P79898.1	0.545	329	147	0	29	352	22	350	4.575E-107	342
Q9W6A8.1	Q769E8.1	0.548	326	146	0	29	352	22	347	6.262E-107	341
Q9W6A8.1	Q6W3E1.1	0.548	326	146	0	29	352	22	347	6.262E-107	341
Q9W6A8.1	P51474.1	0.524	344	162	0	12	352	10	353	1.173E-106	340
Q9W6A8.1	P41591.1	0.529	340	159	0	12	351	7	345	1.605E-106	340
Q9W6A8.1	Q28886.1	0.546	326	147	0	29	352	22	347	2.197E-106	340
Q9W6A8.1	P52202.1	0.529	339	159	0	13	351	8	345	3.007E-106	339
Q9W6A8.1	P02700.2	0.544	326	147	0	29	352	22	347	7.710E-106	338
Q9W6A8.1	O62796.1	0.544	326	147	0	29	352	22	347	1.055E-105	338
Q9W6A8.1	Q9DGG4.1	0.528	338	159	0	14	351	9	346	1.444E-105	337
Q9W6A8.1	P03999.2	0.525	340	159	0	12	351	4	338	1.976E-105	337
Q9W6A8.1	P60015.1	0.525	340	159	0	12	351	7	341	1.976E-105	337
Q9W6A8.1	O13227.1	0.540	328	149	0	29	352	22	349	1.976E-105	337
Q9W6A8.1	O93459.1	0.524	341	161	0	12	351	7	347	1.976E-105	337
Q9W6A8.1	Q68J47.1	0.542	326	148	0	29	352	22	347	2.705E-105	336
Q9W6A8.1	P51473.1	0.523	340	160	0	12	351	5	340	6.934E-105	335
Q9W6A8.1	P79756.1	0.541	326	148	0	29	351	22	347	6.934E-105	335
Q9W6A8.1	Q9YGZ3.1	0.540	326	148	0	29	351	22	347	9.490E-105	335
Q9W6A8.1	P87369.1	0.540	326	148	0	29	351	22	347	1.299E-104	334
Q9W6A8.1	P22328.1	0.521	340	161	0	12	351	7	344	1.778E-104	334
Q9W6A8.1	Q9YGY9.1	0.539	324	148	0	29	351	22	345	8.533E-104	332
Q9W6A8.1	Q9YGZ2.1	0.539	324	148	0	29	351	22	345	8.533E-104	332
Q9W6A8.1	O42604.1	0.519	340	163	0	13	351	8	347	1.168E-103	332
Q9W6A8.1	O13092.1	0.518	340	161	0	12	351	8	342	1.598E-103	331
Q9W6A8.1	Q90214.1	0.518	340	163	0	13	351	8	347	1.598E-103	331
Q9W6A8.1	Q9YGZ5.1	0.520	338	162	0	14	351	9	346	1.598E-103	331
Q9W6A8.1	Q90215.1	0.513	344	165	0	13	352	8	351	2.187E-103	331
Q9W6A8.1	Q9YH05.1	0.536	325	149	0	29	351	22	346	2.187E-103	331
Q9W6A8.1	O57605.1	0.517	340	162	0	12	351	5	340	2.993E-103	331
Q9W6A8.1	P28684.1	0.517	340	162	0	12	351	5	340	2.993E-103	331
Q9W6A8.1	P79848.1	0.534	326	150	0	29	351	22	347	2.993E-103	331
Q9W6A8.1	P56514.1	0.517	340	163	0	13	351	8	347	4.096E-103	330
Q9W6A8.1	Q90245.1	0.533	326	150	0	29	351	22	347	5.606E-103	330
Q9W6A8.1	P56515.1	0.516	340	164	0	13	351	8	347	7.672E-103	329
Q9W6A8.1	P29403.1	0.515	340	164	0	13	351	8	347	1.437E-102	329
Q9W6A8.1	Q9YGZ8.1	0.533	325	150	0	29	351	22	346	1.966E-102	328
Q9W6A8.1	P51488.1	0.531	326	151	0	29	351	22	347	2.691E-102	328
Q9W6A8.1	P51491.1	0.510	343	165	0	12	354	5	342	3.682E-102	327
Q9W6A8.1	P41590.1	0.525	330	153	0	29	352	22	351	3.682E-102	327
Q9W6A8.1	Q9YGZ6.1	0.532	325	151	0	29	351	22	346	3.682E-102	327
Q9W6A8.1	Q63652.2	0.523	331	157	0	24	354	12	342	6.895E-102	327
Q9W6A8.1	P51470.1	0.512	340	165	0	13	351	8	347	6.895E-102	327
Q9W6A8.1	P56516.1	0.510	340	166	0	13	351	8	347	3.309E-101	325
Q9W6A8.1	P32309.1	0.527	326	152	0	29	351	22	347	3.309E-101	325
Q9W6A8.1	Q9YGZ0.1	0.528	324	152	0	29	350	22	345	6.196E-101	324
Q9W6A8.1	P31355.1	0.508	340	166	0	13	351	8	347	8.479E-101	323
Q9W6A8.1	P51490.1	0.522	328	156	0	24	351	15	342	1.160E-100	323
Q9W6A8.1	P35359.2	0.523	326	154	0	29	351	22	347	4.068E-100	321
Q9W6A8.1	P51476.1	0.541	303	138	0	26	328	14	315	5.514E-97	312
Q9W6A8.1	Q90309.1	0.499	333	165	0	19	351	5	335	4.949E-96	310
Q9W6A8.1	P51475.1	0.536	299	135	0	30	328	23	313	2.911E-94	304
Q9W6A8.1	P87368.1	0.499	322	161	0	24	345	10	331	1.711E-92	299
Q9W6A8.1	Q9W6A9.2	0.488	328	166	0	24	351	10	335	1.533E-91	297
Q9W6A8.1	O18910.2	0.457	346	187	0	6	351	14	359	2.819E-88	287
Q9W6A8.1	P04001.1	0.472	326	171	0	26	351	35	359	1.207E-86	282
Q9W6A8.1	O18913.2	0.473	322	169	0	30	351	39	359	1.079E-85	280
Q9W6A8.1	O18912.2	0.466	329	175	0	23	351	32	359	1.079E-85	280
Q9W6A8.1	O18914.2	0.472	322	169	0	30	351	39	359	2.018E-85	279
Q9W6A8.1	O35478.2	0.471	322	169	0	30	351	39	359	5.161E-85	278
Q9W6A8.1	P04000.2	0.466	326	173	0	26	351	35	359	5.161E-85	278
Q9W6A8.1	O35599.1	0.443	347	193	0	5	351	8	354	1.320E-84	276
Q9W6A8.1	Q9W6A7.1	0.467	323	171	0	30	352	36	356	1.805E-84	276
Q9W6A8.1	O35476.2	0.442	347	193	0	5	351	8	354	2.467E-84	276
Q9W6A8.1	Q9R024.1	0.468	322	170	0	30	351	39	359	2.467E-84	276
Q9W6A8.1	Q9BGI7.1	0.463	326	174	0	26	351	35	359	4.613E-84	275
Q9W6A8.1	Q95170.1	0.462	326	174	0	26	351	35	359	6.308E-84	274
Q9W6A8.1	P34989.1	0.463	324	173	0	26	349	28	350	1.179E-83	274
Q9W6A8.1	Q8AYN0.1	0.461	323	172	0	30	352	35	355	7.706E-83	271
Q9W6A8.1	P41592.1	0.461	322	172	0	30	351	42	362	1.970E-82	270
Q9W6A8.1	P32313.1	0.454	323	175	0	30	352	36	356	8.398E-81	265
Q9W6A8.1	O12948.1	0.454	322	175	0	30	351	38	358	1.148E-80	265
Q9W6A8.1	P35358.1	0.454	322	175	0	30	351	38	358	1.570E-80	265
Q9W6A8.1	P22329.1	0.453	322	174	0	30	351	36	355	2.146E-80	264
Q9W6A8.1	P22332.2	0.451	323	176	0	30	352	36	356	4.010E-80	263
Q9W6A8.1	P87367.1	0.450	323	176	0	30	352	36	356	5.481E-80	263
Q9W6A8.1	P22331.1	0.449	322	176	0	30	351	34	353	2.616E-79	261
Q9W6A8.1	P22330.1	0.447	322	176	0	30	351	36	355	6.683E-79	260
Q9W6A8.1	O42490.1	0.512	267	129	0	62	328	65	329	5.957E-78	257
Q9W6A8.1	O18911.1	0.494	264	133	0	48	311	10	273	4.547E-73	243
P79848.1	P79848.1	0.977	354	8	0	1	354	1	354	5.580E-242	731
P79848.1	P79756.1	0.962	354	13	0	1	354	1	354	1.832E-237	718
P79848.1	P87369.1	0.936	354	23	0	1	354	1	354	4.498E-230	697
P79848.1	Q9YGZ3.1	0.928	354	25	0	1	354	1	354	1.307E-227	690
P79848.1	Q9YGZ2.1	0.922	354	27	0	1	354	1	352	7.855E-226	685
P79848.1	Q9YGY9.1	0.921	354	28	0	1	354	1	352	1.475E-225	684
P79848.1	Q9YGZ8.1	0.916	354	30	0	1	354	1	353	3.445E-224	680
P79848.1	Q9DGG4.1	0.916	354	30	0	1	354	1	353	4.722E-224	679
P79848.1	Q9YH05.1	0.915	354	30	0	1	354	1	353	6.470E-224	679
P79848.1	Q9YGZ6.1	0.915	354	30	0	1	354	1	353	8.867E-224	679
P79848.1	Q9YGZ5.1	0.902	354	34	0	1	354	1	353	4.389E-220	668
P79848.1	O42604.1	0.896	354	37	0	1	354	1	354	2.637E-218	663
P79848.1	P51488.1	0.896	354	37	0	1	354	1	354	2.637E-218	663
P79848.1	P35359.2	0.886	354	40	0	1	354	1	354	1.971E-215	655
P79848.1	P32309.1	0.884	354	41	0	1	354	1	354	9.522E-215	653
P79848.1	P79898.1	0.879	354	42	0	1	354	1	351	3.046E-213	648
P79848.1	P79807.1	0.885	351	40	0	4	354	1	349	4.174E-213	648
P79848.1	P79901.1	0.881	351	41	0	4	354	1	348	7.112E-212	644
P79848.1	P79798.1	0.876	351	43	0	4	354	1	349	1.212E-210	641
P79848.1	P79914.1	0.874	351	44	0	4	354	1	348	5.854E-210	639
P79848.1	P79812.1	0.867	354	47	0	1	354	1	351	8.022E-210	638
P79848.1	P79808.1	0.871	351	45	0	4	354	1	348	3.876E-209	636
P79848.1	P79902.1	0.868	351	46	0	4	354	1	348	3.516E-208	634
P79848.1	P41590.1	0.861	354	49	0	1	354	1	352	3.516E-208	634
P79848.1	P79809.1	0.856	351	50	0	4	354	1	347	6.754E-205	624
P79848.1	Q9YGZ0.1	0.850	354	52	0	1	354	1	351	6.754E-205	624
P79848.1	Q90214.1	0.848	354	53	0	1	354	1	352	2.381E-204	623
P79848.1	Q90215.1	0.845	354	54	0	1	354	1	352	1.576E-203	620
P79848.1	P79903.1	0.848	351	53	0	4	354	1	347	1.430E-202	617
P79848.1	P79911.1	0.846	351	53	0	4	354	1	347	6.908E-202	616
P79848.1	O13227.1	0.836	354	57	0	1	354	1	350	8.585E-201	612
P79848.1	O62796.1	0.818	346	63	0	1	346	1	345	8.308E-191	584
P79848.1	Q769E8.1	0.814	346	64	0	1	346	1	345	1.032E-189	580
P79848.1	P56515.1	0.797	354	72	0	1	354	1	354	1.938E-189	580
P79848.1	Q95KU1.1	0.812	346	65	0	1	346	1	345	3.638E-189	579
P79848.1	O93459.1	0.796	354	72	0	1	354	1	354	3.638E-189	579
P79848.1	O18766.1	0.812	346	65	0	1	346	1	345	4.985E-189	578
P79848.1	P32308.1	0.810	346	65	0	1	346	1	345	1.282E-188	577
P79848.1	P56514.1	0.794	354	73	0	1	354	1	354	1.282E-188	577
P79848.1	P49912.1	0.810	346	65	0	1	346	1	345	1.757E-188	577
P79848.1	P29403.1	0.793	354	73	0	1	354	1	354	3.298E-188	576
P79848.1	P02699.1	0.808	346	66	0	1	346	1	345	6.192E-188	575
P79848.1	P52202.1	0.792	354	73	0	1	354	1	352	6.192E-188	575
P79848.1	P22328.1	0.791	354	73	0	1	354	1	351	1.162E-187	574
P79848.1	P51489.1	0.806	346	67	0	1	346	1	345	1.593E-187	574
P79848.1	P15409.2	0.806	346	67	0	1	346	1	345	2.182E-187	574
P79848.1	P79863.1	0.790	354	74	0	1	354	1	354	2.182E-187	574
P79848.1	O93441.1	0.790	354	74	0	1	354	1	354	2.182E-187	574
P79848.1	Q28886.1	0.805	346	67	0	1	346	1	345	4.097E-187	573
P79848.1	Q68J47.1	0.804	346	67	0	1	346	1	345	5.614E-187	572
P79848.1	P28681.1	0.804	346	67	0	1	346	1	345	5.614E-187	572
P79848.1	Q90245.1	0.789	354	74	0	1	354	1	354	5.614E-187	572
P79848.1	O62794.1	0.804	346	67	0	1	346	1	345	7.691E-187	572
P79848.1	P51470.1	0.788	354	75	0	1	354	1	354	1.054E-186	572
P79848.1	O62791.1	0.803	346	68	0	1	346	1	345	1.444E-186	571
P79848.1	P08100.1	0.802	346	68	0	1	346	1	345	1.978E-186	571
P79848.1	O62798.1	0.800	346	69	0	1	346	1	345	9.554E-186	569
P79848.1	O62795.1	0.799	346	69	0	1	346	1	345	2.457E-185	568
P79848.1	P02700.2	0.799	346	69	0	1	346	1	345	2.457E-185	568
P79848.1	P31355.1	0.782	354	77	0	1	354	1	354	4.613E-185	567
P79848.1	O62792.1	0.797	346	70	0	1	346	1	345	6.321E-185	567
P79848.1	O62793.1	0.796	346	70	0	1	346	1	345	1.626E-184	565
P79848.1	P56516.1	0.780	354	78	0	1	354	1	354	1.626E-184	565
P79848.1	Q6W3E1.1	0.794	346	71	0	1	346	1	345	5.730E-184	564
P79848.1	P22671.1	0.776	354	79	0	1	354	1	353	2.019E-183	562
P79848.1	Q8HY69.2	0.790	346	72	0	1	346	1	345	7.116E-183	561
P79848.1	Q98980.1	0.773	354	80	0	1	354	1	353	1.830E-182	559
P79848.1	P41591.1	0.773	354	80	0	1	354	1	352	2.508E-182	559
P79848.1	P28683.1	0.712	355	102	0	1	354	1	355	4.245E-165	509
P79848.1	P51471.1	0.707	355	103	0	1	354	1	355	1.354E-163	505
P79848.1	P35357.1	0.696	355	107	0	1	354	1	355	1.377E-160	496
P79848.1	Q8AYM7.1	0.704	347	102	0	1	347	1	347	6.014E-159	492
P79848.1	Q9W6A6.2	0.700	347	104	0	1	347	1	347	7.458E-158	488
P79848.1	P32311.1	0.692	347	107	0	1	347	1	347	1.571E-155	482
P79848.1	P32312.1	0.686	347	109	0	1	347	1	347	9.391E-154	477
P79848.1	Q8AYM8.1	0.684	347	109	0	1	347	1	347	3.307E-153	475
P79848.1	Q9W6A5.2	0.675	347	112	0	1	347	1	347	1.788E-150	467
P79848.1	P51474.1	0.652	354	122	0	1	354	4	354	3.402E-147	458
P79848.1	P28682.1	0.545	348	157	0	9	354	14	361	6.970E-114	361
P79848.1	P32310.1	0.539	338	155	0	9	346	11	347	1.449E-108	346
P79848.1	P51472.1	0.536	340	156	0	9	346	12	351	1.983E-108	346
P79848.1	P87365.1	0.513	338	164	0	9	346	13	349	1.767E-101	325
P79848.1	Q9W6A8.1	0.529	325	151	0	22	346	29	350	2.418E-101	325
P79848.1	P51473.1	0.502	333	164	0	22	354	17	347	7.545E-97	312
P79848.1	P28684.1	0.493	338	170	0	16	353	11	346	4.949E-96	310
P79848.1	O57605.1	0.477	353	180	0	1	353	1	346	6.771E-96	309
P79848.1	P51475.1	0.504	326	153	0	2	327	11	319	4.440E-95	307
P79848.1	P51476.1	0.506	316	153	0	12	327	11	321	1.711E-92	299
P79848.1	P03999.2	0.463	350	184	0	4	353	2	344	5.368E-91	295
P79848.1	P60015.1	0.463	350	184	0	4	353	5	347	5.368E-91	295
P79848.1	O13092.1	0.481	331	170	0	23	353	21	348	1.879E-90	293
P79848.1	P51491.1	0.455	353	187	0	1	353	1	345	1.231E-89	291
P79848.1	Q63652.2	0.448	353	190	0	1	353	1	345	1.845E-87	285
P79848.1	P51490.1	0.470	331	173	0	23	353	21	348	1.845E-87	285
P79848.1	Q9BGI7.1	0.450	351	188	0	4	354	23	364	1.845E-87	285
P79848.1	O18913.2	0.466	334	175	0	21	354	37	364	3.450E-87	284
P79848.1	P35358.1	0.448	351	189	0	4	354	22	365	4.718E-87	284
P79848.1	O18914.2	0.448	351	188	0	4	354	23	364	6.453E-87	283
P79848.1	O18912.2	0.445	353	190	0	2	354	21	364	8.825E-87	283
P79848.1	Q95170.1	0.447	351	189	0	4	354	23	364	8.825E-87	283
P79848.1	P04001.1	0.444	353	191	0	2	354	21	364	1.650E-86	282
P79848.1	Q9W6A9.2	0.469	326	170	0	22	347	15	335	1.079E-85	280
P79848.1	P04000.2	0.442	353	191	0	2	354	21	364	1.079E-85	280
P79848.1	O18910.2	0.439	353	192	0	2	354	21	364	5.161E-85	278
P79848.1	Q9R024.1	0.439	353	192	0	2	354	21	364	7.058E-85	277
P79848.1	P34989.1	0.447	344	186	0	2	345	14	350	9.651E-85	277
P79848.1	O35476.2	0.438	353	193	0	2	354	16	359	1.320E-84	276
P79848.1	O35478.2	0.436	353	193	0	2	354	21	364	4.613E-84	275
P79848.1	P41592.1	0.453	334	180	0	21	354	40	369	8.626E-84	274
P79848.1	O35599.1	0.434	353	194	0	2	354	16	359	1.179E-83	274
P79848.1	P87368.1	0.446	339	182	0	6	344	2	331	3.015E-83	273
P79848.1	O12948.1	0.450	334	181	0	21	354	36	365	7.706E-83	271
P79848.1	Q90309.1	0.456	326	174	0	22	347	15	335	2.693E-82	270
P79848.1	P22329.1	0.447	334	181	0	21	354	34	362	5.034E-82	269
P79848.1	P87367.1	0.436	343	188	0	4	346	20	354	1.759E-81	267
P79848.1	Q8AYN0.1	0.451	326	176	0	21	346	33	353	6.143E-81	266
P79848.1	P32313.1	0.432	342	189	0	5	346	22	354	5.481E-80	263
P79848.1	Q9W6A7.1	0.432	342	189	0	5	346	22	354	5.481E-80	263
P79848.1	P22332.2	0.430	342	189	0	5	346	22	354	1.400E-79	262
P79848.1	O42490.1	0.458	308	165	0	16	323	27	331	1.113E-77	256
P79848.1	P22331.1	0.421	343	193	0	5	347	20	353	2.841E-77	255
P79848.1	P22330.1	0.417	343	194	0	5	347	22	355	4.727E-76	252
P79848.1	O18911.1	0.491	268	136	0	37	304	6	273	1.305E-73	244
O62796.1	O62796.1	0.972	348	10	0	1	348	1	348	3.232E-236	714
O62796.1	Q95KU1.1	0.951	348	17	0	1	348	1	348	3.398E-230	697
O62796.1	P32308.1	0.945	348	19	0	1	348	1	348	1.491E-228	692
O62796.1	Q28886.1	0.945	348	19	0	1	348	1	348	1.491E-228	692
O62796.1	P08100.1	0.944	348	19	0	1	348	1	348	2.800E-228	691
O62796.1	O62794.1	0.939	348	21	0	1	348	1	348	8.966E-227	687
O62796.1	Q68J47.1	0.939	348	21	0	1	348	1	348	8.966E-227	687
O62796.1	P49912.1	0.938	348	22	0	1	348	1	348	1.229E-226	687
O62796.1	O18766.1	0.937	348	22	0	1	348	1	348	2.308E-226	686
O62796.1	O62795.1	0.933	348	23	0	1	348	1	348	2.871E-225	683
O62796.1	P15409.2	0.933	348	23	0	1	348	1	348	3.934E-225	682
O62796.1	P51489.1	0.931	348	24	0	1	348	1	348	1.901E-224	680
O62796.1	Q769E8.1	0.931	348	24	0	1	348	1	348	1.901E-224	680
O62796.1	P28681.1	0.929	348	25	0	1	348	1	348	6.706E-224	679
O62796.1	P02700.2	0.928	348	25	0	1	348	1	348	9.190E-224	678
O62796.1	O62791.1	0.923	348	27	0	1	348	1	348	2.942E-222	674
O62796.1	P02699.1	0.921	348	27	0	1	348	1	348	1.422E-221	672
O62796.1	Q6W3E1.1	0.919	348	28	0	1	348	1	348	3.659E-221	671
O62796.1	O62798.1	0.913	348	30	0	1	348	1	348	1.605E-219	666
O62796.1	O62792.1	0.912	348	31	0	1	348	1	348	5.660E-219	664
O62796.1	O62793.1	0.910	348	31	0	1	348	1	348	1.996E-218	663
O62796.1	Q8HY69.2	0.890	348	38	0	1	348	1	348	8.138E-213	647
O62796.1	P22328.1	0.869	351	45	0	1	348	1	351	1.036E-208	635
O62796.1	P52202.1	0.879	345	42	0	1	345	1	344	1.288E-207	632
O62796.1	Q90245.1	0.872	346	44	0	1	345	1	346	2.195E-206	628
O62796.1	P56515.1	0.870	346	45	0	1	345	1	346	1.060E-205	626
O62796.1	P29403.1	0.868	346	45	0	1	345	1	346	3.739E-205	625
O62796.1	P51470.1	0.848	354	53	0	1	348	1	354	2.476E-204	622
O62796.1	Q90215.1	0.863	346	47	0	1	345	1	346	8.729E-204	621
O62796.1	P31355.1	0.844	354	54	0	1	348	1	354	3.078E-203	619
O62796.1	P56514.1	0.860	346	48	0	1	345	1	346	4.217E-203	619
O62796.1	Q90214.1	0.858	346	49	0	1	345	1	346	2.792E-202	616
O62796.1	P56516.1	0.840	354	56	0	1	348	1	354	3.826E-202	616
O62796.1	O13227.1	0.854	345	50	0	1	345	1	344	8.930E-201	612
O62796.1	O93459.1	0.836	354	57	0	1	348	1	354	8.930E-201	612
O62796.1	P35359.2	0.849	346	52	0	1	345	1	346	5.912E-200	610
O62796.1	P41591.1	0.828	352	60	0	1	348	1	352	1.715E-197	602
O62796.1	P22671.1	0.840	345	55	0	1	345	1	345	1.556E-196	600
O62796.1	P51488.1	0.835	346	57	0	1	345	1	346	7.515E-196	598
O62796.1	P79863.1	0.817	354	64	0	1	348	1	354	2.649E-195	596
O62796.1	Q9YH05.1	0.834	345	57	0	1	345	1	345	4.974E-195	595
O62796.1	Q98980.1	0.816	353	64	0	1	348	1	353	1.754E-194	594
O62796.1	Q9YGZ0.1	0.828	345	59	0	1	345	1	345	2.179E-193	591
O62796.1	P32309.1	0.826	346	60	0	1	345	1	346	2.179E-193	591
O62796.1	O93441.1	0.826	346	60	0	1	345	1	346	2.986E-193	590
O62796.1	O42604.1	0.822	346	61	0	1	345	1	346	3.711E-192	587
O62796.1	Q9YGZ6.1	0.824	345	61	0	1	345	1	345	5.085E-192	587
O62796.1	Q9DGG4.1	0.823	345	61	0	1	345	1	345	9.547E-192	586
O62796.1	P41590.1	0.819	346	62	0	1	345	1	346	2.456E-191	585
O62796.1	Q9YGZ8.1	0.820	345	62	0	1	345	1	345	6.319E-191	584
O62796.1	P79848.1	0.816	346	63	0	1	345	1	346	2.227E-190	582
O62796.1	P87369.1	0.813	346	64	0	1	345	1	346	1.474E-189	580
O62796.1	Q9YGZ2.1	0.815	345	63	0	1	345	1	344	2.020E-189	579
O62796.1	Q9YGY9.1	0.812	345	64	0	1	345	1	344	9.756E-189	577
O62796.1	Q9YGZ3.1	0.808	346	66	0	1	345	1	346	4.712E-188	575
O62796.1	Q9YGZ5.1	0.813	343	64	0	1	343	1	343	6.457E-188	575
O62796.1	P79756.1	0.806	346	67	0	1	345	1	346	1.212E-187	574
O62796.1	P79807.1	0.785	349	74	0	4	348	1	349	2.888E-183	561
O62796.1	P79798.1	0.784	349	74	0	4	348	1	349	5.421E-183	561
O62796.1	P79898.1	0.794	343	70	0	1	343	1	343	1.911E-182	559
O62796.1	P79812.1	0.793	343	71	0	1	343	1	343	3.587E-182	558
O62796.1	P79901.1	0.797	340	69	0	4	343	1	340	1.732E-181	556
O62796.1	P79808.1	0.791	340	71	0	4	343	1	340	5.534E-180	552
O62796.1	P79914.1	0.789	340	72	0	4	343	1	340	1.950E-179	550
O62796.1	P79911.1	0.773	347	78	0	4	348	1	347	1.290E-178	548
O62796.1	P79902.1	0.786	340	73	0	4	343	1	340	1.290E-178	548
O62796.1	P79903.1	0.771	347	79	0	4	348	1	347	4.547E-178	546
O62796.1	P79809.1	0.783	340	73	0	4	343	1	339	8.536E-178	546
O62796.1	P28683.1	0.745	355	88	0	1	348	1	355	8.707E-175	537
O62796.1	P35357.1	0.744	355	89	0	1	348	1	355	1.193E-174	537
O62796.1	P51471.1	0.737	355	91	0	1	348	1	355	1.839E-172	530
O62796.1	P32311.1	0.741	349	90	0	1	348	1	349	1.102E-170	525
O62796.1	Q9W6A6.2	0.738	349	91	0	1	348	1	349	7.290E-170	523
O62796.1	P32312.1	0.734	349	92	0	1	348	1	349	1.699E-168	519
O62796.1	Q8AYM7.1	0.734	349	92	0	1	348	1	349	1.699E-168	519
O62796.1	P51474.1	0.718	345	97	0	1	345	4	348	4.529E-162	500
O62796.1	Q8AYM8.1	0.702	349	103	0	1	348	1	349	1.793E-159	493
O62796.1	Q9W6A5.2	0.695	349	106	0	1	348	1	349	2.758E-157	486
O62796.1	P28682.1	0.553	349	152	0	8	348	13	361	1.390E-116	369
O62796.1	P51472.1	0.547	343	154	0	8	347	11	353	6.704E-113	358
O62796.1	P32310.1	0.536	340	157	0	8	347	10	349	1.550E-108	346
O62796.1	P87365.1	0.529	340	160	0	8	347	12	351	9.181E-107	340
O62796.1	Q9W6A8.1	0.518	340	163	0	8	347	13	352	1.715E-103	331
O62796.1	P51473.1	0.498	345	172	0	5	348	3	347	1.534E-99	319
O62796.1	P28684.1	0.499	338	167	0	8	345	6	339	9.053E-98	314
O62796.1	O57605.1	0.488	345	173	0	1	345	1	339	1.113E-96	311
O62796.1	P51475.1	0.536	305	141	0	23	327	16	319	2.083E-96	310
O62796.1	P51491.1	0.485	345	174	0	1	345	1	338	5.336E-96	309
O62796.1	O13092.1	0.486	341	172	0	5	345	6	341	4.791E-95	306
O62796.1	P03999.2	0.489	337	169	0	9	345	6	337	1.227E-94	305
O62796.1	P60015.1	0.489	337	169	0	9	345	9	340	1.227E-94	305
O62796.1	P51476.1	0.500	327	160	0	1	327	1	321	1.679E-94	305
O62796.1	Q63652.2	0.475	345	177	0	1	345	1	338	5.279E-93	301
O62796.1	Q90309.1	0.480	333	170	0	13	345	8	334	7.946E-91	294
O62796.1	Q9W6A9.2	0.475	335	172	0	11	345	6	334	5.207E-90	292
O62796.1	P51490.1	0.473	336	174	0	10	345	10	341	7.123E-90	291
O62796.1	P87368.1	0.461	338	177	0	6	343	2	331	3.744E-87	284
O62796.1	Q9BGI7.1	0.455	342	183	0	4	345	23	358	1.310E-86	282
O62796.1	O18912.2	0.451	344	185	0	2	345	21	358	4.585E-86	280
O62796.1	Q95170.1	0.453	342	183	0	4	345	23	358	6.270E-86	280
O62796.1	P35358.1	0.449	345	189	0	4	348	22	365	8.575E-86	280
O62796.1	O18914.2	0.448	345	188	0	4	348	23	364	1.604E-85	279
O62796.1	P04001.1	0.447	344	186	0	2	345	21	358	5.611E-85	277
O62796.1	O18910.2	0.445	344	187	0	2	345	21	358	1.963E-84	276
O62796.1	O18913.2	0.442	347	191	0	2	348	21	364	2.684E-84	275
O62796.1	O35476.2	0.444	344	187	0	2	345	16	353	5.019E-84	274
O62796.1	P04000.2	0.443	344	188	0	2	345	21	358	6.864E-84	274
O62796.1	P34989.1	0.445	342	186	0	2	343	14	349	9.387E-84	274
O62796.1	O35478.2	0.442	344	188	0	2	345	21	358	1.755E-83	273
O62796.1	Q9R024.1	0.442	344	188	0	2	345	21	358	1.755E-83	273
O62796.1	O35599.1	0.441	344	188	0	2	345	16	353	3.282E-83	272
O62796.1	O42490.1	0.461	324	168	0	19	342	30	342	3.282E-83	272
O62796.1	P87367.1	0.440	345	189	0	4	348	20	357	4.488E-83	272
O62796.1	P41592.1	0.446	332	180	0	14	345	36	361	2.622E-81	267
O62796.1	Q9W6A7.1	0.441	335	183	0	14	348	30	357	9.163E-81	265
O62796.1	P22329.1	0.444	332	180	0	14	345	30	354	9.163E-81	265
O62796.1	O12948.1	0.434	342	190	0	4	345	22	357	9.163E-81	265
O62796.1	Q8AYN0.1	0.440	335	183	0	14	348	29	356	1.713E-80	264
O62796.1	P22332.2	0.438	335	184	0	14	348	30	357	5.985E-80	263
O62796.1	P32313.1	0.433	340	188	0	9	348	25	357	8.183E-80	262
O62796.1	P22330.1	0.448	316	174	0	21	336	34	349	1.665E-77	256
O62796.1	P22331.1	0.446	316	175	0	21	336	32	347	5.811E-77	254
O62796.1	O18911.1	0.473	273	143	0	32	304	1	273	2.117E-71	238
Q68J47.1	Q68J47.1	0.973	348	9	0	1	348	1	348	1.721E-236	715
Q68J47.1	O62796.1	0.938	348	22	0	1	348	1	348	1.229E-226	687
Q68J47.1	Q95KU1.1	0.938	348	22	0	1	348	1	348	1.684E-226	686
Q68J47.1	P32308.1	0.931	348	24	0	1	348	1	348	1.901E-224	680
Q68J47.1	O18766.1	0.927	348	25	0	1	348	1	348	2.365E-223	677
Q68J47.1	P08100.1	0.925	348	26	0	1	348	1	348	8.341E-223	676
Q68J47.1	P49912.1	0.924	348	26	0	1	348	1	348	1.566E-222	675
Q68J47.1	O62794.1	0.923	348	27	0	1	348	1	348	2.147E-222	674
Q68J47.1	Q28886.1	0.923	348	27	0	1	348	1	348	4.031E-222	674
Q68J47.1	O62791.1	0.922	348	27	0	1	348	1	348	5.525E-222	673
Q68J47.1	O62795.1	0.921	348	27	0	1	348	1	348	1.038E-221	672
Q68J47.1	P15409.2	0.921	348	27	0	1	348	1	348	1.422E-221	672
Q68J47.1	Q769E8.1	0.917	348	29	0	1	348	1	348	1.768E-220	669
Q68J47.1	P02700.2	0.917	348	29	0	1	348	1	348	1.768E-220	669
Q68J47.1	P28681.1	0.916	348	29	0	1	348	1	348	2.423E-220	668
Q68J47.1	P51489.1	0.915	348	29	0	1	348	1	348	4.551E-220	668
Q68J47.1	Q6W3E1.1	0.915	348	29	0	1	348	1	348	4.551E-220	668
Q68J47.1	O62798.1	0.912	348	31	0	1	348	1	348	3.014E-219	665
Q68J47.1	P02699.1	0.912	348	31	0	1	348	1	348	4.131E-219	665
Q68J47.1	O62792.1	0.911	348	31	0	1	348	1	348	1.063E-218	664
Q68J47.1	O62793.1	0.907	348	32	0	1	348	1	348	1.322E-217	661
Q68J47.1	Q8HY69.2	0.888	348	39	0	1	348	1	348	2.870E-212	645
Q68J47.1	Q90245.1	0.881	347	41	0	1	346	1	347	1.565E-209	637
Q68J47.1	P22328.1	0.865	351	47	0	1	348	1	351	1.765E-207	631
Q68J47.1	P56515.1	0.873	347	44	0	1	346	1	347	3.315E-207	631
Q68J47.1	P51470.1	0.858	354	49	0	1	348	1	354	3.315E-207	631
Q68J47.1	P52202.1	0.874	346	43	0	1	346	1	345	4.542E-207	630
Q68J47.1	P31355.1	0.854	354	51	0	1	348	1	354	4.121E-206	627
Q68J47.1	P29403.1	0.866	347	46	0	1	346	1	347	2.729E-205	625
Q68J47.1	P56516.1	0.850	354	52	0	1	348	1	354	5.124E-205	624
Q68J47.1	P56514.1	0.865	347	47	0	1	346	1	347	7.021E-205	624
Q68J47.1	Q90214.1	0.857	347	49	0	1	346	1	347	1.085E-202	617
Q68J47.1	O13227.1	0.849	346	52	0	1	346	1	345	5.912E-200	610
Q68J47.1	Q90215.1	0.847	347	53	0	1	346	1	347	5.912E-200	610
Q68J47.1	P41591.1	0.835	352	57	0	1	348	1	352	2.856E-199	608
Q68J47.1	P35359.2	0.841	347	55	0	1	346	1	347	4.865E-198	604
Q68J47.1	O93459.1	0.826	354	60	0	1	348	1	354	6.666E-198	604
Q68J47.1	P22671.1	0.834	346	57	0	1	346	1	346	1.411E-195	597
Q68J47.1	O93441.1	0.832	347	58	0	1	346	1	347	1.933E-195	597
Q68J47.1	Q98980.1	0.812	353	65	0	1	348	1	353	2.986E-193	590
Q68J47.1	P51488.1	0.823	347	61	0	1	346	1	347	4.092E-193	590
Q68J47.1	Q9YGZ0.1	0.827	345	60	0	1	345	1	345	5.607E-193	589
Q68J47.1	O42604.1	0.823	347	61	0	1	346	1	347	5.607E-193	589
Q68J47.1	Q9YH05.1	0.824	346	61	0	1	346	1	346	7.683E-193	589
Q68J47.1	P79863.1	0.808	354	67	0	1	348	1	354	1.053E-192	589
Q68J47.1	Q9DGG4.1	0.815	346	64	0	1	346	1	346	3.052E-190	582
Q68J47.1	P32309.1	0.813	347	65	0	1	346	1	347	4.182E-190	581
Q68J47.1	P41590.1	0.809	347	66	0	1	346	1	347	5.196E-189	578
Q68J47.1	Q9YGZ6.1	0.810	346	66	0	1	346	1	346	1.337E-188	577
Q68J47.1	P87369.1	0.801	347	69	0	1	346	1	347	8.022E-187	572
Q68J47.1	Q9YGZ3.1	0.801	347	69	0	1	346	1	347	8.022E-187	572
Q68J47.1	Q9YGZ8.1	0.803	346	68	0	1	346	1	346	1.099E-186	571
Q68J47.1	P79848.1	0.800	347	69	0	1	346	1	347	1.506E-186	571
Q68J47.1	Q9YGZ5.1	0.802	346	68	0	1	346	1	346	2.064E-186	571
Q68J47.1	Q9YGZ2.1	0.800	346	69	0	1	346	1	345	5.309E-186	569
Q68J47.1	Q9YGY9.1	0.798	346	69	0	1	346	1	345	2.564E-185	567
Q68J47.1	P79756.1	0.795	347	71	0	1	346	1	347	6.595E-185	566
Q68J47.1	P79898.1	0.785	346	74	0	1	346	1	346	1.264E-181	557
Q68J47.1	P79798.1	0.777	349	77	0	4	348	1	349	6.105E-181	555
Q68J47.1	P79807.1	0.775	349	77	0	4	348	1	349	2.151E-180	553
Q68J47.1	P79901.1	0.786	343	73	0	4	346	1	343	4.039E-180	552
Q68J47.1	P79812.1	0.779	346	76	0	1	346	1	346	7.582E-180	552
Q68J47.1	P79914.1	0.783	343	74	0	4	346	1	343	1.950E-179	550
Q68J47.1	P79808.1	0.777	343	76	0	4	346	1	343	1.170E-177	545
Q68J47.1	P79902.1	0.772	343	78	0	4	346	1	343	2.726E-176	541
Q68J47.1	P79809.1	0.772	343	78	0	4	346	1	342	3.735E-176	541
Q68J47.1	P79911.1	0.771	343	78	0	4	346	1	342	5.118E-176	541
Q68J47.1	P79903.1	0.769	343	79	0	4	346	1	342	1.804E-175	539
Q68J47.1	P28683.1	0.735	355	92	0	1	348	1	355	6.480E-172	529
Q68J47.1	P35357.1	0.733	355	93	0	1	348	1	355	2.283E-171	527
Q68J47.1	Q9W6A6.2	0.739	349	91	0	1	348	1	349	3.884E-170	524
Q68J47.1	P32311.1	0.739	349	91	0	1	348	1	349	5.321E-170	523
Q68J47.1	P51471.1	0.728	355	94	0	1	348	1	355	5.321E-170	523
Q68J47.1	P32312.1	0.734	349	92	0	1	348	1	349	1.699E-168	519
Q68J47.1	Q8AYM7.1	0.731	349	93	0	1	348	1	349	1.123E-167	516
Q68J47.1	P51474.1	0.716	346	98	0	1	346	4	349	4.529E-162	500
Q68J47.1	Q8AYM8.1	0.704	349	103	0	1	348	1	349	5.089E-160	494
Q68J47.1	Q9W6A5.2	0.697	349	105	0	1	348	1	349	4.173E-158	489
Q68J47.1	P28682.1	0.547	349	154	0	8	348	13	361	8.253E-115	364
Q68J47.1	P51472.1	0.546	343	154	0	8	347	11	353	1.256E-112	357
Q68J47.1	P32310.1	0.537	340	157	0	8	347	10	349	6.045E-109	347
Q68J47.1	P87365.1	0.527	340	160	0	8	347	12	351	3.223E-106	339
Q68J47.1	Q9W6A8.1	0.516	340	164	0	8	347	13	352	6.019E-103	329
Q68J47.1	P51473.1	0.502	345	171	0	5	348	3	347	1.247E-100	323
Q68J47.1	P28684.1	0.504	339	166	0	8	346	6	340	2.100E-99	319
Q68J47.1	O57605.1	0.493	346	172	0	1	346	1	340	1.887E-98	316
Q68J47.1	P51491.1	0.485	346	174	0	1	346	1	339	3.900E-96	310
Q68J47.1	O13092.1	0.489	342	172	0	5	346	6	342	5.336E-96	309
Q68J47.1	P03999.2	0.490	338	169	0	9	346	6	338	4.791E-95	306
Q68J47.1	P60015.1	0.490	338	169	0	9	346	9	341	4.791E-95	306
Q68J47.1	P51475.1	0.530	305	142	0	23	327	16	319	6.555E-95	306
Q68J47.1	Q63652.2	0.476	346	177	0	1	346	1	339	1.101E-93	302
Q68J47.1	P51476.1	0.494	329	163	0	1	329	1	323	1.507E-93	302
Q68J47.1	Q9W6A9.2	0.480	336	171	0	11	346	6	335	6.478E-92	297
Q68J47.1	Q90309.1	0.481	334	170	0	13	346	8	335	1.659E-91	296
Q68J47.1	P51490.1	0.472	337	175	0	10	346	10	342	7.123E-90	291
Q68J47.1	P87368.1	0.467	338	175	0	6	343	2	331	6.383E-89	289
Q68J47.1	P04001.1	0.443	345	188	0	2	346	21	359	3.670E-84	275
Q68J47.1	Q9BGI7.1	0.442	343	187	0	4	346	23	359	2.400E-83	273
Q68J47.1	O18914.2	0.442	343	187	0	4	346	23	359	3.282E-83	272
Q68J47.1	P35358.1	0.441	343	188	0	4	346	22	358	6.138E-83	271
Q68J47.1	O18913.2	0.439	345	190	0	2	346	21	359	8.393E-83	271
Q68J47.1	O18912.2	0.439	345	190	0	2	346	21	359	8.393E-83	271
Q68J47.1	P04000.2	0.438	345	190	0	2	346	21	359	1.148E-82	271
Q68J47.1	Q95170.1	0.440	343	188	0	4	346	23	359	1.148E-82	271
Q68J47.1	P34989.1	0.440	342	188	0	2	343	14	349	2.146E-82	270
Q68J47.1	O35476.2	0.436	345	191	0	2	346	16	354	4.012E-82	269
Q68J47.1	O18910.2	0.436	345	191	0	2	346	21	359	4.012E-82	269
Q68J47.1	O35478.2	0.434	345	191	0	2	346	21	359	1.402E-81	267
Q68J47.1	O35599.1	0.433	345	192	0	2	346	16	354	2.622E-81	267
Q68J47.1	Q9R024.1	0.433	345	192	0	2	346	21	359	3.585E-81	266
Q68J47.1	O42490.1	0.475	305	158	0	19	323	30	331	3.585E-81	266
Q68J47.1	P87367.1	0.432	345	191	0	4	348	20	357	6.702E-81	265
Q68J47.1	P41592.1	0.437	333	184	0	14	346	36	362	2.859E-79	261
Q68J47.1	O12948.1	0.426	343	193	0	4	346	22	358	7.304E-79	259
Q68J47.1	Q9W6A7.1	0.433	335	185	0	14	348	30	357	1.365E-78	259
Q68J47.1	Q8AYN0.1	0.432	335	186	0	14	348	29	356	2.551E-78	258
Q68J47.1	P22329.1	0.433	333	184	0	14	346	30	355	4.767E-78	257
Q68J47.1	P22332.2	0.430	335	186	0	14	348	30	357	6.517E-78	257
Q68J47.1	P32313.1	0.425	340	191	0	9	348	25	357	1.218E-77	256
Q68J47.1	P22330.1	0.438	316	177	0	21	336	34	349	4.615E-75	248
Q68J47.1	P22331.1	0.437	316	177	0	21	336	32	347	8.621E-75	248
Q68J47.1	O18911.1	0.461	273	147	0	32	304	1	273	1.483E-68	229
P41590.1	P41590.1	0.988	352	4	0	1	352	1	352	1.157E-243	736
P41590.1	Q9YGZ0.1	0.902	352	34	0	1	352	1	351	9.341E-219	664
P41590.1	P51488.1	0.881	354	42	0	1	352	1	354	5.747E-214	650
P41590.1	P35359.2	0.880	354	42	0	1	352	1	354	1.079E-213	649
P41590.1	Q9YGY9.1	0.874	352	44	0	1	352	1	352	1.105E-210	641
P41590.1	Q9YGZ3.1	0.870	354	46	0	1	352	1	354	1.105E-210	641
P41590.1	Q9YGZ2.1	0.874	352	44	0	1	352	1	352	1.514E-210	640
P41590.1	P32309.1	0.869	354	46	0	1	352	1	354	2.075E-210	640
P41590.1	P87369.1	0.869	354	46	0	1	352	1	354	2.075E-210	640
P41590.1	P79848.1	0.863	354	48	0	1	352	1	354	9.094E-209	635
P41590.1	P79756.1	0.862	354	48	0	1	352	1	354	1.708E-208	634
P41590.1	Q9DGG4.1	0.864	353	48	0	1	352	1	353	2.340E-208	634
P41590.1	Q9YH05.1	0.864	353	48	0	1	352	1	353	3.207E-208	634
P41590.1	Q90215.1	0.860	352	49	0	1	352	1	352	1.406E-206	629
P41590.1	Q9YGZ6.1	0.856	353	51	0	1	352	1	353	3.617E-206	628
P41590.1	Q9YGZ8.1	0.854	353	51	0	1	352	1	353	1.747E-205	626
P41590.1	P79898.1	0.854	352	51	0	1	352	1	351	6.161E-205	624
P41590.1	Q90214.1	0.854	352	51	0	1	352	1	352	6.161E-205	624
P41590.1	O42604.1	0.847	354	54	0	1	352	1	354	4.078E-204	622
P41590.1	P79812.1	0.851	352	52	0	1	352	1	351	5.589E-204	621
P41590.1	Q9YGZ5.1	0.848	353	53	0	1	352	1	353	1.438E-203	620
P41590.1	P79807.1	0.854	349	51	0	4	352	1	349	6.947E-203	618
P41590.1	P79808.1	0.853	349	51	0	4	352	1	348	1.304E-202	617
P41590.1	P79798.1	0.852	349	52	0	4	352	1	349	1.787E-202	617
P41590.1	P79901.1	0.852	349	51	0	4	352	1	348	2.449E-202	617
P41590.1	P79914.1	0.850	349	52	0	4	352	1	348	8.635E-202	615
P41590.1	P79902.1	0.848	349	53	0	4	352	1	348	2.222E-201	614
P41590.1	O13227.1	0.837	352	57	0	1	352	1	350	7.104E-200	610
P41590.1	P79903.1	0.841	349	55	0	4	352	1	347	3.432E-199	608
P41590.1	P79911.1	0.838	349	56	0	4	352	1	347	1.658E-198	606
P41590.1	P79809.1	0.833	349	58	0	4	352	1	347	5.301E-197	601
P41590.1	O93459.1	0.819	348	63	0	1	348	1	348	2.373E-192	588
P41590.1	O62796.1	0.822	346	61	0	1	346	1	345	4.455E-192	587
P41590.1	Q769E8.1	0.822	346	61	0	1	346	1	345	4.455E-192	587
P41590.1	P22328.1	0.809	352	67	0	1	352	1	351	8.364E-192	586
P41590.1	Q95KU1.1	0.820	346	62	0	1	346	1	345	1.570E-191	586
P41590.1	P52202.1	0.808	352	67	0	1	352	1	352	2.152E-191	585
P41590.1	P02699.1	0.819	346	62	0	1	346	1	345	2.948E-191	585
P41590.1	P56515.1	0.802	354	69	0	1	352	1	354	5.535E-191	584
P41590.1	P49912.1	0.818	346	63	0	1	346	1	345	7.584E-191	584
P41590.1	P32308.1	0.817	346	63	0	1	346	1	345	1.424E-190	583
P41590.1	O18766.1	0.815	346	64	0	1	346	1	345	3.663E-190	582
P41590.1	P56516.1	0.799	354	71	0	1	352	1	354	3.663E-190	582
P41590.1	P51470.1	0.799	354	71	0	1	352	1	354	3.663E-190	582
P41590.1	Q68J47.1	0.814	346	64	0	1	346	1	345	6.877E-190	581
P41590.1	P56514.1	0.798	354	71	0	1	352	1	354	9.423E-190	580
P41590.1	Q8HY69.2	0.813	346	64	0	1	346	1	345	1.291E-189	580
P41590.1	P15409.2	0.813	346	64	0	1	346	1	345	1.769E-189	580
P41590.1	O93441.1	0.797	354	71	0	1	352	1	354	1.769E-189	580
P41590.1	Q90245.1	0.796	354	72	0	1	352	1	354	3.321E-189	579
P41590.1	P31355.1	0.796	354	72	0	1	352	1	354	4.551E-189	578
P41590.1	P28681.1	0.811	346	65	0	1	346	1	345	6.236E-189	578
P41590.1	Q28886.1	0.810	346	65	0	1	346	1	345	1.171E-188	577
P41590.1	O62794.1	0.809	346	66	0	1	346	1	345	3.011E-188	576
P41590.1	P08100.1	0.809	346	66	0	1	346	1	345	3.011E-188	576
P41590.1	P79863.1	0.805	348	68	0	1	348	1	348	3.011E-188	576
P41590.1	P51489.1	0.808	346	66	0	1	346	1	345	5.654E-188	575
P41590.1	P02700.2	0.807	346	66	0	1	346	1	345	7.747E-188	575
P41590.1	O62791.1	0.807	346	66	0	1	346	1	345	1.061E-187	574
P41590.1	Q6W3E1.1	0.805	346	67	0	1	346	1	345	2.730E-187	573
P41590.1	O62798.1	0.804	346	67	0	1	346	1	345	7.023E-187	572
P41590.1	O62795.1	0.803	346	68	0	1	346	1	345	9.623E-187	572
P41590.1	O62792.1	0.801	346	68	0	1	346	1	345	4.647E-186	570
P41590.1	P29403.1	0.785	354	75	0	1	352	1	354	6.367E-186	569
P41590.1	P41591.1	0.785	352	75	0	1	352	1	352	5.773E-185	567
P41590.1	O62793.1	0.796	346	70	0	1	346	1	345	1.084E-184	566
P41590.1	P22671.1	0.776	353	79	0	1	352	1	353	6.500E-183	561
P41590.1	Q98980.1	0.774	353	79	0	1	352	1	353	4.300E-182	558
P41590.1	P28683.1	0.713	355	101	0	1	352	1	355	2.069E-165	510
P41590.1	P51471.1	0.710	355	102	0	1	352	1	355	1.368E-164	508
P41590.1	P35357.1	0.715	349	99	0	1	348	1	349	5.977E-163	503
P41590.1	Q8AYM7.1	0.711	347	100	0	1	347	1	347	4.901E-161	497
P41590.1	Q9W6A6.2	0.706	347	102	0	1	347	1	347	2.141E-159	493
P41590.1	P32311.1	0.699	347	104	0	1	347	1	347	1.281E-157	488
P41590.1	P32312.1	0.693	347	106	0	1	347	1	347	1.050E-155	482
P41590.1	P51474.1	0.675	352	114	0	1	352	4	354	5.682E-153	474
P41590.1	Q8AYM8.1	0.680	347	111	0	1	347	1	347	3.754E-152	472
P41590.1	Q9W6A5.2	0.675	347	112	0	1	347	1	347	1.196E-150	467
P41590.1	P51472.1	0.540	340	155	0	9	346	12	351	1.483E-109	349
P41590.1	P28682.1	0.533	342	158	0	9	348	14	355	1.827E-108	346
P41590.1	P32310.1	0.526	339	159	0	8	346	12	347	2.494E-105	336
P41590.1	P87365.1	0.515	336	161	0	11	346	17	349	1.630E-101	325
P41590.1	Q9W6A8.1	0.520	330	155	0	22	351	29	352	1.071E-100	323
P41590.1	P51473.1	0.496	344	171	0	9	352	7	347	1.183E-98	317
P41590.1	P51475.1	0.537	305	140	0	23	327	16	319	1.305E-96	311
P41590.1	O57605.1	0.483	348	176	0	1	348	1	341	3.341E-96	310
P41590.1	P28684.1	0.502	331	163	0	18	348	13	341	4.572E-96	310
P41590.1	P51476.1	0.535	305	141	0	23	327	18	321	4.572E-96	310
P41590.1	O13092.1	0.499	326	161	0	23	348	21	343	9.425E-94	303
P41590.1	P03999.2	0.497	326	162	0	23	348	17	339	2.413E-93	302
P41590.1	P60015.1	0.497	326	162	0	23	348	20	342	2.413E-93	302
P41590.1	P51491.1	0.469	348	180	0	1	348	1	340	2.960E-92	299
P41590.1	P04001.1	0.463	351	184	0	2	352	21	364	2.654E-91	296
P41590.1	P04000.2	0.460	351	185	0	2	352	21	364	1.738E-90	293
P41590.1	O18913.2	0.459	351	186	0	2	352	21	364	4.449E-90	292
P41590.1	Q63652.2	0.460	348	183	0	1	348	1	340	1.557E-89	291
P41590.1	O18914.2	0.458	349	185	0	4	352	23	364	2.130E-89	290
P41590.1	Q9BGI7.1	0.457	349	185	0	4	352	23	364	3.985E-89	289
P41590.1	Q9R024.1	0.454	351	187	0	2	352	21	364	1.020E-88	288
P41590.1	P51490.1	0.479	326	168	0	23	348	21	343	1.395E-88	288
P41590.1	O35478.2	0.453	351	188	0	2	352	21	364	1.395E-88	288
P41590.1	O18912.2	0.453	351	188	0	2	352	21	364	1.908E-88	287
P41590.1	Q95170.1	0.455	349	186	0	4	352	23	364	1.908E-88	287
P41590.1	P87368.1	0.463	339	177	0	6	344	2	331	4.881E-88	286
P41590.1	O18910.2	0.448	351	189	0	2	352	21	364	4.369E-87	284
P41590.1	P34989.1	0.454	344	183	0	2	345	14	350	8.172E-87	283
P41590.1	Q9W6A9.2	0.461	337	177	0	11	347	6	335	1.118E-86	282
P41590.1	Q90309.1	0.472	326	169	0	22	347	15	335	1.118E-86	282
P41590.1	O35476.2	0.445	351	190	0	2	352	16	359	3.909E-86	281
P41590.1	P35358.1	0.446	349	190	0	4	352	22	365	7.312E-86	280
P41590.1	P41592.1	0.461	332	177	0	21	352	40	369	2.557E-85	278
P41590.1	O35599.1	0.441	351	192	0	2	352	16	359	4.782E-85	278
P41590.1	P22329.1	0.457	332	178	0	21	352	34	362	3.127E-84	275
P41590.1	P87367.1	0.443	343	186	0	4	346	20	354	1.495E-83	273
P41590.1	O12948.1	0.436	349	193	0	4	352	22	365	3.821E-83	272
P41590.1	Q9W6A7.1	0.452	326	175	0	21	346	34	354	2.230E-81	267
P41590.1	P22332.2	0.450	326	176	0	21	346	34	354	7.791E-81	265
P41590.1	P32313.1	0.449	326	176	0	21	346	34	354	1.456E-80	265
P41590.1	Q8AYN0.1	0.449	326	176	0	21	346	33	353	1.991E-80	264
P41590.1	O42490.1	0.463	310	164	0	14	323	25	331	1.300E-79	262
P41590.1	P22331.1	0.428	343	190	0	5	347	20	353	3.320E-79	261
P41590.1	P22330.1	0.424	343	192	0	5	347	22	355	2.961E-78	258
P41590.1	O18911.1	0.477	273	142	0	32	304	1	273	3.760E-72	240
O62792.1	O62792.1	0.966	348	12	0	1	348	1	348	1.418E-234	709
O62792.1	O62798.1	0.955	348	16	0	1	348	1	348	1.993E-231	700
O62792.1	O62791.1	0.950	348	17	0	1	348	1	348	4.657E-230	696
O62792.1	O62793.1	0.931	348	24	0	1	348	1	348	1.901E-224	680
O62792.1	O18766.1	0.930	348	24	0	1	348	1	348	3.571E-224	679
O62792.1	Q95KU1.1	0.928	348	25	0	1	348	1	348	1.259E-223	678
O62792.1	P32308.1	0.921	348	27	0	1	348	1	348	1.422E-221	672
O62792.1	P49912.1	0.916	348	29	0	1	348	1	348	2.423E-220	668
O62792.1	P02699.1	0.914	348	30	0	1	348	1	348	8.547E-220	667
O62792.1	O62794.1	0.913	348	30	0	1	348	1	348	2.200E-219	666
O62792.1	Q28886.1	0.912	348	31	0	1	348	1	348	3.014E-219	665
O62792.1	O62795.1	0.912	348	31	0	1	348	1	348	3.014E-219	665
O62792.1	P08100.1	0.912	348	31	0	1	348	1	348	4.131E-219	665
O62792.1	P02700.2	0.911	348	31	0	1	348	1	348	7.757E-219	664
O62792.1	Q769E8.1	0.911	348	31	0	1	348	1	348	1.063E-218	664
O62792.1	P15409.2	0.911	348	31	0	1	348	1	348	1.063E-218	664
O62792.1	O62796.1	0.910	348	31	0	1	348	1	348	1.457E-218	663
O62792.1	Q68J47.1	0.910	348	31	0	1	348	1	348	1.996E-218	663
O62792.1	P28681.1	0.910	348	31	0	1	348	1	348	1.996E-218	663
O62792.1	P51489.1	0.905	348	33	0	1	348	1	348	3.402E-217	659
O62792.1	Q6W3E1.1	0.900	348	35	0	1	348	1	348	1.492E-215	655
O62792.1	Q8HY69.2	0.875	348	43	0	1	348	1	348	1.945E-208	634
O62792.1	P22328.1	0.867	345	45	0	1	345	1	343	2.476E-204	622
O62792.1	P52202.1	0.864	345	47	0	1	345	1	344	1.639E-203	620
O62792.1	Q90245.1	0.861	346	48	0	1	345	1	346	3.078E-203	619
O62792.1	P56515.1	0.852	346	51	0	1	345	1	346	8.930E-201	612
O62792.1	P51470.1	0.832	354	58	0	1	348	1	354	1.110E-199	609
O62792.1	P31355.1	0.831	354	59	0	1	348	1	354	1.521E-199	608
O62792.1	P56516.1	0.827	354	60	0	1	348	1	354	2.591E-198	605
O62792.1	P56514.1	0.843	346	54	0	1	345	1	346	3.550E-198	604
O62792.1	P29403.1	0.841	346	55	0	1	345	1	346	1.252E-197	603
O62792.1	P41591.1	0.828	352	60	0	1	348	1	352	2.350E-197	602
O62792.1	Q90214.1	0.837	346	56	0	1	345	1	346	1.556E-196	600
O62792.1	Q90215.1	0.836	346	56	0	1	345	1	346	5.484E-196	598
O62792.1	O13227.1	0.836	345	56	0	1	345	1	344	1.933E-195	597
O62792.1	O93459.1	0.815	354	64	0	1	348	1	354	6.816E-195	595
O62792.1	P22671.1	0.830	345	58	0	1	345	1	345	6.182E-194	592
O62792.1	O93441.1	0.823	346	61	0	1	345	1	346	2.708E-192	587
O62792.1	P35359.2	0.821	346	62	0	1	345	1	346	9.547E-192	586
O62792.1	Q98980.1	0.806	353	67	0	1	348	1	353	1.308E-191	586
O62792.1	Q9YH05.1	0.814	345	64	0	1	345	1	345	3.792E-189	578
O62792.1	P79863.1	0.793	354	72	0	1	348	1	354	1.832E-188	576
O62792.1	Q9YGZ0.1	0.808	345	66	0	1	345	1	345	1.661E-187	574
O62792.1	P51488.1	0.806	346	67	0	1	345	1	346	1.661E-187	574
O62792.1	P32309.1	0.803	346	68	0	1	345	1	346	1.099E-186	571
O62792.1	Q9DGG4.1	0.804	345	67	0	1	345	1	345	2.064E-186	571
O62792.1	Q9YGZ6.1	0.802	345	68	0	1	345	1	345	9.966E-186	569
O62792.1	O42604.1	0.799	346	69	0	1	345	1	346	1.366E-185	568
O62792.1	P41590.1	0.797	346	70	0	1	345	1	346	4.813E-185	567
O62792.1	P87369.1	0.795	346	71	0	1	345	1	346	1.696E-184	565
O62792.1	P79848.1	0.794	346	71	0	1	345	1	346	3.185E-184	564
O62792.1	Q9YGZ8.1	0.795	345	71	0	1	345	1	345	5.979E-184	563
O62792.1	Q9YGZ5.1	0.794	345	71	0	1	345	1	345	1.123E-183	563
O62792.1	Q9YGZ3.1	0.792	346	72	0	1	345	1	346	1.538E-183	562
O62792.1	P79756.1	0.788	346	73	0	1	345	1	346	1.394E-182	559
O62792.1	Q9YGZ2.1	0.788	345	73	0	1	345	1	344	9.226E-182	557
O62792.1	Q9YGY9.1	0.785	345	74	0	1	345	1	344	4.455E-181	555
O62792.1	P79898.1	0.778	345	76	0	1	345	1	345	5.016E-179	549
O62792.1	P79812.1	0.776	345	77	0	1	345	1	345	1.290E-178	548
O62792.1	P79807.1	0.767	349	80	0	4	348	1	349	3.319E-178	547
O62792.1	P79798.1	0.766	349	80	0	4	348	1	349	6.230E-178	546
O62792.1	P79901.1	0.776	342	76	0	4	345	1	342	7.737E-177	543
O62792.1	P79808.1	0.775	342	77	0	4	345	1	342	1.452E-176	542
O62792.1	P79914.1	0.774	342	77	0	4	345	1	342	3.735E-176	541
O62792.1	P79902.1	0.770	342	78	0	4	345	1	342	4.639E-175	538
O62792.1	P79911.1	0.767	342	79	0	4	345	1	341	2.239E-174	536
O62792.1	P79903.1	0.765	342	80	0	4	345	1	341	7.891E-174	534
O62792.1	P79809.1	0.764	342	80	0	4	345	1	341	1.481E-173	533
O62792.1	P35357.1	0.732	355	93	0	1	348	1	355	4.286E-171	526
O62792.1	P28683.1	0.729	355	94	0	1	348	1	355	3.884E-170	524
O62792.1	Q9W6A6.2	0.732	349	93	0	1	348	1	349	4.368E-168	518
O62792.1	P32311.1	0.731	349	93	0	1	348	1	349	1.123E-167	516
O62792.1	P51471.1	0.720	355	97	0	1	348	1	355	1.123E-167	516
O62792.1	Q8AYM7.1	0.724	349	96	0	1	348	1	349	1.263E-165	511
O62792.1	P32312.1	0.723	349	96	0	1	348	1	349	2.370E-165	510
O62792.1	P51474.1	0.709	345	100	0	1	345	4	348	2.456E-159	492
O62792.1	Q8AYM8.1	0.693	349	107	0	1	348	1	349	7.091E-157	485
O62792.1	Q9W6A5.2	0.686	349	109	0	1	348	1	349	7.962E-155	479
O62792.1	P28682.1	0.559	349	150	0	8	348	13	361	3.204E-118	374
O62792.1	P51472.1	0.552	343	152	0	8	347	11	353	3.969E-114	362
O62792.1	P32310.1	0.542	340	155	0	8	347	10	349	1.911E-110	351
O62792.1	P87365.1	0.536	340	157	0	8	347	12	351	1.550E-108	346
O62792.1	Q9W6A8.1	0.523	340	162	0	8	347	13	352	3.970E-105	336
O62792.1	P51473.1	0.493	345	174	0	5	348	3	347	3.533E-98	316
O62792.1	P28684.1	0.493	338	169	0	8	345	6	339	3.900E-96	310
O62792.1	O57605.1	0.482	345	175	0	1	345	1	339	3.502E-95	307
O62792.1	P51475.1	0.518	312	149	0	23	334	16	326	3.143E-94	304
O62792.1	P51491.1	0.476	345	177	0	1	345	1	338	2.820E-93	301
O62792.1	P51476.1	0.517	307	147	0	23	329	18	323	1.849E-92	299
O62792.1	O13092.1	0.475	341	176	0	5	345	6	341	4.735E-92	298
O62792.1	P03999.2	0.479	337	172	0	9	345	6	337	6.478E-92	297
O62792.1	P60015.1	0.479	337	172	0	9	345	9	340	6.478E-92	297
O62792.1	Q63652.2	0.467	345	180	0	1	345	1	338	5.809E-91	295
O62792.1	Q90309.1	0.488	324	163	0	22	345	15	334	2.034E-90	293
O62792.1	Q9W6A9.2	0.464	335	176	0	11	345	6	334	5.121E-87	283
O62792.1	P51490.1	0.475	323	168	0	23	345	21	341	1.310E-86	282
O62792.1	P87368.1	0.453	338	180	0	6	343	2	331	5.611E-85	277
O62792.1	P04001.1	0.436	344	190	0	2	345	21	358	7.501E-82	268
O62792.1	P35358.1	0.437	342	189	0	4	345	22	357	1.402E-81	267
O62792.1	O18910.2	0.434	344	191	0	2	345	21	358	3.585E-81	266
O62792.1	O18913.2	0.433	344	191	0	2	345	21	358	4.902E-81	266
O62792.1	O18912.2	0.433	344	191	0	2	345	21	358	4.902E-81	266
O62792.1	Q9BGI7.1	0.435	342	189	0	4	345	23	358	4.902E-81	266
O62792.1	O18914.2	0.435	342	189	0	4	345	23	358	6.702E-81	265
O62792.1	P04000.2	0.432	344	191	0	2	345	21	358	9.163E-81	265
O62792.1	P34989.1	0.433	342	190	0	2	343	14	349	1.713E-80	264
O62792.1	O35476.2	0.431	344	192	0	2	345	16	353	1.713E-80	264
O62792.1	Q95170.1	0.433	342	190	0	4	345	23	358	2.342E-80	264
O62792.1	O42490.1	0.473	304	158	0	20	323	31	331	2.342E-80	264
O62792.1	P87367.1	0.428	345	193	0	4	348	20	357	8.183E-80	262
O62792.1	O35478.2	0.429	344	192	0	2	345	21	358	8.183E-80	262
O62792.1	O35599.1	0.428	344	193	0	2	345	16	353	1.119E-79	262
O62792.1	Q9R024.1	0.425	344	194	0	2	345	21	358	7.304E-79	259
O62792.1	Q9W6A7.1	0.431	335	186	0	14	348	30	357	3.487E-78	258
O62792.1	Q8AYN0.1	0.431	335	186	0	14	348	29	356	4.767E-78	257
O62792.1	P41592.1	0.433	332	184	0	14	345	36	361	6.517E-78	257
O62792.1	O12948.1	0.431	332	185	0	14	345	32	357	3.110E-77	255
O62792.1	P22332.2	0.427	335	187	0	14	348	30	357	5.811E-77	254
O62792.1	P22329.1	0.430	332	185	0	14	345	30	354	5.811E-77	254
O62792.1	P32313.1	0.425	335	188	0	14	348	30	357	1.484E-76	253
O62792.1	P22331.1	0.449	298	164	0	21	318	32	329	6.830E-73	242
O62792.1	P22330.1	0.448	298	164	0	21	318	34	331	1.743E-72	241
O62792.1	O18911.1	0.455	273	148	0	32	304	1	273	3.350E-67	226
P32308.1	P32308.1	0.972	348	10	0	1	348	1	348	3.232E-236	714
P32308.1	Q95KU1.1	0.957	348	15	0	1	348	1	348	4.124E-232	702
P32308.1	O62794.1	0.952	348	17	0	1	348	1	348	1.320E-230	698
P32308.1	P49912.1	0.948	348	18	0	1	348	1	348	2.251E-229	694
P32308.1	Q28886.1	0.948	348	18	0	1	348	1	348	2.251E-229	694
P32308.1	O62795.1	0.947	348	18	0	1	348	1	348	4.228E-229	694
P32308.1	P08100.1	0.947	348	18	0	1	348	1	348	4.228E-229	694
P32308.1	O18766.1	0.947	348	18	0	1	348	1	348	4.228E-229	694
P32308.1	O62796.1	0.946	348	19	0	1	348	1	348	5.794E-229	693
P32308.1	P15409.2	0.944	348	19	0	1	348	1	348	2.044E-228	692
P32308.1	P28681.1	0.940	348	21	0	1	348	1	348	3.484E-227	688
P32308.1	P02700.2	0.940	348	21	0	1	348	1	348	4.774E-227	688
P32308.1	P51489.1	0.939	348	21	0	1	348	1	348	6.543E-227	687
P32308.1	Q769E8.1	0.939	348	21	0	1	348	1	348	6.543E-227	687
P32308.1	O62791.1	0.935	348	23	0	1	348	1	348	1.115E-225	684
P32308.1	P02699.1	0.933	348	23	0	1	348	1	348	3.934E-225	682
P32308.1	Q68J47.1	0.933	348	23	0	1	348	1	348	5.391E-225	682
P32308.1	Q6W3E1.1	0.931	348	24	0	1	348	1	348	1.901E-224	680
P32308.1	O62798.1	0.925	348	26	0	1	348	1	348	6.087E-223	676
P32308.1	O62792.1	0.923	348	27	0	1	348	1	348	2.147E-222	674
P32308.1	O62793.1	0.919	348	28	0	1	348	1	348	5.014E-221	670
P32308.1	Q8HY69.2	0.907	348	32	0	1	348	1	348	9.647E-218	661
P32308.1	P52202.1	0.896	345	36	0	1	345	1	344	1.115E-212	646
P32308.1	P22328.1	0.882	351	41	0	1	348	1	351	1.528E-212	646
P32308.1	Q90245.1	0.883	346	40	0	1	345	1	346	1.565E-209	637
P32308.1	P56515.1	0.881	346	41	0	1	345	1	346	5.517E-209	636
P32308.1	P51470.1	0.859	354	49	0	1	348	1	354	1.288E-207	632
P32308.1	P31355.1	0.859	354	49	0	1	348	1	354	1.765E-207	631
P32308.1	P56516.1	0.856	354	50	0	1	348	1	354	1.169E-206	629
P32308.1	P56514.1	0.870	346	45	0	1	345	1	346	1.060E-205	626
P32308.1	P29403.1	0.869	346	45	0	1	345	1	346	1.991E-205	625
P32308.1	P22671.1	0.860	345	48	0	1	345	1	345	2.792E-202	616
P32308.1	P41591.1	0.858	345	49	0	1	345	1	344	7.184E-202	615
P32308.1	Q90215.1	0.855	346	50	0	1	345	1	346	1.848E-201	614
P32308.1	O93459.1	0.837	354	57	0	1	348	1	354	3.471E-201	613
P32308.1	Q90214.1	0.852	346	51	0	1	345	1	346	1.224E-200	612
P32308.1	Q98980.1	0.832	353	58	0	1	348	1	353	2.856E-199	608
P32308.1	O13227.1	0.848	345	52	0	1	345	1	344	5.363E-199	607
P32308.1	P35359.2	0.845	346	53	0	1	345	1	346	1.007E-198	606
P32308.1	P79863.1	0.820	354	62	0	1	348	1	354	2.921E-196	599
P32308.1	O93441.1	0.833	346	57	0	1	345	1	346	2.649E-195	596
P32308.1	P51488.1	0.828	346	59	0	1	345	1	346	6.182E-194	592
P32308.1	Q9YH05.1	0.828	345	59	0	1	345	1	345	4.092E-193	590
P32308.1	Q9YGZ0.1	0.822	345	61	0	1	345	1	345	1.308E-191	586
P32308.1	P32309.1	0.820	346	62	0	1	345	1	346	1.793E-191	585
P32308.1	O42604.1	0.818	346	63	0	1	345	1	346	4.612E-191	584
P32308.1	P41590.1	0.816	346	63	0	1	345	1	346	2.227E-190	582
P32308.1	Q9YGZ6.1	0.817	345	63	0	1	345	1	345	3.052E-190	582
P32308.1	Q9DGG4.1	0.816	345	63	0	1	345	1	345	5.730E-190	581
P32308.1	Q9YGZ8.1	0.814	345	64	0	1	345	1	345	3.792E-189	578
P32308.1	P79848.1	0.810	346	65	0	1	345	1	346	9.756E-189	577
P32308.1	Q9YGZ2.1	0.812	345	64	0	1	345	1	344	1.337E-188	577
P32308.1	P87369.1	0.810	346	65	0	1	345	1	346	1.337E-188	577
P32308.1	Q9YGY9.1	0.809	345	66	0	1	345	1	344	6.457E-188	575
P32308.1	Q9YGZ3.1	0.804	346	67	0	1	345	1	346	5.855E-187	572
P32308.1	P79756.1	0.803	346	68	0	1	345	1	346	8.022E-187	572
P32308.1	Q9YGZ5.1	0.803	345	68	0	1	345	1	345	2.828E-186	570
P32308.1	P79812.1	0.796	345	70	0	1	345	1	345	4.364E-184	564
P32308.1	P79898.1	0.794	345	71	0	1	345	1	345	1.123E-183	563
P32308.1	P79901.1	0.797	342	69	0	4	345	1	342	1.018E-182	560
P32308.1	P79807.1	0.795	342	70	0	4	345	1	341	2.618E-182	559
P32308.1	P79798.1	0.794	342	70	0	4	345	1	341	4.915E-182	558
P32308.1	P79808.1	0.794	342	70	0	4	345	1	342	6.734E-182	557
P32308.1	P79914.1	0.790	342	72	0	4	345	1	342	1.146E-180	554
P32308.1	P79902.1	0.789	342	72	0	4	345	1	342	1.570E-180	554
P32308.1	P79911.1	0.783	342	74	0	4	345	1	341	9.417E-179	548
P32308.1	P79903.1	0.781	342	74	0	4	345	1	341	3.319E-178	547
P32308.1	P79809.1	0.780	342	75	0	4	345	1	341	6.230E-178	546
P32308.1	P28683.1	0.764	347	81	0	1	345	1	347	3.735E-176	541
P32308.1	P35357.1	0.748	355	87	0	1	348	1	355	9.608E-176	540
P32308.1	P51471.1	0.745	355	88	0	1	348	1	355	8.707E-175	537
P32308.1	P32311.1	0.754	349	85	0	1	348	1	349	2.239E-174	536
P32308.1	Q9W6A6.2	0.751	349	86	0	1	348	1	349	2.030E-173	533
P32308.1	Q8AYM7.1	0.746	349	88	0	1	348	1	349	4.730E-172	529
P32308.1	P32312.1	0.743	349	89	0	1	348	1	349	4.286E-171	526
P32308.1	P51474.1	0.726	345	94	0	1	345	4	348	2.147E-164	507
P32308.1	Q8AYM8.1	0.718	349	98	0	1	348	1	349	5.521E-164	506
P32308.1	Q9W6A5.2	0.710	349	101	0	1	348	1	349	1.165E-161	499
P32308.1	P28682.1	0.567	341	146	0	8	345	13	353	1.541E-117	372
P32308.1	P51472.1	0.556	343	151	0	8	347	11	353	3.216E-115	365
P32308.1	P32310.1	0.545	340	154	0	8	347	10	349	2.905E-111	353
P32308.1	P87365.1	0.536	340	157	0	8	347	12	351	1.550E-108	346
P32308.1	Q9W6A8.1	0.530	340	159	0	8	347	13	352	6.708E-107	341
P32308.1	P51473.1	0.503	345	170	0	5	348	3	347	6.660E-101	323
P32308.1	O57605.1	0.498	345	170	0	1	345	1	339	1.121E-99	320
P32308.1	P28684.1	0.505	338	165	0	8	345	6	339	2.873E-99	319
P32308.1	P51475.1	0.528	312	146	0	23	334	16	326	8.131E-97	312
P32308.1	P51491.1	0.486	345	173	0	1	345	1	338	2.850E-96	310
P32308.1	O13092.1	0.491	341	171	0	5	345	6	341	2.850E-96	310
P32308.1	P03999.2	0.492	337	168	0	9	345	6	337	1.870E-95	308
P32308.1	P60015.1	0.492	337	168	0	9	345	9	340	1.870E-95	308
P32308.1	P51476.1	0.486	342	172	0	1	342	1	336	2.559E-95	307
P32308.1	Q63652.2	0.478	345	176	0	1	345	1	338	8.049E-94	303
P32308.1	Q90309.1	0.484	333	168	0	13	345	8	334	6.478E-92	297
P32308.1	Q9W6A9.2	0.479	335	171	0	11	345	6	334	4.246E-91	295
P32308.1	P51490.1	0.475	336	174	0	10	345	10	341	1.487E-90	293
P32308.1	P87368.1	0.464	338	176	0	6	343	2	331	5.718E-88	286
P32308.1	Q9BGI7.1	0.456	342	182	0	4	345	23	358	7.004E-87	283
P32308.1	O18914.2	0.455	342	183	0	4	345	23	358	9.580E-87	282
P32308.1	P04001.1	0.453	344	184	0	2	345	21	358	1.310E-86	282
P32308.1	O18912.2	0.452	344	185	0	2	345	21	358	2.451E-86	281
P32308.1	Q95170.1	0.454	342	183	0	4	345	23	358	3.352E-86	281
P32308.1	O18913.2	0.450	344	185	0	2	345	21	358	1.173E-85	279
P32308.1	P35358.1	0.452	342	184	0	4	345	22	357	1.173E-85	279
P32308.1	O18910.2	0.449	344	186	0	2	345	21	358	1.604E-85	279
P32308.1	P04000.2	0.449	344	186	0	2	345	21	358	2.194E-85	278
P32308.1	P34989.1	0.450	342	184	0	2	343	14	349	4.103E-85	278
P32308.1	O35478.2	0.447	344	186	0	2	345	21	358	7.674E-85	277
P32308.1	O35476.2	0.446	344	187	0	2	345	16	353	1.435E-84	276
P32308.1	P87367.1	0.444	345	187	0	4	348	20	357	1.963E-84	276
P32308.1	O35599.1	0.443	344	188	0	2	345	16	353	9.387E-84	274
P32308.1	Q9R024.1	0.443	344	188	0	2	345	21	358	9.387E-84	274
P32308.1	O42490.1	0.485	305	155	0	19	323	30	331	1.284E-83	273
P32308.1	Q9W6A7.1	0.446	335	181	0	14	348	30	357	4.012E-82	269
P32308.1	P41592.1	0.449	332	179	0	14	345	36	361	4.012E-82	269
P32308.1	P22329.1	0.448	332	179	0	14	345	30	354	5.486E-82	269
P32308.1	Q8AYN0.1	0.445	335	181	0	14	348	29	356	7.501E-82	268
P32308.1	O12948.1	0.437	342	189	0	4	345	22	357	1.918E-81	267
P32308.1	P22332.2	0.443	335	182	0	14	348	30	357	2.622E-81	267
P32308.1	P32313.1	0.437	340	187	0	9	348	25	357	3.585E-81	266
P32308.1	P22330.1	0.441	323	178	0	21	343	34	352	1.665E-77	256
P32308.1	P22331.1	0.439	323	178	0	21	343	32	350	5.811E-77	254
P32308.1	O18911.1	0.473	273	143	0	32	304	1	273	2.117E-71	238
P35359.2	P35359.2	0.977	354	8	0	1	354	1	354	5.580E-242	731
P35359.2	P51488.1	0.939	354	22	0	1	354	1	354	9.305E-231	699
P35359.2	P32309.1	0.925	354	26	0	1	354	1	354	1.186E-226	687
P35359.2	Q9DGG4.1	0.889	354	39	0	1	354	1	353	4.078E-216	657
P35359.2	P87369.1	0.885	354	41	0	1	354	1	354	5.071E-215	653
P35359.2	P79848.1	0.882	354	42	0	1	354	1	354	2.450E-214	651
P35359.2	Q9YGZ3.1	0.881	354	42	0	1	354	1	354	6.305E-214	650
P35359.2	O42604.1	0.879	354	43	0	1	354	1	354	3.046E-213	648
P35359.2	Q9YGZ6.1	0.877	354	43	0	1	354	1	353	1.074E-212	647
P35359.2	P41590.1	0.875	354	44	0	1	354	1	352	5.190E-212	645
P35359.2	P79756.1	0.874	354	44	0	1	354	1	354	7.112E-212	644
P35359.2	Q9YGY9.1	0.873	354	45	0	1	354	1	352	1.336E-211	644
P35359.2	Q9YH05.1	0.872	354	45	0	1	354	1	353	3.436E-211	642
P35359.2	Q9YGZ8.1	0.871	354	45	0	1	354	1	353	4.709E-211	642
P35359.2	Q9YGZ2.1	0.871	354	45	0	1	354	1	352	6.453E-211	642
P35359.2	Q9YGZ0.1	0.868	354	46	0	1	354	1	351	4.272E-210	639
P35359.2	Q90214.1	0.863	354	48	0	1	354	1	352	1.367E-208	635
P35359.2	Q90215.1	0.862	354	48	0	1	354	1	352	1.873E-208	634
P35359.2	Q9YGZ5.1	0.861	354	49	0	1	354	1	353	3.516E-208	634
P35359.2	O13227.1	0.850	354	52	0	1	354	1	350	6.754E-205	624
P35359.2	P79807.1	0.854	351	51	0	4	354	1	349	4.471E-204	622
P35359.2	P79798.1	0.847	351	53	0	4	354	1	349	3.679E-202	616
P35359.2	P79898.1	0.840	354	56	0	1	354	1	351	6.908E-202	616
P35359.2	Q769E8.1	0.853	346	51	0	1	346	1	345	6.265E-201	613
P35359.2	P79901.1	0.838	351	56	0	4	354	1	348	2.003E-199	608
P35359.2	O62796.1	0.848	346	52	0	1	346	1	345	2.745E-199	608
P35359.2	P79812.1	0.829	354	60	0	1	354	1	351	7.062E-199	607
P35359.2	P79914.1	0.835	351	57	0	4	354	1	348	9.677E-199	606
P35359.2	Q95KU1.1	0.846	346	53	0	1	346	1	345	9.677E-199	606
P35359.2	P02699.1	0.845	346	53	0	1	346	1	345	1.817E-198	606
P35359.2	O93459.1	0.827	354	61	0	1	354	1	354	3.411E-198	605
P35359.2	P79808.1	0.831	351	59	0	4	354	1	348	1.203E-197	603
P35359.2	P32308.1	0.841	346	55	0	1	346	1	345	1.648E-197	603
P35359.2	P49912.1	0.841	346	55	0	1	346	1	345	2.258E-197	602
P35359.2	Q68J47.1	0.841	346	55	0	1	346	1	345	2.258E-197	602
P35359.2	P51489.1	0.840	346	55	0	1	346	1	345	3.094E-197	602
P35359.2	P79902.1	0.830	351	59	0	4	354	1	348	3.094E-197	602
P35359.2	P28681.1	0.839	346	55	0	1	346	1	345	5.809E-197	601
P35359.2	O18766.1	0.839	346	55	0	1	346	1	345	5.809E-197	601
P35359.2	P02700.2	0.837	346	56	0	1	346	1	345	2.806E-196	599
P35359.2	P51470.1	0.821	354	63	0	1	354	1	354	2.806E-196	599
P35359.2	Q6W3E1.1	0.836	346	56	0	1	346	1	345	7.218E-196	598
P35359.2	O62794.1	0.835	346	57	0	1	346	1	345	9.890E-196	598
P35359.2	P15409.2	0.835	346	57	0	1	346	1	345	9.890E-196	598
P35359.2	P08100.1	0.835	346	57	0	1	346	1	345	9.890E-196	598
P35359.2	P56515.1	0.819	354	64	0	1	354	1	354	9.890E-196	598
P35359.2	P22328.1	0.818	354	64	0	1	354	1	351	1.857E-195	597
P35359.2	Q28886.1	0.834	346	57	0	1	346	1	345	2.544E-195	597
P35359.2	O93441.1	0.817	354	65	0	1	354	1	354	2.544E-195	597
P35359.2	O62795.1	0.833	346	57	0	1	346	1	345	4.777E-195	596
P35359.2	P52202.1	0.816	354	65	0	1	354	1	352	4.777E-195	596
P35359.2	P79863.1	0.816	354	65	0	1	354	1	354	6.546E-195	595
P35359.2	P31355.1	0.816	354	65	0	1	354	1	354	6.546E-195	595
P35359.2	P29403.1	0.816	354	65	0	1	354	1	354	6.546E-195	595
P35359.2	Q90245.1	0.815	354	65	0	1	354	1	354	1.229E-194	595
P35359.2	P79809.1	0.820	351	62	0	4	354	1	347	2.307E-194	594
P35359.2	O62791.1	0.830	346	58	0	1	346	1	345	3.162E-194	593
P35359.2	P79903.1	0.819	351	63	0	4	354	1	347	5.936E-194	593
P35359.2	P56516.1	0.813	354	66	0	1	354	1	354	5.936E-194	593
P35359.2	P56514.1	0.812	354	66	0	1	354	1	354	1.114E-193	592
P35359.2	P79911.1	0.816	351	64	0	4	354	1	347	2.867E-193	591
P35359.2	O62798.1	0.822	346	61	0	1	346	1	345	6.687E-192	587
P35359.2	O62793.1	0.821	346	62	0	1	346	1	345	9.163E-192	586
P35359.2	O62792.1	0.820	346	62	0	1	346	1	345	2.357E-191	585
P35359.2	P41591.1	0.801	354	70	0	1	354	1	352	1.560E-190	583
P35359.2	Q8HY69.2	0.814	346	64	0	1	346	1	345	7.533E-190	581
P35359.2	Q98980.1	0.789	354	74	0	1	354	1	353	5.614E-187	572
P35359.2	P22671.1	0.788	354	75	0	1	354	1	353	7.691E-187	572
P35359.2	P28683.1	0.726	355	97	0	1	354	1	355	2.453E-169	522
P35359.2	P51471.1	0.716	355	100	0	1	354	1	355	2.497E-166	513
P35359.2	P35357.1	0.705	355	104	0	1	354	1	355	4.769E-163	503
P35359.2	Q9W6A6.2	0.710	347	100	0	1	347	1	347	1.377E-160	496
P35359.2	Q8AYM7.1	0.706	347	102	0	1	347	1	347	1.708E-159	493
P35359.2	P32311.1	0.698	347	104	0	1	347	1	347	2.626E-157	487
P35359.2	P32312.1	0.697	347	105	0	1	347	1	347	6.751E-157	486
P35359.2	Q9W6A5.2	0.685	347	109	0	1	347	1	347	1.762E-153	476
P35359.2	Q8AYM8.1	0.682	347	110	0	1	347	1	347	1.164E-152	473
P35359.2	P51474.1	0.662	354	118	0	1	354	4	354	6.295E-150	466
P35359.2	P28682.1	0.530	348	162	0	9	354	14	361	1.176E-109	349
P35359.2	P51472.1	0.530	340	158	0	9	346	12	351	8.570E-107	341
P35359.2	P32310.1	0.522	338	161	0	9	346	11	347	4.556E-104	333
P35359.2	P87365.1	0.502	338	167	0	9	346	13	349	2.398E-98	316
P35359.2	P51473.1	0.490	346	173	0	9	354	7	347	1.573E-97	314
P35359.2	Q9W6A8.1	0.514	325	156	0	22	346	29	350	1.573E-97	314
P35359.2	P51475.1	0.540	305	139	0	23	327	16	319	2.946E-97	313
P35359.2	O57605.1	0.496	336	168	0	18	353	13	346	4.949E-96	310
P35359.2	P51476.1	0.534	305	141	0	23	327	18	321	9.263E-96	309
P35359.2	P28684.1	0.492	336	169	0	18	353	13	346	6.074E-95	306
P35359.2	P51491.1	0.473	345	178	0	9	353	7	345	2.340E-92	299
P35359.2	O13092.1	0.467	349	182	0	5	353	6	348	8.194E-92	297
P35359.2	Q63652.2	0.467	345	180	0	9	353	7	345	7.343E-91	295
P35359.2	P03999.2	0.466	345	180	0	9	353	6	344	1.374E-90	294
P35359.2	P60015.1	0.466	345	180	0	9	353	9	347	1.374E-90	294
P35359.2	Q9BGI7.1	0.459	351	184	0	4	354	23	364	4.809E-90	292
P35359.2	Q95170.1	0.456	351	186	0	4	354	23	364	2.302E-89	290
P35359.2	O18914.2	0.454	351	186	0	4	354	23	364	8.056E-89	289
P35359.2	O18912.2	0.453	351	187	0	4	354	23	364	2.061E-88	287
P35359.2	P04001.1	0.452	351	187	0	4	354	23	364	3.855E-88	287
P35359.2	O18913.2	0.452	351	187	0	4	354	23	364	3.855E-88	287
P35359.2	P51490.1	0.472	331	173	0	23	353	21	348	5.273E-88	286
P35359.2	P35358.1	0.451	351	188	0	4	354	22	365	5.273E-88	286
P35359.2	P34989.1	0.456	342	182	0	4	345	16	350	8.825E-87	283
P35359.2	P04000.2	0.447	351	189	0	4	354	23	364	1.207E-86	282
P35359.2	Q9W6A9.2	0.457	340	180	0	8	347	3	335	2.257E-86	282
P35359.2	O35478.2	0.446	351	189	0	4	354	23	364	2.257E-86	282
P35359.2	O18910.2	0.444	351	190	0	4	354	23	364	5.772E-86	280
P35359.2	O12948.1	0.443	351	191	0	4	354	22	365	1.476E-85	279
P35359.2	O35476.2	0.442	351	190	0	4	354	18	359	2.018E-85	279
P35359.2	Q9R024.1	0.442	351	190	0	4	354	23	364	2.760E-85	278
P35359.2	P41592.1	0.441	351	192	0	4	354	26	369	7.058E-85	277
P35359.2	Q90309.1	0.464	326	172	0	22	347	15	335	1.805E-84	276
P35359.2	O35599.1	0.439	351	191	0	4	354	18	359	1.805E-84	276
P35359.2	P22329.1	0.439	351	192	0	4	354	20	362	1.805E-84	276
P35359.2	P87368.1	0.443	339	183	0	6	344	2	331	1.970E-82	270
P35359.2	P87367.1	0.439	343	187	0	4	346	20	354	1.970E-82	270
P35359.2	P22332.2	0.436	343	188	0	4	346	20	354	2.404E-81	267
P35359.2	Q8AYN0.1	0.435	343	189	0	4	346	19	353	4.494E-81	266
P35359.2	P32313.1	0.430	343	190	0	4	346	20	354	7.493E-80	263
P35359.2	Q9W6A7.1	0.444	326	178	0	21	346	34	354	4.889E-79	260
P35359.2	O42490.1	0.459	310	166	0	14	323	25	331	1.249E-78	259
P35359.2	P22331.1	0.417	344	195	0	4	347	18	353	1.852E-76	253
P35359.2	P22330.1	0.416	344	196	0	4	347	20	355	4.727E-76	252
P35359.2	O18911.1	0.499	269	134	0	35	303	4	272	1.206E-75	250
Q63652.2	Q63652.2	0.981	346	7	0	1	346	1	346	1.259E-237	718
Q63652.2	P51491.1	0.943	346	20	0	1	346	1	346	1.534E-226	686
Q63652.2	P51490.1	0.881	346	41	0	1	346	4	349	5.030E-209	636
Q63652.2	P03999.2	0.876	343	42	0	4	346	3	345	9.669E-206	626
Q63652.2	P60015.1	0.876	343	42	0	4	346	6	348	9.669E-206	626
Q63652.2	O13092.1	0.867	346	46	0	1	346	4	349	4.672E-205	624
Q63652.2	O57605.1	0.826	346	60	0	1	345	1	346	2.725E-193	590
Q63652.2	P28684.1	0.806	346	67	0	1	345	1	346	1.107E-187	574
Q63652.2	P51473.1	0.780	346	76	0	1	345	1	346	2.692E-180	553
Q63652.2	P87368.1	0.656	333	113	0	7	339	5	334	5.181E-139	434
Q63652.2	Q90309.1	0.652	332	114	0	8	339	6	335	1.648E-137	429
Q63652.2	Q9W6A9.2	0.649	330	115	0	10	339	8	335	7.182E-136	424
Q63652.2	P28682.1	0.508	349	167	0	5	345	12	360	1.155E-103	331
Q63652.2	P51472.1	0.507	347	167	0	4	342	9	355	1.039E-102	329
Q63652.2	P32310.1	0.507	343	166	0	5	342	9	351	1.751E-101	325
Q63652.2	P35357.1	0.517	332	158	0	18	345	23	354	8.408E-101	323
Q63652.2	P87365.1	0.503	341	169	0	5	345	11	351	1.034E-99	320
Q63652.2	P22671.1	0.497	346	171	0	5	345	7	352	1.034E-99	320
Q63652.2	Q9W6A8.1	0.514	331	160	0	12	342	24	354	1.416E-99	319
Q63652.2	P28683.1	0.487	354	176	0	1	345	1	354	2.651E-99	319
Q63652.2	P51471.1	0.510	332	160	0	18	345	23	354	6.795E-99	317
Q63652.2	Q98980.1	0.491	347	174	0	3	345	6	352	2.383E-98	316
Q63652.2	O93441.1	0.489	348	175	0	3	345	6	353	6.106E-98	315
Q63652.2	Q90245.1	0.482	353	178	0	1	345	1	353	1.143E-97	314
Q63652.2	P79863.1	0.484	348	176	0	3	345	6	353	1.406E-96	311
Q63652.2	Q8HY69.2	0.487	345	173	0	1	338	1	345	1.923E-96	310
Q63652.2	P32311.1	0.509	325	158	0	18	339	23	347	3.601E-96	310
Q63652.2	O93459.1	0.481	348	177	0	3	345	6	353	9.226E-96	308
Q63652.2	P22328.1	0.484	345	176	0	3	345	6	350	1.262E-95	308
Q63652.2	P52202.1	0.482	346	177	0	3	345	6	351	1.727E-95	308
Q63652.2	P41591.1	0.482	346	177	0	3	345	6	351	1.727E-95	308
Q63652.2	P32312.1	0.505	325	159	0	18	339	23	347	3.234E-95	307
Q63652.2	P51488.1	0.482	345	175	0	7	345	9	353	4.425E-95	306
Q63652.2	Q8AYM7.1	0.502	325	160	0	18	339	23	347	2.903E-94	304
Q63652.2	Q9W6A6.2	0.502	325	160	0	18	339	23	347	2.903E-94	304
Q63652.2	P56516.1	0.471	353	182	0	1	345	1	353	2.903E-94	304
Q63652.2	P51489.1	0.478	345	176	0	1	338	1	345	3.972E-94	304
Q63652.2	P51474.1	0.483	341	173	0	5	340	10	350	3.972E-94	304
Q63652.2	P29403.1	0.470	353	182	0	1	345	1	353	3.972E-94	304
Q63652.2	Q28886.1	0.478	345	176	0	1	338	1	345	5.435E-94	303
Q63652.2	Q95KU1.1	0.478	345	176	0	1	338	1	345	5.435E-94	303
Q63652.2	P15409.2	0.478	345	176	0	1	338	1	345	5.435E-94	303
Q63652.2	O18766.1	0.478	345	176	0	1	338	1	345	5.435E-94	303
Q63652.2	P51470.1	0.493	331	166	0	18	345	23	353	5.435E-94	303
Q63652.2	P31355.1	0.470	353	182	0	1	345	1	353	5.435E-94	303
Q63652.2	O62791.1	0.478	345	176	0	1	338	1	345	7.437E-94	303
Q63652.2	P02699.1	0.477	345	176	0	1	338	1	345	1.017E-93	302
Q63652.2	Q68J47.1	0.477	345	176	0	1	338	1	345	1.017E-93	302
Q63652.2	Q6W3E1.1	0.477	345	176	0	1	338	1	345	1.392E-93	302
Q63652.2	P08100.1	0.477	345	176	0	1	338	1	345	1.392E-93	302
Q63652.2	P32308.1	0.476	345	177	0	1	338	1	345	1.905E-93	302
Q63652.2	O62795.1	0.476	345	177	0	1	338	1	345	1.905E-93	302
Q63652.2	P49912.1	0.481	340	174	0	3	338	6	345	2.606E-93	301
Q63652.2	Q769E8.1	0.475	345	177	0	1	338	1	345	3.565E-93	301
Q63652.2	O62796.1	0.475	345	177	0	1	338	1	345	4.878E-93	301
Q63652.2	O62794.1	0.475	345	177	0	1	338	1	345	4.878E-93	301
Q63652.2	O62793.1	0.475	345	177	0	1	338	1	345	4.878E-93	301
Q63652.2	P56515.1	0.466	353	184	0	1	345	1	353	4.878E-93	301
Q63652.2	P32309.1	0.473	347	179	0	5	345	7	353	4.878E-93	301
Q63652.2	P35359.2	0.473	345	178	0	7	345	9	353	1.709E-92	299
Q63652.2	P28681.1	0.472	345	178	0	1	338	1	345	2.338E-92	299
Q63652.2	O42604.1	0.469	348	182	0	3	345	6	353	2.338E-92	299
Q63652.2	O62798.1	0.471	345	178	0	1	338	1	345	4.377E-92	298
Q63652.2	P51476.1	0.520	304	145	0	14	317	14	316	4.377E-92	298
Q63652.2	P02700.2	0.471	345	178	0	1	338	1	345	5.988E-92	297
Q63652.2	O13227.1	0.470	346	180	0	1	340	1	346	5.988E-92	297
Q63652.2	P56514.1	0.462	353	185	0	1	345	1	353	8.192E-92	297
Q63652.2	Q8AYM8.1	0.492	325	163	0	18	339	23	347	1.121E-91	297
Q63652.2	O62792.1	0.469	345	179	0	1	338	1	345	1.533E-91	296
Q63652.2	Q9W6A5.2	0.489	325	164	0	18	339	23	347	5.371E-91	295
Q63652.2	P79807.1	0.469	343	179	0	7	345	6	348	7.347E-91	294
Q63652.2	Q90215.1	0.463	348	182	0	1	340	1	348	1.375E-90	293
Q63652.2	P79798.1	0.467	343	180	0	7	345	6	348	3.520E-90	292
Q63652.2	Q90214.1	0.462	348	182	0	1	340	1	348	3.520E-90	292
Q63652.2	Q9DGG4.1	0.458	352	186	0	1	345	1	352	3.520E-90	292
Q63652.2	Q9YGY9.1	0.458	351	186	0	1	345	1	351	4.816E-90	292
Q63652.2	P04001.1	0.470	339	179	0	2	340	22	360	6.588E-90	291
Q63652.2	Q9YGZ2.1	0.457	351	187	0	1	345	1	351	9.012E-90	291
Q63652.2	P87369.1	0.454	353	188	0	1	345	1	353	1.686E-89	290
Q63652.2	O35478.2	0.468	339	180	0	2	340	22	360	1.686E-89	290
Q63652.2	Q9YGZ5.1	0.455	352	187	0	1	345	1	352	2.307E-89	290
Q63652.2	Q9YGZ6.1	0.454	352	188	0	1	345	1	352	3.156E-89	289
Q63652.2	Q9YGZ3.1	0.453	353	188	0	1	345	1	353	3.156E-89	289
Q63652.2	Q9R024.1	0.467	339	180	0	2	340	22	360	3.156E-89	289
Q63652.2	O35476.2	0.467	339	180	0	2	340	17	355	4.317E-89	289
Q63652.2	P41590.1	0.457	348	184	0	1	340	1	348	5.905E-89	289
Q63652.2	Q9YGZ0.1	0.458	347	184	0	1	340	1	347	8.077E-89	288
Q63652.2	P79898.1	0.457	347	184	0	1	340	1	347	1.105E-88	288
Q63652.2	P04000.2	0.465	339	181	0	2	340	22	360	1.105E-88	288
Q63652.2	P79756.1	0.451	353	189	0	1	345	1	353	1.511E-88	287
Q63652.2	P79914.1	0.460	343	181	0	4	340	2	344	2.067E-88	287
Q63652.2	Q9YH05.1	0.451	352	189	0	1	345	1	352	2.067E-88	287
Q63652.2	Q9YGZ8.1	0.451	352	189	0	1	345	1	352	2.067E-88	287
Q63652.2	P79848.1	0.450	353	189	0	1	345	1	353	2.067E-88	287
Q63652.2	P35358.1	0.465	338	180	0	8	345	27	364	2.067E-88	287
Q63652.2	P79901.1	0.460	343	181	0	4	340	2	344	2.828E-88	287
Q63652.2	P34989.1	0.467	336	179	0	2	337	15	350	2.828E-88	287
Q63652.2	O35599.1	0.477	327	170	0	14	340	30	355	2.828E-88	287
Q63652.2	O12948.1	0.475	329	172	0	17	345	37	364	2.828E-88	287
Q63652.2	P79812.1	0.455	347	185	0	1	340	1	347	3.868E-88	286
Q63652.2	P79808.1	0.459	343	182	0	4	340	2	344	5.291E-88	286
Q63652.2	P51475.1	0.472	330	168	0	17	346	15	333	5.291E-88	286
Q63652.2	Q9BGI7.1	0.463	339	182	0	2	340	22	360	5.291E-88	286
Q63652.2	O18910.2	0.463	339	182	0	2	340	22	360	5.291E-88	286
Q63652.2	O18914.2	0.462	339	182	0	2	340	22	360	9.900E-88	285
Q63652.2	P79902.1	0.461	339	179	0	7	340	6	344	1.354E-87	285
Q63652.2	O18912.2	0.466	334	177	0	7	340	28	360	2.533E-87	284
Q63652.2	P41592.1	0.458	341	184	0	5	345	28	368	3.465E-87	284
Q63652.2	P79911.1	0.457	341	183	0	3	340	3	343	6.483E-87	283
Q63652.2	O18913.2	0.475	324	169	0	17	340	38	360	6.483E-87	283
Q63652.2	Q95170.1	0.459	339	183	0	2	340	22	360	6.483E-87	283
Q63652.2	P79903.1	0.456	341	183	0	3	340	3	343	1.213E-86	282
Q63652.2	P22329.1	0.456	341	184	0	5	345	22	361	1.213E-86	282
Q63652.2	P79809.1	0.455	341	184	0	3	340	3	343	3.103E-86	281
Q63652.2	Q8AYN0.1	0.448	334	183	0	5	338	21	353	1.454E-82	270
Q63652.2	Q9W6A7.1	0.458	321	172	0	18	338	36	354	1.300E-81	267
Q63652.2	P32313.1	0.443	334	185	0	5	338	22	354	3.324E-81	266
Q63652.2	P87367.1	0.453	321	174	0	18	338	36	354	2.969E-80	263
Q63652.2	P22332.2	0.438	335	187	0	4	338	22	354	5.551E-80	263
Q63652.2	P22331.1	0.439	332	185	0	8	339	23	353	1.940E-79	261
Q63652.2	P22330.1	0.439	332	185	0	8	339	25	355	1.940E-79	261
Q63652.2	O18911.1	0.464	273	146	0	27	299	1	273	2.125E-69	232
Q63652.2	O42490.1	0.414	317	185	0	18	334	34	349	5.417E-69	231
P22329.1	P22329.1	0.976	362	9	0	1	362	1	362	2.724E-247	747
P22329.1	P41592.1	0.904	362	34	0	3	362	8	369	1.139E-225	685
P22329.1	O12948.1	0.874	359	45	0	5	362	7	365	7.338E-215	653
P22329.1	P04000.2	0.882	346	41	0	17	362	20	364	5.602E-209	636
P22329.1	P34989.1	0.895	338	35	0	17	353	13	350	1.307E-207	632
P22329.1	P04001.1	0.873	346	44	0	17	362	20	364	2.226E-206	629
P22329.1	O18913.2	0.872	346	44	0	17	362	20	364	5.727E-206	628
P22329.1	P87367.1	0.864	347	47	0	8	354	10	354	2.509E-204	623
P22329.1	Q9W6A7.1	0.857	350	50	0	5	354	7	354	3.438E-204	623
P22329.1	O18914.2	0.865	346	46	0	17	362	20	364	3.438E-204	623
P22329.1	P35358.1	0.832	362	60	0	3	362	4	365	3.438E-204	623
P22329.1	Q95170.1	0.863	346	47	0	17	362	20	364	1.660E-203	621
P22329.1	Q9BGI7.1	0.862	346	47	0	17	362	20	364	2.275E-203	620
P22329.1	Q8AYN0.1	0.845	354	55	0	1	354	1	353	3.118E-203	620
P22329.1	O35478.2	0.862	346	47	0	17	362	20	364	3.118E-203	620
P22329.1	P32313.1	0.852	350	51	0	5	354	7	354	8.020E-203	619
P22329.1	O18912.2	0.860	346	48	0	17	362	20	364	1.099E-202	618
P22329.1	P22332.2	0.850	350	52	0	5	354	7	354	2.827E-202	617
P22329.1	Q9R024.1	0.858	346	49	0	17	362	20	364	3.874E-202	617
P22329.1	O35476.2	0.858	346	49	0	17	362	15	359	5.308E-202	616
P22329.1	O35599.1	0.853	346	51	0	17	362	15	359	9.037E-201	613
P22329.1	O18910.2	0.851	346	51	0	17	362	20	364	4.365E-200	611
P22329.1	P22331.1	0.814	355	65	0	1	355	1	353	9.427E-195	595
P22329.1	P22330.1	0.803	351	69	0	5	355	7	355	2.034E-189	580
P22329.1	O18911.1	0.883	273	32	0	45	317	1	273	9.316E-163	503
P22329.1	P51476.1	0.551	301	134	0	33	333	15	314	1.286E-98	317
P22329.1	P51475.1	0.546	303	137	0	31	333	11	312	6.165E-98	316
P22329.1	Q9W6A9.2	0.498	320	160	0	36	355	16	335	2.092E-91	297
P22329.1	O13092.1	0.477	329	170	0	35	361	20	348	1.499E-88	288
P22329.1	P28683.1	0.470	335	174	0	34	362	21	355	1.499E-88	288
P22329.1	P22671.1	0.471	333	174	0	34	362	21	353	2.803E-88	287
P22329.1	O57605.1	0.474	330	171	0	35	361	17	346	3.832E-88	287
P22329.1	P32311.1	0.475	327	169	0	34	355	21	347	1.340E-87	286
P22329.1	Q8AYM7.1	0.456	344	182	0	20	355	4	347	2.506E-87	285
P22329.1	P28684.1	0.458	342	184	0	22	361	5	346	3.426E-87	284
P22329.1	Q9W6A6.2	0.473	327	169	0	34	355	21	347	6.406E-87	284
P22329.1	Q90309.1	0.463	333	178	0	24	355	3	335	5.724E-86	281
P22329.1	Q63652.2	0.455	341	185	0	22	361	5	345	5.724E-86	281
P22329.1	P51490.1	0.466	329	174	0	35	361	20	348	1.070E-85	280
P22329.1	P56515.1	0.461	334	177	0	34	362	21	354	1.070E-85	280
P22329.1	P56514.1	0.461	334	177	0	34	362	21	354	1.070E-85	280
P22329.1	P22328.1	0.463	331	176	0	34	362	21	351	1.463E-85	280
P22329.1	P51471.1	0.459	335	177	0	34	362	21	355	1.463E-85	280
P22329.1	P35357.1	0.459	335	177	0	34	362	21	355	1.463E-85	280
P22329.1	Q8HY69.2	0.461	333	176	0	27	354	13	345	2.001E-85	279
P22329.1	P35359.2	0.460	334	177	0	34	362	21	354	2.001E-85	279
P22329.1	P87368.1	0.476	318	166	0	35	352	15	331	3.740E-85	278
P22329.1	P32312.1	0.466	327	171	0	34	355	21	347	5.113E-85	278
P22329.1	Q98980.1	0.459	333	177	0	34	362	21	353	6.991E-85	278
P22329.1	O42604.1	0.457	334	178	0	34	362	21	354	9.558E-85	277
P22329.1	O93441.1	0.457	334	178	0	34	362	21	354	1.307E-84	277
P22329.1	P03999.2	0.461	329	176	0	35	361	16	344	1.787E-84	276
P22329.1	P60015.1	0.461	329	176	0	35	361	19	347	1.787E-84	276
P22329.1	Q9W6A5.2	0.446	344	186	0	20	355	4	347	1.787E-84	276
P22329.1	P56516.1	0.456	334	178	0	34	362	21	354	2.443E-84	276
P22329.1	P29403.1	0.455	334	179	0	34	362	21	354	3.339E-84	276
P22329.1	P51491.1	0.448	341	187	0	22	361	5	345	4.565E-84	275
P22329.1	P79863.1	0.455	334	179	0	34	362	21	354	4.565E-84	275
P22329.1	P52202.1	0.456	332	178	0	34	362	21	352	6.242E-84	275
P22329.1	P51470.1	0.454	334	179	0	34	362	21	354	6.242E-84	275
P22329.1	P41590.1	0.456	332	178	0	34	362	21	352	8.533E-84	274
P22329.1	P79756.1	0.453	334	179	0	34	362	21	354	1.595E-83	274
P22329.1	P31355.1	0.453	334	179	0	34	362	21	354	1.595E-83	274
P22329.1	O13227.1	0.456	330	178	0	34	362	21	350	2.180E-83	273
P22329.1	Q90245.1	0.452	334	180	0	34	362	21	354	2.180E-83	273
P22329.1	Q90215.1	0.454	332	179	0	34	362	21	352	2.981E-83	273
P22329.1	Q9YGZ3.1	0.452	334	180	0	34	362	21	354	2.981E-83	273
P22329.1	P51473.1	0.437	348	194	0	15	362	3	347	5.570E-83	272
P22329.1	P51488.1	0.434	351	194	0	20	362	4	354	7.615E-83	272
P22329.1	P87369.1	0.450	334	180	0	34	362	21	354	1.041E-82	271
P22329.1	P79848.1	0.450	334	180	0	34	362	21	354	1.041E-82	271
P22329.1	P49912.1	0.459	325	173	0	34	354	21	345	1.423E-82	271
P22329.1	Q8AYM8.1	0.439	344	188	0	20	355	4	347	1.945E-82	271
P22329.1	P32309.1	0.432	351	194	0	20	362	4	354	1.945E-82	271
P22329.1	O18766.1	0.458	325	173	0	34	354	21	345	2.659E-82	270
P22329.1	O93459.1	0.448	334	181	0	34	362	21	354	2.659E-82	270
P22329.1	Q28886.1	0.457	325	174	0	34	354	21	345	3.635E-82	270
P22329.1	P79808.1	0.450	331	180	0	34	362	18	348	4.969E-82	269
P22329.1	P08100.1	0.457	325	174	0	34	354	21	345	4.969E-82	269
P22329.1	Q90214.1	0.449	332	181	0	34	362	21	352	4.969E-82	269
P22329.1	P32308.1	0.456	325	174	0	34	354	21	345	6.793E-82	269
P22329.1	P28681.1	0.456	325	174	0	34	354	21	345	6.793E-82	269
P22329.1	Q769E8.1	0.456	325	174	0	34	354	21	345	9.285E-82	269
P22329.1	P79902.1	0.449	331	181	0	34	362	18	348	9.285E-82	269
P22329.1	Q9YGZ0.1	0.449	331	181	0	34	362	21	351	9.285E-82	269
P22329.1	Q9YGZ2.1	0.448	332	181	0	34	362	21	352	9.285E-82	269
P22329.1	Q9YGZ8.1	0.447	333	181	0	34	362	21	353	9.285E-82	269
P22329.1	P79807.1	0.447	332	181	0	34	362	18	349	1.735E-81	268
P22329.1	P79903.1	0.449	330	181	0	34	362	18	347	2.372E-81	267
P22329.1	Q95KU1.1	0.454	325	175	0	34	354	21	345	2.372E-81	267
P22329.1	P28682.1	0.447	332	180	0	36	362	30	361	2.372E-81	267
P22329.1	O62796.1	0.453	325	175	0	34	354	21	345	3.242E-81	267
P22329.1	P79901.1	0.447	331	181	0	34	362	18	348	3.242E-81	267
P22329.1	P02699.1	0.453	325	175	0	34	354	21	345	3.242E-81	267
P22329.1	P79914.1	0.447	331	181	0	34	362	18	348	4.431E-81	267
P22329.1	P79812.1	0.447	331	181	0	34	362	21	351	4.431E-81	267
P22329.1	P15409.2	0.452	325	175	0	34	354	21	345	6.057E-81	266
P22329.1	Q9YGY9.1	0.445	332	182	0	34	362	21	352	6.057E-81	266
P22329.1	P02700.2	0.452	325	175	0	34	354	21	345	8.279E-81	266
P22329.1	Q9YGZ6.1	0.444	333	182	0	34	362	21	353	8.279E-81	266
P22329.1	P51472.1	0.447	330	181	0	28	355	20	349	8.279E-81	266
P22329.1	P79911.1	0.446	330	182	0	34	362	18	347	1.132E-80	265
P22329.1	P79798.1	0.444	332	182	0	34	362	18	349	1.547E-80	265
P22329.1	Q9YGZ5.1	0.443	333	183	0	34	362	21	353	1.547E-80	265
P22329.1	P51489.1	0.450	325	176	0	34	354	21	345	2.114E-80	265
P22329.1	Q9DGG4.1	0.442	333	183	0	34	362	21	353	2.114E-80	265
P22329.1	P79809.1	0.445	330	182	0	34	362	18	347	2.889E-80	264
P22329.1	O62794.1	0.449	325	176	0	34	354	21	345	3.949E-80	264
P22329.1	P79898.1	0.443	331	183	0	34	362	21	351	3.949E-80	264
P22329.1	O62795.1	0.448	325	177	0	34	354	21	345	7.378E-80	263
P22329.1	O62793.1	0.441	332	181	0	30	354	14	345	7.378E-80	263
P22329.1	Q9YH05.1	0.439	333	184	0	34	362	21	353	1.884E-79	262
P22329.1	O62791.1	0.446	325	177	0	34	354	21	345	2.574E-79	261
P22329.1	P41591.1	0.439	332	184	0	34	362	21	352	2.574E-79	261
P22329.1	P51474.1	0.440	331	184	0	34	362	24	354	2.574E-79	261
P22329.1	O42490.1	0.476	298	154	0	36	333	34	328	3.518E-79	261
P22329.1	Q6W3E1.1	0.445	325	178	0	34	354	21	345	4.808E-79	261
P22329.1	P32310.1	0.448	321	176	0	36	354	27	347	1.227E-78	259
P22329.1	Q9W6A8.1	0.447	321	176	0	36	354	30	350	1.677E-78	259
P22329.1	Q68J47.1	0.443	325	178	0	34	354	21	345	2.292E-78	259
P22329.1	O62798.1	0.442	325	179	0	34	354	21	345	3.133E-78	258
P22329.1	O62792.1	0.439	325	180	0	34	354	21	345	2.040E-77	256
P22329.1	P87365.1	0.419	329	189	0	28	354	21	349	4.436E-73	243
O18910.2	O18910.2	0.974	364	9	0	1	364	1	364	8.483E-248	749
O18910.2	O35478.2	0.922	364	28	0	1	364	1	364	1.800E-232	704
O18910.2	O18914.2	0.918	364	30	0	1	364	1	364	3.068E-231	701
O18910.2	O18913.2	0.913	364	32	0	1	364	1	364	9.818E-230	696
O18910.2	O18912.2	0.911	364	32	0	1	364	1	364	6.501E-229	694
O18910.2	Q9BGI7.1	0.907	364	34	0	1	364	1	364	5.900E-228	691
O18910.2	Q95170.1	0.907	364	34	0	1	364	1	364	8.084E-228	691
O18910.2	Q9R024.1	0.907	364	34	0	1	364	1	364	8.084E-228	691
O18910.2	O35476.2	0.913	357	31	0	8	364	3	359	4.408E-225	683
O18910.2	O35599.1	0.906	357	33	0	8	364	3	359	6.814E-223	677
O18910.2	P04000.2	0.887	364	41	0	1	364	1	364	6.182E-222	674
O18910.2	P04001.1	0.885	364	42	0	1	364	1	364	2.987E-221	672
O18910.2	P34989.1	0.899	348	35	0	10	357	3	350	5.872E-215	654
O18910.2	P41592.1	0.849	347	52	0	20	364	23	369	4.782E-200	611
O18910.2	P22329.1	0.849	346	52	0	20	364	17	362	1.686E-199	609
O18910.2	O12948.1	0.823	347	61	0	20	364	19	365	1.163E-192	589
O18910.2	P87367.1	0.795	358	72	0	1	358	1	354	9.552E-191	584
O18910.2	P32313.1	0.794	358	73	0	1	358	1	354	1.309E-190	584
O18910.2	Q9W6A7.1	0.785	358	76	0	1	358	1	354	5.191E-188	576
O18910.2	P35358.1	0.769	365	84	0	1	364	1	365	6.445E-187	573
O18910.2	P22332.2	0.819	339	61	0	20	358	17	354	8.831E-187	572
O18910.2	Q8AYN0.1	0.809	339	64	0	20	358	16	353	3.501E-184	565
O18910.2	P22331.1	0.788	341	72	0	19	359	14	353	2.929E-179	551
O18910.2	P22330.1	0.778	341	75	0	19	359	16	355	1.160E-176	543
O18910.2	O18911.1	0.937	273	17	0	48	320	1	273	6.948E-175	538
O18910.2	P51476.1	0.563	302	131	0	35	336	14	314	7.520E-102	327
O18910.2	P51475.1	0.555	303	134	0	34	336	11	312	3.237E-100	322
O18910.2	O13092.1	0.483	327	168	0	35	360	17	343	1.323E-89	291
O18910.2	Q9W6A9.2	0.489	321	163	0	39	359	16	335	2.474E-89	291
O18910.2	O13227.1	0.458	347	185	0	23	364	4	350	1.183E-88	289
O18910.2	Q90214.1	0.454	349	186	0	23	364	4	352	5.656E-88	287
O18910.2	O57605.1	0.467	335	176	0	33	363	12	346	1.058E-87	286
O18910.2	Q90215.1	0.453	349	187	0	23	364	4	352	1.058E-87	286
O18910.2	P51490.1	0.479	324	168	0	38	360	20	343	1.446E-87	286
O18910.2	Q63652.2	0.474	327	171	0	35	360	14	340	2.704E-87	285
O18910.2	Q9YGZ0.1	0.452	348	187	0	23	364	4	351	2.704E-87	285
O18910.2	P03999.2	0.462	338	181	0	23	360	2	339	3.697E-87	284
O18910.2	P60015.1	0.462	338	181	0	23	360	5	342	3.697E-87	284
O18910.2	Q8HY69.2	0.467	333	175	0	30	358	13	345	3.697E-87	284
O18910.2	P32310.1	0.455	345	187	0	14	358	3	347	3.697E-87	284
O18910.2	P28684.1	0.458	340	183	0	22	360	2	341	1.767E-86	282
O18910.2	Q90309.1	0.465	332	177	0	28	359	4	335	2.416E-86	282
O18910.2	P35359.2	0.445	351	189	0	23	364	4	354	4.516E-86	281
O18910.2	P49912.1	0.454	342	183	0	23	358	4	345	6.175E-86	281
O18910.2	P79903.1	0.465	330	175	0	37	364	18	347	8.442E-86	280
O18910.2	P56515.1	0.444	351	190	0	23	364	4	354	8.442E-86	280
O18910.2	P28683.1	0.443	352	190	0	23	364	4	355	8.442E-86	280
O18910.2	P79808.1	0.446	348	189	0	23	364	1	348	1.578E-85	280
O18910.2	P41590.1	0.445	349	189	0	23	364	4	352	1.578E-85	280
O18910.2	P79902.1	0.459	335	179	0	33	364	14	348	2.158E-85	279
O18910.2	Q28886.1	0.451	342	184	0	23	358	4	345	2.950E-85	279
O18910.2	P79807.1	0.444	349	190	0	23	364	1	349	2.950E-85	279
O18910.2	Q9W6A8.1	0.448	345	190	0	14	358	6	350	2.950E-85	279
O18910.2	P79911.1	0.463	330	176	0	37	364	18	347	4.033E-85	278
O18910.2	O93441.1	0.442	351	190	0	23	364	4	354	4.033E-85	278
O18910.2	P79901.1	0.444	348	190	0	23	364	1	348	7.538E-85	278
O18910.2	P08100.1	0.450	342	184	0	23	358	4	345	7.538E-85	278
O18910.2	P79809.1	0.457	334	180	0	33	364	14	347	1.031E-84	277
O18910.2	P32308.1	0.449	342	185	0	23	358	4	345	1.031E-84	277
O18910.2	P51470.1	0.441	351	191	0	23	364	4	354	1.031E-84	277
O18910.2	P79812.1	0.443	348	190	0	23	364	4	351	1.409E-84	277
O18910.2	P51489.1	0.448	342	185	0	23	358	4	345	1.926E-84	276
O18910.2	P79914.1	0.442	348	190	0	23	364	1	348	1.926E-84	276
O18910.2	P02699.1	0.448	342	185	0	23	358	4	345	2.633E-84	276
O18910.2	P22671.1	0.440	350	191	0	23	364	4	353	2.633E-84	276
O18910.2	P51488.1	0.439	351	191	0	23	364	4	354	3.600E-84	276
O18910.2	P29403.1	0.439	351	191	0	23	364	4	354	3.600E-84	276
O18910.2	P51491.1	0.462	327	175	0	35	360	14	340	4.922E-84	275
O18910.2	O62796.1	0.475	315	163	0	23	334	4	318	4.922E-84	275
O18910.2	Q95KU1.1	0.447	342	185	0	23	358	4	345	4.922E-84	275
O18910.2	P22328.1	0.441	348	191	0	23	364	4	351	4.922E-84	275
O18910.2	P79863.1	0.438	351	192	0	23	364	4	354	4.922E-84	275
O18910.2	P79848.1	0.438	351	192	0	23	364	4	354	4.922E-84	275
O18910.2	P79898.1	0.441	348	191	0	23	364	4	351	6.728E-84	275
O18910.2	P28681.1	0.446	342	186	0	23	358	4	345	9.198E-84	274
O18910.2	P31355.1	0.437	351	192	0	23	364	4	354	9.198E-84	274
O18910.2	P02700.2	0.445	342	186	0	23	358	4	345	1.257E-83	274
O18910.2	P32309.1	0.437	351	192	0	23	364	4	354	1.257E-83	274
O18910.2	O62794.1	0.445	342	186	0	23	358	4	345	1.719E-83	274
O18910.2	P56514.1	0.436	351	192	0	23	364	4	354	1.719E-83	274
O18910.2	P51472.1	0.455	332	178	0	31	358	20	351	1.719E-83	274
O18910.2	P28682.1	0.455	332	177	0	39	364	30	361	1.719E-83	274
O18910.2	O18766.1	0.444	342	186	0	23	358	4	345	2.350E-83	273
O18910.2	P52202.1	0.438	349	192	0	23	364	4	352	2.350E-83	273
O18910.2	Q9YH05.1	0.437	350	192	0	23	364	4	353	2.350E-83	273
O18910.2	O93459.1	0.436	351	192	0	23	364	4	354	2.350E-83	273
O18910.2	O62795.1	0.444	342	186	0	23	358	4	345	3.212E-83	273
O18910.2	P41591.1	0.437	349	192	0	23	364	4	352	4.391E-83	273
O18910.2	Q98980.1	0.436	350	192	0	23	364	4	353	4.391E-83	273
O18910.2	Q9YGZ8.1	0.436	350	192	0	23	364	4	353	4.391E-83	273
O18910.2	P56516.1	0.435	351	193	0	23	364	4	354	4.391E-83	273
O18910.2	Q769E8.1	0.443	342	187	0	23	358	4	345	6.003E-83	272
O18910.2	P79756.1	0.434	351	193	0	23	364	4	354	6.003E-83	272
O18910.2	P32311.1	0.440	344	188	0	23	359	4	347	8.206E-83	272
O18910.2	P87369.1	0.434	351	193	0	23	364	4	354	8.206E-83	272
O18910.2	P15409.2	0.442	342	187	0	23	358	4	345	1.122E-82	271
O18910.2	Q9DGG4.1	0.434	350	193	0	23	364	4	353	1.122E-82	271
O18910.2	P87368.1	0.453	330	178	0	27	356	5	331	1.533E-82	271
O18910.2	O62791.1	0.451	332	178	0	33	358	14	345	2.096E-82	271
O18910.2	O62793.1	0.451	332	178	0	33	358	14	345	2.096E-82	271
O18910.2	Q9YGZ6.1	0.433	350	193	0	23	364	4	353	2.096E-82	271
O18910.2	O42604.1	0.449	334	180	0	37	364	21	354	2.096E-82	271
O18910.2	Q9W6A6.2	0.438	344	189	0	23	359	4	347	3.917E-82	270
O18910.2	Q9YGZ2.1	0.433	349	193	0	23	364	4	352	3.917E-82	270
O18910.2	Q6W3E1.1	0.439	342	188	0	23	358	4	345	5.354E-82	269
O18910.2	P51473.1	0.447	334	182	0	35	364	14	347	7.318E-82	269
O18910.2	Q90245.1	0.443	338	184	0	33	364	17	354	7.318E-82	269
O18910.2	P35357.1	0.439	342	186	0	33	364	14	355	7.318E-82	269
O18910.2	Q68J47.1	0.438	342	188	0	23	358	4	345	1.000E-81	269
O18910.2	O62798.1	0.448	332	179	0	33	358	14	345	1.000E-81	269
O18910.2	Q9YGZ5.1	0.431	350	194	0	23	364	4	353	1.000E-81	269
O18910.2	P79798.1	0.431	349	194	0	23	364	1	349	1.869E-81	268
O18910.2	P51471.1	0.438	342	186	0	33	364	14	355	1.869E-81	268
O18910.2	Q8AYM7.1	0.435	344	190	0	23	359	4	347	2.554E-81	267
O18910.2	Q9YGY9.1	0.431	349	194	0	23	364	4	352	2.554E-81	267
O18910.2	Q9YGZ3.1	0.428	351	195	0	23	364	4	354	4.772E-81	267
O18910.2	O62792.1	0.445	332	180	0	33	358	14	345	6.523E-81	266
O18910.2	O42490.1	0.435	342	192	0	15	354	8	349	1.219E-80	265
O18910.2	P32312.1	0.429	346	195	0	23	364	4	349	4.252E-80	264
O18910.2	Q9W6A5.2	0.428	344	192	0	23	359	4	347	2.771E-79	261
O18910.2	P87365.1	0.442	329	182	0	31	358	21	349	3.787E-79	261
O18910.2	P51474.1	0.430	338	189	0	33	364	17	354	3.371E-78	258
O18910.2	Q8AYM8.1	0.417	344	196	0	23	359	4	347	2.667E-76	253
P79863.1	P79863.1	0.960	354	14	0	1	354	1	354	6.463E-237	717
P79863.1	O93459.1	0.875	354	44	0	1	354	1	354	3.788E-212	645
P79863.1	O93441.1	0.852	354	52	0	1	354	1	354	1.398E-205	626
P79863.1	P52202.1	0.832	354	59	0	1	354	1	352	1.067E-199	609
P79863.1	P29403.1	0.822	354	63	0	1	354	1	354	7.959E-197	601
P79863.1	P22328.1	0.822	354	62	0	1	354	1	351	1.091E-196	601
P79863.1	Q90245.1	0.822	354	63	0	1	354	1	354	1.494E-196	600
P79863.1	Q90215.1	0.815	354	65	0	1	354	1	352	8.969E-195	595
P79863.1	P32308.1	0.814	354	65	0	1	354	1	348	1.684E-194	594
P79863.1	P35359.2	0.814	354	66	0	1	354	1	354	1.684E-194	594
P79863.1	O62796.1	0.813	354	65	0	1	354	1	348	5.936E-194	593
P79863.1	P49912.1	0.812	354	65	0	1	354	1	348	8.133E-194	592
P79863.1	Q95KU1.1	0.811	354	66	0	1	354	1	348	1.527E-193	591
P79863.1	P51488.1	0.811	354	67	0	1	354	1	354	1.527E-193	591
P79863.1	P56514.1	0.810	354	67	0	1	354	1	354	2.867E-193	591
P79863.1	O62795.1	0.808	354	67	0	1	354	1	348	1.385E-192	589
P79863.1	O62794.1	0.808	354	67	0	1	354	1	348	1.385E-192	589
P79863.1	O18766.1	0.807	354	67	0	1	354	1	348	2.600E-192	588
P79863.1	P56515.1	0.807	354	68	0	1	354	1	354	2.600E-192	588
P79863.1	Q28886.1	0.806	354	67	0	1	354	1	348	4.881E-192	587
P79863.1	P08100.1	0.806	354	67	0	1	354	1	348	4.881E-192	587
P79863.1	P41591.1	0.806	354	68	0	1	354	1	352	6.687E-192	587
P79863.1	P32309.1	0.806	354	68	0	1	354	1	354	6.687E-192	587
P79863.1	P31355.1	0.806	354	68	0	1	354	1	354	6.687E-192	587
P79863.1	P51470.1	0.805	354	69	0	1	354	1	354	9.163E-192	586
P79863.1	Q68J47.1	0.804	354	68	0	1	354	1	348	1.720E-191	586
P79863.1	P15409.2	0.803	354	68	0	1	354	1	348	3.230E-191	585
P79863.1	P28681.1	0.803	354	68	0	1	354	1	348	3.230E-191	585
P79863.1	Q90214.1	0.803	354	69	0	1	354	1	352	3.230E-191	585
P79863.1	P56516.1	0.803	354	70	0	1	354	1	354	4.425E-191	584
P79863.1	O62791.1	0.801	354	69	0	1	354	1	348	1.138E-190	583
P79863.1	P51489.1	0.799	354	70	0	1	354	1	348	5.498E-190	581
P79863.1	Q769E8.1	0.799	354	70	0	1	354	1	348	5.498E-190	581
P79863.1	Q98980.1	0.799	354	71	0	1	354	1	353	7.533E-190	581
P79863.1	P02700.2	0.797	354	70	0	1	354	1	348	2.655E-189	579
P79863.1	P02699.1	0.796	354	71	0	1	354	1	348	3.638E-189	579
P79863.1	O13227.1	0.795	354	72	0	1	354	1	350	6.830E-189	578
P79863.1	Q6W3E1.1	0.794	354	71	0	1	354	1	348	1.282E-188	577
P79863.1	O62798.1	0.793	354	72	0	1	354	1	348	2.407E-188	576
P79863.1	O62793.1	0.792	354	72	0	1	354	1	348	4.519E-188	576
P79863.1	P22671.1	0.792	354	73	0	1	354	1	353	4.519E-188	576
P79863.1	O62792.1	0.791	354	73	0	1	354	1	348	1.593E-187	574
P79863.1	P87369.1	0.788	354	75	0	1	354	1	354	1.054E-186	572
P79863.1	P41590.1	0.785	354	75	0	1	354	1	352	5.089E-186	570
P79863.1	P79848.1	0.785	354	76	0	1	354	1	354	6.973E-186	569
P79863.1	Q8HY69.2	0.784	354	75	0	1	354	1	348	9.554E-186	569
P79863.1	P79756.1	0.782	354	77	0	1	354	1	354	6.321E-185	567
P79863.1	Q9YGZ3.1	0.777	354	79	0	1	354	1	354	1.076E-183	563
P79863.1	O42604.1	0.777	354	79	0	1	354	1	354	1.474E-183	563
P79863.1	Q9YGZ0.1	0.791	346	72	0	1	346	1	345	2.767E-183	562
P79863.1	Q9DGG4.1	0.773	354	80	0	1	354	1	353	2.508E-182	559
P79863.1	Q9YH05.1	0.771	354	81	0	1	354	1	353	8.837E-182	557
P79863.1	Q9YGZ6.1	0.769	354	81	0	1	354	1	353	2.273E-181	556
P79863.1	Q9YGZ2.1	0.767	354	82	0	1	354	1	352	1.504E-180	554
P79863.1	Q9YGZ5.1	0.766	354	82	0	1	354	1	353	2.822E-180	553
P79863.1	Q9YGY9.1	0.765	354	82	0	1	354	1	352	3.867E-180	553
P79863.1	Q9YGZ8.1	0.761	354	84	0	1	354	1	353	4.802E-179	550
P79863.1	P51471.1	0.748	355	89	0	1	354	1	355	9.190E-176	540
P79863.1	P28683.1	0.747	355	89	0	1	354	1	355	3.238E-175	539
P79863.1	P79807.1	0.753	351	86	0	4	354	1	349	4.436E-175	538
P79863.1	P79798.1	0.752	351	86	0	4	354	1	349	1.141E-174	537
P79863.1	P35357.1	0.737	355	93	0	1	354	1	355	2.408E-172	530
P79863.1	P79898.1	0.738	354	92	0	1	354	1	351	4.521E-172	529
P79863.1	P79901.1	0.739	351	91	0	4	354	1	348	5.611E-171	526
P79863.1	P79812.1	0.734	354	93	0	1	354	1	351	5.611E-171	526
P79863.1	P79914.1	0.736	351	92	0	4	354	1	348	3.710E-170	524
P79863.1	P79808.1	0.731	351	93	0	4	354	1	348	1.184E-168	520
P79863.1	P79902.1	0.731	351	93	0	4	354	1	348	1.622E-168	519
P79863.1	P79809.1	0.729	351	94	0	4	354	1	347	4.170E-168	518
P79863.1	P32311.1	0.735	347	92	0	1	347	1	347	7.827E-168	517
P79863.1	P79911.1	0.724	351	95	0	4	354	1	347	1.331E-166	514
P79863.1	Q9W6A6.2	0.731	347	93	0	1	347	1	347	1.823E-166	513
P79863.1	P79903.1	0.723	351	96	0	4	354	1	347	2.497E-166	513
P79863.1	Q8AYM7.1	0.730	347	93	0	1	347	1	347	3.421E-166	512
P79863.1	P32312.1	0.726	347	95	0	1	347	1	347	3.098E-165	510
P79863.1	P51474.1	0.704	354	104	0	1	354	4	354	3.152E-162	501
P79863.1	Q8AYM8.1	0.707	347	101	0	1	347	1	347	9.100E-160	494
P79863.1	Q9W6A5.2	0.696	347	105	0	1	347	1	347	1.735E-156	484
P79863.1	P28682.1	0.544	350	158	0	7	354	12	361	1.985E-114	363
P79863.1	P51472.1	0.548	342	153	0	7	346	10	351	1.177E-112	358
P79863.1	P32310.1	0.547	330	149	0	7	335	9	338	3.715E-108	345
P79863.1	P51473.1	0.511	350	168	0	5	354	3	347	9.490E-105	335
P79863.1	Q9W6A8.1	0.533	331	154	0	7	337	12	342	1.778E-104	334
P79863.1	O57605.1	0.507	347	168	0	7	353	5	346	7.672E-103	329
P79863.1	P87365.1	0.515	340	164	0	7	346	11	349	1.050E-102	329
P79863.1	P28684.1	0.496	347	172	0	7	353	5	346	1.951E-99	319
P79863.1	O13092.1	0.484	349	176	0	5	353	6	348	7.545E-97	312
P79863.1	P51491.1	0.481	348	177	0	6	353	3	345	1.734E-95	308
P79863.1	P03999.2	0.479	347	177	0	7	353	4	344	1.137E-94	306
P79863.1	P60015.1	0.479	347	177	0	7	353	7	347	1.137E-94	306
P79863.1	Q63652.2	0.477	348	179	0	6	353	3	345	2.128E-94	305
P79863.1	P51476.1	0.524	305	144	0	23	327	18	321	2.611E-93	302
P79863.1	P51475.1	0.519	305	146	0	23	327	16	319	4.379E-92	298
P79863.1	P51490.1	0.484	331	169	0	23	353	21	348	2.869E-91	296
P79863.1	Q9W6A9.2	0.466	337	176	0	11	347	6	335	3.855E-88	287
P79863.1	P35358.1	0.449	351	189	0	4	354	22	365	3.450E-87	284
P79863.1	P04001.1	0.446	351	189	0	4	354	23	364	2.257E-86	282
P79863.1	Q90309.1	0.471	326	169	0	22	347	15	335	3.086E-86	281
P79863.1	P04000.2	0.444	351	190	0	4	354	23	364	5.772E-86	280
P79863.1	Q9BGI7.1	0.443	351	190	0	4	354	23	364	1.079E-85	280
P79863.1	Q95170.1	0.441	351	191	0	4	354	23	364	5.161E-85	278
P79863.1	P87368.1	0.452	339	180	0	6	344	2	331	9.651E-85	277
P79863.1	O18912.2	0.440	351	191	0	4	354	23	364	9.651E-85	277
P79863.1	O18914.2	0.440	351	191	0	4	354	23	364	1.320E-84	276
P79863.1	Q9R024.1	0.439	351	191	0	4	354	23	364	2.467E-84	276
P79863.1	O18913.2	0.438	351	192	0	4	354	23	364	4.613E-84	275
P79863.1	P34989.1	0.445	342	185	0	4	345	16	350	8.626E-84	274
P79863.1	O35478.2	0.435	351	193	0	4	354	23	364	2.205E-83	273
P79863.1	O18910.2	0.434	351	193	0	4	354	23	364	4.122E-83	272
P79863.1	P41592.1	0.433	351	194	0	4	354	26	369	7.706E-83	271
P79863.1	P22329.1	0.432	351	194	0	4	354	20	362	1.970E-82	270
P79863.1	O12948.1	0.432	351	195	0	4	354	22	365	2.693E-82	270
P79863.1	O35476.2	0.430	351	194	0	4	354	18	359	9.409E-82	268
P79863.1	P87367.1	0.437	343	188	0	4	346	20	354	1.286E-81	268
P79863.1	Q8AYN0.1	0.435	343	189	0	4	346	19	353	3.287E-81	267
P79863.1	O35599.1	0.426	351	196	0	4	354	18	359	8.398E-81	265
P79863.1	O42490.1	0.471	306	160	0	19	324	30	333	2.146E-80	264
P79863.1	P32313.1	0.430	343	190	0	4	346	20	354	1.024E-79	262
P79863.1	Q9W6A7.1	0.433	338	187	0	9	346	25	354	1.914E-79	261
P79863.1	P22332.2	0.433	338	187	0	9	346	25	354	3.576E-79	261
P79863.1	P22331.1	0.425	344	193	0	4	347	18	353	9.134E-79	259
P79863.1	P22330.1	0.417	344	195	0	4	347	20	355	2.531E-76	252
P79863.1	O18911.1	0.473	270	142	0	35	304	4	273	3.184E-70	235
P51470.1	P51470.1	0.963	354	13	0	1	354	1	354	9.756E-238	719
P51470.1	P31355.1	0.951	354	17	0	1	354	1	354	1.878E-234	709
P51470.1	P56516.1	0.944	354	20	0	1	354	1	354	2.121E-232	704
P51470.1	P56515.1	0.923	354	27	0	1	354	1	354	3.052E-226	686
P51470.1	P29403.1	0.916	354	30	0	1	354	1	354	3.445E-224	680
P51470.1	P56514.1	0.905	354	34	0	1	354	1	354	9.082E-221	670
P51470.1	Q90245.1	0.888	354	40	0	1	354	1	354	7.658E-216	656
P51470.1	P22328.1	0.859	354	49	0	1	354	1	351	2.328E-207	631
P51470.1	P52202.1	0.854	354	51	0	1	354	1	352	5.434E-206	627
P51470.1	Q68J47.1	0.849	354	52	0	1	354	1	348	1.738E-204	623
P51470.1	P32308.1	0.848	354	53	0	1	354	1	348	2.381E-204	623
P51470.1	P49912.1	0.848	354	53	0	1	354	1	348	2.381E-204	623
P51470.1	Q95KU1.1	0.845	354	54	0	1	354	1	348	1.576E-203	620
P51470.1	P15409.2	0.844	354	54	0	1	354	1	348	4.056E-203	619
P51470.1	P08100.1	0.844	354	54	0	1	354	1	348	4.056E-203	619
P51470.1	Q28886.1	0.841	354	55	0	1	354	1	348	2.685E-202	617
P51470.1	O18766.1	0.840	354	56	0	1	354	1	348	5.041E-202	616
P51470.1	P28681.1	0.839	354	56	0	1	354	1	348	1.297E-201	615
P51470.1	O62796.1	0.838	354	56	0	1	354	1	348	1.777E-201	614
P51470.1	O62794.1	0.837	354	57	0	1	354	1	348	3.337E-201	614
P51470.1	O62791.1	0.836	354	57	0	1	354	1	348	8.585E-201	612
P51470.1	O62795.1	0.835	354	57	0	1	354	1	348	1.612E-200	612
P51470.1	Q769E8.1	0.834	354	58	0	1	354	1	348	4.147E-200	610
P51470.1	Q8HY69.2	0.833	354	58	0	1	354	1	348	5.683E-200	610
P51470.1	Q90214.1	0.833	354	59	0	1	354	1	352	5.683E-200	610
P51470.1	P51489.1	0.832	354	58	0	1	354	1	348	1.067E-199	609
P51470.1	P02699.1	0.832	354	58	0	1	354	1	348	1.067E-199	609
P51470.1	P02700.2	0.831	354	59	0	1	354	1	348	2.003E-199	608
P51470.1	Q6W3E1.1	0.830	354	59	0	1	354	1	348	3.761E-199	608
P51470.1	O62793.1	0.829	354	59	0	1	354	1	348	7.062E-199	607
P51470.1	O62798.1	0.827	354	60	0	1	354	1	348	4.674E-198	604
P51470.1	P41591.1	0.827	354	61	0	1	354	1	352	4.674E-198	604
P51470.1	Q98980.1	0.827	354	61	0	1	354	1	353	4.674E-198	604
P51470.1	P22671.1	0.826	354	61	0	1	354	1	353	6.405E-198	604
P51470.1	O62792.1	0.824	354	61	0	1	354	1	348	3.094E-197	602
P51470.1	O93459.1	0.820	354	64	0	1	354	1	354	5.268E-196	599
P51470.1	P35359.2	0.815	354	65	0	1	354	1	354	8.969E-195	595
P51470.1	Q90215.1	0.815	354	65	0	1	354	1	352	1.229E-194	595
P51470.1	O13227.1	0.814	354	65	0	1	354	1	350	1.684E-194	594
P51470.1	P51488.1	0.804	354	69	0	1	354	1	354	1.720E-191	586
P51470.1	P79863.1	0.801	354	70	0	1	354	1	354	1.138E-190	583
P51470.1	O93441.1	0.801	354	70	0	1	354	1	354	1.560E-190	583
P51470.1	O42604.1	0.799	354	71	0	1	354	1	354	4.012E-190	582
P51470.1	P32309.1	0.793	354	73	0	1	354	1	354	2.407E-188	576
P51470.1	Q9YH05.1	0.790	354	74	0	1	354	1	353	2.182E-187	574
P51470.1	Q9DGG4.1	0.789	354	74	0	1	354	1	353	4.097E-187	573
P51470.1	Q9YGZ0.1	0.789	354	74	0	1	354	1	351	5.614E-187	572
P51470.1	P41590.1	0.788	354	74	0	1	354	1	352	1.054E-186	572
P51470.1	Q9YGZ6.1	0.785	354	76	0	1	354	1	353	6.973E-186	569
P51470.1	P87369.1	0.784	354	76	0	1	354	1	354	9.554E-186	569
P51470.1	Q9YGY9.1	0.784	354	76	0	1	354	1	352	1.794E-185	568
P51470.1	Q9YGZ8.1	0.784	354	76	0	1	354	1	353	1.794E-185	568
P51470.1	Q9YGZ2.1	0.781	354	77	0	1	354	1	352	8.660E-185	566
P51470.1	Q9YGZ3.1	0.781	354	77	0	1	354	1	354	1.187E-184	566
P51470.1	P79848.1	0.779	354	78	0	1	354	1	354	4.182E-184	564
P51470.1	Q9YGZ5.1	0.778	354	78	0	1	354	1	353	7.850E-184	563
P51470.1	P79756.1	0.771	354	81	0	1	354	1	354	6.450E-182	558
P51470.1	P79807.1	0.764	351	82	0	4	354	1	349	3.176E-178	547
P51470.1	P35357.1	0.756	355	86	0	1	354	1	355	4.352E-178	547
P51470.1	P28683.1	0.756	355	86	0	1	354	1	355	4.352E-178	547
P51470.1	P79798.1	0.760	351	84	0	4	354	1	349	3.943E-177	544
P51470.1	P79898.1	0.754	354	86	0	1	354	1	351	7.402E-177	543
P51470.1	P79812.1	0.751	354	87	0	1	354	1	351	4.896E-176	541
P51470.1	P51471.1	0.748	355	89	0	1	354	1	355	1.259E-175	540
P51470.1	P79808.1	0.754	351	85	0	4	354	1	348	3.238E-175	539
P51470.1	P79902.1	0.752	351	86	0	4	354	1	348	1.141E-174	537
P51470.1	P79901.1	0.751	351	86	0	4	354	1	348	2.141E-174	536
P51470.1	P79914.1	0.750	351	87	0	4	354	1	348	4.020E-174	535
P51470.1	P79903.1	0.746	351	88	0	4	354	1	347	6.836E-173	532
P51470.1	P79911.1	0.744	351	89	0	4	354	1	347	1.758E-172	531
P51470.1	P79809.1	0.741	351	90	0	4	354	1	347	2.182E-171	527
P51470.1	P32311.1	0.745	347	88	0	1	347	1	347	1.443E-170	525
P51470.1	Q9W6A6.2	0.735	347	92	0	1	347	1	347	1.072E-167	517
P51470.1	P32312.1	0.733	347	92	0	1	347	1	347	2.757E-167	516
P51470.1	Q8AYM7.1	0.727	347	94	0	1	347	1	347	1.651E-165	511
P51470.1	Q8AYM8.1	0.714	347	99	0	1	347	1	347	8.104E-162	500
P51470.1	Q9W6A5.2	0.713	347	99	0	1	347	1	347	2.083E-161	499
P51470.1	P51474.1	0.698	354	106	0	1	354	4	354	1.886E-160	496
P51470.1	P28682.1	0.547	349	157	0	8	354	13	361	7.736E-115	364
P51470.1	P51472.1	0.525	341	161	0	8	346	11	351	1.055E-105	338
P51470.1	P32310.1	0.519	339	162	0	8	346	10	347	2.187E-103	331
P51470.1	O57605.1	0.500	353	173	0	1	353	1	346	1.437E-102	329
P51470.1	P51473.1	0.496	350	173	0	5	354	3	347	2.173E-100	322
P51470.1	P28684.1	0.502	336	166	0	18	353	13	346	1.150E-97	314
P51470.1	Q9W6A8.1	0.496	339	170	0	8	346	13	350	4.030E-97	313
P51470.1	O13092.1	0.483	349	177	0	5	353	6	348	1.412E-96	311
P51470.1	P87365.1	0.490	339	172	0	8	346	12	349	1.734E-95	308
P51470.1	P03999.2	0.497	331	164	0	23	353	17	344	8.310E-95	306
P51470.1	P60015.1	0.497	331	164	0	23	353	20	347	8.310E-95	306
P51470.1	P51491.1	0.467	353	183	0	1	353	1	345	4.885E-93	301
P51470.1	P51475.1	0.516	305	147	0	23	327	16	319	2.097E-91	296
P51470.1	P51476.1	0.512	307	149	0	23	329	18	323	3.924E-91	295
P51470.1	Q63652.2	0.459	353	186	0	1	353	1	345	1.004E-90	294
P51470.1	P51490.1	0.480	331	170	0	23	353	21	348	2.570E-90	293
P51470.1	Q90309.1	0.481	326	166	0	22	347	15	335	4.306E-89	289
P51470.1	Q9W6A9.2	0.471	326	169	0	22	347	15	335	3.086E-86	281
P51470.1	P87368.1	0.455	337	178	0	6	342	2	329	5.161E-85	278
P51470.1	P35358.1	0.438	351	193	0	4	354	22	365	3.374E-84	275
P51470.1	O18912.2	0.435	353	194	0	2	354	21	364	8.626E-84	274
P51470.1	Q9BGI7.1	0.436	351	192	0	4	354	23	364	1.179E-83	274
P51470.1	O18914.2	0.436	351	192	0	4	354	23	364	1.179E-83	274
P51470.1	P04001.1	0.434	353	194	0	2	354	21	364	2.205E-83	273
P51470.1	O18913.2	0.434	353	194	0	2	354	21	364	2.205E-83	273
P51470.1	Q95170.1	0.435	351	193	0	4	354	23	364	2.205E-83	273
P51470.1	O18910.2	0.432	353	195	0	2	354	21	364	7.706E-83	271
P51470.1	O35476.2	0.430	353	196	0	2	354	16	359	1.970E-82	270
P51470.1	O35478.2	0.430	353	196	0	2	354	21	364	1.970E-82	270
P51470.1	P04000.2	0.429	353	196	0	2	354	21	364	3.682E-82	269
P51470.1	O12948.1	0.431	351	195	0	4	354	22	365	5.034E-82	269
P51470.1	Q9R024.1	0.428	353	196	0	2	354	21	364	9.409E-82	268
P51470.1	P34989.1	0.435	344	190	0	2	345	14	350	2.404E-81	267
P51470.1	O35599.1	0.426	353	197	0	2	354	16	359	2.404E-81	267
P51470.1	P22329.1	0.431	346	192	0	9	354	25	362	6.143E-81	266
P51470.1	P41592.1	0.431	346	192	0	9	354	31	369	6.143E-81	266
P51470.1	P87367.1	0.433	343	189	0	4	346	20	354	1.148E-80	265
P51470.1	Q9W6A7.1	0.434	338	186	0	9	346	25	354	1.400E-79	262
P51470.1	Q8AYN0.1	0.429	338	188	0	9	346	24	353	3.189E-78	258
P51470.1	O42490.1	0.464	304	161	0	20	323	31	331	3.189E-78	258
P51470.1	P32313.1	0.429	338	188	0	9	346	25	354	4.358E-78	258
P51470.1	P22332.2	0.428	338	188	0	9	346	25	354	5.957E-78	257
P51470.1	P22331.1	0.421	339	191	0	9	347	23	353	3.459E-76	252
P51470.1	P22330.1	0.418	339	192	0	9	347	25	355	1.649E-75	250
P51470.1	O18911.1	0.459	273	147	0	32	304	1	273	3.419E-68	229
P79807.1	P79807.1	0.970	349	10	0	1	349	1	349	1.803E-236	715
P79807.1	P79798.1	0.951	349	17	0	1	349	1	349	5.376E-231	699
P79807.1	P79808.1	0.912	349	31	0	1	349	1	348	1.227E-219	666
P79807.1	P79812.1	0.911	349	31	0	1	349	4	351	1.681E-219	666
P79807.1	P79902.1	0.906	349	33	0	1	349	1	348	5.382E-218	662
P79807.1	P79901.1	0.905	349	33	0	1	349	1	348	7.375E-218	661
P79807.1	P79898.1	0.903	349	34	0	1	349	4	351	3.564E-217	659
P79807.1	P79914.1	0.898	349	35	0	1	349	1	348	8.323E-216	655
P79807.1	P87369.1	0.888	351	39	0	1	349	4	354	3.650E-214	651
P79807.1	Q9YGZ6.1	0.886	350	40	0	1	349	4	353	8.524E-213	647
P79807.1	Q9YGZ2.1	0.887	349	39	0	1	349	4	352	1.601E-212	646
P79807.1	Q9YGZ3.1	0.882	351	41	0	1	349	4	354	1.601E-212	646
P79807.1	P79848.1	0.882	351	41	0	1	349	4	354	1.601E-212	646
P79807.1	Q9YGY9.1	0.883	349	41	0	1	349	4	352	1.990E-211	643
P79807.1	P79903.1	0.882	349	41	0	1	349	1	347	3.737E-211	642
P79807.1	Q9YH05.1	0.880	350	42	0	1	349	4	353	3.737E-211	642
P79807.1	Q9YGZ8.1	0.880	350	42	0	1	349	4	353	3.737E-211	642
P79807.1	P79756.1	0.878	351	42	0	1	349	4	354	3.737E-211	642
P79807.1	Q9DGG4.1	0.879	350	42	0	1	349	4	353	5.122E-211	642
P79807.1	P79911.1	0.881	349	41	0	1	349	1	347	9.617E-211	641
P79807.1	P79809.1	0.880	349	42	0	1	349	1	347	1.806E-210	640
P79807.1	Q9YGZ5.1	0.862	350	48	0	1	349	4	353	5.914E-206	627
P79807.1	O42604.1	0.860	351	49	0	1	349	4	354	5.914E-206	627
P79807.1	P35359.2	0.855	351	50	0	1	349	4	354	1.892E-204	623
P79807.1	P51488.1	0.850	351	52	0	1	349	4	354	4.416E-203	619
P79807.1	P41590.1	0.849	349	53	0	1	349	4	352	1.031E-201	615
P79807.1	P32309.1	0.839	351	56	0	1	349	4	354	4.517E-200	610
P79807.1	O13227.1	0.829	349	59	0	1	349	4	350	7.868E-196	598
P79807.1	Q9YGZ0.1	0.826	349	60	0	1	349	4	351	3.800E-195	596
P79807.1	Q90215.1	0.816	349	64	0	1	349	4	352	3.885E-192	587
P79807.1	Q90214.1	0.815	349	64	0	1	349	4	352	5.323E-192	587
P79807.1	O62796.1	0.804	340	66	0	1	339	4	343	1.610E-183	562
P79807.1	P49912.1	0.803	340	67	0	1	339	4	343	3.022E-183	561
P79807.1	O93459.1	0.781	351	76	0	1	349	4	354	4.140E-183	561
P79807.1	O18766.1	0.802	340	67	0	1	339	4	343	5.673E-183	561
P79807.1	P32308.1	0.799	340	68	0	1	339	4	343	2.739E-182	559
P79807.1	P52202.1	0.782	349	76	0	1	349	4	352	2.739E-182	559
P79807.1	Q95KU1.1	0.799	340	68	0	1	339	4	343	3.753E-182	558
P79807.1	P56515.1	0.776	351	78	0	1	349	4	354	1.323E-181	557
P79807.1	O93441.1	0.776	351	78	0	1	349	4	354	1.323E-181	557
P79807.1	O62794.1	0.795	340	69	0	1	339	4	343	6.388E-181	555
P79807.1	P02699.1	0.795	340	69	0	1	339	4	343	6.388E-181	555
P79807.1	P28681.1	0.795	340	69	0	1	339	4	343	6.388E-181	555
P79807.1	O62795.1	0.794	340	70	0	1	339	4	343	8.752E-181	554
P79807.1	Q769E8.1	0.794	340	70	0	1	339	4	343	8.752E-181	554
P79807.1	P15409.2	0.794	340	70	0	1	339	4	343	8.752E-181	554
P79807.1	P08100.1	0.794	340	70	0	1	339	4	343	8.752E-181	554
P79807.1	P51489.1	0.794	340	70	0	1	339	4	343	1.199E-180	554
P79807.1	Q68J47.1	0.792	340	70	0	1	339	4	343	3.084E-180	553
P79807.1	P51470.1	0.771	351	80	0	1	349	4	354	3.084E-180	553
P79807.1	Q28886.1	0.792	340	70	0	1	339	4	343	4.226E-180	552
P79807.1	P22328.1	0.774	349	78	0	1	349	4	351	4.226E-180	552
P79807.1	P22671.1	0.771	350	80	0	1	349	4	353	7.933E-180	552
P79807.1	P56514.1	0.769	351	80	0	1	349	4	354	1.087E-179	551
P79807.1	O62791.1	0.790	340	71	0	1	339	4	343	1.489E-179	551
P79807.1	Q90245.1	0.768	351	81	0	1	349	4	354	1.489E-179	551
P79807.1	P31355.1	0.767	351	81	0	1	349	4	354	3.831E-179	550
P79807.1	O62798.1	0.787	340	72	0	1	339	4	343	9.853E-179	548
P79807.1	P41591.1	0.769	349	80	0	1	349	4	352	1.350E-178	548
P79807.1	P02700.2	0.786	340	72	0	1	339	4	343	1.850E-178	548
P79807.1	P56516.1	0.765	351	82	0	1	349	4	354	1.850E-178	548
P79807.1	O62793.1	0.785	340	73	0	1	339	4	343	2.534E-178	547
P79807.1	O62792.1	0.785	340	73	0	1	339	4	343	3.472E-178	547
P79807.1	P29403.1	0.763	351	82	0	1	349	4	354	6.518E-178	546
P79807.1	Q6W3E1.1	0.780	340	74	0	1	339	4	343	8.094E-177	543
P79807.1	Q98980.1	0.760	350	84	0	1	349	4	353	1.109E-176	542
P79807.1	P79863.1	0.756	351	85	0	1	349	4	354	7.336E-176	540
P79807.1	Q8HY69.2	0.776	340	76	0	1	339	4	343	1.005E-175	540
P79807.1	P28683.1	0.692	352	107	0	1	349	4	355	5.976E-158	488
P79807.1	Q8AYM7.1	0.705	344	101	0	1	342	4	347	8.187E-158	488
P79807.1	P51471.1	0.692	352	107	0	1	349	4	355	8.187E-158	488
P79807.1	Q9W6A6.2	0.696	344	104	0	1	342	4	347	3.237E-155	481
P79807.1	P35357.1	0.681	352	111	0	1	349	4	355	8.322E-155	479
P79807.1	P32311.1	0.689	344	106	0	1	342	4	347	3.634E-153	475
P79807.1	P32312.1	0.684	344	108	0	1	342	4	347	8.454E-152	471
P79807.1	Q8AYM8.1	0.667	344	114	0	1	342	4	347	3.745E-147	457
P79807.1	Q9W6A5.2	0.664	344	115	0	1	342	4	347	3.388E-146	454
P79807.1	P51474.1	0.657	348	119	0	2	349	8	354	4.640E-146	454
P79807.1	P28682.1	0.552	348	154	0	6	349	14	361	5.092E-116	367
P79807.1	P51472.1	0.558	330	145	0	6	333	12	341	5.673E-111	353
P79807.1	P32310.1	0.548	336	151	0	6	340	11	346	1.455E-110	351
P79807.1	Q9W6A8.1	0.550	322	144	0	19	340	29	349	4.595E-106	338
P79807.1	P87365.1	0.531	331	155	0	6	336	13	343	3.720E-104	333
P79807.1	P51473.1	0.496	344	171	0	6	349	7	347	7.664E-99	317
P79807.1	O57605.1	0.496	334	168	0	15	348	13	346	1.422E-95	308
P79807.1	P51475.1	0.579	274	114	0	51	324	48	319	1.946E-95	308
P79807.1	O13092.1	0.499	329	164	0	20	348	21	348	6.820E-95	306
P79807.1	P51476.1	0.529	305	143	0	20	324	18	321	9.331E-95	306
P79807.1	P03999.2	0.495	329	165	0	20	348	17	344	8.374E-94	303
P79807.1	P60015.1	0.495	329	165	0	20	348	20	347	8.374E-94	303
P79807.1	P28684.1	0.489	334	170	0	15	348	13	346	1.567E-93	302
P79807.1	P51491.1	0.488	329	167	0	20	348	18	345	9.217E-92	297
P79807.1	P51490.1	0.482	329	169	0	20	348	21	348	2.894E-90	293
P79807.1	Q63652.2	0.480	329	170	0	20	348	18	345	1.013E-89	291
P79807.1	O18913.2	0.453	349	187	0	1	349	23	364	4.346E-88	286
P79807.1	Q9W6A9.2	0.468	334	176	0	8	341	6	336	5.944E-88	286
P79807.1	O18912.2	0.453	349	187	0	1	349	23	364	5.944E-88	286
P79807.1	Q9BGI7.1	0.453	349	187	0	1	349	23	364	5.944E-88	286
P79807.1	O18914.2	0.452	349	187	0	1	349	23	364	8.131E-88	286
P79807.1	P04001.1	0.451	349	187	0	1	349	23	364	2.845E-87	284
P79807.1	Q95170.1	0.451	349	187	0	1	349	23	364	2.845E-87	284
P79807.1	Q90309.1	0.475	323	169	0	19	341	15	336	1.862E-86	282
P79807.1	P04000.2	0.447	349	189	0	1	349	23	364	2.547E-86	281
P79807.1	P87368.1	0.458	337	178	0	3	339	2	331	4.765E-86	280
P79807.1	P34989.1	0.455	340	182	0	1	340	16	350	4.765E-86	280
P79807.1	O35478.2	0.446	349	189	0	1	349	23	364	6.516E-86	280
P79807.1	O18910.2	0.445	349	189	0	1	349	23	364	1.219E-85	279
P79807.1	Q9R024.1	0.443	349	190	0	1	349	23	364	3.117E-85	278
P79807.1	P41592.1	0.457	332	179	0	18	349	40	369	2.039E-84	276
P79807.1	O35476.2	0.440	349	191	0	1	349	18	359	3.813E-84	275
P79807.1	P35358.1	0.439	349	192	0	1	349	22	365	7.131E-84	274
P79807.1	O35599.1	0.436	349	192	0	1	349	18	359	4.663E-83	272
P79807.1	O12948.1	0.434	349	194	0	1	349	22	365	1.192E-82	271
P79807.1	P22329.1	0.444	332	182	0	18	349	34	362	6.959E-81	265
P79807.1	P87367.1	0.434	340	188	0	1	340	20	353	3.325E-80	263
P79807.1	O42490.1	0.472	304	158	0	17	320	31	331	3.325E-80	263
P79807.1	Q8AYN0.1	0.449	323	176	0	18	340	33	352	1.161E-79	262
P79807.1	P32313.1	0.445	323	177	0	18	340	34	353	1.417E-78	259
P79807.1	P22332.2	0.444	323	177	0	18	340	34	353	1.937E-78	258
P79807.1	P22331.1	0.442	325	179	0	18	342	32	353	2.648E-78	258
P79807.1	Q9W6A7.1	0.444	323	177	0	18	340	34	353	2.648E-78	258
P79807.1	P22330.1	0.436	325	181	0	18	342	34	355	8.243E-77	254
P79807.1	O18911.1	0.493	268	135	0	34	301	6	273	4.263E-74	246
P79902.1	P79902.1	0.977	348	8	0	1	348	1	348	1.009E-237	719
P79902.1	P79808.1	0.959	348	14	0	1	348	1	348	1.602E-232	704
P79902.1	P79898.1	0.957	348	15	0	1	348	4	351	4.124E-232	702
P79902.1	P79812.1	0.954	348	16	0	1	348	4	351	3.743E-231	700
P79902.1	P79901.1	0.952	348	17	0	1	348	1	348	1.320E-230	698
P79902.1	P79914.1	0.946	348	19	0	1	348	1	348	5.794E-229	693
P79902.1	P79809.1	0.924	348	26	0	1	348	1	347	1.566E-222	675
P79902.1	P79903.1	0.916	348	29	0	1	348	1	347	2.423E-220	668
P79902.1	P79911.1	0.915	348	29	0	1	348	1	347	6.237E-220	667
P79902.1	P79807.1	0.912	349	31	0	1	348	1	349	1.171E-219	666
P79902.1	P79798.1	0.906	349	33	0	1	348	1	349	3.749E-218	662
P79902.1	Q9YGZ2.1	0.896	349	36	0	1	348	4	352	2.802E-215	654
P79902.1	Q9YGY9.1	0.894	349	37	0	1	348	4	352	9.882E-215	652
P79902.1	P87369.1	0.882	351	41	0	1	348	4	354	1.528E-212	646
P79902.1	Q9YH05.1	0.884	350	40	0	1	348	4	353	2.870E-212	645
P79902.1	Q9YGZ3.1	0.880	351	42	0	1	348	4	354	7.385E-212	644
P79902.1	Q9YGZ6.1	0.881	350	41	0	1	348	4	353	1.387E-211	643
P79902.1	Q9YGZ8.1	0.881	350	41	0	1	348	4	353	1.387E-211	643
P79902.1	Q9DGG4.1	0.878	350	42	0	1	348	4	353	1.724E-210	640
P79902.1	P79848.1	0.872	351	44	0	1	348	4	354	2.144E-209	637
P79902.1	O42604.1	0.871	351	45	0	1	348	4	354	2.938E-209	636
P79902.1	P79756.1	0.868	351	46	0	1	348	4	354	1.945E-208	634
P79902.1	Q9YGZ5.1	0.860	350	49	0	1	348	4	353	1.991E-205	625
P79902.1	P41590.1	0.850	349	52	0	1	348	4	352	7.184E-202	615
P79902.1	O13227.1	0.846	348	53	0	1	348	4	350	4.314E-200	610
P79902.1	P51488.1	0.838	351	56	0	1	348	4	354	1.521E-199	608
P79902.1	P35359.2	0.837	351	57	0	1	348	4	354	2.084E-199	608
P79902.1	Q9YGZ0.1	0.836	348	57	0	1	348	4	351	2.350E-197	602
P79902.1	P32309.1	0.827	351	60	0	1	348	4	354	2.132E-196	599
P79902.1	Q90214.1	0.818	349	63	0	1	348	4	352	7.683E-193	589
P79902.1	Q90215.1	0.816	349	64	0	1	348	4	352	2.708E-192	587
P79902.1	P49912.1	0.801	340	67	0	1	340	4	343	7.428E-183	560
P79902.1	P56515.1	0.778	351	77	0	1	348	4	354	2.618E-182	559
P79902.1	P32308.1	0.797	340	69	0	1	340	4	343	9.226E-182	557
P79902.1	O18766.1	0.796	340	69	0	1	340	4	343	2.373E-181	556
P79902.1	O93459.1	0.774	351	78	0	1	348	4	354	3.252E-181	556
P79902.1	P56514.1	0.773	351	79	0	1	348	4	354	8.364E-181	554
P79902.1	Q95KU1.1	0.794	340	70	0	1	340	4	343	1.146E-180	554
P79902.1	O62796.1	0.792	340	71	0	1	340	4	343	2.948E-180	553
P79902.1	Q90245.1	0.769	351	80	0	1	348	4	354	7.582E-180	552
P79902.1	P02699.1	0.790	340	71	0	1	340	4	343	1.039E-179	551
P79902.1	O62794.1	0.790	340	71	0	1	340	4	343	1.423E-179	551
P79902.1	P22328.1	0.774	348	78	0	1	348	4	351	1.423E-179	551
P79902.1	O62795.1	0.789	340	72	0	1	340	4	343	1.950E-179	550
P79902.1	P15409.2	0.789	340	72	0	1	340	4	343	2.672E-179	550
P79902.1	P08100.1	0.788	340	72	0	1	340	4	343	3.661E-179	550
P79902.1	P52202.1	0.771	349	79	0	1	348	4	352	3.661E-179	550
P79902.1	O93441.1	0.767	351	81	0	1	348	4	354	3.661E-179	550
P79902.1	P51470.1	0.766	351	81	0	1	348	4	354	9.417E-179	548
P79902.1	Q769E8.1	0.786	340	73	0	1	340	4	343	1.290E-178	548
P79902.1	O62791.1	0.786	340	73	0	1	340	4	343	1.290E-178	548
P79902.1	P51489.1	0.786	340	73	0	1	340	4	343	1.768E-178	548
P79902.1	Q28886.1	0.786	340	73	0	1	340	4	343	1.768E-178	548
P79902.1	Q98980.1	0.767	350	81	0	1	348	4	353	1.768E-178	548
P79902.1	P28681.1	0.785	340	73	0	1	340	4	343	2.422E-178	547
P79902.1	P31355.1	0.763	351	82	0	1	348	4	354	4.547E-178	546
P79902.1	Q68J47.1	0.784	340	73	0	1	340	4	343	6.230E-178	546
P79902.1	O62798.1	0.783	340	74	0	1	340	4	343	8.536E-178	546
P79902.1	P22671.1	0.764	350	82	0	1	348	4	353	8.536E-178	546
P79902.1	O62793.1	0.782	340	74	0	1	340	4	343	2.195E-177	544
P79902.1	P41591.1	0.764	349	82	0	1	348	4	352	4.121E-177	544
P79902.1	P56516.1	0.760	351	83	0	1	348	4	354	4.121E-177	544
P79902.1	O62792.1	0.780	340	75	0	1	340	4	343	5.647E-177	543
P79902.1	P02700.2	0.779	340	75	0	1	340	4	343	1.060E-176	542
P79902.1	Q8HY69.2	0.778	340	75	0	1	340	4	343	1.990E-176	542
P79902.1	P29403.1	0.758	351	84	0	1	348	4	354	1.990E-176	542
P79902.1	Q6W3E1.1	0.773	340	77	0	1	340	4	343	8.707E-175	537
P79902.1	P79863.1	0.740	351	90	0	1	348	4	354	3.128E-171	527
P79902.1	P51471.1	0.684	352	110	0	1	348	4	355	1.205E-155	482
P79902.1	Q8AYM7.1	0.690	348	107	0	1	348	4	349	2.261E-155	481
P79902.1	P28683.1	0.680	352	111	0	1	348	4	355	2.047E-154	478
P79902.1	P35357.1	0.677	352	112	0	1	348	4	355	1.353E-153	476
P79902.1	Q9W6A6.2	0.681	348	110	0	1	348	4	349	6.524E-153	474
P79902.1	P32311.1	0.672	348	113	0	1	348	4	349	2.578E-150	466
P79902.1	P32312.1	0.667	348	115	0	1	348	4	349	5.996E-149	462
P79902.1	P51474.1	0.668	347	115	0	2	348	8	354	1.125E-148	462
P79902.1	Q9W6A5.2	0.654	348	119	0	1	348	4	349	4.018E-145	451
P79902.1	Q8AYM8.1	0.651	348	120	0	1	348	4	349	1.937E-144	449
P79902.1	P51472.1	0.556	342	151	0	6	347	12	353	8.253E-115	364
P79902.1	P28682.1	0.548	348	155	0	6	348	14	361	8.253E-115	364
P79902.1	P32310.1	0.542	342	155	0	6	347	11	349	3.976E-111	353
P79902.1	Q9W6A8.1	0.534	336	156	0	6	341	14	349	1.257E-106	340
P79902.1	P87365.1	0.534	335	156	0	6	340	13	347	2.354E-106	339
P79902.1	P51473.1	0.491	343	173	0	6	348	7	347	4.343E-97	312
P79902.1	O57605.1	0.495	335	168	0	14	347	12	346	9.991E-96	308
P79902.1	P51475.1	0.527	305	143	0	20	324	16	319	3.143E-94	304
P79902.1	P28684.1	0.493	332	167	0	13	344	11	341	4.300E-94	304
P79902.1	P03999.2	0.482	340	173	0	6	345	6	340	1.101E-93	302
P79902.1	P60015.1	0.482	340	173	0	6	345	9	343	1.101E-93	302
P79902.1	O13092.1	0.482	339	172	0	6	344	10	343	2.820E-93	301
P79902.1	P51476.1	0.505	316	153	0	9	324	11	321	2.530E-92	299
P79902.1	P51491.1	0.474	339	175	0	6	344	7	340	5.809E-91	295
P79902.1	O18913.2	0.476	335	173	0	14	348	33	364	2.034E-90	293
P79902.1	P04001.1	0.473	335	174	0	14	348	33	364	1.333E-89	291
P79902.1	O18914.2	0.473	335	174	0	14	348	33	364	1.823E-89	290
P79902.1	Q9BGI7.1	0.459	348	184	0	1	348	23	364	2.494E-89	290
P79902.1	P51490.1	0.483	325	166	0	20	344	21	343	3.412E-89	289
P79902.1	O18912.2	0.472	335	175	0	14	348	33	364	3.412E-89	289
P79902.1	Q63652.2	0.466	339	178	0	6	344	7	340	8.732E-89	288
P79902.1	Q95170.1	0.456	348	186	0	1	348	23	364	1.194E-88	288
P79902.1	Q9W6A9.2	0.480	325	166	0	19	343	15	335	1.634E-88	287
P79902.1	P04000.2	0.468	335	176	0	14	348	33	364	3.057E-88	287
P79902.1	Q90309.1	0.477	325	167	0	19	343	15	335	1.070E-87	285
P79902.1	P87368.1	0.462	338	177	0	3	340	2	331	2.001E-87	284
P79902.1	O18910.2	0.465	335	177	0	14	348	33	364	2.001E-87	284
P79902.1	O35478.2	0.464	335	177	0	14	348	33	364	5.121E-87	283
P79902.1	Q9R024.1	0.463	335	178	0	14	348	33	364	9.580E-87	282
P79902.1	P34989.1	0.469	328	172	0	14	341	26	350	2.451E-86	281
P79902.1	O35476.2	0.456	335	180	0	14	348	28	359	5.611E-85	277
P79902.1	O35599.1	0.453	335	181	0	14	348	28	359	3.670E-84	275
P79902.1	P35358.1	0.439	348	192	0	1	348	22	365	9.387E-84	274
P79902.1	P41592.1	0.452	335	182	0	14	348	36	369	9.387E-84	274
P79902.1	P22329.1	0.450	335	183	0	14	348	30	362	2.400E-83	273
P79902.1	O12948.1	0.446	335	184	0	14	348	32	365	2.934E-82	269
P79902.1	O42490.1	0.471	308	161	0	13	320	27	331	4.902E-81	266
P79902.1	P87367.1	0.448	328	178	0	14	341	30	353	6.702E-81	265
P79902.1	Q8AYN0.1	0.446	328	179	0	14	341	29	352	3.202E-80	263
P79902.1	Q9W6A7.1	0.433	340	188	0	2	341	22	353	5.985E-80	263
P79902.1	P22331.1	0.432	340	189	0	2	341	20	353	1.119E-79	262
P79902.1	P32313.1	0.431	340	188	0	2	341	22	353	2.091E-79	261
P79902.1	P22332.2	0.430	340	189	0	2	341	22	353	5.343E-79	260
P79902.1	P22330.1	0.428	340	190	0	2	341	22	355	1.365E-78	259
P79902.1	O18911.1	0.491	268	136	0	34	301	6	273	1.049E-73	244
P34989.1	P34989.1	0.981	350	7	0	1	350	1	350	3.812E-240	726
P34989.1	P04000.2	0.955	349	16	0	2	350	9	357	4.528E-232	702
P34989.1	P04001.1	0.948	349	18	0	2	350	9	357	5.114E-230	696
P34989.1	O18913.2	0.923	349	27	0	2	350	9	357	9.155E-223	676
P34989.1	Q9BGI7.1	0.921	349	27	0	2	350	9	357	2.356E-222	674
P34989.1	O35478.2	0.920	349	28	0	2	350	9	357	6.064E-222	673
P34989.1	Q95170.1	0.919	349	28	0	2	350	9	357	1.139E-221	672
P34989.1	O18914.2	0.913	349	30	0	2	350	9	357	4.995E-220	668
P34989.1	O18912.2	0.912	349	31	0	2	350	9	357	9.380E-220	667
P34989.1	O35476.2	0.903	349	34	0	2	350	4	352	3.733E-217	659
P34989.1	Q9R024.1	0.899	350	35	0	1	350	8	357	9.607E-217	658
P34989.1	O35599.1	0.899	349	35	0	2	350	4	352	6.362E-216	656
P34989.1	O18910.2	0.899	348	35	0	3	350	10	357	2.244E-215	654
P34989.1	P41592.1	0.898	338	34	0	13	350	23	360	1.557E-208	634
P34989.1	P22329.1	0.894	338	36	0	13	350	17	353	1.413E-207	632
P34989.1	O12948.1	0.838	348	56	0	3	350	10	356	7.307E-198	604
P34989.1	P87367.1	0.855	338	49	0	13	350	17	353	1.244E-196	600
P34989.1	P32313.1	0.847	338	51	0	13	350	17	353	1.922E-194	594
P34989.1	P22332.2	0.845	338	52	0	13	350	17	353	9.283E-194	592
P34989.1	Q9W6A7.1	0.840	338	54	0	13	350	17	353	1.581E-192	588
P34989.1	P35358.1	0.819	348	63	0	3	350	10	356	1.581E-192	588
P34989.1	Q8AYN0.1	0.837	338	55	0	13	350	16	352	1.046E-191	586
P34989.1	P22331.1	0.811	337	63	0	13	349	15	350	1.229E-183	563
P34989.1	P22330.1	0.794	337	69	0	13	349	17	352	4.008E-179	550
P34989.1	O18911.1	0.934	273	18	0	41	313	1	273	1.789E-174	536
P34989.1	P51476.1	0.571	302	129	0	28	329	14	314	3.874E-104	333
P34989.1	P51475.1	0.557	303	133	0	27	329	11	312	7.220E-101	323
P34989.1	Q9W6A9.2	0.496	319	160	0	32	350	16	333	6.282E-91	295
P34989.1	O13092.1	0.486	323	165	0	28	349	17	339	1.441E-89	291
P34989.1	O57605.1	0.481	325	167	0	28	350	14	338	1.291E-88	288
P34989.1	Q63652.2	0.481	323	167	0	28	349	14	336	3.303E-88	287
P34989.1	P51490.1	0.484	320	164	0	31	349	20	339	4.518E-88	286
P34989.1	O13227.1	0.461	339	179	0	16	349	4	342	2.162E-87	284
P34989.1	P35359.2	0.456	342	182	0	16	350	4	345	5.532E-87	283
P34989.1	Q8HY69.2	0.467	331	174	0	23	349	13	343	1.035E-86	282
P34989.1	Q90309.1	0.467	330	175	0	21	350	4	333	1.415E-86	282
P34989.1	P03999.2	0.474	323	169	0	28	349	13	335	2.647E-86	281
P34989.1	P60015.1	0.474	323	169	0	28	349	16	338	2.647E-86	281
P34989.1	Q9W6A6.2	0.454	342	182	0	16	350	4	345	3.620E-86	281
P34989.1	P28684.1	0.458	337	182	0	15	350	2	338	6.772E-86	280
P34989.1	P22671.1	0.454	341	182	0	16	350	4	344	6.772E-86	280
P34989.1	P79807.1	0.454	340	182	0	16	350	1	340	9.261E-86	280
P34989.1	P49912.1	0.454	340	182	0	16	349	4	343	1.266E-85	279
P34989.1	P41590.1	0.451	342	183	0	16	350	4	345	1.732E-85	279
P34989.1	P87368.1	0.463	330	175	0	20	349	5	331	2.369E-85	278
P34989.1	P51489.1	0.471	323	169	0	30	349	21	343	2.369E-85	278
P34989.1	P08100.1	0.463	330	173	0	26	349	14	343	2.369E-85	278
P34989.1	P79903.1	0.470	323	170	0	30	350	18	340	3.239E-85	278
P34989.1	P22328.1	0.453	339	183	0	16	350	4	342	3.239E-85	278
P34989.1	Q90215.1	0.468	325	170	0	30	350	21	345	3.239E-85	278
P34989.1	P51472.1	0.461	331	176	0	24	350	20	350	3.239E-85	278
P34989.1	P51491.1	0.469	323	170	0	28	349	14	336	4.430E-85	278
P34989.1	P79808.1	0.468	324	170	0	30	350	18	341	4.430E-85	278
P34989.1	P32310.1	0.465	327	174	0	25	350	20	346	4.430E-85	278
P34989.1	P79809.1	0.465	327	173	0	26	350	14	340	6.058E-85	277
P34989.1	Q28886.1	0.461	330	174	0	26	349	14	343	6.058E-85	277
P34989.1	P79863.1	0.449	342	184	0	16	350	4	345	6.058E-85	277
P34989.1	P32308.1	0.461	330	174	0	26	349	14	343	8.285E-85	277
P34989.1	Q769E8.1	0.461	330	174	0	26	349	14	343	8.285E-85	277
P34989.1	P79902.1	0.463	328	174	0	26	350	14	341	8.285E-85	277
P34989.1	Q95KU1.1	0.461	330	174	0	26	349	14	343	8.285E-85	277
P34989.1	P28683.1	0.458	333	176	0	26	350	14	346	8.285E-85	277
P34989.1	P79756.1	0.466	325	171	0	30	350	21	345	1.133E-84	276
P34989.1	O93441.1	0.448	342	184	0	16	350	4	345	1.133E-84	276
P34989.1	P79911.1	0.467	323	171	0	30	350	18	340	1.549E-84	276
P34989.1	P28681.1	0.460	330	174	0	26	349	14	343	1.549E-84	276
P34989.1	O18766.1	0.460	330	174	0	26	349	14	343	1.549E-84	276
P34989.1	Q90214.1	0.465	325	171	0	30	350	21	345	1.549E-84	276
P34989.1	P32311.1	0.447	342	185	0	16	350	4	345	2.897E-84	275
P34989.1	Q8AYM7.1	0.447	342	185	0	16	350	4	345	2.897E-84	275
P34989.1	Q9YGZ0.1	0.448	341	184	0	16	350	4	344	2.897E-84	275
P34989.1	P02699.1	0.458	330	175	0	26	349	14	343	3.962E-84	275
P34989.1	P79812.1	0.465	324	171	0	30	350	21	344	3.962E-84	275
P34989.1	P56516.1	0.446	342	185	0	16	350	4	345	3.962E-84	275
P34989.1	O93459.1	0.446	342	185	0	16	350	4	345	3.962E-84	275
P34989.1	O62794.1	0.458	330	175	0	26	349	14	343	5.418E-84	274
P34989.1	P02700.2	0.458	330	175	0	26	349	14	343	5.418E-84	274
P34989.1	P52202.1	0.458	330	176	0	26	350	14	343	5.418E-84	274
P34989.1	P79848.1	0.463	325	172	0	30	350	21	345	5.418E-84	274
P34989.1	Q98980.1	0.446	341	185	0	16	350	4	344	7.409E-84	274
P34989.1	P87369.1	0.445	342	185	0	16	350	4	345	7.409E-84	274
P34989.1	O62795.1	0.457	330	175	0	26	349	14	343	1.013E-83	274
P34989.1	O62796.1	0.457	330	175	0	26	349	14	343	1.013E-83	274
P34989.1	Q9YGZ3.1	0.462	325	172	0	30	350	21	345	1.013E-83	274
P34989.1	P79914.1	0.463	324	172	0	30	350	18	341	1.385E-83	273
P34989.1	P15409.2	0.464	323	171	0	30	349	21	343	1.385E-83	273
P34989.1	P51488.1	0.444	342	186	0	16	350	4	345	1.385E-83	273
P34989.1	P56515.1	0.444	342	186	0	16	350	4	345	1.385E-83	273
P34989.1	P51470.1	0.444	342	186	0	16	350	4	345	1.385E-83	273
P34989.1	P79901.1	0.462	324	172	0	30	350	18	341	1.894E-83	273
P34989.1	Q6W3E1.1	0.456	330	176	0	26	349	14	343	1.894E-83	273
P34989.1	P32312.1	0.443	342	186	0	16	350	4	345	2.590E-83	273
P34989.1	P79898.1	0.461	324	172	0	30	350	21	344	3.542E-83	272
P34989.1	P32309.1	0.443	342	186	0	16	350	4	345	3.542E-83	272
P34989.1	P31355.1	0.442	342	186	0	16	350	4	345	6.623E-83	271
P34989.1	P29403.1	0.442	342	186	0	16	350	4	345	6.623E-83	271
P34989.1	Q68J47.1	0.453	330	177	0	26	349	14	343	9.056E-83	271
P34989.1	O62791.1	0.453	330	177	0	26	349	14	343	9.056E-83	271
P34989.1	P56514.1	0.441	342	187	0	16	350	4	345	1.238E-82	271
P34989.1	Q90245.1	0.454	329	177	0	26	350	17	345	1.238E-82	271
P34989.1	P79798.1	0.442	340	186	0	16	350	1	340	1.693E-82	270
P34989.1	P35357.1	0.449	333	179	0	26	350	14	346	1.693E-82	270
P34989.1	O62793.1	0.459	323	173	0	30	349	21	343	3.165E-82	269
P34989.1	O42604.1	0.457	325	174	0	30	350	21	345	3.165E-82	269
P34989.1	P41591.1	0.441	339	186	0	16	349	4	342	8.091E-82	268
P34989.1	Q9YGZ5.1	0.456	324	174	0	30	350	21	344	8.091E-82	268
P34989.1	Q9W6A8.1	0.456	324	175	0	28	350	26	349	8.091E-82	268
P34989.1	P28682.1	0.457	323	173	0	32	350	30	352	8.091E-82	268
P34989.1	O62798.1	0.449	330	178	0	26	349	14	343	1.106E-81	268
P34989.1	Q9YGZ2.1	0.457	323	174	0	30	350	21	343	1.106E-81	268
P34989.1	P51471.1	0.446	333	179	0	26	350	14	346	1.513E-81	267
P34989.1	Q9YGY9.1	0.455	323	174	0	30	350	21	343	3.866E-81	266
P34989.1	Q9YGZ6.1	0.454	324	175	0	30	350	21	344	3.866E-81	266
P34989.1	Q9YH05.1	0.453	324	175	0	30	350	21	344	5.286E-81	266
P34989.1	Q9YGZ8.1	0.453	324	175	0	30	350	21	344	5.286E-81	266
P34989.1	O62792.1	0.446	330	179	0	26	349	14	343	7.227E-81	265
P34989.1	Q9DGG4.1	0.452	324	175	0	30	350	21	344	7.227E-81	265
P34989.1	P51473.1	0.450	324	177	0	28	349	14	337	3.452E-80	263
P34989.1	Q8AYM8.1	0.432	342	190	0	16	350	4	345	3.452E-80	263
P34989.1	P87365.1	0.446	327	180	0	24	349	21	347	6.452E-80	263
P34989.1	Q9W6A5.2	0.431	342	190	0	16	350	4	345	8.820E-80	262
P34989.1	O42490.1	0.434	337	188	0	15	347	13	349	2.254E-79	261
P34989.1	P51474.1	0.447	323	176	0	30	349	24	346	3.081E-79	261
O18766.1	O18766.1	0.972	348	10	0	1	348	1	348	3.232E-236	714
O18766.1	Q95KU1.1	0.953	348	16	0	1	348	1	348	9.635E-231	698
O18766.1	P32308.1	0.947	348	18	0	1	348	1	348	4.228E-229	694
O18766.1	Q769E8.1	0.944	348	19	0	1	348	1	348	2.044E-228	692
O18766.1	O62791.1	0.944	348	19	0	1	348	1	348	2.800E-228	691
O18766.1	Q28886.1	0.944	348	19	0	1	348	1	348	3.838E-228	691
O18766.1	P08100.1	0.943	348	20	0	1	348	1	348	5.259E-228	691
O18766.1	P02700.2	0.943	348	20	0	1	348	1	348	5.259E-228	691
O18766.1	P49912.1	0.940	348	21	0	1	348	1	348	3.484E-227	688
O18766.1	O62794.1	0.940	348	21	0	1	348	1	348	4.774E-227	688
O18766.1	O62795.1	0.939	348	21	0	1	348	1	348	6.543E-227	687
O18766.1	O62796.1	0.939	348	21	0	1	348	1	348	8.966E-227	687
O18766.1	P15409.2	0.937	348	22	0	1	348	1	348	2.308E-226	686
O18766.1	P28681.1	0.935	348	23	0	1	348	1	348	8.139E-226	684
O18766.1	P51489.1	0.935	348	23	0	1	348	1	348	1.115E-225	684
O18766.1	O62798.1	0.934	348	23	0	1	348	1	348	1.528E-225	683
O18766.1	P02699.1	0.933	348	23	0	1	348	1	348	2.871E-225	683
O18766.1	O62792.1	0.933	348	23	0	1	348	1	348	5.391E-225	682
O18766.1	Q68J47.1	0.929	348	25	0	1	348	1	348	6.706E-224	679
O18766.1	Q6W3E1.1	0.927	348	25	0	1	348	1	348	2.365E-223	677
O18766.1	O62793.1	0.926	348	26	0	1	348	1	348	3.241E-223	677
O18766.1	Q8HY69.2	0.899	348	35	0	1	348	1	348	2.045E-215	654
O18766.1	P52202.1	0.876	352	43	0	1	348	1	352	1.900E-211	643
O18766.1	P22328.1	0.877	351	43	0	1	348	1	351	6.701E-211	641
O18766.1	Q90245.1	0.878	347	42	0	1	346	1	347	1.036E-208	635
O18766.1	P56515.1	0.870	347	45	0	1	346	1	347	2.195E-206	628
O18766.1	P51470.1	0.851	354	52	0	1	348	1	354	2.729E-205	625
O18766.1	P31355.1	0.851	354	52	0	1	348	1	354	3.739E-205	625
O18766.1	P56516.1	0.847	354	53	0	1	348	1	354	4.648E-204	621
O18766.1	P56514.1	0.860	347	48	0	1	346	1	347	1.639E-203	620
O18766.1	P29403.1	0.858	347	49	0	1	346	1	347	4.217E-203	619
O18766.1	O13227.1	0.857	346	49	0	1	346	1	345	3.826E-202	616
O18766.1	O93459.1	0.839	354	56	0	1	348	1	354	7.184E-202	615
O18766.1	Q90214.1	0.852	347	51	0	1	346	1	347	3.471E-201	613
O18766.1	P41591.1	0.840	352	56	0	1	348	1	352	6.517E-201	612
O18766.1	Q90215.1	0.848	347	52	0	1	346	1	347	4.314E-200	610
O18766.1	P22671.1	0.847	346	53	0	1	346	1	346	2.856E-199	608
O18766.1	P35359.2	0.841	347	55	0	1	346	1	347	3.550E-198	604
O18766.1	Q98980.1	0.823	353	61	0	1	348	1	353	1.556E-196	600
O18766.1	O93441.1	0.833	347	58	0	1	346	1	347	7.515E-196	598
O18766.1	P79863.1	0.813	354	65	0	1	348	1	354	4.512E-194	593
O18766.1	P51488.1	0.826	347	60	0	1	346	1	347	6.182E-194	592
O18766.1	Q9YH05.1	0.824	346	61	0	1	346	1	346	1.443E-192	588
O18766.1	O42604.1	0.818	347	63	0	1	346	1	347	1.793E-191	585
O18766.1	Q9YGZ6.1	0.817	346	63	0	1	346	1	346	8.658E-191	583
O18766.1	Q9YGZ0.1	0.818	345	63	0	1	345	1	345	1.626E-190	582
O18766.1	Q9DGG4.1	0.816	346	63	0	1	346	1	346	1.626E-190	582
O18766.1	P32309.1	0.814	347	64	0	1	346	1	347	2.227E-190	582
O18766.1	P41590.1	0.812	347	65	0	1	346	1	347	5.730E-190	581
O18766.1	P79848.1	0.810	347	66	0	1	346	1	347	3.792E-189	578
O18766.1	P87369.1	0.809	347	66	0	1	346	1	347	5.196E-189	578
O18766.1	Q9YGZ8.1	0.811	346	65	0	1	346	1	346	7.120E-189	578
O18766.1	Q9YGZ3.1	0.806	347	67	0	1	346	1	347	3.439E-188	576
O18766.1	Q9YGZ2.1	0.806	346	67	0	1	346	1	345	1.212E-187	574
O18766.1	Q9YGZ5.1	0.805	346	67	0	1	346	1	346	3.118E-187	573
O18766.1	Q9YGY9.1	0.804	346	67	0	1	346	1	345	5.855E-187	572
O18766.1	P79756.1	0.801	347	69	0	1	346	1	347	1.099E-186	571
O18766.1	P79898.1	0.793	346	71	0	1	346	1	346	8.193E-184	563
O18766.1	P79812.1	0.793	346	71	0	1	346	1	346	8.193E-184	563
O18766.1	P79798.1	0.797	343	69	0	4	346	1	342	2.107E-183	562
O18766.1	P79807.1	0.796	343	70	0	4	346	1	342	3.956E-183	561
O18766.1	P79901.1	0.793	343	71	0	4	346	1	343	2.618E-182	559
O18766.1	P79808.1	0.791	343	71	0	4	346	1	343	1.264E-181	557
O18766.1	P79914.1	0.788	343	73	0	4	346	1	343	8.364E-181	554
O18766.1	P79902.1	0.786	343	73	0	4	346	1	343	4.039E-180	552
O18766.1	P79911.1	0.775	347	77	0	4	348	1	347	3.661E-179	550
O18766.1	P79809.1	0.775	347	77	0	4	348	1	347	3.661E-179	550
O18766.1	P79903.1	0.773	347	78	0	4	348	1	347	1.290E-178	548
O18766.1	P28683.1	0.743	355	89	0	1	348	1	355	3.068E-174	535
O18766.1	Q9W6A6.2	0.751	349	86	0	1	348	1	349	1.481E-173	533
O18766.1	P32311.1	0.751	349	86	0	1	348	1	349	2.030E-173	533
O18766.1	P35357.1	0.738	355	91	0	1	348	1	355	7.151E-173	531
O18766.1	P51471.1	0.736	355	92	0	1	348	1	355	3.452E-172	529
O18766.1	Q8AYM7.1	0.745	349	88	0	1	348	1	349	8.879E-172	528
O18766.1	P32312.1	0.744	349	89	0	1	348	1	349	2.283E-171	527
O18766.1	P51474.1	0.727	346	94	0	1	346	4	349	4.449E-165	509
O18766.1	Q8AYM8.1	0.712	349	100	0	1	348	1	349	3.306E-162	501
O18766.1	Q9W6A5.2	0.704	349	103	0	1	348	1	349	5.089E-160	494
O18766.1	P28682.1	0.559	349	150	0	8	348	13	361	3.204E-118	374
O18766.1	P51472.1	0.559	343	149	0	8	347	11	353	4.884E-116	367
O18766.1	P32310.1	0.547	340	154	0	8	347	10	349	1.132E-111	355
O18766.1	P87365.1	0.536	340	157	0	8	347	12	351	1.133E-108	346
O18766.1	Q9W6A8.1	0.528	340	160	0	8	347	13	352	1.720E-106	340
O18766.1	P51473.1	0.506	345	169	0	5	348	3	347	7.408E-102	326
O18766.1	P28684.1	0.507	339	165	0	8	346	6	340	3.197E-100	321
O18766.1	O57605.1	0.494	346	172	0	1	346	1	340	7.363E-99	317
O18766.1	P51475.1	0.533	312	145	0	23	334	16	326	4.835E-98	315
O18766.1	P51491.1	0.487	346	173	0	1	346	1	339	1.113E-96	311
O18766.1	P51476.1	0.504	329	160	0	1	329	1	323	2.850E-96	310
O18766.1	P03999.2	0.493	338	168	0	9	346	6	338	3.900E-96	310
O18766.1	P60015.1	0.493	338	168	0	9	346	9	341	3.900E-96	310
O18766.1	O13092.1	0.489	342	172	0	5	346	6	342	3.900E-96	310
O18766.1	Q63652.2	0.478	346	176	0	1	346	1	339	2.297E-94	304
O18766.1	Q90309.1	0.486	334	168	0	13	346	8	335	7.222E-93	300
O18766.1	P51490.1	0.478	337	173	0	10	346	10	342	1.212E-91	297
O18766.1	Q9W6A9.2	0.475	336	173	0	11	346	6	335	1.487E-90	293
O18766.1	P87368.1	0.463	338	177	0	6	343	2	331	1.070E-87	285
O18766.1	P35358.1	0.454	343	183	0	4	346	22	358	1.792E-86	282
O18766.1	P04001.1	0.450	345	186	0	2	346	21	359	4.585E-86	280
O18766.1	Q9BGI7.1	0.452	343	184	0	4	346	23	359	6.270E-86	280
O18766.1	O42490.1	0.493	305	153	0	19	323	30	331	1.173E-85	279
O18766.1	P87367.1	0.447	345	186	0	4	348	20	357	3.000E-85	278
O18766.1	O18912.2	0.447	345	187	0	2	346	21	359	3.000E-85	278
O18766.1	Q95170.1	0.449	343	185	0	4	346	23	359	3.000E-85	278
O18766.1	O18914.2	0.449	343	185	0	4	346	23	359	4.103E-85	278
O18766.1	P04000.2	0.446	345	187	0	2	346	21	359	5.611E-85	277
O18766.1	P34989.1	0.448	342	185	0	2	343	14	349	1.049E-84	276
O18766.1	O18913.2	0.445	345	188	0	2	346	21	359	1.049E-84	276
O18766.1	O35476.2	0.444	345	188	0	2	346	16	354	1.963E-84	276
O18766.1	O18910.2	0.443	345	188	0	2	346	21	359	3.670E-84	275
O18766.1	O35599.1	0.441	345	189	0	2	346	16	354	1.284E-83	273
O18766.1	Q9R024.1	0.441	345	189	0	2	346	21	359	1.755E-83	273
O18766.1	O35478.2	0.440	345	189	0	2	346	21	359	2.400E-83	273
O18766.1	Q9W6A7.1	0.448	335	181	0	14	348	30	357	1.148E-82	271
O18766.1	P41592.1	0.450	333	179	0	14	346	36	362	1.148E-82	271
O18766.1	Q8AYN0.1	0.447	335	181	0	14	348	29	356	2.146E-82	270
O18766.1	P22329.1	0.449	333	179	0	14	346	30	355	2.146E-82	270
O18766.1	O12948.1	0.439	343	188	0	4	346	22	358	2.934E-82	269
O18766.1	P22332.2	0.446	335	181	0	14	348	30	357	4.012E-82	269
O18766.1	P32313.1	0.439	340	186	0	9	348	25	357	1.026E-81	268
O18766.1	P22331.1	0.439	322	179	0	21	342	32	351	1.086E-76	253
O18766.1	P22330.1	0.439	322	179	0	21	342	34	353	1.086E-76	253
O18766.1	O18911.1	0.470	273	144	0	32	304	1	273	1.008E-70	236
P87365.1	P87365.1	0.966	352	12	0	1	352	1	352	3.133E-237	717
P87365.1	P51472.1	0.737	351	91	0	4	351	3	353	1.807E-170	525
P87365.1	P32310.1	0.731	344	92	0	8	351	6	349	3.883E-165	509
P87365.1	Q9W6A8.1	0.735	341	90	0	11	351	12	352	1.368E-164	508
P87365.1	P28682.1	0.654	348	119	0	8	352	9	356	3.494E-145	452
P87365.1	O62791.1	0.543	340	155	0	12	351	8	347	1.203E-110	352
P87365.1	O62793.1	0.546	337	152	0	17	351	11	347	2.254E-110	351
P87365.1	O62798.1	0.541	340	156	0	12	351	8	347	7.913E-110	349
P87365.1	P22671.1	0.538	342	158	0	11	352	7	348	1.083E-109	349
P87365.1	P49912.1	0.539	340	156	0	12	351	8	347	2.778E-109	348
P87365.1	O62792.1	0.539	340	156	0	12	351	8	347	2.778E-109	348
P87365.1	Q95KU1.1	0.536	340	157	0	12	351	8	347	1.335E-108	346
P87365.1	O18766.1	0.536	340	157	0	12	351	8	347	1.335E-108	346
P87365.1	P32308.1	0.536	340	157	0	12	351	8	347	1.827E-108	346
P87365.1	Q8HY69.2	0.539	337	154	0	17	351	11	347	2.501E-108	345
P87365.1	Q98980.1	0.532	342	160	0	11	352	7	348	4.685E-108	344
P87365.1	O62795.1	0.533	340	158	0	12	351	8	347	1.201E-107	343
P87365.1	O62794.1	0.533	340	158	0	12	351	8	347	1.201E-107	343
P87365.1	Q6W3E1.1	0.532	340	159	0	12	351	8	347	1.644E-107	343
P87365.1	P02699.1	0.532	340	159	0	12	351	8	347	2.251E-107	342
P87365.1	P35357.1	0.528	343	160	0	12	352	8	350	3.081E-107	342
P87365.1	O62796.1	0.531	340	159	0	12	351	8	347	4.217E-107	342
P87365.1	Q8AYM8.1	0.528	342	160	0	11	351	7	348	5.771E-107	341
P87365.1	Q68J47.1	0.529	340	160	0	12	351	8	347	1.081E-106	340
P87365.1	P51489.1	0.529	340	160	0	12	351	8	347	1.480E-106	340
P87365.1	P79914.1	0.533	337	157	0	13	349	6	342	1.480E-106	340
P87365.1	Q9DGG4.1	0.529	340	160	0	13	352	9	348	1.480E-106	340
P87365.1	Q769E8.1	0.528	340	160	0	12	351	8	347	2.025E-106	340
P87365.1	P15409.2	0.528	340	160	0	12	351	8	347	2.025E-106	340
P87365.1	P02700.2	0.528	340	160	0	12	351	8	347	2.772E-106	339
P87365.1	P79911.1	0.525	342	161	0	12	351	5	346	3.794E-106	339
P87365.1	P08100.1	0.527	340	160	0	12	351	8	347	5.193E-106	338
P87365.1	P32312.1	0.524	342	162	0	11	351	7	348	5.193E-106	338
P87365.1	P79903.1	0.524	342	161	0	12	351	5	346	7.107E-106	338
P87365.1	P79901.1	0.529	337	158	0	13	349	6	342	1.331E-105	337
P87365.1	P28681.1	0.525	340	161	0	12	351	8	347	1.822E-105	337
P87365.1	Q9W6A6.2	0.527	338	158	0	17	351	11	348	1.822E-105	337
P87365.1	Q28886.1	0.524	340	161	0	12	351	8	347	2.494E-105	336
P87365.1	P79809.1	0.522	342	162	0	12	351	5	346	3.413E-105	336
P87365.1	P79902.1	0.528	337	159	0	13	349	6	342	3.413E-105	336
P87365.1	P79808.1	0.528	337	159	0	13	349	6	342	3.413E-105	336
P87365.1	P79812.1	0.528	337	159	0	13	349	9	345	3.413E-105	336
P87365.1	O57605.1	0.548	321	144	0	33	352	22	342	4.672E-105	336
P87365.1	Q8AYM7.1	0.521	342	163	0	11	351	7	348	4.672E-105	336
P87365.1	Q9W6A5.2	0.522	341	162	0	12	351	8	348	4.672E-105	336
P87365.1	Q9YH05.1	0.523	340	162	0	13	352	9	348	4.672E-105	336
P87365.1	Q9YGZ5.1	0.523	340	162	0	13	352	9	348	4.672E-105	336
P87365.1	P28684.1	0.521	342	161	0	11	352	5	342	6.394E-105	335
P87365.1	P79798.1	0.534	331	154	0	13	343	6	336	6.394E-105	335
P87365.1	P79898.1	0.527	337	159	0	13	349	9	345	6.394E-105	335
P87365.1	Q9YGZ3.1	0.522	341	162	0	13	352	9	349	6.394E-105	335
P87365.1	P03999.2	0.539	327	150	0	23	349	11	337	8.751E-105	335
P87365.1	P60015.1	0.539	327	150	0	23	349	14	340	8.751E-105	335
P87365.1	P79807.1	0.531	331	155	0	13	343	6	336	4.202E-104	333
P87365.1	P79863.1	0.516	343	165	0	11	352	7	349	4.202E-104	333
P87365.1	Q9YGZ8.1	0.519	340	163	0	13	352	9	348	7.870E-104	332
P87365.1	O93441.1	0.515	343	165	0	11	352	7	349	7.870E-104	332
P87365.1	P87369.1	0.519	339	161	0	17	352	11	349	1.474E-103	331
P87365.1	P52202.1	0.516	341	164	0	12	352	8	347	2.017E-103	331
P87365.1	P32311.1	0.516	341	164	0	12	351	8	348	2.761E-103	331
P87365.1	Q9YGZ6.1	0.517	340	164	0	13	352	9	348	2.761E-103	331
P87365.1	O93459.1	0.514	343	166	0	11	352	7	349	2.761E-103	331
P87365.1	Q90214.1	0.516	339	163	0	12	349	8	346	1.325E-102	329
P87365.1	Q9YGZ0.1	0.517	337	162	0	13	349	9	345	2.482E-102	328
P87365.1	P51471.1	0.510	343	167	0	12	352	8	350	3.397E-102	327
P87365.1	O13092.1	0.525	330	156	0	23	352	15	344	4.649E-102	327
P87365.1	P41591.1	0.512	341	163	0	17	351	11	351	4.649E-102	327
P87365.1	O42604.1	0.510	342	167	0	12	352	8	349	4.649E-102	327
P87365.1	P56514.1	0.514	339	163	0	17	352	11	349	4.649E-102	327
P87365.1	P79756.1	0.512	341	165	0	13	352	9	349	4.649E-102	327
P87365.1	P22328.1	0.511	341	165	0	12	352	8	346	8.706E-102	326
P87365.1	Q9YGZ2.1	0.512	340	165	0	13	352	9	347	8.706E-102	326
P87365.1	Q9YGY9.1	0.511	340	165	0	13	352	9	347	1.191E-101	326
P87365.1	P79848.1	0.510	341	166	0	13	352	9	349	1.191E-101	326
P87365.1	P51491.1	0.509	341	167	0	11	351	5	345	2.231E-101	325
P87365.1	P51474.1	0.511	339	165	0	11	349	10	348	3.053E-101	325
P87365.1	P28683.1	0.510	340	164	0	17	352	11	350	3.053E-101	325
P87365.1	P41590.1	0.512	338	164	0	13	349	9	346	4.178E-101	324
P87365.1	P51473.1	0.506	342	166	0	11	352	5	342	1.071E-100	323
P87365.1	O13227.1	0.505	342	168	0	12	351	8	349	2.005E-100	322
P87365.1	Q90245.1	0.508	339	165	0	17	352	11	349	2.744E-100	322
P87365.1	Q90215.1	0.507	339	166	0	12	349	8	346	3.755E-100	321
P87365.1	Q63652.2	0.504	341	169	0	11	351	5	345	5.138E-100	321
P87365.1	P56515.1	0.505	339	166	0	17	352	11	349	1.316E-99	320
P87365.1	P51490.1	0.510	334	161	0	23	351	15	348	2.465E-99	319
P87365.1	P51488.1	0.501	341	169	0	13	352	9	349	3.373E-99	319
P87365.1	P29403.1	0.504	339	166	0	17	352	11	349	3.373E-99	319
P87365.1	P35359.2	0.501	341	169	0	13	352	9	349	4.616E-99	318
P87365.1	P56516.1	0.502	339	167	0	17	352	11	349	1.183E-98	317
P87365.1	P51470.1	0.498	342	171	0	12	352	8	349	1.618E-98	317
P87365.1	P32309.1	0.496	343	172	0	11	352	7	349	3.030E-98	316
P87365.1	P31355.1	0.500	339	168	0	17	352	11	349	3.030E-98	316
P87365.1	P51476.1	0.513	310	150	0	18	327	7	315	2.960E-92	299
P87365.1	Q9W6A9.2	0.487	326	166	0	23	347	10	335	1.738E-90	293
P87365.1	Q90309.1	0.484	326	167	0	23	347	10	335	1.139E-89	291
P87365.1	P51475.1	0.514	299	144	0	29	327	16	313	7.456E-89	289
P87365.1	P87368.1	0.474	325	169	0	23	347	10	331	8.172E-87	283
P87365.1	P04001.1	0.450	329	180	0	21	349	31	358	1.193E-81	268
P87365.1	O18912.2	0.445	329	181	0	21	349	31	358	2.722E-80	264
P87365.1	P34989.1	0.447	327	180	0	21	347	24	349	3.721E-80	263
P87365.1	O35478.2	0.440	333	185	0	21	351	31	363	5.087E-80	263
P87365.1	O18910.2	0.444	329	182	0	21	349	31	358	5.087E-80	263
P87365.1	O18913.2	0.444	329	182	0	21	349	31	358	6.954E-80	263
P87365.1	Q9R024.1	0.440	333	185	0	21	351	31	363	6.954E-80	263
P87365.1	P04000.2	0.443	329	182	0	21	349	31	358	9.506E-80	262
P87365.1	O18914.2	0.442	329	182	0	21	349	31	358	1.776E-79	261
P87365.1	O35476.2	0.442	329	182	0	21	349	26	353	2.428E-79	261
P87365.1	O35599.1	0.441	329	183	0	21	349	26	353	3.320E-79	261
P87365.1	Q9BGI7.1	0.439	329	183	0	21	349	31	358	1.159E-78	259
P87365.1	P22332.2	0.437	331	185	0	21	351	28	356	1.585E-78	259
P87365.1	Q95170.1	0.438	329	184	0	21	349	31	358	2.961E-78	258
P87365.1	P35358.1	0.436	329	184	0	21	349	30	357	7.561E-78	257
P87365.1	Q8AYN0.1	0.432	331	186	0	21	351	27	355	2.639E-77	255
P87365.1	Q9W6A7.1	0.430	331	187	0	21	351	28	356	1.259E-76	253
P87365.1	O12948.1	0.429	329	187	0	21	349	30	357	6.003E-76	251
P87365.1	P32313.1	0.426	331	188	0	21	351	28	356	1.532E-75	250
P87365.1	O42490.1	0.450	303	164	0	25	327	30	329	1.864E-74	247
P87365.1	P87367.1	0.420	331	190	0	21	351	28	356	6.498E-74	245
P87365.1	P22329.1	0.422	329	188	0	21	349	28	354	6.498E-74	245
P87365.1	P22331.1	0.422	327	187	0	21	347	26	350	1.658E-73	244
P87365.1	P41592.1	0.418	329	190	0	21	349	34	361	5.779E-73	243
P87365.1	P22330.1	0.418	327	189	0	21	347	28	352	2.014E-72	241
P87365.1	O18911.1	0.462	269	144	0	42	310	5	273	1.108E-67	227
O62798.1	O62798.1	0.963	348	13	0	1	348	1	348	9.397E-234	707
O62798.1	O62792.1	0.954	348	16	0	1	348	1	348	3.743E-231	700
O62798.1	O62791.1	0.952	348	17	0	1	348	1	348	1.320E-230	698
O62798.1	O62793.1	0.933	348	23	0	1	348	1	348	5.391E-225	682
O62798.1	O18766.1	0.931	348	24	0	1	348	1	348	1.901E-224	680
O62798.1	Q95KU1.1	0.929	348	25	0	1	348	1	348	6.706E-224	679
O62798.1	P32308.1	0.922	348	27	0	1	348	1	348	7.571E-222	673
O62798.1	P49912.1	0.918	348	28	0	1	348	1	348	6.872E-221	670
O62798.1	P02699.1	0.915	348	29	0	1	348	1	348	4.551E-220	668
O62798.1	O62794.1	0.914	348	30	0	1	348	1	348	1.171E-219	666
O62798.1	Q28886.1	0.913	348	30	0	1	348	1	348	1.605E-219	666
O62798.1	O62795.1	0.913	348	30	0	1	348	1	348	1.605E-219	666
O62798.1	P08100.1	0.913	348	30	0	1	348	1	348	2.200E-219	666
O62798.1	Q769E8.1	0.912	348	31	0	1	348	1	348	3.014E-219	665
O62798.1	P15409.2	0.912	348	31	0	1	348	1	348	3.014E-219	665
O62798.1	P02700.2	0.912	348	31	0	1	348	1	348	4.131E-219	665
O62798.1	P28681.1	0.912	348	31	0	1	348	1	348	5.660E-219	664
O62798.1	O62796.1	0.911	348	31	0	1	348	1	348	7.757E-219	664
O62798.1	Q68J47.1	0.911	348	31	0	1	348	1	348	1.063E-218	664
O62798.1	P51489.1	0.906	348	33	0	1	348	1	348	1.812E-217	660
O62798.1	Q6W3E1.1	0.901	348	34	0	1	348	1	348	7.946E-216	655
O62798.1	Q8HY69.2	0.877	348	43	0	1	348	1	348	5.517E-209	636
O62798.1	P22328.1	0.869	345	45	0	1	345	1	343	7.021E-205	624
O62798.1	P52202.1	0.866	345	46	0	1	345	1	344	4.648E-204	621
O62798.1	Q90245.1	0.863	346	47	0	1	345	1	346	8.729E-204	621
O62798.1	P56515.1	0.854	346	50	0	1	345	1	346	2.533E-201	614
O62798.1	P51470.1	0.834	354	58	0	1	348	1	354	3.149E-200	610
O62798.1	P31355.1	0.833	354	58	0	1	348	1	354	4.314E-200	610
O62798.1	P56516.1	0.829	354	59	0	1	348	1	354	7.349E-199	606
O62798.1	P56514.1	0.845	346	53	0	1	345	1	346	1.007E-198	606
O62798.1	P29403.1	0.843	346	54	0	1	345	1	346	3.550E-198	604
O62798.1	P41591.1	0.830	352	59	0	1	348	1	352	6.666E-198	604
O62798.1	Q90214.1	0.839	346	55	0	1	345	1	346	4.413E-197	601
O62798.1	O13227.1	0.837	345	56	0	1	345	1	344	1.030E-195	597
O62798.1	Q90215.1	0.834	346	57	0	1	345	1	346	1.933E-195	597
O62798.1	O93459.1	0.817	354	64	0	1	348	1	354	1.933E-195	597
O62798.1	P22671.1	0.832	345	58	0	1	345	1	345	1.754E-194	594
O62798.1	O93441.1	0.824	346	61	0	1	345	1	346	1.443E-192	588
O62798.1	Q98980.1	0.808	353	67	0	1	348	1	353	3.711E-192	587
O62798.1	P35359.2	0.822	346	61	0	1	345	1	346	5.085E-192	587
O62798.1	Q9YH05.1	0.815	345	64	0	1	345	1	345	2.020E-189	579
O62798.1	P79863.1	0.795	354	71	0	1	348	1	354	5.196E-189	578
O62798.1	Q9YGZ0.1	0.810	345	65	0	1	345	1	345	4.712E-188	575
O62798.1	P51488.1	0.808	346	66	0	1	345	1	346	4.712E-188	575
O62798.1	P32309.1	0.805	346	67	0	1	345	1	346	3.118E-187	573
O62798.1	Q9DGG4.1	0.806	345	67	0	1	345	1	345	5.855E-187	572
O62798.1	O42604.1	0.801	346	68	0	1	345	1	346	3.874E-186	570
O62798.1	Q9YGZ6.1	0.802	345	68	0	1	345	1	345	5.309E-186	569
O62798.1	P41590.1	0.799	346	69	0	1	345	1	346	1.366E-185	568
O62798.1	P87369.1	0.797	346	70	0	1	345	1	346	4.813E-185	567
O62798.1	P79848.1	0.796	346	70	0	1	345	1	346	9.036E-185	566
O62798.1	Q9YGZ8.1	0.796	345	70	0	1	345	1	345	3.185E-184	564
O62798.1	Q9YGZ5.1	0.796	345	70	0	1	345	1	345	3.185E-184	564
O62798.1	Q9YGZ3.1	0.794	346	71	0	1	345	1	346	4.364E-184	564
O62798.1	P79756.1	0.790	346	72	0	1	345	1	346	3.956E-183	561
O62798.1	Q9YGZ2.1	0.789	345	72	0	1	345	1	344	2.618E-182	559
O62798.1	Q9YGY9.1	0.787	345	73	0	1	345	1	344	1.264E-181	557
O62798.1	P79898.1	0.779	345	76	0	1	345	1	345	2.672E-179	550
O62798.1	P79812.1	0.777	345	77	0	1	345	1	345	6.873E-179	549
O62798.1	P79807.1	0.768	349	80	0	4	348	1	349	1.768E-178	548
O62798.1	P79798.1	0.767	349	80	0	4	348	1	349	3.319E-178	547
O62798.1	P79901.1	0.777	342	76	0	4	345	1	342	4.121E-177	544
O62798.1	P79808.1	0.776	342	76	0	4	345	1	342	7.737E-177	543
O62798.1	P79914.1	0.775	342	77	0	4	345	1	342	1.990E-176	542
O62798.1	P79902.1	0.772	342	78	0	4	345	1	342	1.316E-175	539
O62798.1	P79911.1	0.768	342	79	0	4	345	1	341	1.193E-174	537
O62798.1	P79809.1	0.766	342	80	0	4	345	1	341	4.204E-174	535
O62798.1	P79903.1	0.766	342	80	0	4	345	1	341	4.204E-174	535
O62798.1	P35357.1	0.734	355	92	0	1	348	1	355	1.216E-171	528
O62798.1	P28683.1	0.730	355	94	0	1	348	1	355	2.069E-170	524
O62798.1	Q9W6A6.2	0.733	349	93	0	1	348	1	349	2.327E-168	518
O62798.1	P51471.1	0.722	355	96	0	1	348	1	355	3.188E-168	518
O62798.1	P32311.1	0.732	349	93	0	1	348	1	349	5.984E-168	517
O62798.1	Q8AYM7.1	0.726	349	95	0	1	348	1	349	3.585E-166	512
O62798.1	P32312.1	0.724	349	96	0	1	348	1	349	1.263E-165	511
O62798.1	P51474.1	0.711	345	99	0	1	345	4	348	6.972E-160	494
O62798.1	Q8AYM8.1	0.694	349	106	0	1	348	1	349	3.779E-157	486
O62798.1	Q9W6A5.2	0.688	349	108	0	1	348	1	349	2.261E-155	481
O62798.1	P28682.1	0.559	349	150	0	8	348	13	361	1.709E-118	374
O62798.1	P51472.1	0.554	343	151	0	8	347	11	353	1.130E-114	363
O62798.1	P32310.1	0.544	340	155	0	8	347	10	349	5.443E-111	353
O62798.1	P87365.1	0.537	340	157	0	8	347	12	351	8.274E-109	346
O62798.1	Q9W6A8.1	0.525	340	161	0	8	347	13	352	1.548E-105	337
O62798.1	P51473.1	0.495	345	173	0	5	348	3	347	1.008E-98	317
O62798.1	P28684.1	0.495	338	168	0	8	345	6	339	1.113E-96	311
O62798.1	O57605.1	0.483	345	175	0	1	345	1	339	1.870E-95	308
O62798.1	P51475.1	0.519	312	149	0	23	334	16	326	1.679E-94	305
O62798.1	P51491.1	0.478	345	176	0	1	345	1	338	8.049E-94	303
O62798.1	P51476.1	0.518	307	147	0	23	329	18	323	9.880E-93	300
O62798.1	P03999.2	0.481	337	172	0	9	345	6	337	2.530E-92	299
O62798.1	P60015.1	0.481	337	172	0	9	345	9	340	2.530E-92	299
O62798.1	O13092.1	0.476	341	176	0	5	345	6	341	2.530E-92	299
O62798.1	Q63652.2	0.468	345	179	0	1	345	1	338	3.104E-91	295
O62798.1	Q90309.1	0.491	324	162	0	22	345	15	334	4.246E-91	295
O62798.1	Q9W6A9.2	0.466	335	175	0	11	345	6	334	1.070E-87	285
O62798.1	P51490.1	0.476	323	168	0	23	345	21	341	7.004E-87	283
O62798.1	P87368.1	0.455	338	179	0	6	343	2	331	1.604E-85	279
O62798.1	P04001.1	0.438	344	189	0	2	345	21	358	2.146E-82	270
O62798.1	P35358.1	0.438	342	188	0	4	345	22	357	7.501E-82	268
O62798.1	O18910.2	0.436	344	190	0	2	345	21	358	1.026E-81	268
O62798.1	O18913.2	0.435	344	190	0	2	345	21	358	1.402E-81	267
O62798.1	O18912.2	0.435	344	190	0	2	345	21	358	1.402E-81	267
O62798.1	Q9BGI7.1	0.437	342	189	0	4	345	23	358	1.402E-81	267
O62798.1	O18914.2	0.437	342	189	0	4	345	23	358	1.918E-81	267
O62798.1	P04000.2	0.434	344	191	0	2	345	21	358	2.622E-81	267
O62798.1	P34989.1	0.435	342	189	0	2	343	14	349	4.902E-81	266
O62798.1	Q95170.1	0.435	342	189	0	4	345	23	358	6.702E-81	265
O62798.1	O35476.2	0.432	344	191	0	2	345	16	353	9.163E-81	265
O62798.1	O42490.1	0.474	304	158	0	20	323	31	331	1.253E-80	265
O62798.1	O35478.2	0.431	344	192	0	2	345	21	358	2.342E-80	264
O62798.1	P87367.1	0.429	345	192	0	4	348	20	357	4.378E-80	263
O62798.1	O35599.1	0.429	344	192	0	2	345	16	353	5.985E-80	263
O62798.1	Q9R024.1	0.426	344	193	0	2	345	21	358	3.908E-79	260
O62798.1	Q9W6A7.1	0.432	335	186	0	14	348	30	357	1.866E-78	258
O62798.1	Q8AYN0.1	0.432	335	186	0	14	348	29	356	2.551E-78	258
O62798.1	P41592.1	0.434	332	184	0	14	345	36	361	3.487E-78	258
O62798.1	P22329.1	0.432	332	184	0	14	345	30	354	1.665E-77	256
O62798.1	O12948.1	0.432	332	185	0	14	345	32	357	1.665E-77	256
O62798.1	P22332.2	0.428	335	187	0	14	348	30	357	3.110E-77	255
O62798.1	P32313.1	0.426	335	188	0	14	348	30	357	7.944E-77	254
O62798.1	P22331.1	0.450	298	163	0	21	318	32	329	3.658E-73	243
O62798.1	P22330.1	0.449	298	164	0	21	318	34	331	9.333E-73	242
O62798.1	O18911.1	0.453	273	149	0	32	304	1	273	6.249E-67	225
P08100.1	P08100.1	0.969	348	11	0	1	348	1	348	2.141E-235	712
P08100.1	Q28886.1	0.956	348	15	0	1	348	1	348	1.061E-231	701
P08100.1	Q95KU1.1	0.950	348	17	0	1	348	1	348	6.382E-230	696
P08100.1	P49912.1	0.948	348	18	0	1	348	1	348	1.643E-229	695
P08100.1	P32308.1	0.945	348	19	0	1	348	1	348	1.088E-228	692
P08100.1	O62796.1	0.944	348	19	0	1	348	1	348	2.800E-228	691
P08100.1	O62794.1	0.942	348	20	0	1	348	1	348	1.354E-227	689
P08100.1	O18766.1	0.942	348	20	0	1	348	1	348	1.354E-227	689
P08100.1	P15409.2	0.940	348	21	0	1	348	1	348	3.484E-227	688
P08100.1	O62795.1	0.939	348	21	0	1	348	1	348	6.543E-227	687
P08100.1	P51489.1	0.938	348	22	0	1	348	1	348	1.684E-226	686
P08100.1	P28681.1	0.937	348	22	0	1	348	1	348	2.308E-226	686
P08100.1	Q769E8.1	0.935	348	23	0	1	348	1	348	1.115E-225	684
P08100.1	P02700.2	0.929	348	25	0	1	348	1	348	4.893E-224	679
P08100.1	Q68J47.1	0.925	348	26	0	1	348	1	348	6.087E-223	676
P08100.1	Q6W3E1.1	0.925	348	26	0	1	348	1	348	6.087E-223	676
P08100.1	O62791.1	0.925	348	26	0	1	348	1	348	8.341E-223	676
P08100.1	P02699.1	0.924	348	26	0	1	348	1	348	1.143E-222	675
P08100.1	O62793.1	0.921	348	27	0	1	348	1	348	1.038E-221	672
P08100.1	O62798.1	0.915	348	29	0	1	348	1	348	4.551E-220	668
P08100.1	O62792.1	0.913	348	30	0	1	348	1	348	1.605E-219	666
P08100.1	Q8HY69.2	0.890	348	38	0	1	348	1	348	8.138E-213	647
P08100.1	P52202.1	0.886	345	39	0	1	345	1	344	8.332E-210	638
P08100.1	P22328.1	0.879	345	41	0	1	345	1	343	9.400E-208	632
P08100.1	Q90245.1	0.874	346	43	0	1	345	1	346	4.542E-207	630
P08100.1	P51470.1	0.853	354	51	0	1	348	1	354	5.647E-206	627
P08100.1	P56515.1	0.870	346	45	0	1	345	1	346	7.739E-206	627
P08100.1	P31355.1	0.853	354	51	0	1	348	1	354	7.739E-206	627
P08100.1	P29403.1	0.867	346	46	0	1	345	1	346	7.021E-205	624
P08100.1	P56516.1	0.849	354	52	0	1	348	1	354	9.621E-205	623
P08100.1	P56514.1	0.861	346	48	0	1	345	1	346	3.078E-203	619
P08100.1	Q90214.1	0.847	346	53	0	1	345	1	346	2.856E-199	608
P08100.1	Q90215.1	0.847	346	53	0	1	345	1	346	3.914E-199	607
P08100.1	O13227.1	0.848	345	52	0	1	345	1	344	5.363E-199	607
P08100.1	P41591.1	0.848	345	52	0	1	345	1	344	5.363E-199	607
P08100.1	P22671.1	0.848	345	52	0	1	345	1	345	7.349E-199	606
P08100.1	O93459.1	0.828	354	60	0	1	348	1	354	1.380E-198	606
P08100.1	Q98980.1	0.823	353	61	0	1	348	1	353	1.556E-196	600
P08100.1	P35359.2	0.837	346	56	0	1	345	1	346	1.556E-196	600
P08100.1	P79863.1	0.810	354	66	0	1	348	1	354	2.179E-193	591
P08100.1	P51488.1	0.825	346	60	0	1	345	1	346	5.607E-193	589
P08100.1	O93441.1	0.821	346	62	0	1	345	1	346	6.968E-192	586
P08100.1	Q9YH05.1	0.821	345	62	0	1	345	1	345	2.456E-191	585
P08100.1	Q9YGZ0.1	0.821	345	62	0	1	345	1	345	3.366E-191	584
P08100.1	O42604.1	0.815	346	64	0	1	345	1	346	4.182E-190	581
P08100.1	P32309.1	0.812	346	65	0	1	345	1	346	2.020E-189	579
P08100.1	P41590.1	0.806	346	67	0	1	345	1	346	1.212E-187	574
P08100.1	Q9YGZ6.1	0.807	345	66	0	1	345	1	345	3.118E-187	573
P08100.1	Q9DGG4.1	0.807	345	66	0	1	345	1	345	3.118E-187	573
P08100.1	Q9YGZ8.1	0.805	345	67	0	1	345	1	345	1.099E-186	571
P08100.1	P79848.1	0.801	346	68	0	1	345	1	346	3.874E-186	570
P08100.1	P87369.1	0.798	346	69	0	1	345	1	346	2.564E-185	567
P08100.1	Q9YGZ2.1	0.797	345	70	0	1	345	1	344	2.324E-184	565
P08100.1	Q9YGZ3.1	0.794	346	71	0	1	345	1	346	4.364E-184	564
P08100.1	Q9YGY9.1	0.794	345	71	0	1	345	1	344	1.123E-183	563
P08100.1	Q9YGZ5.1	0.798	343	69	0	1	343	1	343	1.538E-183	562
P08100.1	P79756.1	0.791	346	72	0	1	345	1	346	2.107E-183	562
P08100.1	P79898.1	0.791	343	71	0	1	343	1	343	1.264E-181	557
P08100.1	P79812.1	0.790	343	72	0	1	343	1	343	2.373E-181	556
P08100.1	P79798.1	0.795	340	69	0	4	343	1	339	4.455E-181	555
P08100.1	P79807.1	0.793	340	70	0	4	343	1	339	1.570E-180	554
P08100.1	P79901.1	0.792	340	71	0	4	343	1	340	2.948E-180	553
P08100.1	P79914.1	0.790	340	71	0	4	343	1	340	1.423E-179	551
P08100.1	P79808.1	0.789	340	72	0	4	343	1	340	2.672E-179	550
P08100.1	P79902.1	0.783	340	74	0	4	343	1	340	1.170E-177	545
P08100.1	P79911.1	0.780	340	74	0	4	343	1	339	7.737E-177	543
P08100.1	P79903.1	0.778	340	75	0	4	343	1	339	2.726E-176	541
P08100.1	P79809.1	0.777	340	75	0	4	343	1	339	3.735E-176	541
P08100.1	P35357.1	0.741	355	90	0	1	348	1	355	7.891E-174	534
P08100.1	P28683.1	0.741	355	90	0	1	348	1	355	1.081E-173	534
P08100.1	P32311.1	0.746	349	88	0	1	348	1	349	3.452E-172	529
P08100.1	Q9W6A6.2	0.746	349	88	0	1	348	1	349	6.480E-172	529
P08100.1	P51471.1	0.734	355	92	0	1	348	1	355	1.216E-171	528
P08100.1	P32312.1	0.738	349	91	0	1	348	1	349	7.290E-170	523
P08100.1	Q8AYM7.1	0.737	349	91	0	1	348	1	349	1.875E-169	522
P08100.1	P51474.1	0.724	345	95	0	1	345	4	348	1.036E-163	505
P08100.1	Q8AYM8.1	0.707	349	102	0	1	348	1	349	5.620E-161	497
P08100.1	Q9W6A5.2	0.705	349	102	0	1	348	1	349	3.715E-160	495
P08100.1	P28682.1	0.556	349	151	0	8	348	13	361	1.541E-117	372
P08100.1	P51472.1	0.550	343	153	0	8	347	11	353	1.394E-113	360
P08100.1	P32310.1	0.540	340	156	0	8	347	10	349	1.258E-109	349
P08100.1	P87365.1	0.525	340	161	0	8	347	12	351	1.131E-105	337
P08100.1	Q9W6A8.1	0.522	340	162	0	8	347	13	352	7.437E-105	335
P08100.1	P51473.1	0.507	345	169	0	5	348	3	347	3.955E-102	327
P08100.1	P28684.1	0.508	338	164	0	8	345	6	339	3.197E-100	321
P08100.1	O57605.1	0.495	345	171	0	1	345	1	339	7.363E-99	317
P08100.1	P51475.1	0.532	312	145	0	23	334	16	326	9.053E-98	314
P08100.1	O13092.1	0.491	343	174	0	5	347	6	348	5.942E-97	312
P08100.1	P03999.2	0.496	337	167	0	9	345	6	337	2.083E-96	310
P08100.1	P60015.1	0.496	337	167	0	9	345	9	340	2.083E-96	310
P08100.1	P51491.1	0.485	345	174	0	1	345	1	338	5.336E-96	309
P08100.1	P51476.1	0.531	307	143	0	23	329	18	323	5.336E-96	309
P08100.1	Q63652.2	0.477	345	176	0	1	345	1	338	1.507E-93	302
P08100.1	Q90309.1	0.489	333	167	0	13	345	8	334	2.061E-93	302
P08100.1	Q9W6A9.2	0.486	335	169	0	11	345	6	334	3.858E-93	301
P08100.1	P51490.1	0.478	336	173	0	10	345	10	341	2.269E-91	296
P08100.1	P87368.1	0.470	338	174	0	6	343	2	331	9.744E-90	291
P08100.1	Q9BGI7.1	0.457	342	182	0	4	345	23	358	3.744E-87	284
P08100.1	O18912.2	0.456	342	182	0	4	345	23	358	5.121E-87	283
P08100.1	P04001.1	0.455	342	183	0	4	345	23	358	1.310E-86	282
P08100.1	Q95170.1	0.455	342	183	0	4	345	23	358	1.792E-86	282
P08100.1	O18914.2	0.455	342	183	0	4	345	23	358	1.792E-86	282
P08100.1	P35358.1	0.468	329	173	0	17	345	32	357	2.451E-86	281
P08100.1	O18913.2	0.463	332	175	0	14	345	33	358	6.270E-86	280
P08100.1	P04000.2	0.451	342	184	0	4	345	23	358	1.604E-85	279
P08100.1	P34989.1	0.453	340	182	0	4	343	16	349	2.194E-85	278
P08100.1	O18910.2	0.450	342	184	0	4	345	23	358	3.000E-85	278
P08100.1	O35476.2	0.449	342	185	0	4	345	18	353	5.611E-85	277
P08100.1	P87367.1	0.445	345	187	0	4	348	20	357	1.049E-84	276
P08100.1	O35478.2	0.448	342	185	0	4	345	23	358	1.049E-84	276
P08100.1	O35599.1	0.456	332	177	0	14	345	28	353	3.670E-84	275
P08100.1	O42490.1	0.480	310	159	0	14	323	25	331	5.019E-84	274
P08100.1	Q9R024.1	0.445	342	186	0	4	345	23	358	6.864E-84	274
P08100.1	Q9W6A7.1	0.447	336	182	0	13	348	27	357	8.393E-83	271
P08100.1	P41592.1	0.450	333	180	0	13	345	33	361	1.148E-82	271
P08100.1	Q8AYN0.1	0.446	336	183	0	13	348	26	356	1.569E-82	270
P08100.1	O12948.1	0.448	333	181	0	13	345	29	357	2.934E-82	269
P08100.1	P22332.2	0.444	336	183	0	13	348	27	357	5.486E-82	269
P08100.1	P22329.1	0.447	333	181	0	13	345	27	354	7.501E-82	268
P08100.1	P32313.1	0.443	336	184	0	13	348	27	357	1.026E-81	268
P08100.1	P22330.1	0.436	330	184	0	13	342	27	353	4.767E-78	257
P08100.1	P22331.1	0.435	330	184	0	13	342	25	351	6.517E-78	257
P08100.1	O18911.1	0.473	273	143	0	32	304	1	273	2.117E-71	238
P04000.2	P04000.2	0.971	364	11	0	1	364	1	364	4.100E-247	747
P04000.2	P04001.1	0.946	364	20	0	1	364	1	364	1.379E-239	725
P04000.2	P34989.1	0.954	349	16	0	9	357	2	350	1.634E-231	702
P04000.2	O18913.2	0.912	364	32	0	1	364	1	364	1.844E-229	696
P04000.2	O35478.2	0.911	364	32	0	1	364	1	364	6.501E-229	694
P04000.2	O18912.2	0.906	364	34	0	1	364	1	364	1.108E-227	691
P04000.2	Q9BGI7.1	0.905	364	34	0	1	364	1	364	3.907E-227	689
P04000.2	Q95170.1	0.902	364	36	0	1	364	1	364	1.888E-226	687
P04000.2	O18914.2	0.900	364	36	0	1	364	1	364	9.122E-226	685
P04000.2	O18910.2	0.889	364	40	0	1	364	1	364	2.403E-222	675
P04000.2	O35476.2	0.900	357	36	0	8	364	3	359	4.093E-221	672
P04000.2	Q9R024.1	0.883	364	42	0	1	364	1	364	1.443E-220	670
P04000.2	O35599.1	0.896	357	37	0	8	364	3	359	6.974E-220	668
P04000.2	P41592.1	0.855	361	52	0	5	364	9	369	2.631E-210	640
P04000.2	P22329.1	0.851	360	53	0	5	364	4	362	1.580E-208	635
P04000.2	O12948.1	0.810	365	69	0	1	364	1	365	3.164E-199	608
P04000.2	P87367.1	0.821	358	63	0	1	358	1	354	2.094E-198	606
P04000.2	P32313.1	0.815	358	65	0	1	358	1	354	6.692E-197	602
P04000.2	Q9W6A7.1	0.809	358	67	0	1	358	1	354	4.014E-195	597
P04000.2	P35358.1	0.789	365	77	0	1	364	1	365	4.520E-193	591
P04000.2	Q8AYN0.1	0.804	355	69	0	4	358	3	353	7.691E-192	587
P04000.2	P22332.2	0.797	358	72	0	1	358	1	354	1.444E-191	586
P04000.2	P22331.1	0.803	340	67	0	20	359	15	353	5.955E-183	561
P04000.2	P22330.1	0.787	340	72	0	20	359	17	355	1.937E-178	548
P04000.2	O18911.1	0.931	273	19	0	48	320	1	273	1.181E-173	535
P04000.2	P51476.1	0.569	302	129	0	35	336	14	314	2.389E-103	331
P04000.2	P51475.1	0.560	303	132	0	34	336	11	312	1.926E-101	326
P04000.2	O13092.1	0.487	327	167	0	35	360	17	343	7.907E-91	295
P04000.2	Q9W6A9.2	0.492	321	162	0	39	359	16	335	2.766E-90	293
P04000.2	O57605.1	0.476	333	172	0	35	363	14	346	1.809E-89	291
P04000.2	O13227.1	0.471	337	175	0	33	364	14	350	1.809E-89	291
P04000.2	P51490.1	0.483	324	166	0	38	360	20	343	1.183E-88	289
P04000.2	P41590.1	0.456	349	186	0	23	364	4	352	1.183E-88	289
P04000.2	P28683.1	0.463	342	178	0	33	364	14	355	1.618E-88	288
P04000.2	Q63652.2	0.477	327	170	0	35	360	14	340	5.656E-88	287
P04000.2	P32311.1	0.458	344	182	0	23	359	4	347	7.734E-88	286
P04000.2	Q8HY69.2	0.469	333	174	0	30	358	13	345	1.446E-87	286
P04000.2	Q9W6A6.2	0.457	344	182	0	23	359	4	347	1.446E-87	286
P04000.2	P22671.1	0.461	340	178	0	33	364	14	353	1.446E-87	286
P04000.2	Q90215.1	0.469	332	174	0	37	364	21	352	1.977E-87	285
P04000.2	P03999.2	0.474	327	171	0	35	360	13	339	2.704E-87	285
P04000.2	P60015.1	0.474	327	171	0	35	360	16	342	2.704E-87	285
P04000.2	P22328.1	0.452	348	187	0	23	364	4	351	3.697E-87	284
P04000.2	P28684.1	0.459	340	183	0	22	360	2	341	6.912E-87	284
P04000.2	Q90309.1	0.467	332	176	0	28	359	4	335	9.451E-87	283
P04000.2	P79808.1	0.468	331	174	0	37	364	18	348	9.451E-87	283
P04000.2	P79863.1	0.448	351	188	0	23	364	4	354	9.451E-87	283
P04000.2	Q90214.1	0.466	332	175	0	37	364	21	352	1.292E-86	283
P04000.2	P79903.1	0.468	330	174	0	37	364	18	347	1.767E-86	282
P04000.2	P35359.2	0.447	351	189	0	23	364	4	354	1.767E-86	282
P04000.2	P79902.1	0.462	335	178	0	33	364	14	348	2.416E-86	282
P04000.2	O93441.1	0.446	351	189	0	23	364	4	354	3.303E-86	282
P04000.2	Q9YGZ0.1	0.448	348	188	0	23	364	4	351	4.516E-86	281
P04000.2	Q8AYM7.1	0.452	344	184	0	23	359	4	347	6.175E-86	281
P04000.2	P79911.1	0.465	330	175	0	37	364	18	347	8.442E-86	280
P04000.2	P79807.1	0.446	349	189	0	23	364	1	349	8.442E-86	280
P04000.2	P79812.1	0.464	331	175	0	37	364	21	351	8.442E-86	280
P04000.2	P52202.1	0.455	339	180	0	33	364	14	352	1.578E-85	280
P04000.2	P79756.1	0.460	334	177	0	37	364	21	354	1.578E-85	280
P04000.2	P51472.1	0.460	334	179	0	31	363	20	353	1.578E-85	280
P04000.2	P79809.1	0.460	334	179	0	33	364	14	347	2.158E-85	279
P04000.2	Q98980.1	0.454	340	181	0	33	364	14	353	2.158E-85	279
P04000.2	P56515.1	0.453	341	181	0	33	364	14	354	2.158E-85	279
P04000.2	P51491.1	0.466	327	174	0	35	360	14	340	4.033E-85	278
P04000.2	P87369.1	0.459	334	177	0	37	364	21	354	4.033E-85	278
P04000.2	O93459.1	0.442	351	190	0	23	364	4	354	4.033E-85	278
P04000.2	P49912.1	0.460	332	175	0	33	358	14	345	5.514E-85	278
P04000.2	P79914.1	0.461	331	176	0	37	364	18	348	5.514E-85	278
P04000.2	P79901.1	0.461	331	176	0	37	364	18	348	5.514E-85	278
P04000.2	P32312.1	0.446	346	189	0	23	364	4	349	5.514E-85	278
P04000.2	P08100.1	0.460	332	175	0	33	358	14	345	7.538E-85	278
P04000.2	P79848.1	0.457	334	178	0	37	364	21	354	1.031E-84	277
P04000.2	P51489.1	0.466	325	171	0	37	358	21	345	1.409E-84	277
P04000.2	P79898.1	0.460	331	177	0	37	364	21	351	1.409E-84	277
P04000.2	P87368.1	0.460	330	176	0	27	356	5	331	1.926E-84	276
P04000.2	Q28886.1	0.458	332	176	0	33	358	14	345	1.926E-84	276
P04000.2	P51488.1	0.440	351	191	0	23	364	4	354	1.926E-84	276
P04000.2	P32308.1	0.458	332	176	0	33	358	14	345	2.633E-84	276
P04000.2	P02699.1	0.458	332	176	0	33	358	14	345	2.633E-84	276
P04000.2	Q95KU1.1	0.458	332	176	0	33	358	14	345	2.633E-84	276
P04000.2	P56516.1	0.449	341	182	0	33	364	14	354	2.633E-84	276
P04000.2	P56514.1	0.449	341	182	0	33	364	14	354	2.633E-84	276
P04000.2	P35357.1	0.447	342	183	0	33	364	14	355	3.600E-84	276
P04000.2	P32309.1	0.438	351	192	0	23	364	4	354	4.922E-84	275
P04000.2	O18766.1	0.456	332	177	0	33	358	14	345	6.728E-84	275
P04000.2	P32310.1	0.460	328	176	0	32	358	20	347	6.728E-84	275
P04000.2	P51470.1	0.447	341	183	0	33	364	14	354	6.728E-84	275
P04000.2	P51471.1	0.446	342	183	0	33	364	14	355	6.728E-84	275
P04000.2	P28681.1	0.456	332	177	0	33	358	14	345	9.198E-84	274
P04000.2	O62794.1	0.455	332	177	0	33	358	14	345	1.719E-83	274
P04000.2	P51474.1	0.456	331	178	0	37	364	24	354	1.719E-83	274
P04000.2	P31355.1	0.446	341	183	0	33	364	14	354	1.719E-83	274
P04000.2	Q769E8.1	0.454	332	177	0	33	358	14	345	2.350E-83	273
P04000.2	P02700.2	0.454	332	177	0	33	358	14	345	2.350E-83	273
P04000.2	P41591.1	0.438	349	192	0	23	364	4	352	2.350E-83	273
P04000.2	Q9YGZ3.1	0.452	334	179	0	37	364	21	354	2.350E-83	273
P04000.2	O62795.1	0.454	332	177	0	33	358	14	345	3.212E-83	273
P04000.2	O62796.1	0.454	332	177	0	33	358	14	345	3.212E-83	273
P04000.2	P15409.2	0.461	325	173	0	37	358	21	345	4.391E-83	273
P04000.2	O42604.1	0.451	334	180	0	37	364	21	354	6.003E-83	272
P04000.2	P29403.1	0.444	341	184	0	33	364	14	354	6.003E-83	272
P04000.2	Q9YGZ2.1	0.452	332	179	0	37	364	21	352	8.206E-83	272
P04000.2	Q9YGZ5.1	0.451	333	180	0	37	364	21	353	8.206E-83	272
P04000.2	Q90245.1	0.446	338	183	0	33	364	17	354	8.206E-83	272
P04000.2	P28682.1	0.452	332	178	0	39	364	30	361	8.206E-83	272
P04000.2	Q9YGZ6.1	0.451	333	180	0	37	364	21	353	1.122E-82	271
P04000.2	Q6W3E1.1	0.451	332	178	0	33	358	14	345	1.533E-82	271
P04000.2	Q9W6A8.1	0.459	325	175	0	35	358	26	350	1.533E-82	271
P04000.2	O62791.1	0.450	332	179	0	33	358	14	345	2.865E-82	270
P04000.2	Q68J47.1	0.450	332	179	0	33	358	14	345	3.917E-82	270
P04000.2	Q9YGZ8.1	0.449	333	180	0	37	364	21	353	3.917E-82	270
P04000.2	Q9DGG4.1	0.449	333	180	0	37	364	21	353	3.917E-82	270
P04000.2	P51473.1	0.447	334	182	0	35	364	14	347	5.354E-82	269
P04000.2	P79798.1	0.433	349	193	0	23	364	1	349	5.354E-82	269
P04000.2	O62793.1	0.456	325	175	0	37	358	21	345	7.318E-82	269
P04000.2	Q9YGY9.1	0.449	332	180	0	37	364	21	352	7.318E-82	269
P04000.2	Q9YH05.1	0.448	333	181	0	37	364	21	353	7.318E-82	269
P04000.2	O62798.1	0.446	332	180	0	33	358	14	345	3.492E-81	267
P04000.2	Q8AYM8.1	0.433	344	191	0	23	359	4	347	8.915E-81	266
P04000.2	O42490.1	0.433	344	192	0	25	363	16	359	1.219E-80	265
P04000.2	O62792.1	0.443	332	181	0	33	358	14	345	2.276E-80	265
P04000.2	Q9W6A5.2	0.430	344	192	0	23	359	4	347	7.943E-80	263
P04000.2	P87365.1	0.440	329	183	0	31	358	21	349	9.666E-79	260
P87367.1	P87367.1	0.982	357	6	0	1	357	1	357	1.776E-245	741
P87367.1	Q9W6A7.1	0.898	357	36	0	1	357	1	357	1.044E-220	670
P87367.1	P32313.1	0.896	357	37	0	1	357	1	357	5.044E-220	668
P87367.1	P22332.2	0.888	357	40	0	1	357	1	357	7.798E-218	662
P87367.1	Q8AYN0.1	0.879	357	43	0	1	357	1	356	4.251E-215	654
P87367.1	P41592.1	0.853	358	52	0	1	355	5	362	5.532E-208	633
P87367.1	P22329.1	0.855	349	50	0	9	355	7	355	4.655E-203	619
P87367.1	P22331.1	0.851	347	52	0	9	355	7	353	9.851E-201	612
P87367.1	O12948.1	0.828	358	61	0	1	355	1	358	9.851E-201	612
P87367.1	P04000.2	0.814	359	66	0	1	355	1	359	2.590E-197	602
P87367.1	O18913.2	0.801	364	71	0	1	357	1	364	3.218E-196	599
P87367.1	P22330.1	0.818	355	64	0	1	355	1	355	6.042E-196	599
P87367.1	P34989.1	0.851	338	50	0	17	353	13	350	2.918E-195	597
P87367.1	P04001.1	0.806	359	69	0	1	355	1	359	1.029E-194	595
P87367.1	Q9BGI7.1	0.795	364	73	0	1	357	1	364	1.931E-194	594
P87367.1	O18914.2	0.795	364	73	0	1	357	1	364	1.931E-194	594
P87367.1	O18912.2	0.794	364	73	0	1	357	1	364	3.625E-194	593
P87367.1	Q95170.1	0.794	364	73	0	1	357	1	364	4.967E-194	593
P87367.1	O35478.2	0.787	364	76	0	1	357	1	364	4.084E-192	587
P87367.1	P35358.1	0.795	358	73	0	1	355	1	358	3.702E-191	585
P87367.1	Q9R024.1	0.784	364	77	0	1	357	1	364	5.073E-191	584
P87367.1	O18910.2	0.780	364	78	0	1	357	1	364	8.634E-190	581
P87367.1	O35476.2	0.826	340	59	0	17	355	15	354	1.183E-189	580
P87367.1	O35599.1	0.822	340	60	0	17	355	15	354	2.013E-188	577
P87367.1	O18911.1	0.840	273	44	0	45	317	1	273	2.754E-153	475
P87367.1	P51476.1	0.528	301	141	0	33	333	15	314	5.494E-93	301
P87367.1	Q9W6A9.2	0.498	320	160	0	36	355	16	335	1.723E-91	297
P87367.1	P51475.1	0.519	303	145	0	31	333	11	312	1.723E-91	297
P87367.1	Q9W6A6.2	0.459	346	182	0	20	357	4	349	1.237E-88	288
P87367.1	P32311.1	0.458	346	183	0	20	357	4	349	1.692E-88	288
P87367.1	P32312.1	0.452	346	185	0	20	357	4	349	7.239E-87	283
P87367.1	Q8AYM7.1	0.452	346	185	0	20	357	4	349	7.239E-87	283
P87367.1	Q90309.1	0.463	333	178	0	24	355	3	335	4.733E-86	281
P87367.1	Q9W6A5.2	0.446	346	187	0	20	357	4	349	5.785E-85	278
P87367.1	O57605.1	0.469	323	169	0	36	355	18	340	7.910E-85	277
P87367.1	Q8HY69.2	0.446	345	187	0	20	357	4	348	1.082E-84	277
P87367.1	P22671.1	0.447	343	185	0	20	355	4	346	1.479E-84	276
P87367.1	Q8AYM8.1	0.443	346	188	0	20	357	4	349	2.765E-84	276
P87367.1	P28683.1	0.443	345	187	0	20	355	4	348	5.169E-84	275
P87367.1	O13227.1	0.440	347	189	0	20	357	4	350	9.663E-84	274
P87367.1	Q769E8.1	0.442	345	188	0	20	357	4	348	1.321E-83	274
P87367.1	O18766.1	0.442	345	188	0	20	357	4	348	1.321E-83	274
P87367.1	P49912.1	0.441	345	188	0	20	357	4	348	1.806E-83	273
P87367.1	Q28886.1	0.441	345	188	0	20	357	4	348	2.470E-83	273
P87367.1	P02699.1	0.441	345	188	0	20	357	4	348	2.470E-83	273
P87367.1	P08100.1	0.441	345	188	0	20	357	4	348	2.470E-83	273
P87367.1	O13092.1	0.464	322	171	0	36	355	21	342	3.377E-83	273
P87367.1	Q98980.1	0.442	343	187	0	20	355	4	346	3.377E-83	273
P87367.1	O62794.1	0.440	345	189	0	20	357	4	348	4.616E-83	272
P87367.1	P28681.1	0.440	345	189	0	20	357	4	348	4.616E-83	272
P87367.1	P32308.1	0.439	345	189	0	20	357	4	348	8.629E-83	271
P87367.1	O62795.1	0.439	345	189	0	20	357	4	348	8.629E-83	271
P87367.1	P51490.1	0.462	322	172	0	36	355	21	342	8.629E-83	271
P87367.1	P87368.1	0.467	317	168	0	36	352	16	331	1.180E-82	271
P87367.1	Q95KU1.1	0.439	345	189	0	20	357	4	348	1.180E-82	271
P87367.1	P52202.1	0.441	342	187	0	20	355	4	345	1.613E-82	271
P87367.1	Q90214.1	0.434	349	191	0	20	357	4	352	1.613E-82	271
P87367.1	P56516.1	0.439	344	188	0	20	355	4	347	2.205E-82	270
P87367.1	P02700.2	0.437	345	190	0	20	357	4	348	4.121E-82	269
P87367.1	P22328.1	0.440	341	188	0	20	355	4	344	4.121E-82	269
P87367.1	O62796.1	0.436	345	190	0	20	357	4	348	5.634E-82	269
P87367.1	P15409.2	0.436	345	190	0	20	357	4	348	5.634E-82	269
P87367.1	P56515.1	0.437	344	189	0	20	355	4	347	5.634E-82	269
P87367.1	P51470.1	0.437	344	189	0	20	355	4	347	5.634E-82	269
P87367.1	P51471.1	0.436	345	189	0	20	355	4	348	5.634E-82	269
P87367.1	P56514.1	0.437	344	189	0	20	355	4	347	7.703E-82	269
P87367.1	Q6W3E1.1	0.435	345	190	0	20	357	4	348	1.053E-81	268
P87367.1	P03999.2	0.458	322	173	0	36	355	17	338	1.440E-81	268
P87367.1	P60015.1	0.458	322	173	0	36	355	20	341	1.440E-81	268
P87367.1	P41590.1	0.431	349	192	0	20	357	4	352	1.440E-81	268
P87367.1	O62793.1	0.434	345	191	0	20	357	4	348	1.968E-81	267
P87367.1	P79863.1	0.435	344	189	0	20	355	4	347	1.968E-81	267
P87367.1	Q90215.1	0.430	349	192	0	20	357	4	352	2.690E-81	267
P87367.1	P31355.1	0.435	344	189	0	20	355	4	347	2.690E-81	267
P87367.1	P35359.2	0.435	344	189	0	20	355	4	347	2.690E-81	267
P87367.1	P29403.1	0.435	344	189	0	20	355	4	347	2.690E-81	267
P87367.1	P51489.1	0.433	345	191	0	20	357	4	348	3.678E-81	267
P87367.1	O93441.1	0.433	344	190	0	20	355	4	347	9.395E-81	265
P87367.1	P79756.1	0.448	327	177	0	34	355	21	347	1.756E-80	265
P87367.1	O62791.1	0.430	345	192	0	20	357	4	348	2.400E-80	264
P87367.1	P28684.1	0.441	333	184	0	25	355	8	340	3.281E-80	264
P87367.1	P51474.1	0.434	341	188	0	22	355	9	349	3.281E-80	264
P87367.1	P35357.1	0.430	345	191	0	20	355	4	348	3.281E-80	264
P87367.1	P87369.1	0.430	344	191	0	20	355	4	347	4.484E-80	263
P87367.1	Q9YGZ0.1	0.432	342	190	0	20	354	4	345	6.130E-80	263
P87367.1	Q90245.1	0.430	344	191	0	20	355	4	347	6.130E-80	263
P87367.1	P79848.1	0.446	327	178	0	34	355	21	347	8.379E-80	263
P87367.1	Q68J47.1	0.428	345	193	0	20	357	4	348	1.145E-79	262
P87367.1	P51488.1	0.429	344	191	0	20	355	4	347	1.145E-79	262
P87367.1	O93459.1	0.428	344	192	0	20	355	4	347	2.140E-79	261
P87367.1	O62798.1	0.427	345	193	0	20	357	4	348	2.925E-79	261
P87367.1	P32310.1	0.448	323	177	0	36	356	27	349	2.925E-79	261
P87367.1	Q63652.2	0.448	322	176	0	36	355	18	339	5.464E-79	260
P87367.1	P79808.1	0.439	331	181	0	34	357	18	348	5.464E-79	260
P87367.1	O42604.1	0.443	327	179	0	34	355	21	347	5.464E-79	260
P87367.1	P32309.1	0.426	344	192	0	20	355	4	347	7.469E-79	260
P87367.1	O62792.1	0.425	345	194	0	20	357	4	348	1.021E-78	259
P87367.1	Q9YGZ6.1	0.443	326	179	0	34	355	21	346	1.021E-78	259
P87367.1	Q9YGZ8.1	0.443	326	179	0	34	355	21	346	1.021E-78	259
P87367.1	P79807.1	0.427	342	192	0	20	355	1	342	1.395E-78	259
P87367.1	P51491.1	0.446	322	177	0	36	355	18	339	1.907E-78	259
P87367.1	Q9YGZ3.1	0.441	327	179	0	34	355	21	347	1.907E-78	259
P87367.1	P79902.1	0.436	331	182	0	34	357	18	348	3.562E-78	258
P87367.1	P28682.1	0.435	332	181	0	36	357	30	361	3.562E-78	258
P87367.1	P51473.1	0.443	323	178	0	36	355	18	340	4.869E-78	258
P87367.1	P79903.1	0.436	330	182	0	34	357	18	347	4.869E-78	258
P87367.1	Q9YGZ2.1	0.441	325	179	0	34	355	21	345	4.869E-78	258
P87367.1	P79901.1	0.434	331	183	0	34	357	18	348	9.095E-78	257
P87367.1	P79911.1	0.435	330	182	0	34	357	18	347	1.243E-77	256
P87367.1	P79812.1	0.434	331	183	0	34	357	21	351	1.243E-77	256
P87367.1	Q9YGY9.1	0.440	325	180	0	34	355	21	345	1.243E-77	256
P87367.1	P41591.1	0.416	349	197	0	20	357	4	352	2.322E-77	256
P87367.1	P79914.1	0.432	331	183	0	34	357	18	348	3.173E-77	255
P87367.1	P79898.1	0.432	331	183	0	34	357	21	351	3.173E-77	255
P87367.1	Q9YGZ5.1	0.437	326	181	0	34	355	21	346	4.336E-77	255
P87367.1	P79809.1	0.432	330	183	0	34	357	18	347	5.926E-77	254
P87367.1	P51472.1	0.428	334	188	0	28	356	20	353	8.099E-77	254
P87367.1	Q9W6A8.1	0.438	323	180	0	36	356	30	352	1.107E-76	254
P87367.1	P79798.1	0.417	342	195	0	20	355	1	342	9.850E-76	251
P87367.1	Q9DGG4.1	0.432	326	182	0	34	355	21	346	9.850E-76	251
P87367.1	Q9YH05.1	0.431	326	183	0	34	355	21	346	1.839E-75	250
P87367.1	O42490.1	0.448	299	163	0	35	333	33	328	9.455E-73	242
P87367.1	P87365.1	0.412	331	193	0	28	356	21	351	1.147E-71	239
P35357.1	P35357.1	0.967	355	12	0	1	355	1	355	1.241E-239	724
P35357.1	P51471.1	0.858	355	50	0	1	355	1	355	6.914E-208	633
P35357.1	P28683.1	0.855	355	51	0	1	355	1	355	6.272E-207	630
P35357.1	P32311.1	0.794	348	71	0	1	348	1	347	3.523E-185	567
P35357.1	P22671.1	0.778	355	78	0	1	355	1	353	2.331E-184	565
P35357.1	Q98980.1	0.777	355	78	0	1	355	1	353	4.376E-184	564
P35357.1	P56515.1	0.774	355	80	0	1	355	1	354	2.895E-183	562
P35357.1	Q9W6A6.2	0.786	348	74	0	1	348	1	347	7.445E-183	561
P35357.1	P32312.1	0.785	348	74	0	1	348	1	347	1.398E-182	560
P35357.1	Q8AYM7.1	0.784	348	75	0	1	348	1	347	2.624E-182	559
P35357.1	P29403.1	0.769	355	82	0	1	355	1	354	1.267E-181	557
P35357.1	P51470.1	0.764	355	83	0	1	355	1	354	2.953E-180	553
P35357.1	P56514.1	0.763	355	84	0	1	355	1	354	4.046E-180	553
P35357.1	P56516.1	0.758	355	85	0	1	355	1	354	1.292E-178	548
P35357.1	P31355.1	0.758	355	85	0	1	355	1	354	1.770E-178	548
P35357.1	Q90245.1	0.755	355	86	0	1	355	1	354	8.545E-178	546
P35357.1	P22328.1	0.750	355	88	0	1	355	1	351	2.728E-176	542
P35357.1	P51474.1	0.750	355	88	0	1	355	4	354	2.728E-176	542
P35357.1	O62791.1	0.745	355	88	0	1	355	1	348	8.710E-175	537
P35357.1	P32308.1	0.745	355	88	0	1	355	1	348	1.193E-174	537
P35357.1	Q8AYM8.1	0.757	348	84	0	1	348	1	347	1.193E-174	537
P35357.1	P41591.1	0.745	355	90	0	1	355	1	352	1.193E-174	537
P35357.1	O93459.1	0.743	355	91	0	1	355	1	354	3.069E-174	536
P35357.1	Q95KU1.1	0.743	355	89	0	1	355	1	348	4.204E-174	535
P35357.1	O62796.1	0.742	355	90	0	1	355	1	348	5.760E-174	535
P35357.1	P49912.1	0.742	355	90	0	1	355	1	348	7.892E-174	535
P35357.1	Q28886.1	0.742	355	90	0	1	355	1	348	7.892E-174	535
P35357.1	P52202.1	0.741	355	91	0	1	355	1	352	1.081E-173	534
P35357.1	P79863.1	0.740	355	92	0	1	355	1	354	2.029E-173	533
P35357.1	Q9W6A5.2	0.753	348	85	0	1	348	1	347	2.780E-173	533
P35357.1	O62793.1	0.740	355	90	0	1	355	1	348	3.809E-173	533
P35357.1	P08100.1	0.740	355	90	0	1	355	1	348	3.809E-173	533
P35357.1	O62794.1	0.739	355	91	0	1	355	1	348	5.219E-173	532
P35357.1	P15409.2	0.737	355	91	0	1	355	1	348	2.519E-172	530
P35357.1	O62795.1	0.735	355	92	0	1	355	1	348	6.477E-172	529
P35357.1	O18766.1	0.735	355	92	0	1	355	1	348	8.874E-172	529
P35357.1	O62798.1	0.734	355	92	0	1	355	1	348	1.216E-171	528
P35357.1	P28681.1	0.732	355	93	0	1	355	1	348	4.283E-171	527
P35357.1	Q8HY69.2	0.732	355	93	0	1	355	1	348	5.868E-171	526
P35357.1	Q68J47.1	0.732	355	93	0	1	355	1	348	8.039E-171	526
P35357.1	O62792.1	0.732	355	93	0	1	355	1	348	8.039E-171	526
P35357.1	P02700.2	0.732	355	93	0	1	355	1	348	8.039E-171	526
P35357.1	O93441.1	0.732	355	95	0	1	355	1	354	8.039E-171	526
P35357.1	P51489.1	0.729	355	94	0	1	355	1	348	3.880E-170	524
P35357.1	P02699.1	0.728	355	94	0	1	355	1	348	7.282E-170	523
P35357.1	Q769E8.1	0.727	355	95	0	1	355	1	348	1.367E-169	522
P35357.1	Q6W3E1.1	0.727	355	95	0	1	355	1	348	1.872E-169	522
P35357.1	Q90215.1	0.725	355	97	0	1	355	1	352	9.037E-169	520
P35357.1	Q90214.1	0.712	355	101	0	1	355	1	352	4.438E-165	509
P35357.1	P35359.2	0.707	355	103	0	1	355	1	354	1.033E-163	505
P35357.1	O13227.1	0.707	355	102	0	1	355	1	350	1.416E-163	505
P35357.1	P51488.1	0.705	355	104	0	1	355	1	354	4.986E-163	503
P35357.1	Q9YH05.1	0.703	355	105	0	1	355	1	353	2.405E-162	501
P35357.1	O42604.1	0.703	355	105	0	1	355	1	354	2.405E-162	501
P35357.1	P41590.1	0.701	355	105	0	1	355	1	352	8.472E-162	500
P35357.1	P79756.1	0.698	355	107	0	1	355	1	354	4.087E-161	498
P35357.1	Q9DGG4.1	0.697	355	107	0	1	355	1	353	1.051E-160	497
P35357.1	P32309.1	0.696	355	107	0	1	355	1	354	1.439E-160	496
P35357.1	Q9YGY9.1	0.696	355	107	0	1	355	1	352	1.972E-160	496
P35357.1	P87369.1	0.695	355	108	0	1	355	1	354	3.700E-160	495
P35357.1	P79848.1	0.695	355	108	0	1	355	1	354	3.700E-160	495
P35357.1	Q9YGZ2.1	0.693	355	108	0	1	355	1	352	1.303E-159	494
P35357.1	Q9YGZ3.1	0.692	355	109	0	1	355	1	354	3.350E-159	492
P35357.1	Q9YGZ0.1	0.691	355	108	0	1	355	1	351	6.286E-159	492
P35357.1	Q9YGZ8.1	0.691	355	109	0	1	355	1	353	6.286E-159	492
P35357.1	Q9YGZ5.1	0.690	355	109	0	1	355	1	353	8.611E-159	491
P35357.1	Q9YGZ6.1	0.686	355	111	0	1	355	1	353	1.463E-157	488
P35357.1	P79807.1	0.682	352	111	0	4	355	1	349	7.917E-155	480
P35357.1	P79812.1	0.676	355	113	0	1	355	1	351	1.486E-154	479
P35357.1	P79798.1	0.680	352	111	0	4	355	1	349	2.035E-154	479
P35357.1	P79898.1	0.675	355	114	0	1	355	1	351	2.787E-154	478
P35357.1	P79901.1	0.673	352	113	0	4	355	1	348	2.282E-152	473
P35357.1	P79808.1	0.673	352	113	0	4	355	1	348	2.282E-152	473
P35357.1	P79902.1	0.671	352	114	0	4	355	1	348	8.036E-152	471
P35357.1	P79914.1	0.670	352	115	0	4	355	1	348	1.508E-151	470
P35357.1	P79911.1	0.667	352	115	0	4	355	1	347	9.959E-151	468
P35357.1	P79903.1	0.667	352	115	0	4	355	1	347	1.868E-150	467
P35357.1	P79809.1	0.663	352	117	0	4	355	1	347	1.690E-149	464
P35357.1	P28682.1	0.588	349	143	0	8	355	13	361	2.036E-126	398
P35357.1	P51472.1	0.566	341	147	0	8	347	11	351	3.870E-117	371
P35357.1	Q9W6A8.1	0.543	340	154	0	8	347	13	350	1.863E-110	351
P35357.1	P32310.1	0.539	340	155	0	8	347	10	347	2.295E-109	348
P35357.1	O57605.1	0.522	354	165	0	1	354	1	346	3.141E-109	348
P35357.1	P28684.1	0.537	337	154	0	18	354	13	346	7.249E-108	344
P35357.1	P87365.1	0.527	340	159	0	8	347	12	349	4.287E-106	339
P35357.1	P51473.1	0.534	334	154	0	22	355	17	347	8.029E-106	338
P35357.1	P51490.1	0.524	332	156	0	23	354	21	348	1.496E-102	329
P35357.1	O13092.1	0.521	332	157	0	23	354	21	348	9.823E-102	326
P35357.1	P51491.1	0.521	332	157	0	23	354	18	345	1.344E-101	326
P35357.1	P03999.2	0.516	332	158	0	23	354	17	344	2.261E-100	322
P35357.1	P60015.1	0.516	332	158	0	23	354	20	347	2.261E-100	322
P35357.1	Q63652.2	0.513	332	159	0	23	354	18	345	1.484E-99	320
P35357.1	Q9W6A9.2	0.494	327	162	0	22	348	15	335	1.301E-92	300
P35357.1	P51476.1	0.517	307	147	0	23	329	18	323	2.434E-92	299
P35357.1	Q90309.1	0.492	327	163	0	22	348	15	335	4.554E-92	298
P35357.1	P51475.1	0.517	305	146	0	23	327	16	319	1.594E-91	297
P35357.1	P87368.1	0.481	323	163	0	23	345	16	331	5.480E-88	286
P35357.1	P04001.1	0.441	354	192	0	2	355	21	364	1.121E-85	280
P35357.1	P22329.1	0.449	342	183	0	14	355	30	362	7.332E-85	277
P35357.1	P35358.1	0.439	352	192	0	4	355	22	365	1.003E-84	277
P35357.1	P04000.2	0.436	354	193	0	2	355	21	364	2.563E-84	276
P35357.1	Q9BGI7.1	0.438	352	192	0	4	355	23	364	2.563E-84	276
P35357.1	O18912.2	0.453	335	179	0	21	355	37	364	4.792E-84	275
P35357.1	O35478.2	0.434	354	194	0	2	355	21	364	6.552E-84	274
P35357.1	Q95170.1	0.435	352	193	0	4	355	23	364	1.225E-83	274
P35357.1	O18914.2	0.435	352	193	0	4	355	23	364	1.225E-83	274
P35357.1	P41592.1	0.445	342	185	0	14	355	36	369	1.225E-83	274
P35357.1	O18913.2	0.442	342	185	0	14	355	33	364	5.853E-83	272
P35357.1	O12948.1	0.441	342	186	0	14	355	32	365	1.496E-82	271
P35357.1	Q9R024.1	0.429	354	196	0	2	355	21	364	2.796E-82	270
P35357.1	O18910.2	0.428	354	196	0	2	355	21	364	3.823E-82	269
P35357.1	P34989.1	0.436	345	190	0	2	346	14	350	5.227E-82	269
P35357.1	Q8AYN0.1	0.445	334	180	0	14	347	29	353	1.336E-81	268
P35357.1	P32313.1	0.445	334	180	0	14	347	30	354	1.336E-81	268
P35357.1	O35476.2	0.426	354	197	0	2	355	16	359	1.826E-81	267
P35357.1	P87367.1	0.434	344	189	0	4	347	20	354	4.665E-81	266
P35357.1	Q9W6A7.1	0.443	334	180	0	14	347	30	354	4.665E-81	266
P35357.1	O35599.1	0.434	342	187	0	14	355	28	359	1.192E-80	265
P35357.1	P22332.2	0.438	334	182	0	14	347	30	354	1.453E-79	262
P35357.1	O42490.1	0.469	304	159	0	20	323	31	331	1.987E-79	261
P35357.1	P22331.1	0.438	328	180	0	21	348	32	353	6.181E-78	257
P35357.1	P22330.1	0.432	328	182	0	21	348	34	355	1.921E-76	253
P35357.1	O18911.1	0.465	273	146	0	32	304	1	273	2.142E-69	232
Q9YGZ8.1	Q9YGZ8.1	0.975	353	9	0	1	353	1	353	1.244E-240	727
Q9YGZ8.1	Q9YGZ6.1	0.961	353	14	0	1	353	1	353	1.158E-236	716
Q9YGZ8.1	Q9YH05.1	0.935	353	23	0	1	353	1	353	5.339E-229	694
Q9YGZ8.1	Q9DGG4.1	0.932	353	24	0	1	353	1	353	3.537E-228	691
Q9YGZ8.1	Q9YGZ5.1	0.923	353	27	0	1	353	1	353	1.408E-225	684
Q9YGZ8.1	Q9YGZ2.1	0.922	353	27	0	1	353	1	352	2.644E-225	683
Q9YGZ8.1	Q9YGY9.1	0.922	353	27	0	1	353	1	352	3.624E-225	683
Q9YGZ8.1	P87369.1	0.919	354	29	0	1	353	1	354	6.805E-225	682
Q9YGZ8.1	Q9YGZ3.1	0.917	354	29	0	1	353	1	354	1.751E-224	681
Q9YGZ8.1	P79848.1	0.917	354	29	0	1	353	1	354	1.751E-224	681
Q9YGZ8.1	P79756.1	0.915	354	30	0	1	353	1	354	8.464E-224	679
Q9YGZ8.1	O42604.1	0.896	354	37	0	1	353	1	354	3.450E-218	662
Q9YGZ8.1	P79898.1	0.887	353	40	0	1	353	1	351	4.841E-215	653
Q9YGZ8.1	P79901.1	0.888	350	39	0	4	353	1	348	2.909E-213	648
Q9YGZ8.1	P35359.2	0.876	354	44	0	1	353	1	354	1.926E-212	646
Q9YGZ8.1	P79807.1	0.883	350	41	0	4	353	1	349	4.956E-212	645
Q9YGZ8.1	P79914.1	0.882	350	41	0	4	353	1	348	1.275E-211	644
Q9YGZ8.1	P79812.1	0.873	353	44	0	1	353	1	351	6.162E-211	642
Q9YGZ8.1	P79902.1	0.878	350	42	0	4	353	1	348	1.157E-210	641
Q9YGZ8.1	P79808.1	0.877	350	43	0	4	353	1	348	2.977E-210	640
Q9YGZ8.1	P79798.1	0.874	350	44	0	4	353	1	349	1.971E-209	637
Q9YGZ8.1	P51488.1	0.862	354	49	0	1	353	1	354	1.788E-208	634
Q9YGZ8.1	Q9YGZ0.1	0.861	353	49	0	1	353	1	351	1.622E-207	632
Q9YGZ8.1	P32309.1	0.855	354	51	0	1	353	1	354	2.764E-206	628
Q9YGZ8.1	P79809.1	0.861	350	48	0	4	353	1	347	1.335E-205	626
Q9YGZ8.1	P41590.1	0.853	353	52	0	1	353	1	352	3.435E-205	625
Q9YGZ8.1	P79903.1	0.858	350	49	0	4	353	1	347	1.211E-204	623
Q9YGZ8.1	P79911.1	0.855	350	50	0	4	353	1	347	5.852E-204	621
Q9YGZ8.1	Q90215.1	0.834	353	58	0	1	353	1	352	1.396E-199	609
Q9YGZ8.1	Q90214.1	0.829	353	60	0	1	353	1	352	3.259E-198	605
Q9YGZ8.1	O13227.1	0.825	353	61	0	1	353	1	350	4.050E-197	602
Q9YGZ8.1	O62796.1	0.823	345	61	0	1	345	1	345	1.200E-191	586
Q9YGZ8.1	P56515.1	0.803	354	69	0	1	353	1	354	3.086E-191	585
Q9YGZ8.1	P49912.1	0.820	345	62	0	1	345	1	345	7.938E-191	584
Q9YGZ8.1	P02699.1	0.816	345	63	0	1	345	1	345	7.198E-190	581
Q9YGZ8.1	P32308.1	0.815	345	64	0	1	345	1	345	1.852E-189	580
Q9YGZ8.1	P56514.1	0.797	354	71	0	1	353	1	354	2.537E-189	579
Q9YGZ8.1	Q95KU1.1	0.814	345	64	0	1	345	1	345	3.476E-189	579
Q9YGZ8.1	O18766.1	0.814	345	64	0	1	345	1	345	3.476E-189	579
Q9YGZ8.1	Q769E8.1	0.813	345	64	0	1	345	1	345	8.942E-189	578
Q9YGZ8.1	P51470.1	0.793	354	73	0	1	353	1	354	2.300E-188	576
Q9YGZ8.1	P22328.1	0.793	353	72	0	1	353	1	351	8.107E-188	575
Q9YGZ8.1	P29403.1	0.791	354	74	0	1	353	1	354	1.111E-187	574
Q9YGZ8.1	Q68J47.1	0.808	345	66	0	1	345	1	345	1.522E-187	574
Q9YGZ8.1	P08100.1	0.808	345	66	0	1	345	1	345	2.085E-187	574
Q9YGZ8.1	P52202.1	0.792	353	73	0	1	353	1	352	2.085E-187	574
Q9YGZ8.1	P28681.1	0.807	345	66	0	1	345	1	345	2.857E-187	573
Q9YGZ8.1	Q28886.1	0.806	345	67	0	1	345	1	345	5.364E-187	572
Q9YGZ8.1	P31355.1	0.789	354	74	0	1	353	1	354	5.364E-187	572
Q9YGZ8.1	O62794.1	0.804	345	67	0	1	345	1	345	1.891E-186	571
Q9YGZ8.1	O62791.1	0.804	345	67	0	1	345	1	345	1.891E-186	571
Q9YGZ8.1	P02700.2	0.804	345	67	0	1	345	1	345	1.891E-186	571
Q9YGZ8.1	P15409.2	0.803	345	68	0	1	345	1	345	3.549E-186	570
Q9YGZ8.1	O93459.1	0.785	354	76	0	1	353	1	354	4.863E-186	570
Q9YGZ8.1	P22671.1	0.787	353	75	0	1	353	1	353	6.663E-186	569
Q9YGZ8.1	P56516.1	0.784	354	76	0	1	353	1	354	9.130E-186	569
Q9YGZ8.1	O62798.1	0.802	345	68	0	1	345	1	345	1.251E-185	569
Q9YGZ8.1	Q90245.1	0.784	354	76	0	1	353	1	354	1.251E-185	569
Q9YGZ8.1	O62793.1	0.801	345	68	0	1	345	1	345	1.714E-185	568
Q9YGZ8.1	P51489.1	0.801	345	68	0	1	345	1	345	2.348E-185	568
Q9YGZ8.1	O62792.1	0.800	345	69	0	1	345	1	345	4.409E-185	567
Q9YGZ8.1	O62795.1	0.799	345	69	0	1	345	1	345	6.041E-185	567
Q9YGZ8.1	Q6W3E1.1	0.797	345	70	0	1	345	1	345	2.129E-184	565
Q9YGZ8.1	Q8HY69.2	0.795	345	71	0	1	345	1	345	1.028E-183	563
Q9YGZ8.1	O93441.1	0.776	354	79	0	1	353	1	354	2.644E-183	562
Q9YGZ8.1	P41591.1	0.776	353	79	0	1	353	1	352	6.801E-183	561
Q9YGZ8.1	Q98980.1	0.773	353	80	0	1	353	1	353	8.446E-182	557
Q9YGZ8.1	P79863.1	0.768	354	82	0	1	353	1	354	7.656E-181	555
Q9YGZ8.1	P28683.1	0.708	355	103	0	1	353	1	355	5.037E-164	506
Q9YGZ8.1	P51471.1	0.699	355	106	0	1	353	1	355	2.730E-161	498
Q9YGZ8.1	P35357.1	0.693	355	108	0	1	353	1	355	1.193E-159	494
Q9YGZ8.1	Q9W6A6.2	0.697	347	105	0	1	346	1	347	6.459E-157	486
Q9YGZ8.1	Q8AYM7.1	0.694	347	106	0	1	346	1	347	5.846E-156	483
Q9YGZ8.1	P32311.1	0.690	347	107	0	1	346	1	347	7.249E-155	480
Q9YGZ8.1	P32312.1	0.685	347	109	0	1	346	1	347	2.310E-153	475
Q9YGZ8.1	Q8AYM8.1	0.671	347	114	0	1	346	1	347	1.549E-149	464
Q9YGZ8.1	Q9W6A5.2	0.666	347	115	0	1	346	1	347	3.600E-148	460
Q9YGZ8.1	P51474.1	0.652	353	122	0	1	353	4	354	8.369E-147	456
Q9YGZ8.1	P28682.1	0.542	348	158	0	9	353	14	361	6.024E-113	359
Q9YGZ8.1	P32310.1	0.534	337	157	0	9	345	11	347	6.012E-107	341
Q9YGZ8.1	P51472.1	0.525	340	160	0	9	345	12	351	1.387E-105	337
Q9YGZ8.1	P87365.1	0.524	337	160	0	9	345	13	349	4.375E-104	333
Q9YGZ8.1	Q9W6A8.1	0.529	324	151	0	22	345	29	350	4.350E-101	324
Q9YGZ8.1	P51473.1	0.505	332	163	0	22	353	17	347	2.069E-97	314
Q9YGZ8.1	O57605.1	0.476	352	181	0	1	352	1	346	1.667E-95	308
Q9YGZ8.1	P51475.1	0.501	326	154	0	2	327	11	319	2.046E-94	305
Q9YGZ8.1	P28684.1	0.486	337	172	0	16	352	11	346	1.341E-93	302
Q9YGZ8.1	O13092.1	0.470	348	181	0	5	352	7	348	2.250E-92	299
Q9YGZ8.1	P51476.1	0.505	316	153	0	12	327	11	321	4.211E-92	298
Q9YGZ8.1	P03999.2	0.466	349	183	0	4	352	2	344	1.475E-91	297
Q9YGZ8.1	P60015.1	0.466	349	183	0	4	352	5	347	1.475E-91	297
Q9YGZ8.1	P51491.1	0.460	352	186	0	1	352	1	345	9.660E-91	294
Q9YGZ8.1	Q63652.2	0.450	352	189	0	1	352	1	345	5.073E-88	286
Q9YGZ8.1	P51490.1	0.473	330	172	0	23	352	21	348	5.073E-88	286
Q9YGZ8.1	P35358.1	0.449	350	189	0	4	353	22	365	6.210E-87	283
Q9YGZ8.1	Q9W6A9.2	0.473	325	169	0	22	346	15	335	1.588E-86	282
Q9YGZ8.1	Q9BGI7.1	0.445	350	189	0	4	353	23	364	7.597E-86	280
Q9YGZ8.1	O18912.2	0.441	352	192	0	2	353	21	364	1.943E-85	279
Q9YGZ8.1	Q95170.1	0.442	350	190	0	4	353	23	364	3.633E-85	278
Q9YGZ8.1	O18914.2	0.441	350	191	0	4	353	23	364	6.794E-85	277
Q9YGZ8.1	O18910.2	0.438	352	193	0	2	353	21	364	2.375E-84	276
Q9YGZ8.1	O18913.2	0.456	333	178	0	21	353	37	364	3.248E-84	275
Q9YGZ8.1	P04001.1	0.437	352	193	0	2	353	21	364	4.441E-84	275
Q9YGZ8.1	Q9R024.1	0.436	352	193	0	2	353	21	364	6.073E-84	274
Q9YGZ8.1	Q90309.1	0.462	325	172	0	22	346	15	335	1.135E-83	274
Q9YGZ8.1	O35476.2	0.434	352	194	0	2	353	16	359	2.123E-83	273
Q9YGZ8.1	P41592.1	0.453	333	180	0	21	353	40	369	2.123E-83	273
Q9YGZ8.1	P04000.2	0.434	352	194	0	2	353	21	364	2.903E-83	273
Q9YGZ8.1	O12948.1	0.452	333	180	0	21	353	36	365	2.903E-83	273
Q9YGZ8.1	O35478.2	0.433	352	194	0	2	353	21	364	3.969E-83	272
Q9YGZ8.1	O35599.1	0.431	352	195	0	2	353	16	359	2.593E-82	270
Q9YGZ8.1	P87368.1	0.443	338	183	0	6	343	2	331	3.545E-82	269
Q9YGZ8.1	P34989.1	0.438	343	189	0	2	344	14	350	6.627E-82	269
Q9YGZ8.1	P22329.1	0.447	333	181	0	21	353	34	362	9.061E-82	268
Q9YGZ8.1	P87367.1	0.435	342	189	0	4	345	20	354	5.917E-81	266
Q9YGZ8.1	Q9W6A7.1	0.432	341	189	0	5	345	22	354	9.868E-80	262
Q9YGZ8.1	Q8AYN0.1	0.445	325	178	0	21	345	33	353	3.446E-79	261
Q9YGZ8.1	P32313.1	0.428	341	190	0	5	345	22	354	8.801E-79	259
Q9YGZ8.1	P22332.2	0.428	341	190	0	5	345	22	354	1.203E-78	259
Q9YGZ8.1	O42490.1	0.459	308	164	0	16	323	27	331	5.740E-78	257
Q9YGZ8.1	P22331.1	0.426	335	188	0	5	339	20	348	1.306E-76	253
Q9YGZ8.1	P22330.1	0.425	335	189	0	5	339	22	350	2.439E-76	252
Q9YGZ8.1	O18911.1	0.483	268	138	0	37	304	6	273	7.275E-72	239
O35478.2	O35478.2	0.972	364	10	0	1	364	1	364	2.183E-247	747
O35478.2	O18910.2	0.923	364	28	0	1	364	1	364	9.586E-233	705
O35478.2	O18914.2	0.917	364	30	0	1	364	1	364	5.761E-231	700
O35478.2	O18912.2	0.915	364	31	0	1	364	1	364	2.784E-230	698
O35478.2	O18913.2	0.914	364	31	0	1	364	1	364	7.164E-230	697
O35478.2	Q9R024.1	0.913	364	32	0	1	364	1	364	1.345E-229	696
O35478.2	Q9BGI7.1	0.911	364	32	0	1	364	1	364	6.501E-229	694
O35478.2	P04000.2	0.910	364	33	0	1	364	1	364	8.909E-229	694
O35478.2	Q95170.1	0.908	364	33	0	1	364	1	364	3.142E-228	692
O35478.2	P04001.1	0.906	364	34	0	1	364	1	364	1.518E-227	690
O35478.2	O35476.2	0.915	357	30	0	8	364	3	359	1.250E-225	685
O35478.2	O35599.1	0.910	357	32	0	8	364	3	359	3.999E-224	680
O35478.2	P34989.1	0.920	349	28	0	9	357	2	350	1.161E-221	673
O35478.2	P41592.1	0.826	365	63	0	1	364	5	369	2.749E-204	623
O35478.2	P22329.1	0.860	346	48	0	20	364	17	362	8.789E-203	619
O35478.2	O12948.1	0.830	347	58	0	20	364	19	365	1.032E-194	595
O35478.2	P87367.1	0.803	358	70	0	1	358	1	354	2.408E-193	591
O35478.2	P32313.1	0.799	358	71	0	1	358	1	354	5.613E-192	587
O35478.2	Q9W6A7.1	0.794	358	73	0	1	358	1	354	1.309E-190	584
O35478.2	P35358.1	0.779	365	80	0	1	364	1	365	6.319E-190	582
O35478.2	Q8AYN0.1	0.824	339	59	0	20	358	16	353	2.765E-188	577
O35478.2	P22332.2	0.823	339	60	0	20	358	17	354	7.112E-188	576
O35478.2	P22331.1	0.795	341	69	0	19	359	14	353	3.568E-181	556
O35478.2	P22330.1	0.784	341	73	0	19	359	16	355	3.635E-178	548
O35478.2	O18911.1	0.929	273	19	0	48	320	1	273	3.037E-173	533
O35478.2	P51476.1	0.570	302	129	0	35	336	14	314	1.746E-103	332
O35478.2	P51475.1	0.553	303	135	0	34	336	11	312	1.134E-99	321
O35478.2	O13092.1	0.495	324	163	0	38	360	20	343	6.459E-92	298
O35478.2	Q9W6A9.2	0.491	326	165	0	34	359	10	335	2.260E-91	297
O35478.2	P51490.1	0.489	324	165	0	38	360	20	343	2.022E-90	294
O35478.2	O57605.1	0.481	330	169	0	38	363	17	346	5.173E-90	293
O35478.2	Q63652.2	0.485	324	166	0	38	360	17	340	3.383E-89	290
O35478.2	P03999.2	0.481	324	167	0	38	360	16	339	3.025E-88	287
O35478.2	P60015.1	0.481	324	167	0	38	360	19	342	3.025E-88	287
O35478.2	Q8HY69.2	0.471	333	174	0	30	358	13	345	4.136E-88	287
O35478.2	O13227.1	0.456	347	186	0	23	364	4	350	5.656E-88	287
O35478.2	P28684.1	0.462	340	182	0	22	360	2	341	1.058E-87	286
O35478.2	P41590.1	0.451	349	187	0	23	364	4	352	3.697E-87	284
O35478.2	Q9YGZ0.1	0.451	348	187	0	23	364	4	351	5.055E-87	284
O35478.2	Q90309.1	0.467	332	176	0	28	359	4	335	6.912E-87	284
O35478.2	Q90215.1	0.450	349	188	0	23	364	4	352	6.912E-87	284
O35478.2	Q90214.1	0.450	349	188	0	23	364	4	352	9.451E-87	283
O35478.2	P35359.2	0.447	351	189	0	23	364	4	354	1.292E-86	283
O35478.2	P28683.1	0.462	335	176	0	37	364	21	355	2.416E-86	282
O35478.2	P51491.1	0.473	324	170	0	38	360	17	340	4.516E-86	281
O35478.2	P79807.1	0.446	349	189	0	23	364	1	349	8.442E-86	280
O35478.2	P56515.1	0.443	351	190	0	23	364	4	354	1.578E-85	280
O35478.2	P79902.1	0.459	335	179	0	33	364	14	348	2.158E-85	279
O35478.2	P79808.1	0.462	331	176	0	37	364	18	348	2.950E-85	279
O35478.2	P79903.1	0.463	330	176	0	37	364	18	347	4.033E-85	278
O35478.2	P49912.1	0.451	342	184	0	23	358	4	345	4.033E-85	278
O35478.2	P56516.1	0.441	351	191	0	23	364	4	354	5.514E-85	278
O35478.2	O93441.1	0.441	351	191	0	23	364	4	354	5.514E-85	278
O35478.2	Q28886.1	0.459	332	176	0	33	358	14	345	1.031E-84	277
O35478.2	P32311.1	0.447	344	186	0	23	359	4	347	1.031E-84	277
O35478.2	P08100.1	0.459	332	176	0	33	358	14	345	1.409E-84	277
O35478.2	P22328.1	0.443	348	190	0	23	364	4	351	1.409E-84	277
O35478.2	P79863.1	0.440	351	191	0	23	364	4	354	1.409E-84	277
O35478.2	P51470.1	0.440	351	191	0	23	364	4	354	1.409E-84	277
O35478.2	P79911.1	0.460	330	177	0	37	364	18	347	1.926E-84	276
O35478.2	Q9W6A6.2	0.446	344	186	0	23	359	4	347	1.926E-84	276
O35478.2	P22671.1	0.441	350	191	0	23	364	4	353	1.926E-84	276
O35478.2	P32309.1	0.440	351	191	0	23	364	4	354	1.926E-84	276
O35478.2	P56514.1	0.440	351	191	0	23	364	4	354	1.926E-84	276
O35478.2	P51472.1	0.458	332	177	0	31	358	20	351	1.926E-84	276
O35478.2	P32308.1	0.465	325	172	0	37	358	21	345	2.633E-84	276
O35478.2	P79812.1	0.459	331	177	0	37	364	21	351	2.633E-84	276
O35478.2	P51488.1	0.439	351	191	0	23	364	4	354	2.633E-84	276
O35478.2	Q90245.1	0.452	338	181	0	33	364	17	354	2.633E-84	276
O35478.2	O93459.1	0.439	351	191	0	23	364	4	354	2.633E-84	276
O35478.2	P87368.1	0.471	319	167	0	38	356	15	331	3.600E-84	276
O35478.2	P51489.1	0.465	325	172	0	37	358	21	345	3.600E-84	276
O35478.2	P79914.1	0.458	331	177	0	37	364	18	348	3.600E-84	276
O35478.2	P79901.1	0.458	331	177	0	37	364	18	348	3.600E-84	276
O35478.2	P79756.1	0.455	334	178	0	37	364	21	354	4.922E-84	275
O35478.2	P35357.1	0.454	335	179	0	37	364	21	355	4.922E-84	275
O35478.2	P31355.1	0.438	351	192	0	23	364	4	354	6.728E-84	275
O35478.2	P79809.1	0.454	334	181	0	33	364	14	347	9.198E-84	274
O35478.2	P52202.1	0.456	332	178	0	37	364	21	352	9.198E-84	274
O35478.2	P87369.1	0.453	334	179	0	37	364	21	354	1.257E-83	274
O35478.2	Q95KU1.1	0.462	325	173	0	37	358	21	345	1.719E-83	274
O35478.2	P28681.1	0.455	332	177	0	33	358	14	345	1.719E-83	274
O35478.2	P79898.1	0.456	331	178	0	37	364	21	351	1.719E-83	274
O35478.2	P79848.1	0.453	334	179	0	37	364	21	354	1.719E-83	274
O35478.2	P51471.1	0.452	335	179	0	37	364	21	355	1.719E-83	274
O35478.2	O62796.1	0.462	325	173	0	37	358	21	345	2.350E-83	273
O35478.2	P02699.1	0.462	325	173	0	37	358	21	345	2.350E-83	273
O35478.2	Q8AYM7.1	0.442	344	187	0	23	359	4	347	2.350E-83	273
O35478.2	P29403.1	0.436	351	192	0	23	364	4	354	2.350E-83	273
O35478.2	Q769E8.1	0.453	332	178	0	33	358	14	345	4.391E-83	273
O35478.2	Q9W6A8.1	0.465	321	171	0	39	358	30	350	4.391E-83	273
O35478.2	O18766.1	0.460	325	173	0	37	358	21	345	8.206E-83	272
O35478.2	P41591.1	0.436	349	192	0	23	364	4	352	8.206E-83	272
O35478.2	P51473.1	0.454	330	177	0	39	364	18	347	1.122E-82	271
O35478.2	O62794.1	0.459	325	174	0	37	358	21	345	1.122E-82	271
O35478.2	P02700.2	0.459	325	174	0	37	358	21	345	1.122E-82	271
O35478.2	P15409.2	0.451	332	178	0	33	358	14	345	1.533E-82	271
O35478.2	Q98980.1	0.434	350	193	0	23	364	4	353	1.533E-82	271
O35478.2	Q9YGZ5.1	0.450	333	180	0	37	364	21	353	1.533E-82	271
O35478.2	O62795.1	0.458	325	174	0	37	358	21	345	2.096E-82	271
O35478.2	Q9YGZ8.1	0.450	333	180	0	37	364	21	353	2.096E-82	271
O35478.2	Q9YH05.1	0.449	333	180	0	37	364	21	353	2.865E-82	270
O35478.2	Q9YGZ3.1	0.448	334	181	0	37	364	21	354	3.917E-82	270
O35478.2	Q6W3E1.1	0.457	325	174	0	37	358	21	345	5.354E-82	269
O35478.2	P79798.1	0.433	349	193	0	23	364	1	349	5.354E-82	269
O35478.2	P32312.1	0.438	344	189	0	23	359	4	347	5.354E-82	269
O35478.2	P32310.1	0.453	328	178	0	32	358	20	347	5.354E-82	269
O35478.2	O42604.1	0.447	334	181	0	37	364	21	354	5.354E-82	269
O35478.2	P28682.1	0.449	332	179	0	39	364	30	361	5.354E-82	269
O35478.2	Q9W6A5.2	0.437	344	189	0	23	359	4	347	7.318E-82	269
O35478.2	Q9YGZ6.1	0.447	333	181	0	37	364	21	353	1.000E-81	269
O35478.2	Q68J47.1	0.455	325	175	0	37	358	21	345	1.367E-81	268
O35478.2	Q9DGG4.1	0.447	333	181	0	37	364	21	353	1.367E-81	268
O35478.2	O62791.1	0.455	325	175	0	37	358	21	345	1.869E-81	268
O35478.2	Q9YGZ2.1	0.447	332	181	0	37	364	21	352	2.554E-81	267
O35478.2	O62793.1	0.452	325	176	0	37	358	21	345	6.523E-81	266
O35478.2	O62798.1	0.452	325	176	0	37	358	21	345	8.915E-81	266
O35478.2	Q9YGY9.1	0.444	332	182	0	37	364	21	352	1.665E-80	265
O35478.2	O42490.1	0.429	347	195	0	22	363	13	359	3.111E-80	264
O35478.2	O62792.1	0.449	325	177	0	37	358	21	345	5.812E-80	263
O35478.2	P87365.1	0.443	329	182	0	31	358	21	349	2.028E-79	262
O35478.2	P51474.1	0.440	331	183	0	37	364	24	354	3.787E-79	261
O35478.2	Q8AYM8.1	0.426	344	193	0	23	359	4	347	7.073E-79	260
O93459.1	O93459.1	0.963	354	13	0	1	354	1	354	9.756E-238	719
O93459.1	O93441.1	0.877	354	43	0	1	354	1	354	7.839E-213	647
O93459.1	P79863.1	0.876	354	44	0	1	354	1	354	1.472E-212	646
O93459.1	Q90245.1	0.844	354	55	0	1	354	1	354	5.558E-203	619
O93459.1	P22328.1	0.842	354	55	0	1	354	1	351	1.959E-202	617
O93459.1	P52202.1	0.836	354	58	0	1	354	1	352	8.585E-201	612
O93459.1	O62794.1	0.835	354	57	0	1	354	1	348	1.612E-200	612
O93459.1	O18766.1	0.835	354	57	0	1	354	1	348	1.612E-200	612
O93459.1	O62795.1	0.835	354	57	0	1	354	1	348	2.209E-200	611
O93459.1	P32308.1	0.833	354	58	0	1	354	1	348	7.787E-200	610
O93459.1	O62796.1	0.833	354	58	0	1	354	1	348	7.787E-200	610
O93459.1	P56515.1	0.833	354	59	0	1	354	1	354	7.787E-200	610
O93459.1	P56514.1	0.832	354	59	0	1	354	1	354	1.067E-199	609
O93459.1	P56516.1	0.832	354	59	0	1	354	1	354	1.462E-199	609
O93459.1	P49912.1	0.831	354	59	0	1	354	1	348	2.003E-199	608
O93459.1	Q95KU1.1	0.829	354	59	0	1	354	1	348	1.326E-198	606
O93459.1	Q90215.1	0.829	354	60	0	1	354	1	352	1.326E-198	606
O93459.1	P35359.2	0.827	354	61	0	1	354	1	354	3.411E-198	605
O93459.1	O62791.1	0.826	354	60	0	1	354	1	348	6.405E-198	604
O93459.1	P08100.1	0.825	354	61	0	1	354	1	348	1.203E-197	603
O93459.1	Q90214.1	0.825	354	61	0	1	354	1	352	1.203E-197	603
O93459.1	P31355.1	0.825	354	62	0	1	354	1	354	1.203E-197	603
O93459.1	P51470.1	0.825	354	62	0	1	354	1	354	1.648E-197	603
O93459.1	O13227.1	0.824	354	61	0	1	354	1	350	2.258E-197	602
O93459.1	Q28886.1	0.824	354	61	0	1	354	1	348	3.094E-197	602
O93459.1	Q68J47.1	0.823	354	61	0	1	354	1	348	4.239E-197	602
O93459.1	P51489.1	0.823	354	61	0	1	354	1	348	5.809E-197	601
O93459.1	Q769E8.1	0.823	354	61	0	1	354	1	348	5.809E-197	601
O93459.1	P15409.2	0.820	354	62	0	1	354	1	348	3.844E-196	599
O93459.1	P28681.1	0.817	354	64	0	1	354	1	348	2.544E-195	597
O93459.1	O62798.1	0.817	354	64	0	1	354	1	348	3.486E-195	596
O93459.1	P02700.2	0.817	354	64	0	1	354	1	348	3.486E-195	596
O93459.1	P29403.1	0.816	354	65	0	1	354	1	354	4.777E-195	596
O93459.1	P51488.1	0.816	354	65	0	1	354	1	354	6.546E-195	595
O93459.1	O62792.1	0.814	354	65	0	1	354	1	348	2.307E-194	594
O93459.1	P41591.1	0.813	354	66	0	1	354	1	352	4.332E-194	593
O93459.1	O62793.1	0.812	354	65	0	1	354	1	348	8.133E-194	592
O93459.1	P32309.1	0.812	354	66	0	1	354	1	354	1.114E-193	592
O93459.1	P02699.1	0.811	354	66	0	1	354	1	348	2.092E-193	591
O93459.1	Q6W3E1.1	0.811	354	66	0	1	354	1	348	2.092E-193	591
O93459.1	Q98980.1	0.810	354	67	0	1	354	1	353	2.867E-193	591
O93459.1	O42604.1	0.810	354	67	0	1	354	1	354	2.867E-193	591
O93459.1	Q9YGZ3.1	0.801	354	70	0	1	354	1	354	1.138E-190	583
O93459.1	Q8HY69.2	0.801	354	69	0	1	354	1	348	1.560E-190	583
O93459.1	P41590.1	0.801	354	70	0	1	354	1	352	1.560E-190	583
O93459.1	P87369.1	0.800	354	71	0	1	354	1	354	2.928E-190	582
O93459.1	P22671.1	0.799	354	71	0	1	354	1	353	4.012E-190	582
O93459.1	Q9YH05.1	0.794	354	73	0	1	354	1	353	1.282E-188	577
O93459.1	Q9YGZ0.1	0.810	346	65	0	1	346	1	345	1.757E-188	577
O93459.1	P79848.1	0.792	354	73	0	1	354	1	354	4.519E-188	576
O93459.1	Q9DGG4.1	0.792	354	73	0	1	354	1	353	6.192E-188	575
O93459.1	P79756.1	0.791	354	74	0	1	354	1	354	8.484E-188	575
O93459.1	Q9YGZ2.1	0.789	354	74	0	1	354	1	352	5.614E-187	572
O93459.1	Q9YGY9.1	0.788	354	74	0	1	354	1	352	7.691E-187	572
O93459.1	Q9YGZ5.1	0.785	354	76	0	1	354	1	353	5.089E-186	570
O93459.1	Q9YGZ6.1	0.785	354	76	0	1	354	1	353	6.973E-186	569
O93459.1	Q9YGZ8.1	0.781	354	77	0	1	354	1	353	1.187E-184	566
O93459.1	P79898.1	0.776	354	78	0	1	354	1	351	2.767E-183	562
O93459.1	P79807.1	0.780	351	77	0	4	354	1	349	9.750E-183	560
O93459.1	P79798.1	0.777	351	78	0	4	354	1	349	4.708E-182	558
O93459.1	P79901.1	0.774	351	78	0	4	354	1	348	5.846E-181	555
O93459.1	P79812.1	0.768	354	81	0	1	354	1	351	5.846E-181	555
O93459.1	P79914.1	0.771	351	79	0	4	354	1	348	2.822E-180	553
O93459.1	P79902.1	0.767	351	81	0	4	354	1	348	6.579E-179	549
O93459.1	P79808.1	0.766	351	81	0	4	354	1	348	1.235E-178	548
O93459.1	P79911.1	0.759	351	83	0	4	354	1	347	7.402E-177	543
O93459.1	P79809.1	0.759	351	83	0	4	354	1	347	7.402E-177	543
O93459.1	P79903.1	0.758	351	84	0	4	354	1	347	1.390E-176	542
O93459.1	P51471.1	0.746	355	90	0	1	354	1	355	4.436E-175	538
O93459.1	P28683.1	0.744	355	90	0	1	354	1	355	2.141E-174	536
O93459.1	P35357.1	0.741	355	91	0	1	354	1	355	1.416E-173	534
O93459.1	Q9W6A6.2	0.746	347	88	0	1	347	1	347	7.687E-171	526
O93459.1	Q8AYM7.1	0.744	347	89	0	1	347	1	347	1.977E-170	525
O93459.1	P32311.1	0.738	347	91	0	1	347	1	347	1.184E-168	520
O93459.1	P32312.1	0.732	347	93	0	1	347	1	347	7.090E-167	514
O93459.1	P51474.1	0.703	354	104	0	1	354	4	354	5.915E-162	500
O93459.1	Q8AYM8.1	0.711	347	100	0	1	347	1	347	7.337E-161	497
O93459.1	Q9W6A5.2	0.701	347	103	0	1	347	1	347	5.444E-158	489
O93459.1	P51472.1	0.550	342	153	0	7	346	10	351	3.350E-113	359
O93459.1	P28682.1	0.535	350	161	0	7	354	12	361	7.741E-112	355
O93459.1	P32310.1	0.549	330	148	0	7	335	9	338	1.058E-108	346
O93459.1	P51473.1	0.506	350	170	0	5	354	3	347	2.993E-103	331
O93459.1	Q9W6A8.1	0.515	340	164	0	7	346	12	350	1.437E-102	329
O93459.1	P87365.1	0.514	340	164	0	7	346	11	349	2.691E-102	328
O93459.1	O57605.1	0.504	347	169	0	7	353	5	346	6.895E-102	327
O93459.1	P28684.1	0.496	347	172	0	7	353	5	346	1.042E-99	320
O93459.1	O13092.1	0.488	349	175	0	5	353	6	348	8.405E-98	315
O93459.1	P03999.2	0.489	347	174	0	7	353	4	344	1.150E-97	314
O93459.1	P60015.1	0.489	347	174	0	7	353	7	347	1.150E-97	314
O93459.1	P51491.1	0.481	348	177	0	6	353	3	345	1.267E-95	308
O93459.1	P51476.1	0.529	305	143	0	23	327	18	321	1.555E-94	305
O93459.1	P51475.1	0.528	305	143	0	23	327	16	319	2.911E-94	304
O93459.1	Q63652.2	0.475	348	180	0	6	353	3	345	5.448E-94	304
O93459.1	P51490.1	0.486	331	168	0	23	353	21	348	8.194E-92	297
O93459.1	Q9W6A9.2	0.471	326	169	0	22	347	15	335	3.086E-86	281
O93459.1	P04001.1	0.443	351	190	0	4	354	23	364	1.079E-85	280
O93459.1	Q90309.1	0.467	326	171	0	22	347	15	335	2.760E-85	278
O93459.1	Q9BGI7.1	0.442	351	190	0	4	354	23	364	2.760E-85	278
O93459.1	Q95170.1	0.441	351	191	0	4	354	23	364	5.161E-85	278
O93459.1	P04000.2	0.440	351	191	0	4	354	23	364	9.651E-85	277
O93459.1	P35358.1	0.440	351	192	0	4	354	22	365	9.651E-85	277
O93459.1	O18912.2	0.439	351	191	0	4	354	23	364	1.805E-84	276
O93459.1	O18914.2	0.439	351	191	0	4	354	23	364	1.805E-84	276
O93459.1	O18913.2	0.438	351	192	0	4	354	23	364	3.374E-84	275
O93459.1	O35478.2	0.436	351	192	0	4	354	23	364	1.613E-83	273
O93459.1	P34989.1	0.444	342	186	0	4	345	16	350	2.205E-83	273
O93459.1	Q9R024.1	0.434	351	193	0	4	354	23	364	4.122E-83	272
O93459.1	O18910.2	0.433	351	193	0	4	354	23	364	7.706E-83	271
O93459.1	P87368.1	0.443	339	183	0	6	344	2	331	2.693E-82	270
O93459.1	P41592.1	0.432	351	195	0	4	354	26	369	2.693E-82	270
O93459.1	O42490.1	0.479	305	157	0	19	323	30	331	3.682E-82	269
O93459.1	Q8AYN0.1	0.435	343	189	0	4	346	19	353	3.287E-81	267
O93459.1	O35476.2	0.427	351	195	0	4	354	18	359	4.494E-81	266
O93459.1	P22329.1	0.427	351	196	0	4	354	20	362	4.494E-81	266
O93459.1	P87367.1	0.431	343	190	0	4	346	20	354	5.481E-80	263
O93459.1	O35599.1	0.424	351	196	0	4	354	18	359	5.481E-80	263
O93459.1	O12948.1	0.424	351	198	0	4	354	22	365	5.481E-80	263
O93459.1	Q9W6A7.1	0.434	338	186	0	9	346	25	354	1.400E-79	262
O93459.1	P32313.1	0.428	343	191	0	4	346	20	354	2.616E-79	261
O93459.1	P22332.2	0.432	338	187	0	9	346	25	354	6.683E-79	260
O93459.1	P22331.1	0.424	344	193	0	4	347	18	353	3.189E-78	258
O93459.1	P22330.1	0.415	344	196	0	4	347	20	355	8.828E-76	251
O93459.1	O18911.1	0.466	273	145	0	32	304	1	273	1.514E-69	233
O13092.1	O13092.1	0.968	349	11	0	1	349	1	349	8.718E-236	713
O13092.1	P60015.1	0.898	349	35	0	1	349	1	348	1.141E-215	655
O13092.1	P03999.2	0.910	343	31	0	7	349	3	345	2.935E-215	654
O13092.1	P51490.1	0.867	349	46	0	1	349	1	349	8.932E-207	629
O13092.1	P51491.1	0.869	345	45	0	4	348	1	345	5.365E-205	624
O13092.1	Q63652.2	0.867	345	46	0	4	348	1	345	2.592E-204	622
O13092.1	O57605.1	0.829	346	59	0	4	348	1	346	3.447E-194	593
O13092.1	P28684.1	0.812	346	65	0	4	348	1	346	3.969E-189	578
O13092.1	P51473.1	0.804	346	67	0	4	348	1	346	6.127E-187	572
O13092.1	P87368.1	0.653	331	113	0	10	340	5	332	3.521E-137	428
O13092.1	Q90309.1	0.648	332	116	0	11	342	6	335	2.324E-136	426
O13092.1	Q9W6A9.2	0.648	330	115	0	13	342	8	335	2.100E-135	423
O13092.1	P32310.1	0.524	347	162	0	1	341	1	347	1.454E-107	343
O13092.1	P51472.1	0.517	351	164	0	1	341	1	351	6.988E-107	341
O13092.1	P28682.1	0.519	349	164	0	8	348	12	360	6.988E-107	341
O13092.1	P28683.1	0.531	332	153	0	21	348	23	354	1.986E-104	334
O13092.1	Q98980.1	0.510	348	168	0	6	348	5	352	6.968E-104	332
O13092.1	P22671.1	0.509	348	168	0	6	348	5	352	9.537E-104	332
O13092.1	P51471.1	0.528	332	154	0	21	348	23	354	1.305E-103	331
O13092.1	P41591.1	0.506	347	169	0	6	348	5	351	2.199E-102	328
O13092.1	P35357.1	0.523	332	156	0	21	348	23	354	3.009E-102	327
O13092.1	P32311.1	0.529	325	151	0	21	342	23	347	1.977E-101	325
O13092.1	P87365.1	0.525	327	155	0	15	341	23	349	3.703E-101	324
O13092.1	Q9W6A8.1	0.510	339	163	0	8	341	12	350	3.703E-101	324
O13092.1	Q90245.1	0.499	349	171	0	6	348	5	353	5.067E-101	324
O13092.1	Q8HY69.2	0.507	341	165	0	6	341	5	345	6.935E-101	323
O13092.1	P52202.1	0.500	347	171	0	6	348	5	351	9.490E-101	323
O13092.1	P32312.1	0.524	325	153	0	21	342	23	347	3.328E-100	321
O13092.1	Q8AYM7.1	0.522	325	153	0	21	342	23	347	8.529E-100	320
O13092.1	O93441.1	0.494	349	173	0	6	348	5	353	8.529E-100	320
O13092.1	P31355.1	0.494	349	173	0	6	348	5	353	1.167E-99	320
O13092.1	Q9W6A6.2	0.521	325	154	0	21	342	23	347	1.597E-99	319
O13092.1	P56515.1	0.493	349	173	0	6	348	5	353	1.597E-99	319
O13092.1	P22328.1	0.496	346	172	0	6	348	5	350	2.186E-99	319
O13092.1	O93459.1	0.491	349	174	0	6	348	5	353	5.601E-99	318
O13092.1	P56516.1	0.491	349	174	0	6	348	5	353	7.664E-99	317
O13092.1	P51470.1	0.512	331	160	0	21	348	23	353	7.664E-99	317
O13092.1	P56514.1	0.490	349	174	0	6	348	5	353	1.049E-98	317
O13092.1	P79863.1	0.489	349	175	0	6	348	5	353	2.687E-98	316
O13092.1	P29403.1	0.488	349	175	0	6	348	5	353	5.032E-98	315
O13092.1	P51474.1	0.493	343	171	0	6	343	8	350	1.289E-97	314
O13092.1	P51476.1	0.539	304	139	0	17	320	14	316	8.462E-97	312
O13092.1	Q8AYM8.1	0.511	325	157	0	21	342	23	347	1.158E-96	311
O13092.1	P08100.1	0.489	343	175	0	6	348	5	347	1.584E-96	311
O13092.1	O13227.1	0.489	342	172	0	6	343	5	346	2.966E-96	310
O13092.1	P51489.1	0.490	341	171	0	6	341	5	345	5.553E-96	309
O13092.1	P49912.1	0.490	341	171	0	6	341	5	345	5.553E-96	309
O13092.1	P02699.1	0.487	343	175	0	6	348	5	347	7.598E-96	309
O13092.1	Q68J47.1	0.489	341	171	0	6	341	5	345	7.598E-96	309
O13092.1	P15409.2	0.489	341	171	0	6	341	5	345	7.598E-96	309
O13092.1	O42604.1	0.480	349	178	0	6	348	5	353	7.598E-96	309
O13092.1	Q28886.1	0.486	343	176	0	6	348	5	347	1.040E-95	308
O13092.1	O62795.1	0.489	341	171	0	6	341	5	345	1.040E-95	308
O13092.1	Q95KU1.1	0.489	341	171	0	6	341	5	345	1.040E-95	308
O13092.1	P32308.1	0.488	341	172	0	6	341	5	345	1.422E-95	308
O13092.1	P79807.1	0.486	343	174	0	10	348	6	348	1.422E-95	308
O13092.1	O62794.1	0.488	341	172	0	6	341	5	345	1.946E-95	308
O13092.1	P28681.1	0.488	341	172	0	6	341	5	345	1.946E-95	308
O13092.1	O18766.1	0.488	341	172	0	6	341	5	345	1.946E-95	308
O13092.1	P51488.1	0.483	345	175	0	10	348	9	353	2.663E-95	307
O13092.1	Q769E8.1	0.486	341	172	0	6	341	5	345	4.985E-95	306
O13092.1	Q9W6A5.2	0.505	325	159	0	21	342	23	347	4.985E-95	306
O13092.1	P79798.1	0.484	343	174	0	10	348	6	348	6.820E-95	306
O13092.1	O62796.1	0.485	341	173	0	6	341	5	345	9.331E-95	306
O13092.1	Q6W3E1.1	0.485	341	173	0	6	341	5	345	9.331E-95	306
O13092.1	O62793.1	0.490	337	169	0	10	341	9	345	9.331E-95	306
O13092.1	O62791.1	0.489	337	169	0	10	341	9	345	1.747E-94	305
O13092.1	Q90214.1	0.479	344	176	0	6	343	5	348	6.120E-94	303
O13092.1	P02700.2	0.480	343	178	0	6	348	5	347	8.374E-94	303
O13092.1	Q9YGY9.1	0.474	347	179	0	7	348	5	351	1.567E-93	302
O13092.1	P32309.1	0.471	349	181	0	6	348	5	353	4.014E-93	301
O13092.1	Q9YGZ0.1	0.497	325	162	0	21	343	23	347	5.491E-93	301
O13092.1	Q9YGZ2.1	0.472	347	180	0	7	348	5	351	7.512E-93	300
O13092.1	P79914.1	0.496	325	162	0	21	343	20	344	1.028E-92	300
O13092.1	O62798.1	0.482	337	171	0	10	341	9	345	1.028E-92	300
O13092.1	P35359.2	0.474	345	178	0	10	348	9	353	1.028E-92	300
O13092.1	P41590.1	0.479	340	173	0	10	343	9	348	1.406E-92	299
O13092.1	P35358.1	0.481	338	175	0	11	348	27	364	1.406E-92	299
O13092.1	Q9DGG4.1	0.470	348	181	0	7	348	5	352	1.924E-92	299
O13092.1	P79911.1	0.475	342	177	0	6	343	2	343	2.631E-92	299
O13092.1	P79898.1	0.474	343	177	0	7	343	5	347	2.631E-92	299
O13092.1	Q9YH05.1	0.469	348	181	0	7	348	5	352	2.631E-92	299
O13092.1	Q9R024.1	0.496	324	162	0	20	343	38	360	2.631E-92	299
O13092.1	O62792.1	0.480	337	172	0	10	341	9	345	3.600E-92	298
O13092.1	Q9YGZ8.1	0.469	348	181	0	7	348	5	352	3.600E-92	298
O13092.1	P79809.1	0.474	342	177	0	6	343	2	343	4.925E-92	298
O13092.1	P79903.1	0.474	342	177	0	6	343	2	343	4.925E-92	298
O13092.1	Q90215.1	0.472	344	178	0	6	343	5	348	4.925E-92	298
O13092.1	P79902.1	0.477	339	174	0	10	343	6	344	6.737E-92	297
O13092.1	P87369.1	0.486	331	168	0	21	348	23	353	6.737E-92	297
O13092.1	P79901.1	0.472	343	177	0	7	343	2	344	9.217E-92	297
O13092.1	Q9YGZ6.1	0.467	348	182	0	7	348	5	352	9.217E-92	297
O13092.1	O35478.2	0.479	337	175	0	7	343	24	360	9.217E-92	297
O13092.1	P79808.1	0.492	325	164	0	21	343	20	344	1.261E-91	297
O13092.1	P79812.1	0.492	325	164	0	21	343	23	347	1.261E-91	297
O13092.1	Q9YGZ5.1	0.486	330	168	0	21	348	23	352	1.261E-91	297
O13092.1	O35476.2	0.483	333	172	0	11	343	23	355	1.261E-91	297
O13092.1	P04001.1	0.477	337	176	0	7	343	24	360	2.360E-91	296
O13092.1	P51475.1	0.520	301	144	0	20	320	15	314	4.416E-91	295
O13092.1	Q9YGZ3.1	0.464	349	183	0	7	348	5	353	4.416E-91	295
O13092.1	O35599.1	0.487	327	167	0	17	343	30	355	4.416E-91	295
O13092.1	P04000.2	0.476	337	176	0	7	343	24	360	4.416E-91	295
O13092.1	P79848.1	0.481	331	170	0	21	348	23	353	1.546E-90	293
O13092.1	P79756.1	0.480	331	170	0	21	348	23	353	2.115E-90	293
O13092.1	P41592.1	0.469	341	181	0	8	348	28	368	3.958E-90	292
O13092.1	O18910.2	0.477	333	174	0	11	343	28	360	5.415E-90	292
O13092.1	P34989.1	0.474	333	175	0	7	339	17	349	2.593E-89	290
O13092.1	O18913.2	0.484	324	166	0	20	343	38	360	2.593E-89	290
O13092.1	O18912.2	0.471	334	176	0	10	343	28	360	1.242E-88	288
O13092.1	O18914.2	0.482	323	166	0	21	343	39	360	1.698E-88	287
O13092.1	P22329.1	0.462	341	182	0	8	348	22	361	2.323E-88	287
O13092.1	Q9BGI7.1	0.469	333	176	0	11	343	28	360	5.944E-88	286
O13092.1	Q95170.1	0.468	333	177	0	11	343	28	360	1.521E-87	285
O13092.1	O12948.1	0.468	329	174	0	20	348	37	364	2.547E-86	281
O13092.1	Q8AYN0.1	0.469	321	169	0	21	341	35	353	2.039E-84	276
O13092.1	Q9W6A7.1	0.455	334	181	0	8	341	22	354	2.039E-84	276
O13092.1	P22330.1	0.453	335	182	0	8	342	22	355	3.813E-84	275
O13092.1	P87367.1	0.468	321	169	0	21	341	36	354	5.215E-84	274
O13092.1	P32313.1	0.451	334	182	0	8	341	22	354	2.494E-83	273
O13092.1	P22332.2	0.449	334	183	0	8	341	22	354	1.192E-82	271
O13092.1	P22331.1	0.447	335	184	0	8	342	20	353	1.630E-82	270
O13092.1	O42490.1	0.451	304	165	0	21	324	34	334	6.544E-75	248
O13092.1	O18911.1	0.466	273	145	0	30	302	1	273	9.278E-70	233
