,sp|P60015.1|OPSB_PANTR,sp|P03999.2|OPSB_HUMAN,sp|O13092.1|OPSB_SAIBB,sp|Q63652.2|OPSB_RAT,sp|P51491.1|OPSB_MOUSE,sp|P51490.1|OPSB_BOVIN,sp|O57605.1|OPSUV_MELUD,sp|P28684.1|OPSV_CHICK,sp|P51473.1|OPSV_XENLA,sp|P87368.1|OPSV_ORYLA,sp|Q9W6A9.2|OP1S1_DANRE,sp|Q90309.1|OPSUV_CARAU,sp|P32310.1|OPSB_CARAU,sp|P87365.1|OPSB_ORYLA,sp|Q8AYM7.1|OPSG3_DANRE,sp|Q9W6A6.2|OPSG4_DANRE,sp|Q8HY69.2|OPSD_SMICR,sp|P28682.1|OPSB_CHICK,sp|P56516.1|OPSD_RANTE,sp|P51476.1|OPSP_COLLI,sp|P51472.1|OPSB_PSAFA,sp|Q8AYM8.1|OPSG2_DANRE,sp|Q9W6A8.1|OP1S2_DANRE,sp|P35357.1|OPSB_GEKGE,sp|P51470.1|OPSD_AQUCT,sp|Q9W6A5.2|OPSG1_DANRE,sp|P41591.1|OPSD_ANOCA,sp|P31355.1|OPSD_LITPI,sp|Q90245.1|OPSD_AMBTI,sp|O93441.1|OPSD_GALML,sp|O93459.1|OPSD_SCYCA,sp|P28683.1|OPSG_CHICK,sp|P51489.1|OPSD_RAT,sp|O13227.1|OPSB_CONCO,sp|P32311.1|OPSG1_CARAU,sp|P49912.1|OPSD_RABIT,sp|Q28886.1|OPSD_MACFA,sp|O62795.1|OPSD_PAGGO,sp|P52202.1|OPSD_ALLMI,sp|O62794.1|OPSD_PHOVI,sp|Q769E8.1|OPSD_OTOCR,sp|P02699.1|OPSD_BOVIN,sp|Q68J47.1|OPSD_LOXAF,sp|Q95KU1.1|OPSD_FELCA,sp|O62791.1|OPSD_DELDE,sp|P32312.1|OPSG2_CARAU,sp|P15409.2|OPSD_MOUSE,sp|P22328.1|OPSD_CHICK,sp|Q6W3E1.1|OPSD_CALPD,sp|P51471.1|OPSB_ANOCA,sp|P28681.1|OPSD_CRIGR,sp|P56515.1|OPSD_RHIMB,sp|O62793.1|OPSD_MESBI,sp|P79863.1|OPSD_LEUER,sp|P56514.1|OPSD_BUFBU,sp|O62798.1|OPSD_TURTR,sp|Q90214.1|OPSD1_ANGAN,sp|P22671.1|OPSD_LETCA,sp|P08100.1|OPSD_HUMAN,sp|O62792.1|OPSD_GLOME,sp|P02700.2|OPSD_SHEEP,sp|O18766.1|OPSD_PIG,sp|Q9YGZ0.1|OPSD_SARPI,sp|P29403.1|OPSD_XENLA,sp|P79807.1|OPSD_MYRVI,sp|P79898.1|OPSD_SARDI,sp|P32308.1|OPSD_CANLF,sp|O42604.1|OPSD_ZEUFA,sp|P79914.1|OPSD_SARXA,sp|P79911.1|OPSD_SARTI,sp|O62796.1|OPSD_TRIMA,sp|P51474.1|OPSG3_PSAFA,sp|P79901.1|OPSD_SARMI,sp|P79798.1|OPSD_MYRBE,sp|P79902.1|OPSD_SARPU,sp|P79808.1|OPSD_NEOAR,sp|P79809.1|OPSD_NEOAU,sp|P79903.1|OPSD_SARSP,sp|P51488.1|OPSD_CYPCA,sp|P79812.1|OPSD_NEOSA,sp|Q9YGY9.1|OPSD_ZOSOP,sp|Q9YGZ2.1|OPSD_GOBNI,sp|P41590.1|OPSD_PSAFA,sp|P51475.1|OPSP_CHICK,sp|P32309.1|OPSD_CARAU,sp|Q9R024.1|OPSG_CAVPO,sp|P87369.1|OPSD_ORYLA,sp|P34989.1|OPSL_CALJA,sp|Q9YH05.1|OPSD_DIPAN,sp|Q9YGZ8.1|OPSD_CHELB,sp|Q9YGZ5.1|OPSD_SOLSO,sp|O35476.2|OPSG_RAT,sp|Q9DGG4.1|OPSD_TETNG,sp|Q9YGZ3.1|OPSD_SALPV,sp|P35359.2|OPSD_DANRE,sp|P79848.1|OPSD_POERE,sp|O35599.1|OPSG_MOUSE,sp|O35478.2|OPSG_SCICA,sp|Q9YGZ6.1|OPSD_CHEAU,sp|Q98980.1|OPSD_PETMA,sp|P04000.2|OPSR_HUMAN,sp|P04001.1|OPSG_HUMAN,sp|O18913.2|OPSR_FELCA,sp|O18912.2|OPSR_HORSE,sp|Q9BGI7.1|OPSR_BOVIN,sp|Q95170.1|OPSR_CAPHI,sp|O18914.2|OPSR_CANLF,sp|O18910.2|OPSG_RABIT,sp|P41592.1|OPSR_ANOCA,sp|P22329.1|OPSR_CHICK,sp|P87367.1|OPSR_ORYLA,sp|P32313.1|OPSR_CARAU,sp|O12948.1|OPSR_XENLA,sp|Q9W6A7.1|OPSR1_DANRE,sp|P22332.2|OPSR_PSAFA,sp|Q8AYN0.1|OPSR2_DANRE,sp|P35358.1|OPSG_GEKGE,sp|P22331.1|OPSG2_PSAFA,sp|P22330.1|OPSG1_PSAFA,sp|O18911.1|OPSG_ODOVI,sp|Q90215.1|OPSD2_ANGAN,sp|P79756.1|OPSD_GAMAF,sp|O42490.1|OPSP_PETMA
sp|P60015.1|OPSB_PANTR,0.0,0.02300000000000002,0.09799999999999998,0.12,0.123,0.137,0.16000000000000003,0.17900000000000005,0.20299999999999996,0.33499999999999996,0.345,0.34199999999999997,0.46599999999999997,0.46099999999999997,0.469,0.472,0.488,0.46599999999999997,0.501,0.45199999999999996,0.46299999999999997,0.478,0.475,0.479,0.49,0.479,0.492,0.509,0.489,0.498,0.503,0.477,0.502,0.505,0.471,0.508,0.504,0.504,0.497,0.505,0.506,0.508,0.506,0.507,0.508,0.475,0.506,0.501,0.508,0.485,0.507,0.499,0.509,0.513,0.502,0.515,0.507,0.489,0.502,0.517,0.515,0.504,0.52,0.492,0.505,0.52,0.507,0.499,0.5,0.518,0.508,0.482,0.502,0.517,0.518,0.504,0.518,0.52,0.515,0.526,0.521,0.523,0.503,0.46699999999999997,0.515,0.516,0.51,0.526,0.5329999999999999,0.532,0.5329999999999999,0.52,0.532,0.532,0.527,0.5329999999999999,0.521,0.519,0.5329999999999999,0.49,0.526,0.523,0.524,0.538,0.532,0.536,0.544,0.534,0.5389999999999999,0.5389999999999999,0.534,0.5609999999999999,0.5369999999999999,0.55,0.5449999999999999,0.5409999999999999,0.526,0.5640000000000001,0.5609999999999999,0.534,0.525,0.536,0.5509999999999999
sp|P03999.2|OPSB_HUMAN,0.02300000000000002,0.0,0.08599999999999997,0.12,0.123,0.127,0.16000000000000003,0.17900000000000005,0.20299999999999996,0.33499999999999996,0.345,0.34199999999999997,0.45699999999999996,0.46099999999999997,0.469,0.472,0.488,0.46599999999999997,0.501,0.45199999999999996,0.46299999999999997,0.478,0.475,0.479,0.49,0.479,0.492,0.509,0.489,0.498,0.503,0.477,0.502,0.505,0.471,0.508,0.504,0.504,0.497,0.505,0.506,0.508,0.506,0.507,0.508,0.475,0.506,0.501,0.508,0.485,0.507,0.499,0.509,0.513,0.502,0.515,0.507,0.489,0.502,0.517,0.515,0.504,0.52,0.492,0.505,0.52,0.507,0.499,0.5,0.518,0.508,0.482,0.502,0.517,0.518,0.504,0.518,0.52,0.515,0.526,0.521,0.523,0.503,0.46699999999999997,0.515,0.516,0.51,0.526,0.5329999999999999,0.532,0.5329999999999999,0.52,0.532,0.532,0.527,0.5329999999999999,0.521,0.519,0.5329999999999999,0.49,0.526,0.523,0.524,0.538,0.532,0.536,0.5409999999999999,0.534,0.5389999999999999,0.5389999999999999,0.534,0.5609999999999999,0.5369999999999999,0.55,0.5449999999999999,0.5409999999999999,0.526,0.5640000000000001,0.5609999999999999,0.534,0.525,0.536,0.5509999999999999
sp|O13092.1|OPSB_SAIBB,0.09799999999999998,0.08599999999999997,0.0,0.133,0.127,0.133,0.17100000000000004,0.18500000000000005,0.19399999999999995,0.347,0.352,0.352,0.46699999999999997,0.475,0.471,0.479,0.493,0.46399999999999997,0.509,0.45999999999999996,0.475,0.487,0.482,0.477,0.488,0.495,0.494,0.506,0.501,0.506,0.509,0.469,0.51,0.509,0.471,0.509,0.513,0.51,0.499,0.511,0.512,0.513,0.511,0.511,0.511,0.476,0.51,0.503,0.513,0.471,0.511,0.507,0.51,0.511,0.51,0.518,0.521,0.491,0.509,0.52,0.516,0.511,0.503,0.512,0.501,0.519,0.509,0.516,0.497,0.522,0.514,0.507,0.501,0.516,0.518,0.503,0.52,0.523,0.517,0.504,0.519,0.523,0.501,0.477,0.529,0.501,0.509,0.514,0.531,0.53,0.513,0.508,0.53,0.531,0.526,0.519,0.51,0.505,0.532,0.49,0.513,0.51,0.516,0.527,0.524,0.525,0.518,0.517,0.523,0.523,0.532,0.5489999999999999,0.532,0.5369999999999999,0.5349999999999999,0.531,0.514,0.552,0.546,0.534,0.523,0.515,0.5489999999999999
sp|Q63652.2|OPSB_RAT,0.12,0.12,0.133,0.0,0.05400000000000005,0.119,0.17400000000000004,0.19199999999999995,0.21999999999999997,0.344,0.351,0.348,0.484,0.496,0.493,0.498,0.506,0.46199999999999997,0.529,0.476,0.484,0.506,0.477,0.483,0.507,0.511,0.518,0.53,0.518,0.511,0.519,0.494,0.522,0.522,0.491,0.519,0.522,0.523,0.518,0.525,0.525,0.523,0.523,0.522,0.522,0.495,0.522,0.516,0.522,0.49,0.528,0.534,0.525,0.516,0.538,0.529,0.538,0.503,0.523,0.531,0.527,0.522,0.5349999999999999,0.53,0.52,0.5369999999999999,0.522,0.53,0.514,0.5389999999999999,0.525,0.517,0.516,0.5329999999999999,0.534,0.518,0.54,0.54,0.518,0.542,0.538,0.54,0.54,0.522,0.527,0.514,0.521,0.519,0.5489999999999999,0.5489999999999999,0.5449999999999999,0.519,0.542,0.544,0.527,0.55,0.521,0.515,0.546,0.509,0.523,0.517,0.525,0.532,0.5369999999999999,0.5409999999999999,0.538,0.526,0.542,0.544,0.5469999999999999,0.5569999999999999,0.525,0.542,0.5449999999999999,0.5409999999999999,0.531,0.55,0.5509999999999999,0.536,0.534,0.5469999999999999,0.5780000000000001
sp|P51491.1|OPSB_MOUSE,0.123,0.123,0.127,0.05400000000000005,0.0,0.11299999999999999,0.16300000000000003,0.17600000000000005,0.19999999999999996,0.32599999999999996,0.33299999999999996,0.32899999999999996,0.479,0.488,0.482,0.492,0.499,0.46199999999999997,0.518,0.475,0.478,0.497,0.49,0.479,0.519,0.506,0.505,0.519,0.504,0.504,0.509,0.499,0.509,0.516,0.484,0.509,0.509,0.511,0.508,0.512,0.511,0.51,0.51,0.509,0.509,0.485,0.508,0.503,0.511,0.481,0.514,0.521,0.512,0.508,0.526,0.515,0.524,0.489,0.51,0.518,0.516,0.509,0.53,0.518,0.512,0.531,0.511,0.522,0.508,0.526,0.51,0.505,0.509,0.524,0.526,0.515,0.528,0.527,0.509,0.5369999999999999,0.529,0.53,0.529,0.487,0.519,0.526,0.51,0.531,0.54,0.5349999999999999,0.536,0.531,0.531,0.534,0.518,0.538,0.5329999999999999,0.527,0.534,0.497,0.534,0.528,0.5389999999999999,0.5409999999999999,0.546,0.5469999999999999,0.5449999999999999,0.538,0.5449999999999999,0.5469999999999999,0.5449999999999999,0.5569999999999999,0.5389999999999999,0.552,0.5509999999999999,0.546,0.5369999999999999,0.554,0.56,0.542,0.529,0.538,0.5720000000000001
sp|P51490.1|OPSB_BOVIN,0.137,0.127,0.133,0.119,0.11299999999999999,0.0,0.16500000000000004,0.17700000000000005,0.20299999999999996,0.33399999999999996,0.33899999999999997,0.33499999999999996,0.46199999999999997,0.49,0.479,0.485,0.494,0.46099999999999997,0.511,0.478,0.46499999999999997,0.502,0.478,0.475,0.51,0.506,0.5,0.511,0.522,0.507,0.51,0.478,0.522,0.507,0.479,0.51,0.524,0.509,0.508,0.51,0.522,0.51,0.513,0.511,0.516,0.483,0.524,0.509,0.509,0.477,0.527,0.515,0.517,0.51,0.52,0.522,0.5389999999999999,0.486,0.522,0.524,0.516,0.508,0.52,0.513,0.517,0.512,0.512,0.512,0.509,0.522,0.513,0.492,0.512,0.52,0.517,0.517,0.521,0.523,0.513,0.518,0.515,0.517,0.521,0.493,0.522,0.509,0.522,0.516,0.532,0.527,0.531,0.51,0.53,0.526,0.525,0.53,0.516,0.511,0.53,0.492,0.517,0.507,0.522,0.523,0.521,0.523,0.52,0.521,0.524,0.534,0.534,0.556,0.526,0.5369999999999999,0.534,0.534,0.518,0.548,0.5489999999999999,0.538,0.521,0.524,0.5680000000000001
sp|O57605.1|OPSUV_MELUD,0.16000000000000003,0.16000000000000003,0.17100000000000004,0.17400000000000004,0.16300000000000003,0.16500000000000004,0.0,0.132,0.19599999999999995,0.349,0.33799999999999997,0.356,0.46699999999999997,0.45199999999999996,0.486,0.495,0.475,0.41900000000000004,0.496,0.45299999999999996,0.45399999999999996,0.498,0.483,0.478,0.499,0.506,0.498,0.495,0.496,0.494,0.496,0.48,0.508,0.498,0.489,0.501,0.505,0.505,0.492,0.506,0.508,0.504,0.507,0.506,0.51,0.494,0.505,0.498,0.505,0.483,0.504,0.498,0.509,0.493,0.501,0.517,0.52,0.491,0.505,0.518,0.51,0.506,0.516,0.502,0.504,0.506,0.502,0.509,0.502,0.511,0.512,0.5,0.505,0.508,0.505,0.507,0.512,0.512,0.493,0.524,0.503,0.506,0.517,0.475,0.502,0.517,0.496,0.519,0.513,0.524,0.524,0.528,0.528,0.519,0.504,0.523,0.53,0.519,0.526,0.482,0.524,0.52,0.524,0.5389999999999999,0.531,0.5329999999999999,0.528,0.5329999999999999,0.524,0.526,0.531,0.5489999999999999,0.5369999999999999,0.538,0.525,0.5349999999999999,0.518,0.544,0.554,0.5409999999999999,0.518,0.516,0.5589999999999999
sp|P28684.1|OPSV_CHICK,0.17900000000000005,0.17900000000000005,0.18500000000000005,0.19199999999999995,0.17600000000000005,0.17700000000000005,0.132,0.0,0.20499999999999996,0.349,0.33199999999999996,0.347,0.475,0.476,0.473,0.476,0.471,0.45799999999999996,0.483,0.45799999999999996,0.46399999999999997,0.484,0.483,0.45699999999999996,0.485,0.483,0.485,0.482,0.485,0.485,0.496,0.46599999999999997,0.493,0.494,0.47,0.488,0.49,0.491,0.489,0.492,0.488,0.49,0.49,0.49,0.491,0.478,0.49,0.492,0.493,0.478,0.489,0.48,0.494,0.483,0.486,0.498,0.492,0.481,0.487,0.5,0.497,0.489,0.494,0.484,0.506,0.508,0.492,0.498,0.504,0.523,0.497,0.499,0.507,0.51,0.507,0.511,0.516,0.524,0.486,0.513,0.508,0.512,0.498,0.482,0.495,0.526,0.5,0.54,0.512,0.511,0.507,0.531,0.511,0.507,0.501,0.502,0.532,0.5349999999999999,0.512,0.484,0.5369999999999999,0.534,0.536,0.542,0.5469999999999999,0.5489999999999999,0.538,0.532,0.5449999999999999,0.54,0.55,0.552,0.5569999999999999,0.5529999999999999,0.5509999999999999,0.552,0.5349999999999999,0.569,0.569,0.5389999999999999,0.504,0.505,0.558
sp|P51473.1|OPSV_XENLA,0.20299999999999996,0.20299999999999996,0.19399999999999995,0.21999999999999997,0.19999999999999996,0.20299999999999996,0.19599999999999995,0.20499999999999996,0.0,0.33799999999999997,0.33499999999999996,0.33999999999999997,0.45999999999999996,0.491,0.476,0.474,0.478,0.44499999999999995,0.492,0.472,0.45199999999999996,0.494,0.477,0.46299999999999997,0.494,0.492,0.471,0.488,0.475,0.485,0.489,0.46699999999999997,0.491,0.506,0.473,0.483,0.492,0.493,0.478,0.494,0.491,0.49,0.491,0.489,0.486,0.45599999999999996,0.487,0.487,0.491,0.44699999999999995,0.486,0.489,0.484,0.483,0.49,0.493,0.501,0.46799999999999997,0.487,0.496,0.497,0.488,0.49,0.491,0.5,0.498,0.492,0.499,0.497,0.512,0.501,0.486,0.495,0.504,0.509,0.498,0.513,0.514,0.494,0.5,0.491,0.495,0.504,0.48,0.505,0.5489999999999999,0.488,0.548,0.496,0.494,0.498,0.546,0.494,0.491,0.505,0.495,0.548,0.5449999999999999,0.497,0.469,0.5509999999999999,0.548,0.548,0.5589999999999999,0.556,0.556,0.548,0.55,0.55,0.56,0.548,0.5609999999999999,0.567,0.562,0.565,0.5529999999999999,0.5469999999999999,0.5700000000000001,0.5720000000000001,0.556,0.508,0.495,0.5389999999999999
sp|P87368.1|OPSV_ORYLA,0.33499999999999996,0.33499999999999996,0.347,0.344,0.32599999999999996,0.33399999999999996,0.349,0.349,0.33799999999999997,0.0,0.24,0.248,0.509,0.526,0.492,0.498,0.52,0.512,0.526,0.514,0.501,0.504,0.501,0.519,0.524,0.517,0.523,0.529,0.542,0.526,0.544,0.518,0.534,0.523,0.499,0.516,0.534,0.531,0.527,0.527,0.5349999999999999,0.516,0.517,0.519,0.527,0.494,0.532,0.498,0.521,0.51,0.529,0.527,0.525,0.5329999999999999,0.538,0.529,0.5469999999999999,0.5,0.53,0.532,0.528,0.524,0.52,0.522,0.542,0.542,0.524,0.528,0.54,0.5369999999999999,0.525,0.497,0.5409999999999999,0.5429999999999999,0.538,0.548,0.536,0.538,0.531,0.548,0.5469999999999999,0.5489999999999999,0.5369999999999999,0.52,0.5369999999999999,0.528,0.528,0.532,0.542,0.5569999999999999,0.55,0.54,0.544,0.546,0.542,0.554,0.5429999999999999,0.529,0.5529999999999999,0.508,0.534,0.527,0.5349999999999999,0.536,0.542,0.542,0.536,0.542,0.524,0.524,0.5329999999999999,0.5389999999999999,0.53,0.53,0.52,0.523,0.523,0.526,0.529,0.5529999999999999,0.548,0.5469999999999999,0.577
sp|Q9W6A9.2|OP1S1_DANRE,0.345,0.345,0.352,0.351,0.33299999999999996,0.33899999999999997,0.33799999999999997,0.33199999999999996,0.33499999999999996,0.24,0.0,0.133,0.512,0.513,0.475,0.471,0.515,0.504,0.524,0.488,0.506,0.479,0.512,0.505,0.518,0.49,0.518,0.523,0.527,0.507,0.527,0.5,0.522,0.517,0.472,0.506,0.516,0.528,0.522,0.524,0.519,0.52,0.518,0.519,0.527,0.477,0.52,0.514,0.515,0.505,0.514,0.522,0.523,0.519,0.524,0.531,0.518,0.51,0.514,0.534,0.528,0.525,0.528,0.517,0.532,0.52,0.521,0.511,0.52,0.517,0.525,0.482,0.519,0.5329999999999999,0.52,0.526,0.517,0.518,0.538,0.528,0.517,0.521,0.5389999999999999,0.508,0.544,0.503,0.519,0.504,0.5329999999999999,0.527,0.531,0.506,0.531,0.522,0.5429999999999999,0.531,0.513,0.509,0.527,0.523,0.508,0.498,0.51,0.506,0.501,0.501,0.507,0.511,0.501,0.502,0.497,0.504,0.509,0.502,0.496,0.503,0.505,0.505,0.525,0.517,0.525,0.524,0.554
sp|Q90309.1|OPSUV_CARAU,0.34199999999999997,0.34199999999999997,0.352,0.348,0.32899999999999996,0.33499999999999996,0.356,0.347,0.33999999999999997,0.248,0.133,0.0,0.495,0.516,0.479,0.481,0.518,0.501,0.519,0.498,0.491,0.494,0.501,0.508,0.515,0.51,0.518,0.52,0.525,0.515,0.5329999999999999,0.494,0.518,0.509,0.473,0.5,0.515,0.52,0.522,0.52,0.518,0.513,0.519,0.515,0.506,0.477,0.518,0.512,0.511,0.495,0.512,0.522,0.506,0.529,0.527,0.509,0.526,0.504,0.511,0.512,0.521,0.514,0.529,0.519,0.525,0.529,0.516,0.528,0.528,0.517,0.52,0.484,0.528,0.527,0.523,0.528,0.514,0.518,0.5349999999999999,0.53,0.529,0.531,0.528,0.519,0.5389999999999999,0.538,0.531,0.5329999999999999,0.542,0.538,0.544,0.5349999999999999,0.546,0.5329999999999999,0.536,0.544,0.536,0.5329999999999999,0.5369999999999999,0.501,0.5329999999999999,0.53,0.532,0.5329999999999999,0.532,0.532,0.532,0.5349999999999999,0.5409999999999999,0.5369999999999999,0.5369999999999999,0.527,0.5369999999999999,0.5389999999999999,0.532,0.524,0.525,0.5409999999999999,0.546,0.55,0.527,0.54,0.5549999999999999
sp|P32310.1|OPSB_CARAU,0.46599999999999997,0.45699999999999996,0.46699999999999997,0.484,0.479,0.46199999999999997,0.46699999999999997,0.475,0.45999999999999996,0.509,0.512,0.495,0.0,0.261,0.43700000000000006,0.43700000000000006,0.43700000000000006,0.28400000000000003,0.474,0.45099999999999996,0.20699999999999996,0.44299999999999995,0.15400000000000003,0.45199999999999996,0.46399999999999997,0.45699999999999996,0.44699999999999995,0.46699999999999997,0.45699999999999996,0.43999999999999995,0.45099999999999996,0.44899999999999995,0.44899999999999995,0.45399999999999996,0.43600000000000005,0.44399999999999995,0.45099999999999996,0.45299999999999996,0.44899999999999995,0.45299999999999996,0.45099999999999996,0.45099999999999996,0.45299999999999996,0.44899999999999995,0.44099999999999995,0.43400000000000005,0.45199999999999996,0.45399999999999996,0.45699999999999996,0.44699999999999995,0.45199999999999996,0.45499999999999996,0.44199999999999995,0.45299999999999996,0.46099999999999997,0.44399999999999995,0.45899999999999996,0.41000000000000003,0.45199999999999996,0.44699999999999995,0.45599999999999996,0.44499999999999995,0.46399999999999997,0.46599999999999997,0.44599999999999995,0.45299999999999996,0.44699999999999995,0.44499999999999995,0.44799999999999995,0.43999999999999995,0.45499999999999996,0.46099999999999997,0.45099999999999996,0.45299999999999996,0.45099999999999996,0.45099999999999996,0.44399999999999995,0.44099999999999995,0.45799999999999996,0.44999999999999996,0.45599999999999996,0.45499999999999996,0.46799999999999997,0.44399999999999995,0.46099999999999997,0.5369999999999999,0.45799999999999996,0.526,0.45999999999999996,0.46099999999999997,0.45599999999999996,0.528,0.44899999999999995,0.45399999999999996,0.46799999999999997,0.45499999999999996,0.53,0.5389999999999999,0.46199999999999997,0.42100000000000004,0.53,0.526,0.528,0.528,0.534,0.534,0.525,0.536,0.546,0.5509999999999999,0.5449999999999999,0.5469999999999999,0.55,0.538,0.544,0.5349999999999999,0.538,0.5449999999999999,0.5509999999999999,0.508,0.45999999999999996,0.45499999999999996,0.486
sp|P87365.1|OPSB_ORYLA,0.46099999999999997,0.46099999999999997,0.475,0.496,0.488,0.49,0.45199999999999996,0.476,0.491,0.526,0.513,0.516,0.261,0.0,0.471,0.473,0.46099999999999997,0.32699999999999996,0.498,0.476,0.257,0.46699999999999997,0.264,0.472,0.502,0.478,0.488,0.5,0.492,0.485,0.486,0.49,0.471,0.495,0.484,0.46099999999999997,0.476,0.46699999999999997,0.48,0.46699999999999997,0.472,0.46799999999999997,0.471,0.46399999999999997,0.45699999999999996,0.473,0.472,0.487,0.46799999999999997,0.487,0.475,0.495,0.45399999999999996,0.484,0.486,0.45899999999999996,0.484,0.46199999999999997,0.473,0.46099999999999997,0.471,0.46399999999999997,0.478,0.496,0.469,0.46499999999999997,0.46399999999999997,0.485,0.45999999999999996,0.475,0.469,0.489,0.46399999999999997,0.46099999999999997,0.46599999999999997,0.46699999999999997,0.46399999999999997,0.476,0.495,0.46699999999999997,0.48,0.48,0.485,0.486,0.502,0.5569999999999999,0.472,0.5529999999999999,0.475,0.476,0.469,0.558,0.469,0.47,0.498,0.487,0.5589999999999999,0.5569999999999999,0.478,0.46799999999999997,0.5569999999999999,0.55,0.556,0.5549999999999999,0.5609999999999999,0.562,0.558,0.556,0.5820000000000001,0.5780000000000001,0.5800000000000001,0.5740000000000001,0.571,0.5700000000000001,0.563,0.5680000000000001,0.5640000000000001,0.5780000000000001,0.5820000000000001,0.538,0.491,0.481,0.55
sp|Q8AYM7.1|OPSG3_DANRE,0.469,0.469,0.471,0.493,0.482,0.479,0.486,0.473,0.476,0.492,0.475,0.479,0.43700000000000006,0.471,0.0,0.06799999999999995,0.26,0.40800000000000003,0.255,0.471,0.41100000000000003,0.124,0.43200000000000005,0.20899999999999996,0.259,0.14500000000000002,0.271,0.259,0.256,0.255,0.247,0.19999999999999996,0.261,0.275,0.08899999999999997,0.248,0.259,0.258,0.252,0.254,0.258,0.262,0.263,0.247,0.255,0.08999999999999997,0.258,0.258,0.269,0.19899999999999995,0.26,0.242,0.263,0.261,0.239,0.266,0.275,0.21599999999999997,0.257,0.269,0.261,0.251,0.30400000000000005,0.255,0.28900000000000003,0.30400000000000005,0.25,0.28400000000000003,0.30400000000000005,0.29700000000000004,0.261,0.15000000000000002,0.30400000000000005,0.28800000000000003,0.30800000000000005,0.30600000000000005,0.30100000000000005,0.29900000000000004,0.28900000000000003,0.30000000000000004,0.30200000000000005,0.30500000000000005,0.28900000000000003,0.476,0.29800000000000004,0.5529999999999999,0.29000000000000004,0.548,0.29700000000000004,0.30400000000000005,0.29800000000000004,0.5489999999999999,0.29800000000000004,0.28800000000000003,0.28700000000000003,0.29200000000000004,0.552,0.554,0.30800000000000005,0.22299999999999998,0.542,0.5429999999999999,0.552,0.5509999999999999,0.552,0.5509999999999999,0.5469999999999999,0.56,0.536,0.534,0.538,0.5429999999999999,0.548,0.5389999999999999,0.5389999999999999,0.5349999999999999,0.542,0.5469999999999999,0.5529999999999999,0.5329999999999999,0.271,0.29000000000000004,0.517
sp|Q9W6A6.2|OPSG4_DANRE,0.472,0.472,0.479,0.498,0.492,0.485,0.495,0.476,0.474,0.498,0.471,0.481,0.43700000000000006,0.473,0.06799999999999995,0.0,0.263,0.397,0.257,0.45799999999999996,0.41700000000000004,0.14,0.43700000000000006,0.21399999999999997,0.261,0.16700000000000004,0.266,0.262,0.258,0.257,0.254,0.20199999999999996,0.263,0.28200000000000003,0.08899999999999997,0.251,0.261,0.26,0.25,0.259,0.256,0.257,0.261,0.248,0.255,0.07199999999999995,0.262,0.256,0.263,0.19999999999999996,0.262,0.248,0.264,0.269,0.248,0.267,0.276,0.21099999999999997,0.254,0.268,0.258,0.249,0.30200000000000005,0.258,0.30400000000000005,0.31200000000000006,0.249,0.28300000000000003,0.31599999999999995,0.31299999999999994,0.262,0.14200000000000002,0.31299999999999994,0.30400000000000005,0.31899999999999995,0.31499999999999995,0.31499999999999995,0.31499999999999995,0.29500000000000004,0.31399999999999995,0.30200000000000005,0.30800000000000005,0.29400000000000004,0.46099999999999997,0.30000000000000004,0.5529999999999999,0.29400000000000004,0.546,0.30000000000000004,0.30300000000000005,0.30500000000000005,0.5509999999999999,0.30200000000000005,0.29000000000000004,0.29000000000000004,0.30000000000000004,0.5549999999999999,0.554,0.30600000000000005,0.22399999999999998,0.5429999999999999,0.5409999999999999,0.5569999999999999,0.5529999999999999,0.5509999999999999,0.55,0.548,0.562,0.531,0.527,0.5409999999999999,0.5489999999999999,0.552,0.532,0.5349999999999999,0.54,0.5469999999999999,0.5489999999999999,0.5549999999999999,0.538,0.268,0.29000000000000004,0.519
sp|Q8HY69.2|OPSD_SMICR,0.488,0.488,0.493,0.506,0.499,0.494,0.475,0.471,0.478,0.52,0.515,0.518,0.43700000000000006,0.46099999999999997,0.26,0.263,0.0,0.43600000000000005,0.16300000000000003,0.475,0.43799999999999994,0.29000000000000004,0.44899999999999995,0.268,0.16000000000000003,0.29700000000000004,0.17600000000000005,0.16000000000000003,0.15400000000000003,0.19899999999999995,0.19899999999999995,0.264,0.11499999999999999,0.18200000000000005,0.26,0.10299999999999998,0.10699999999999998,0.11399999999999999,0.126,0.10799999999999998,0.10599999999999998,0.10699999999999998,0.11199999999999999,0.09699999999999998,0.11199999999999999,0.273,0.10799999999999998,0.128,0.10399999999999998,0.271,0.11499999999999999,0.139,0.128,0.21399999999999997,0.15100000000000002,0.123,0.17900000000000005,0.16100000000000003,0.10999999999999999,0.125,0.10599999999999998,0.10099999999999998,0.17400000000000004,0.15900000000000003,0.22399999999999998,0.21699999999999997,0.09299999999999997,0.19199999999999995,0.22199999999999998,0.23399999999999999,0.10999999999999999,0.28400000000000003,0.21799999999999997,0.22699999999999998,0.22199999999999998,0.22399999999999998,0.22999999999999998,0.236,0.18799999999999994,0.22299999999999998,0.20599999999999996,0.20399999999999996,0.18700000000000006,0.45999999999999996,0.19799999999999995,0.536,0.20699999999999996,0.5329999999999999,0.19599999999999995,0.20499999999999996,0.21199999999999997,0.5329999999999999,0.20799999999999996,0.20899999999999996,0.18600000000000005,0.20999999999999996,0.536,0.529,0.20499999999999996,0.19599999999999995,0.531,0.527,0.53,0.529,0.5389999999999999,0.542,0.526,0.5329999999999999,0.54,0.5389999999999999,0.552,0.5549999999999999,0.548,0.55,0.548,0.5489999999999999,0.53,0.5469999999999999,0.5569999999999999,0.518,0.16700000000000004,0.21099999999999997,0.514
sp|P28682.1|OPSB_CHICK,0.46599999999999997,0.46599999999999997,0.46399999999999997,0.46199999999999997,0.46199999999999997,0.46099999999999997,0.41900000000000004,0.45799999999999996,0.44499999999999995,0.512,0.504,0.501,0.28400000000000003,0.32699999999999996,0.40800000000000003,0.397,0.43600000000000005,0.0,0.43500000000000005,0.43799999999999994,0.242,0.405,0.31599999999999995,0.393,0.42600000000000005,0.41300000000000003,0.41200000000000003,0.42800000000000005,0.42600000000000005,0.42500000000000004,0.44299999999999995,0.402,0.42100000000000004,0.43500000000000005,0.399,0.41000000000000003,0.42800000000000005,0.42200000000000004,0.41700000000000004,0.42100000000000004,0.43100000000000005,0.42700000000000005,0.43600000000000005,0.42900000000000005,0.41800000000000004,0.392,0.41800000000000004,0.42600000000000005,0.42300000000000004,0.40900000000000003,0.42400000000000004,0.41700000000000004,0.41700000000000004,0.43300000000000005,0.42700000000000005,0.42100000000000004,0.42800000000000005,0.402,0.42800000000000005,0.42300000000000004,0.43000000000000005,0.42600000000000005,0.45899999999999996,0.41600000000000004,0.42800000000000005,0.44199999999999995,0.41800000000000004,0.42200000000000004,0.44099999999999995,0.41700000000000004,0.43000000000000005,0.42800000000000005,0.43999999999999995,0.43000000000000005,0.43999999999999995,0.43500000000000005,0.42700000000000005,0.41900000000000004,0.43999999999999995,0.43700000000000006,0.44399999999999995,0.44199999999999995,0.45899999999999996,0.43500000000000005,0.44199999999999995,0.53,0.44199999999999995,0.525,0.43899999999999995,0.44099999999999995,0.44999999999999996,0.522,0.43300000000000005,0.43799999999999994,0.44799999999999995,0.43600000000000005,0.523,0.5329999999999999,0.44299999999999995,0.41200000000000003,0.529,0.534,0.53,0.534,0.53,0.532,0.521,0.526,0.534,0.536,0.5449999999999999,0.558,0.5429999999999999,0.5549999999999999,0.546,0.544,0.53,0.552,0.554,0.502,0.43400000000000005,0.43899999999999995,0.501
sp|P56516.1|OPSD_RANTE,0.501,0.501,0.509,0.529,0.518,0.511,0.496,0.483,0.492,0.526,0.524,0.519,0.474,0.498,0.255,0.257,0.16300000000000003,0.43500000000000005,0.0,0.487,0.45899999999999996,0.277,0.49,0.242,0.05500000000000005,0.277,0.17900000000000005,0.05800000000000005,0.10699999999999998,0.19599999999999995,0.16800000000000004,0.243,0.16400000000000003,0.18899999999999995,0.25,0.14600000000000002,0.15500000000000003,0.15900000000000003,0.131,0.15700000000000003,0.16100000000000003,0.16300000000000003,0.15000000000000002,0.14900000000000002,0.16100000000000003,0.264,0.15200000000000002,0.137,0.16300000000000003,0.249,0.15600000000000003,0.08499999999999996,0.17000000000000004,0.19699999999999995,0.08999999999999997,0.17100000000000004,0.17200000000000004,0.17600000000000005,0.15100000000000002,0.17300000000000004,0.16000000000000003,0.15300000000000002,0.19999999999999996,0.09899999999999998,0.235,0.238,0.14400000000000002,0.19999999999999996,0.244,0.253,0.16000000000000003,0.30000000000000004,0.241,0.237,0.24,0.242,0.255,0.251,0.19699999999999995,0.244,0.21099999999999997,0.21099999999999997,0.20099999999999996,0.478,0.20999999999999996,0.56,0.20699999999999996,0.554,0.21199999999999997,0.21599999999999997,0.21499999999999997,0.5609999999999999,0.21299999999999997,0.20699999999999996,0.18700000000000006,0.21999999999999997,0.556,0.5589999999999999,0.21399999999999997,0.17800000000000005,0.5509999999999999,0.5449999999999999,0.563,0.562,0.5589999999999999,0.5589999999999999,0.5609999999999999,0.565,0.55,0.544,0.5609999999999999,0.567,0.546,0.5489999999999999,0.5469999999999999,0.552,0.554,0.5589999999999999,0.56,0.542,0.18500000000000005,0.21499999999999997,0.525
sp|P51476.1|OPSP_COLLI,0.45199999999999996,0.45199999999999996,0.45999999999999996,0.476,0.475,0.478,0.45299999999999996,0.45799999999999996,0.472,0.514,0.488,0.498,0.45099999999999996,0.476,0.471,0.45799999999999996,0.475,0.43799999999999994,0.487,0.0,0.44299999999999995,0.43999999999999995,0.45899999999999996,0.483,0.485,0.486,0.483,0.486,0.489,0.45799999999999996,0.469,0.472,0.474,0.487,0.477,0.47,0.471,0.486,0.474,0.483,0.469,0.46099999999999997,0.473,0.46499999999999997,0.478,0.47,0.471,0.471,0.46599999999999997,0.469,0.481,0.476,0.489,0.473,0.478,0.482,0.493,0.45899999999999996,0.46499999999999997,0.483,0.469,0.46499999999999997,0.46299999999999997,0.472,0.471,0.485,0.485,0.505,0.488,0.43700000000000006,0.46699999999999997,0.44599999999999995,0.484,0.43799999999999994,0.485,0.484,0.43899999999999995,0.483,0.472,0.488,0.489,0.491,0.46499999999999997,0.18300000000000005,0.477,0.42800000000000005,0.496,0.42800000000000005,0.478,0.484,0.482,0.43000000000000005,0.477,0.486,0.46599999999999997,0.494,0.43100000000000005,0.43000000000000005,0.486,0.474,0.42900000000000005,0.43500000000000005,0.43700000000000006,0.43999999999999995,0.43700000000000006,0.44199999999999995,0.43500000000000005,0.43700000000000006,0.44199999999999995,0.44899999999999995,0.45999999999999996,0.46399999999999997,0.45399999999999996,0.47,0.45499999999999996,0.45799999999999996,0.44399999999999995,0.45899999999999996,0.46399999999999997,0.44899999999999995,0.483,0.492,0.41100000000000003
sp|P51472.1|OPSB_PSAFA,0.46299999999999997,0.46299999999999997,0.475,0.484,0.478,0.46499999999999997,0.45399999999999996,0.46399999999999997,0.45199999999999996,0.501,0.506,0.491,0.20699999999999996,0.257,0.41100000000000003,0.41700000000000004,0.43799999999999994,0.242,0.45899999999999996,0.44299999999999995,0.0,0.42400000000000004,0.22699999999999998,0.42600000000000005,0.45999999999999996,0.43000000000000005,0.44499999999999995,0.45999999999999996,0.44999999999999996,0.43100000000000005,0.44099999999999995,0.43999999999999995,0.43999999999999995,0.44199999999999995,0.41400000000000003,0.43300000000000005,0.43999999999999995,0.44199999999999995,0.44699999999999995,0.44199999999999995,0.44499999999999995,0.44399999999999995,0.44599999999999995,0.43999999999999995,0.43500000000000005,0.40900000000000003,0.44299999999999995,0.45099999999999996,0.44299999999999995,0.43100000000000005,0.44999999999999996,0.44799999999999995,0.43400000000000005,0.44199999999999995,0.45099999999999996,0.43700000000000006,0.44499999999999995,0.41500000000000004,0.44299999999999995,0.43899999999999995,0.44699999999999995,0.43600000000000005,0.46199999999999997,0.45599999999999996,0.44199999999999995,0.44199999999999995,0.43899999999999995,0.44099999999999995,0.43700000000000006,0.43300000000000005,0.44499999999999995,0.42800000000000005,0.44299999999999995,0.43600000000000005,0.44099999999999995,0.44399999999999995,0.43700000000000006,0.43400000000000005,0.44999999999999996,0.44399999999999995,0.45899999999999996,0.45999999999999996,0.45699999999999996,0.397,0.45299999999999996,0.542,0.45599999999999996,0.532,0.46099999999999997,0.471,0.45899999999999996,0.536,0.45699999999999996,0.45199999999999996,0.46199999999999997,0.45899999999999996,0.5369999999999999,0.542,0.471,0.41600000000000004,0.529,0.528,0.5369999999999999,0.54,0.558,0.56,0.536,0.5449999999999999,0.546,0.548,0.56,0.5589999999999999,0.5529999999999999,0.5549999999999999,0.548,0.5469999999999999,0.542,0.546,0.5549999999999999,0.51,0.45299999999999996,0.45799999999999996,0.469
sp|Q8AYM8.1|OPSG2_DANRE,0.478,0.478,0.487,0.506,0.497,0.502,0.498,0.484,0.494,0.504,0.479,0.494,0.44299999999999995,0.46699999999999997,0.124,0.14,0.29000000000000004,0.405,0.277,0.43999999999999995,0.42400000000000004,0.0,0.43799999999999994,0.24,0.276,0.08599999999999997,0.30000000000000004,0.28200000000000003,0.278,0.28400000000000003,0.28500000000000003,0.237,0.29700000000000004,0.30600000000000005,0.15900000000000003,0.28700000000000003,0.28900000000000003,0.29000000000000004,0.28700000000000003,0.28900000000000003,0.29500000000000004,0.29900000000000004,0.29400000000000004,0.28400000000000003,0.29100000000000004,0.14700000000000002,0.29500000000000004,0.28,0.28900000000000003,0.23399999999999999,0.29700000000000004,0.269,0.30000000000000004,0.28700000000000003,0.266,0.30200000000000005,0.29600000000000004,0.246,0.29200000000000004,0.30400000000000005,0.29600000000000004,0.28800000000000003,0.32799999999999996,0.272,0.32999999999999996,0.33799999999999997,0.28200000000000003,0.30900000000000005,0.33999999999999997,0.33999999999999997,0.29700000000000004,0.20199999999999996,0.33999999999999997,0.33099999999999996,0.349,0.345,0.33499999999999996,0.34199999999999997,0.31999999999999995,0.33899999999999997,0.31999999999999995,0.31999999999999995,0.31999999999999995,0.44999999999999996,0.32599999999999996,0.5740000000000001,0.31399999999999995,0.567,0.32899999999999996,0.32899999999999996,0.33099999999999996,0.573,0.32499999999999996,0.30300000000000005,0.31399999999999995,0.31599999999999995,0.575,0.5740000000000001,0.32999999999999996,0.264,0.5640000000000001,0.565,0.569,0.5680000000000001,0.567,0.5660000000000001,0.5640000000000001,0.5820000000000001,0.5469999999999999,0.556,0.5509999999999999,0.5640000000000001,0.5660000000000001,0.548,0.5449999999999999,0.5489999999999999,0.5449999999999999,0.5569999999999999,0.562,0.544,0.29200000000000004,0.31299999999999994,0.509
sp|Q9W6A8.1|OP1S2_DANRE,0.475,0.475,0.482,0.477,0.49,0.478,0.483,0.483,0.477,0.501,0.512,0.501,0.15400000000000003,0.264,0.43200000000000005,0.43700000000000006,0.44899999999999995,0.31599999999999995,0.49,0.45899999999999996,0.22699999999999998,0.43799999999999994,0.0,0.44899999999999995,0.488,0.44299999999999995,0.471,0.492,0.46699999999999997,0.46499999999999997,0.476,0.46199999999999997,0.469,0.45999999999999996,0.44699999999999995,0.46099999999999997,0.45399999999999996,0.45099999999999996,0.471,0.45099999999999996,0.45199999999999996,0.45099999999999996,0.45799999999999996,0.44899999999999995,0.44399999999999995,0.44499999999999995,0.469,0.479,0.45199999999999996,0.45399999999999996,0.44899999999999995,0.484,0.44499999999999995,0.46699999999999997,0.483,0.44599999999999995,0.482,0.43500000000000005,0.45099999999999996,0.44899999999999995,0.45599999999999996,0.44699999999999995,0.472,0.485,0.44499999999999995,0.44999999999999996,0.44499999999999995,0.481,0.44299999999999995,0.46699999999999997,0.45599999999999996,0.476,0.44599999999999995,0.44499999999999995,0.46599999999999997,0.44899999999999995,0.46399999999999997,0.46799999999999997,0.469,0.44999999999999996,0.46099999999999997,0.46099999999999997,0.475,0.46399999999999997,0.473,0.532,0.45999999999999996,0.5369999999999999,0.46399999999999997,0.46699999999999997,0.48,0.558,0.472,0.45999999999999996,0.477,0.46599999999999997,0.5569999999999999,0.529,0.46799999999999997,0.44599999999999995,0.534,0.528,0.527,0.534,0.5369999999999999,0.538,0.528,0.5429999999999999,0.5389999999999999,0.5469999999999999,0.55,0.546,0.546,0.5329999999999999,0.5489999999999999,0.5389999999999999,0.546,0.5509999999999999,0.5529999999999999,0.506,0.487,0.45899999999999996,0.488
sp|P35357.1|OPSB_GEKGE,0.479,0.479,0.477,0.483,0.479,0.475,0.478,0.45699999999999996,0.46299999999999997,0.519,0.505,0.508,0.45199999999999996,0.472,0.20899999999999996,0.21399999999999997,0.268,0.393,0.242,0.483,0.42600000000000005,0.24,0.44899999999999995,0.0,0.236,0.247,0.255,0.242,0.245,0.268,0.257,0.14500000000000002,0.27,0.29200000000000004,0.20599999999999996,0.257,0.257,0.262,0.255,0.259,0.271,0.271,0.267,0.255,0.255,0.21399999999999997,0.262,0.248,0.27,0.139,0.266,0.22599999999999998,0.26,0.26,0.237,0.266,0.28200000000000003,0.22199999999999998,0.259,0.268,0.264,0.262,0.30000000000000004,0.23099999999999998,0.31799999999999995,0.31799999999999995,0.252,0.29300000000000004,0.32299999999999995,0.32899999999999996,0.256,0.25,0.32099999999999995,0.31899999999999995,0.32299999999999995,0.32299999999999995,0.33099999999999996,0.32999999999999996,0.29500000000000004,0.31999999999999995,0.29700000000000004,0.30000000000000004,0.28500000000000003,0.479,0.30400000000000005,0.569,0.29900000000000004,0.5509999999999999,0.29700000000000004,0.30700000000000005,0.30800000000000005,0.5609999999999999,0.30300000000000005,0.30200000000000005,0.29300000000000004,0.30400000000000005,0.563,0.546,0.31100000000000005,0.22299999999999998,0.5529999999999999,0.546,0.558,0.5469999999999999,0.562,0.5640000000000001,0.565,0.5609999999999999,0.5509999999999999,0.5409999999999999,0.5660000000000001,0.5549999999999999,0.5529999999999999,0.554,0.552,0.5489999999999999,0.5609999999999999,0.558,0.5640000000000001,0.5349999999999999,0.261,0.29600000000000004,0.524
sp|P51470.1|OPSD_AQUCT,0.49,0.49,0.488,0.507,0.519,0.51,0.499,0.485,0.494,0.524,0.518,0.515,0.46399999999999997,0.502,0.259,0.261,0.16000000000000003,0.42600000000000005,0.05500000000000005,0.485,0.45999999999999996,0.276,0.488,0.236,0.0,0.28200000000000003,0.16900000000000004,0.04600000000000004,0.10799999999999998,0.19499999999999995,0.17500000000000004,0.238,0.16000000000000003,0.17800000000000005,0.249,0.14300000000000002,0.15000000000000002,0.15500000000000003,0.135,0.15300000000000002,0.15700000000000003,0.15900000000000003,0.14200000000000002,0.14500000000000002,0.15600000000000003,0.259,0.14800000000000002,0.133,0.15900000000000003,0.242,0.15200000000000002,0.07599999999999996,0.16400000000000003,0.19499999999999995,0.09199999999999997,0.16600000000000004,0.16300000000000003,0.16700000000000004,0.14700000000000002,0.16800000000000004,0.15700000000000003,0.14900000000000002,0.19399999999999995,0.08399999999999996,0.22899999999999998,0.23099999999999998,0.14100000000000001,0.18799999999999994,0.235,0.245,0.15200000000000002,0.29600000000000004,0.235,0.23199999999999998,0.23399999999999999,0.23399999999999999,0.247,0.244,0.18799999999999994,0.237,0.20099999999999996,0.20499999999999996,0.20099999999999996,0.471,0.19999999999999996,0.562,0.20199999999999996,0.556,0.20299999999999996,0.20699999999999996,0.21299999999999997,0.558,0.20299999999999996,0.20599999999999996,0.17900000000000005,0.21199999999999997,0.552,0.56,0.20499999999999996,0.16700000000000004,0.5529999999999999,0.5469999999999999,0.5589999999999999,0.558,0.5549999999999999,0.556,0.5569999999999999,0.5589999999999999,0.552,0.546,0.563,0.569,0.546,0.55,0.5489999999999999,0.5529999999999999,0.5569999999999999,0.556,0.558,0.536,0.17300000000000004,0.21499999999999997,0.52
sp|Q9W6A5.2|OPSG1_DANRE,0.479,0.479,0.495,0.511,0.506,0.506,0.506,0.483,0.492,0.517,0.49,0.51,0.45699999999999996,0.478,0.14500000000000002,0.16700000000000004,0.29700000000000004,0.41300000000000003,0.277,0.486,0.43000000000000005,0.08599999999999997,0.44299999999999995,0.247,0.28200000000000003,0.0,0.30900000000000005,0.28500000000000003,0.28900000000000003,0.30900000000000005,0.29900000000000004,0.255,0.30400000000000005,0.31999999999999995,0.18400000000000005,0.29200000000000004,0.29700000000000004,0.29900000000000004,0.28800000000000003,0.29800000000000004,0.30100000000000005,0.30500000000000005,0.30300000000000005,0.29200000000000004,0.30100000000000005,0.17800000000000005,0.30300000000000005,0.29000000000000004,0.29400000000000004,0.242,0.30400000000000005,0.279,0.30800000000000005,0.30300000000000005,0.275,0.31200000000000006,0.30500000000000005,0.266,0.29500000000000004,0.31399999999999995,0.30300000000000005,0.29600000000000004,0.32299999999999995,0.281,0.33599999999999997,0.33899999999999997,0.29000000000000004,0.30500000000000005,0.34299999999999997,0.34199999999999997,0.30500000000000005,0.22799999999999998,0.34299999999999997,0.33499999999999996,0.346,0.349,0.33599999999999997,0.344,0.30900000000000005,0.34199999999999997,0.32699999999999996,0.32799999999999996,0.32499999999999996,0.45499999999999996,0.31599999999999995,0.567,0.32299999999999995,0.569,0.33199999999999996,0.33399999999999996,0.33099999999999996,0.5660000000000001,0.32099999999999995,0.30600000000000005,0.31499999999999995,0.32499999999999996,0.5680000000000001,0.563,0.33599999999999997,0.271,0.5700000000000001,0.5589999999999999,0.5720000000000001,0.569,0.563,0.562,0.5609999999999999,0.5720000000000001,0.558,0.554,0.554,0.5640000000000001,0.565,0.556,0.556,0.5389999999999999,0.5489999999999999,0.573,0.5700000000000001,0.546,0.30600000000000005,0.32399999999999995,0.509
sp|P41591.1|OPSD_ANOCA,0.492,0.492,0.494,0.518,0.505,0.5,0.498,0.485,0.471,0.523,0.518,0.518,0.44699999999999995,0.488,0.271,0.266,0.17600000000000005,0.41200000000000003,0.17900000000000005,0.483,0.44499999999999995,0.30000000000000004,0.471,0.255,0.16900000000000004,0.30900000000000005,0.0,0.17400000000000004,0.16800000000000004,0.17400000000000004,0.18700000000000006,0.255,0.16300000000000003,0.18899999999999995,0.267,0.14400000000000002,0.15800000000000003,0.15100000000000002,0.137,0.15200000000000002,0.17500000000000004,0.16500000000000004,0.16500000000000004,0.14700000000000002,0.16200000000000003,0.266,0.16000000000000003,0.131,0.16700000000000004,0.249,0.17400000000000004,0.16100000000000003,0.15900000000000003,0.19399999999999995,0.17400000000000004,0.17000000000000004,0.19499999999999995,0.16900000000000004,0.15200000000000002,0.17200000000000004,0.17400000000000004,0.16000000000000003,0.20699999999999996,0.16800000000000004,0.23099999999999998,0.22799999999999998,0.14200000000000002,0.20799999999999996,0.22899999999999998,0.241,0.17200000000000004,0.29000000000000004,0.23199999999999998,0.23199999999999998,0.236,0.23399999999999999,0.24,0.243,0.20299999999999996,0.23199999999999998,0.21299999999999997,0.21499999999999997,0.21499999999999997,0.474,0.21399999999999997,0.5589999999999999,0.22199999999999998,0.5589999999999999,0.21299999999999997,0.22399999999999998,0.22699999999999998,0.56,0.21599999999999997,0.22199999999999998,0.19899999999999995,0.22699999999999998,0.5640000000000001,0.5640000000000001,0.22299999999999998,0.16900000000000004,0.562,0.554,0.5549999999999999,0.5509999999999999,0.5589999999999999,0.5609999999999999,0.5609999999999999,0.563,0.5609999999999999,0.5609999999999999,0.579,0.5820000000000001,0.573,0.5780000000000001,0.5720000000000001,0.571,0.5589999999999999,0.5660000000000001,0.5680000000000001,0.5469999999999999,0.18100000000000005,0.22799999999999998,0.5349999999999999
sp|P31355.1|OPSD_LITPI,0.509,0.509,0.506,0.53,0.519,0.511,0.495,0.482,0.488,0.529,0.523,0.52,0.46699999999999997,0.5,0.259,0.262,0.16000000000000003,0.42800000000000005,0.05800000000000005,0.486,0.45999999999999996,0.28200000000000003,0.492,0.242,0.04600000000000004,0.28500000000000003,0.17400000000000004,0.0,0.11399999999999999,0.19999999999999996,0.17500000000000004,0.241,0.16000000000000003,0.18200000000000005,0.25,0.14200000000000002,0.15100000000000002,0.15600000000000003,0.134,0.15300000000000002,0.15700000000000003,0.16000000000000003,0.14600000000000002,0.14600000000000002,0.15700000000000003,0.264,0.14800000000000002,0.136,0.16100000000000003,0.246,0.15200000000000002,0.08299999999999996,0.16600000000000004,0.19399999999999995,0.09699999999999998,0.16700000000000004,0.16600000000000004,0.17200000000000004,0.14700000000000002,0.16900000000000004,0.15700000000000003,0.14900000000000002,0.19499999999999995,0.08799999999999997,0.23299999999999998,0.23399999999999999,0.14100000000000001,0.19099999999999995,0.241,0.248,0.15600000000000003,0.29900000000000004,0.239,0.235,0.237,0.238,0.25,0.247,0.18899999999999995,0.24,0.20599999999999996,0.20899999999999996,0.20399999999999996,0.47,0.20199999999999996,0.5640000000000001,0.20799999999999996,0.558,0.20799999999999996,0.21099999999999997,0.21799999999999997,0.5589999999999999,0.20599999999999996,0.20899999999999996,0.18400000000000005,0.21799999999999997,0.5529999999999999,0.562,0.20999999999999996,0.17200000000000004,0.554,0.548,0.56,0.5589999999999999,0.5569999999999999,0.558,0.5589999999999999,0.563,0.554,0.5469999999999999,0.565,0.5700000000000001,0.548,0.5529999999999999,0.5509999999999999,0.5549999999999999,0.563,0.562,0.5640000000000001,0.5389999999999999,0.17700000000000005,0.22099999999999997,0.528
sp|Q90245.1|OPSD_AMBTI,0.489,0.489,0.501,0.518,0.504,0.522,0.496,0.485,0.475,0.542,0.527,0.525,0.45699999999999996,0.492,0.256,0.258,0.15400000000000003,0.42600000000000005,0.10699999999999998,0.489,0.44999999999999996,0.278,0.46699999999999997,0.245,0.10799999999999998,0.28900000000000003,0.16800000000000004,0.11399999999999999,0.0,0.17500000000000004,0.15600000000000003,0.253,0.14300000000000002,0.17300000000000004,0.25,0.126,0.125,0.123,0.118,0.126,0.135,0.14200000000000002,0.119,0.124,0.127,0.266,0.131,0.125,0.138,0.249,0.136,0.09599999999999997,0.14,0.17800000000000005,0.10199999999999998,0.137,0.16500000000000004,0.17400000000000004,0.126,0.139,0.137,0.122,0.20399999999999996,0.10799999999999998,0.23199999999999998,0.22799999999999998,0.11699999999999999,0.19299999999999995,0.23399999999999999,0.243,0.128,0.30000000000000004,0.23199999999999998,0.22999999999999998,0.23099999999999998,0.23199999999999998,0.238,0.242,0.19099999999999995,0.23399999999999999,0.20699999999999996,0.20899999999999996,0.20399999999999996,0.483,0.20499999999999996,0.5449999999999999,0.20199999999999996,0.546,0.20099999999999996,0.21599999999999997,0.21199999999999997,0.5529999999999999,0.20899999999999996,0.20299999999999996,0.18500000000000005,0.21099999999999997,0.556,0.548,0.21099999999999997,0.18000000000000005,0.554,0.5469999999999999,0.5529999999999999,0.5509999999999999,0.5609999999999999,0.563,0.552,0.5569999999999999,0.5489999999999999,0.548,0.569,0.563,0.548,0.558,0.556,0.5569999999999999,0.534,0.532,0.534,0.5449999999999999,0.17300000000000004,0.20399999999999996,0.522
sp|O93441.1|OPSD_GALML,0.498,0.498,0.506,0.511,0.504,0.507,0.494,0.485,0.485,0.526,0.507,0.515,0.43999999999999995,0.485,0.255,0.257,0.19899999999999995,0.42500000000000004,0.19599999999999995,0.45799999999999996,0.43100000000000005,0.28400000000000003,0.46499999999999997,0.268,0.19499999999999995,0.30900000000000005,0.17400000000000004,0.19999999999999996,0.17500000000000004,0.0,0.123,0.268,0.18200000000000005,0.17800000000000005,0.264,0.17500000000000004,0.18200000000000005,0.17200000000000004,0.17500000000000004,0.17500000000000004,0.18300000000000005,0.18400000000000005,0.16800000000000004,0.17500000000000004,0.17000000000000004,0.262,0.18200000000000005,0.17100000000000004,0.18799999999999994,0.265,0.18799999999999994,0.18400000000000005,0.17500000000000004,0.14800000000000002,0.18700000000000006,0.17600000000000005,0.17900000000000005,0.20599999999999996,0.17900000000000005,0.17700000000000005,0.18300000000000005,0.16700000000000004,0.20499999999999996,0.19699999999999995,0.22399999999999998,0.21999999999999997,0.16700000000000004,0.18400000000000005,0.22099999999999997,0.24,0.17400000000000004,0.29500000000000004,0.22299999999999998,0.21899999999999997,0.23299999999999998,0.23299999999999998,0.237,0.241,0.18999999999999995,0.22999999999999998,0.20699999999999996,0.20599999999999996,0.20299999999999996,0.45999999999999996,0.19699999999999995,0.5589999999999999,0.19999999999999996,0.552,0.20999999999999996,0.22399999999999998,0.22199999999999998,0.563,0.21599999999999997,0.19899999999999995,0.18300000000000005,0.20999999999999996,0.567,0.5589999999999999,0.21899999999999997,0.20399999999999996,0.554,0.55,0.5549999999999999,0.556,0.552,0.552,0.5529999999999999,0.558,0.5389999999999999,0.5429999999999999,0.565,0.5700000000000001,0.5720000000000001,0.5549999999999999,0.5549999999999999,0.5509999999999999,0.5609999999999999,0.5569999999999999,0.5660000000000001,0.532,0.17700000000000005,0.20299999999999996,0.525
sp|O93459.1|OPSD_SCYCA,0.503,0.503,0.509,0.519,0.509,0.51,0.496,0.496,0.489,0.544,0.527,0.5329999999999999,0.45099999999999996,0.486,0.247,0.254,0.19899999999999995,0.44299999999999995,0.16800000000000004,0.469,0.44099999999999995,0.28500000000000003,0.476,0.257,0.17500000000000004,0.29900000000000004,0.18700000000000006,0.17500000000000004,0.15600000000000003,0.123,0.0,0.255,0.17600000000000005,0.17300000000000004,0.261,0.16600000000000004,0.17400000000000004,0.16200000000000003,0.15800000000000003,0.16200000000000003,0.17400000000000004,0.18700000000000006,0.17400000000000004,0.16900000000000004,0.17300000000000004,0.266,0.17800000000000005,0.15500000000000003,0.18600000000000005,0.249,0.18000000000000005,0.16700000000000004,0.18799999999999994,0.124,0.16800000000000004,0.18300000000000005,0.16400000000000003,0.19999999999999996,0.17200000000000004,0.18500000000000005,0.17800000000000005,0.16100000000000003,0.18999999999999995,0.18400000000000005,0.21899999999999997,0.21499999999999997,0.16300000000000003,0.18300000000000005,0.21999999999999997,0.236,0.16400000000000003,0.29700000000000004,0.21899999999999997,0.22099999999999997,0.22599999999999998,0.22799999999999998,0.23299999999999998,0.237,0.18100000000000005,0.22499999999999998,0.20199999999999996,0.20199999999999996,0.18100000000000005,0.469,0.18600000000000005,0.562,0.19199999999999995,0.554,0.20399999999999996,0.21499999999999997,0.21099999999999997,0.5680000000000001,0.20599999999999996,0.18999999999999995,0.17300000000000004,0.20399999999999996,0.5720000000000001,0.5609999999999999,0.20999999999999996,0.18899999999999995,0.558,0.5529999999999999,0.5609999999999999,0.5609999999999999,0.5549999999999999,0.556,0.5589999999999999,0.5640000000000001,0.5529999999999999,0.552,0.569,0.5720000000000001,0.575,0.5569999999999999,0.552,0.55,0.56,0.5549999999999999,0.5640000000000001,0.534,0.15300000000000002,0.19999999999999996,0.521
sp|P28683.1|OPSG_CHICK,0.477,0.477,0.469,0.494,0.499,0.478,0.48,0.46599999999999997,0.46699999999999997,0.518,0.5,0.494,0.44899999999999995,0.49,0.19999999999999996,0.20199999999999996,0.264,0.402,0.243,0.472,0.43999999999999995,0.237,0.46199999999999997,0.14500000000000002,0.238,0.255,0.255,0.241,0.253,0.268,0.255,0.0,0.274,0.28600000000000003,0.18500000000000005,0.254,0.257,0.252,0.239,0.248,0.267,0.259,0.265,0.245,0.263,0.20099999999999996,0.266,0.236,0.269,0.06899999999999995,0.267,0.22499999999999998,0.268,0.251,0.235,0.27,0.28700000000000003,0.21499999999999997,0.259,0.271,0.26,0.257,0.29400000000000004,0.237,0.30800000000000005,0.31399999999999995,0.236,0.28600000000000003,0.32299999999999995,0.31399999999999995,0.255,0.239,0.31599999999999995,0.31699999999999995,0.31999999999999995,0.31799999999999995,0.32199999999999995,0.31200000000000006,0.277,0.31799999999999995,0.28900000000000003,0.29200000000000004,0.28700000000000003,0.473,0.28600000000000003,0.5549999999999999,0.28400000000000003,0.542,0.29300000000000004,0.29200000000000004,0.29900000000000004,0.55,0.29700000000000004,0.29200000000000004,0.273,0.28800000000000003,0.552,0.538,0.29800000000000004,0.21499999999999997,0.5369999999999999,0.536,0.563,0.56,0.5549999999999999,0.556,0.5549999999999999,0.5569999999999999,0.5369999999999999,0.53,0.554,0.5549999999999999,0.5389999999999999,0.544,0.538,0.5389999999999999,0.562,0.558,0.5569999999999999,0.536,0.262,0.28400000000000003,0.512
sp|P51489.1|OPSD_RAT,0.502,0.502,0.51,0.522,0.509,0.522,0.508,0.493,0.491,0.534,0.522,0.518,0.44899999999999995,0.471,0.261,0.263,0.11499999999999999,0.42100000000000004,0.16400000000000003,0.474,0.43999999999999995,0.29700000000000004,0.469,0.27,0.16000000000000003,0.30400000000000005,0.16300000000000003,0.16000000000000003,0.14300000000000002,0.18200000000000005,0.17600000000000005,0.274,0.0,0.16000000000000003,0.267,0.06599999999999995,0.062000000000000055,0.06599999999999995,0.125,0.06000000000000005,0.06399999999999995,0.07799999999999996,0.08499999999999996,0.05500000000000005,0.08299999999999996,0.271,0.04600000000000004,0.134,0.06799999999999995,0.278,0.05900000000000005,0.14,0.09399999999999997,0.19799999999999995,0.14900000000000002,0.09299999999999997,0.15800000000000003,0.16800000000000004,0.062000000000000055,0.09499999999999997,0.07099999999999995,0.06499999999999995,0.18500000000000005,0.14600000000000002,0.20599999999999996,0.20499999999999996,0.061000000000000054,0.18999999999999995,0.20899999999999996,0.22199999999999998,0.06899999999999995,0.28700000000000003,0.20499999999999996,0.20999999999999996,0.21399999999999997,0.20999999999999996,0.22299999999999998,0.22399999999999998,0.17500000000000004,0.20899999999999996,0.19899999999999995,0.19799999999999995,0.19199999999999995,0.45699999999999996,0.18300000000000005,0.536,0.18999999999999995,0.529,0.18400000000000005,0.19899999999999995,0.19699999999999995,0.534,0.18899999999999995,0.19499999999999995,0.15900000000000003,0.19399999999999995,0.536,0.5349999999999999,0.19299999999999995,0.18799999999999994,0.534,0.528,0.55,0.55,0.546,0.5489999999999999,0.5469999999999999,0.552,0.5489999999999999,0.55,0.563,0.5529999999999999,0.55,0.556,0.548,0.55,0.5369999999999999,0.562,0.56,0.53,0.15200000000000002,0.19899999999999995,0.523
sp|O13227.1|OPSB_CONCO,0.505,0.505,0.509,0.522,0.516,0.507,0.498,0.494,0.506,0.523,0.517,0.509,0.45399999999999996,0.495,0.275,0.28200000000000003,0.18200000000000005,0.43500000000000005,0.18899999999999995,0.487,0.44199999999999995,0.30600000000000005,0.45999999999999996,0.29200000000000004,0.17800000000000005,0.31999999999999995,0.18899999999999995,0.18200000000000005,0.17300000000000004,0.17800000000000005,0.17300000000000004,0.28600000000000003,0.16000000000000003,0.0,0.28900000000000003,0.15100000000000002,0.14800000000000002,0.15700000000000003,0.17800000000000005,0.15700000000000003,0.15200000000000002,0.17100000000000004,0.14900000000000002,0.14600000000000002,0.15300000000000002,0.29200000000000004,0.15700000000000003,0.16800000000000004,0.17100000000000004,0.28900000000000003,0.15700000000000003,0.18100000000000005,0.16600000000000004,0.20099999999999996,0.18999999999999995,0.16200000000000003,0.08899999999999997,0.22099999999999997,0.15200000000000002,0.16400000000000003,0.16400000000000003,0.14300000000000002,0.15200000000000002,0.18500000000000005,0.17000000000000004,0.14,0.15200000000000002,0.15500000000000003,0.14400000000000002,0.15600000000000003,0.14600000000000002,0.30900000000000005,0.14600000000000002,0.16900000000000004,0.15400000000000003,0.15600000000000003,0.15300000000000002,0.15700000000000003,0.15500000000000003,0.15500000000000003,0.14900000000000002,0.15000000000000002,0.16300000000000003,0.482,0.17100000000000004,0.542,0.16700000000000004,0.5389999999999999,0.16700000000000004,0.17500000000000004,0.18899999999999995,0.5389999999999999,0.17500000000000004,0.16200000000000003,0.14800000000000002,0.16400000000000003,0.5329999999999999,0.5429999999999999,0.17100000000000004,0.22099999999999997,0.529,0.522,0.518,0.532,0.531,0.534,0.5329999999999999,0.54,0.531,0.544,0.5549999999999999,0.5529999999999999,0.538,0.546,0.55,0.5449999999999999,0.544,0.54,0.546,0.521,0.11699999999999999,0.16500000000000004,0.5389999999999999
sp|P32311.1|OPSG1_CARAU,0.471,0.471,0.471,0.491,0.484,0.479,0.489,0.47,0.473,0.499,0.472,0.473,0.43600000000000005,0.484,0.08899999999999997,0.08899999999999997,0.26,0.399,0.25,0.477,0.41400000000000003,0.15900000000000003,0.44699999999999995,0.20599999999999996,0.249,0.18400000000000005,0.267,0.25,0.25,0.264,0.261,0.18500000000000005,0.267,0.28900000000000003,0.0,0.25,0.254,0.262,0.247,0.261,0.262,0.259,0.261,0.249,0.257,0.08899999999999997,0.263,0.248,0.267,0.19099999999999995,0.263,0.24,0.263,0.263,0.245,0.268,0.28400000000000003,0.21499999999999997,0.254,0.269,0.257,0.249,0.31200000000000006,0.25,0.31100000000000005,0.32299999999999995,0.246,0.28800000000000003,0.32599999999999996,0.32099999999999995,0.259,0.15400000000000003,0.32599999999999996,0.31200000000000006,0.32799999999999996,0.32399999999999995,0.32299999999999995,0.32199999999999995,0.30300000000000005,0.32199999999999995,0.31000000000000005,0.31399999999999995,0.30100000000000005,0.478,0.31200000000000006,0.556,0.30100000000000005,0.5529999999999999,0.31100000000000005,0.31000000000000005,0.31499999999999995,0.554,0.30900000000000005,0.30200000000000005,0.30200000000000005,0.30800000000000005,0.558,0.5529999999999999,0.31499999999999995,0.22699999999999998,0.542,0.546,0.5549999999999999,0.5509999999999999,0.552,0.5509999999999999,0.552,0.56,0.53,0.525,0.5389999999999999,0.548,0.5489999999999999,0.525,0.532,0.523,0.55,0.544,0.5509999999999999,0.5389999999999999,0.272,0.29700000000000004,0.516
sp|P49912.1|OPSD_RABIT,0.508,0.508,0.509,0.519,0.509,0.51,0.501,0.488,0.483,0.516,0.506,0.5,0.44399999999999995,0.46099999999999997,0.248,0.251,0.10299999999999998,0.41000000000000003,0.14600000000000002,0.47,0.43300000000000005,0.28700000000000003,0.46099999999999997,0.257,0.14300000000000002,0.29200000000000004,0.14400000000000002,0.14200000000000002,0.126,0.17500000000000004,0.16600000000000004,0.254,0.06599999999999995,0.15100000000000002,0.25,0.0,0.05500000000000005,0.06399999999999995,0.10399999999999998,0.05900000000000005,0.06599999999999995,0.07799999999999996,0.07599999999999996,0.049000000000000044,0.06999999999999995,0.26,0.05900000000000005,0.10999999999999999,0.07499999999999996,0.26,0.061000000000000054,0.12,0.07899999999999996,0.18400000000000005,0.128,0.07999999999999996,0.14800000000000002,0.15200000000000002,0.052000000000000046,0.08299999999999996,0.06799999999999995,0.06000000000000005,0.16300000000000003,0.128,0.19699999999999995,0.19099999999999995,0.052000000000000046,0.17300000000000004,0.19699999999999995,0.20599999999999996,0.062000000000000055,0.271,0.18999999999999995,0.19699999999999995,0.19899999999999995,0.19799999999999995,0.20299999999999996,0.20799999999999996,0.17100000000000004,0.19599999999999995,0.18600000000000005,0.18500000000000005,0.18200000000000005,0.46499999999999997,0.18300000000000005,0.552,0.18500000000000005,0.546,0.16600000000000004,0.18000000000000005,0.18899999999999995,0.5489999999999999,0.18500000000000005,0.18799999999999994,0.15700000000000003,0.18999999999999995,0.542,0.5489999999999999,0.18100000000000005,0.17700000000000005,0.54,0.534,0.55,0.5469999999999999,0.5429999999999999,0.5449999999999999,0.544,0.546,0.548,0.5409999999999999,0.5549999999999999,0.5609999999999999,0.5469999999999999,0.55,0.5449999999999999,0.548,0.5449999999999999,0.5569999999999999,0.556,0.525,0.14300000000000002,0.19199999999999995,0.514
sp|Q28886.1|OPSD_MACFA,0.504,0.504,0.513,0.522,0.509,0.524,0.505,0.49,0.492,0.534,0.516,0.515,0.45099999999999996,0.476,0.259,0.261,0.10699999999999998,0.42800000000000005,0.15500000000000003,0.471,0.43999999999999995,0.28900000000000003,0.45399999999999996,0.257,0.15000000000000002,0.29700000000000004,0.15800000000000003,0.15100000000000002,0.125,0.18200000000000005,0.17400000000000004,0.257,0.062000000000000055,0.14800000000000002,0.254,0.05500000000000005,0.0,0.062000000000000055,0.11699999999999999,0.05600000000000005,0.06399999999999995,0.07799999999999996,0.07699999999999996,0.049000000000000044,0.07599999999999996,0.267,0.05900000000000005,0.118,0.07499999999999996,0.266,0.061000000000000054,0.13,0.08699999999999997,0.19099999999999995,0.14200000000000002,0.08499999999999996,0.15200000000000002,0.16000000000000003,0.04400000000000004,0.08699999999999997,0.06699999999999995,0.05600000000000005,0.17800000000000005,0.136,0.20799999999999996,0.20599999999999996,0.052000000000000046,0.18500000000000005,0.20999999999999996,0.22099999999999997,0.05500000000000005,0.28200000000000003,0.20499999999999996,0.20799999999999996,0.21399999999999997,0.21099999999999997,0.22099999999999997,0.22299999999999998,0.17600000000000005,0.20899999999999996,0.19599999999999995,0.19499999999999995,0.18999999999999995,0.469,0.18600000000000005,0.554,0.19499999999999995,0.5389999999999999,0.18100000000000005,0.19399999999999995,0.19799999999999995,0.5389999999999999,0.19099999999999995,0.19999999999999996,0.16500000000000004,0.19499999999999995,0.542,0.5409999999999999,0.18899999999999995,0.18400000000000005,0.542,0.536,0.5389999999999999,0.5429999999999999,0.542,0.544,0.5449999999999999,0.5489999999999999,0.546,0.5429999999999999,0.556,0.552,0.546,0.55,0.5449999999999999,0.548,0.5349999999999999,0.53,0.5369999999999999,0.526,0.14200000000000002,0.19999999999999996,0.514
sp|O62795.1|OPSD_PAGGO,0.504,0.504,0.51,0.523,0.511,0.509,0.505,0.491,0.493,0.531,0.528,0.52,0.45299999999999996,0.46699999999999997,0.258,0.26,0.11399999999999999,0.42200000000000004,0.15900000000000003,0.486,0.44199999999999995,0.29000000000000004,0.45099999999999996,0.262,0.15500000000000003,0.29900000000000004,0.15100000000000002,0.15600000000000003,0.123,0.17200000000000004,0.16200000000000003,0.252,0.06599999999999995,0.15700000000000003,0.262,0.06399999999999995,0.062000000000000055,0.0,0.11699999999999999,0.03700000000000003,0.06299999999999994,0.07899999999999996,0.07799999999999996,0.052000000000000046,0.07399999999999995,0.266,0.06399999999999995,0.133,0.06899999999999995,0.265,0.06799999999999995,0.138,0.08099999999999996,0.18700000000000006,0.14700000000000002,0.08399999999999996,0.16000000000000003,0.15600000000000003,0.06000000000000005,0.08599999999999997,0.07599999999999996,0.061000000000000054,0.18200000000000005,0.14,0.20599999999999996,0.19999999999999996,0.05300000000000005,0.19099999999999995,0.20199999999999996,0.21899999999999997,0.06599999999999995,0.28,0.19999999999999996,0.20299999999999996,0.21099999999999997,0.20599999999999996,0.21999999999999997,0.22099999999999997,0.17900000000000005,0.20499999999999996,0.19899999999999995,0.19799999999999995,0.19699999999999995,0.46099999999999997,0.18899999999999995,0.5609999999999999,0.19999999999999996,0.5429999999999999,0.18600000000000005,0.20099999999999996,0.19899999999999995,0.5469999999999999,0.19799999999999995,0.20399999999999996,0.16400000000000003,0.20099999999999996,0.55,0.542,0.19299999999999995,0.18100000000000005,0.546,0.5409999999999999,0.5549999999999999,0.556,0.552,0.554,0.552,0.556,0.552,0.552,0.5569999999999999,0.5640000000000001,0.5509999999999999,0.5529999999999999,0.5489999999999999,0.552,0.556,0.558,0.556,0.532,0.15800000000000003,0.20599999999999996,0.509
sp|P52202.1|OPSD_ALLMI,0.497,0.497,0.499,0.518,0.508,0.508,0.492,0.489,0.478,0.527,0.522,0.522,0.44899999999999995,0.48,0.252,0.25,0.126,0.41700000000000004,0.131,0.474,0.44699999999999995,0.28700000000000003,0.471,0.255,0.135,0.28800000000000003,0.137,0.134,0.118,0.17500000000000004,0.15800000000000003,0.239,0.125,0.17800000000000005,0.247,0.10399999999999998,0.11699999999999999,0.11699999999999999,0.0,0.11399999999999999,0.11499999999999999,0.124,0.121,0.10299999999999998,0.121,0.26,0.11499999999999999,0.08799999999999997,0.122,0.242,0.11499999999999999,0.131,0.126,0.16100000000000003,0.132,0.131,0.17000000000000004,0.15300000000000002,0.11199999999999999,0.133,0.12,0.124,0.18899999999999995,0.138,0.21399999999999997,0.22199999999999998,0.10399999999999998,0.19699999999999995,0.22899999999999998,0.237,0.12,0.279,0.22399999999999998,0.21599999999999997,0.22899999999999998,0.22899999999999998,0.23299999999999998,0.236,0.18300000000000005,0.23099999999999998,0.19599999999999995,0.19599999999999995,0.19199999999999995,0.46699999999999997,0.19399999999999995,0.558,0.19699999999999995,0.542,0.19099999999999995,0.20699999999999996,0.21099999999999997,0.552,0.20199999999999996,0.19999999999999996,0.17800000000000005,0.20599999999999996,0.556,0.544,0.20599999999999996,0.16000000000000003,0.5449999999999999,0.542,0.546,0.544,0.556,0.558,0.558,0.562,0.542,0.544,0.5529999999999999,0.56,0.544,0.5509999999999999,0.5469999999999999,0.548,0.546,0.552,0.552,0.5369999999999999,0.16500000000000004,0.20199999999999996,0.536
sp|O62794.1|OPSD_PHOVI,0.505,0.505,0.511,0.525,0.512,0.51,0.506,0.492,0.494,0.527,0.524,0.52,0.45299999999999996,0.46699999999999997,0.254,0.259,0.10799999999999998,0.42100000000000004,0.15700000000000003,0.483,0.44199999999999995,0.28900000000000003,0.45099999999999996,0.259,0.15300000000000002,0.29800000000000004,0.15200000000000002,0.15300000000000002,0.126,0.17500000000000004,0.16200000000000003,0.248,0.06000000000000005,0.15700000000000003,0.261,0.05900000000000005,0.05600000000000005,0.03700000000000003,0.11399999999999999,0.0,0.05700000000000005,0.07499999999999996,0.07599999999999996,0.04600000000000004,0.07399999999999995,0.265,0.05800000000000005,0.131,0.06499999999999995,0.263,0.06299999999999994,0.133,0.08399999999999996,0.18700000000000006,0.14100000000000001,0.08299999999999996,0.15800000000000003,0.15400000000000003,0.05800000000000005,0.08499999999999996,0.06799999999999995,0.06000000000000005,0.18000000000000005,0.138,0.20499999999999996,0.19899999999999995,0.04800000000000004,0.18799999999999994,0.20399999999999996,0.21799999999999997,0.061000000000000054,0.279,0.19999999999999996,0.20499999999999996,0.20999999999999996,0.20599999999999996,0.21799999999999997,0.21999999999999997,0.17700000000000005,0.20499999999999996,0.19399999999999995,0.19299999999999995,0.19099999999999995,0.45799999999999996,0.18700000000000006,0.56,0.19499999999999995,0.542,0.18100000000000005,0.19599999999999995,0.19399999999999995,0.546,0.19199999999999995,0.19899999999999995,0.16200000000000003,0.19599999999999995,0.5489999999999999,0.5409999999999999,0.18799999999999994,0.17900000000000005,0.5449999999999999,0.54,0.554,0.5549999999999999,0.5509999999999999,0.5529999999999999,0.5509999999999999,0.5549999999999999,0.5509999999999999,0.5509999999999999,0.556,0.5640000000000001,0.55,0.552,0.548,0.5509999999999999,0.5549999999999999,0.5569999999999999,0.5549999999999999,0.531,0.15200000000000002,0.20099999999999996,0.511
sp|Q769E8.1|OPSD_OTOCR,0.506,0.506,0.512,0.525,0.511,0.522,0.508,0.488,0.491,0.5349999999999999,0.519,0.518,0.45099999999999996,0.472,0.258,0.256,0.10599999999999998,0.43100000000000005,0.16100000000000003,0.469,0.44499999999999995,0.29500000000000004,0.45199999999999996,0.271,0.15700000000000003,0.30100000000000005,0.17500000000000004,0.15700000000000003,0.135,0.18300000000000005,0.17400000000000004,0.267,0.06399999999999995,0.15200000000000002,0.262,0.06599999999999995,0.06399999999999995,0.06299999999999994,0.11499999999999999,0.05700000000000005,0.0,0.06899999999999995,0.08299999999999996,0.05500000000000005,0.07599999999999996,0.263,0.06000000000000005,0.121,0.06599999999999995,0.272,0.05700000000000005,0.139,0.08799999999999997,0.19699999999999995,0.15100000000000002,0.08499999999999996,0.15200000000000002,0.16300000000000003,0.06499999999999995,0.08799999999999997,0.06599999999999995,0.05600000000000005,0.17800000000000005,0.14700000000000002,0.20599999999999996,0.20599999999999996,0.061000000000000054,0.18300000000000005,0.21099999999999997,0.21599999999999997,0.06899999999999995,0.281,0.20599999999999996,0.20799999999999996,0.21399999999999997,0.20999999999999996,0.21399999999999997,0.21799999999999997,0.16700000000000004,0.20899999999999996,0.19399999999999995,0.19199999999999995,0.17800000000000005,0.46399999999999997,0.17500000000000004,0.5589999999999999,0.18200000000000005,0.5389999999999999,0.17900000000000005,0.18700000000000006,0.18700000000000006,0.544,0.18300000000000005,0.18899999999999995,0.14400000000000002,0.18600000000000005,0.546,0.5469999999999999,0.18000000000000005,0.18500000000000005,0.546,0.54,0.5409999999999999,0.5509999999999999,0.5469999999999999,0.55,0.5489999999999999,0.5569999999999999,0.5449999999999999,0.544,0.554,0.552,0.548,0.55,0.5409999999999999,0.548,0.53,0.558,0.5640000000000001,0.524,0.15200000000000002,0.19099999999999995,0.516
sp|P02699.1|OPSD_BOVIN,0.508,0.508,0.513,0.523,0.51,0.51,0.504,0.49,0.49,0.516,0.52,0.513,0.45099999999999996,0.46799999999999997,0.262,0.257,0.10699999999999998,0.42700000000000005,0.16300000000000003,0.46099999999999997,0.44399999999999995,0.29900000000000004,0.45099999999999996,0.271,0.15900000000000003,0.30500000000000005,0.16500000000000004,0.16000000000000003,0.14200000000000002,0.18400000000000005,0.18700000000000006,0.259,0.07799999999999996,0.17100000000000004,0.259,0.07799999999999996,0.07799999999999996,0.07899999999999996,0.124,0.07499999999999996,0.06899999999999995,0.0,0.08799999999999997,0.06499999999999995,0.08199999999999996,0.266,0.07699999999999996,0.138,0.07599999999999996,0.268,0.07799999999999996,0.14600000000000002,0.08799999999999997,0.20099999999999996,0.15900000000000003,0.08299999999999996,0.16800000000000004,0.16200000000000003,0.07599999999999996,0.08499999999999996,0.05900000000000005,0.06699999999999995,0.17300000000000004,0.15500000000000003,0.20499999999999996,0.20499999999999996,0.06699999999999995,0.18600000000000005,0.20599999999999996,0.21699999999999997,0.07899999999999996,0.28500000000000003,0.20499999999999996,0.20499999999999996,0.20999999999999996,0.20599999999999996,0.21699999999999997,0.21899999999999997,0.17500000000000004,0.20499999999999996,0.18999999999999995,0.18799999999999994,0.18100000000000005,0.45899999999999996,0.18000000000000005,0.556,0.18400000000000005,0.542,0.17800000000000005,0.18400000000000005,0.18300000000000005,0.5409999999999999,0.18000000000000005,0.18999999999999995,0.15500000000000003,0.19199999999999995,0.544,0.538,0.17700000000000005,0.18000000000000005,0.542,0.5369999999999999,0.5389999999999999,0.5329999999999999,0.546,0.548,0.55,0.552,0.546,0.5469999999999999,0.556,0.5569999999999999,0.544,0.5489999999999999,0.546,0.546,0.554,0.53,0.528,0.532,0.14900000000000002,0.19399999999999995,0.504
sp|Q68J47.1|OPSD_LOXAF,0.506,0.506,0.511,0.523,0.51,0.513,0.507,0.49,0.491,0.517,0.518,0.519,0.45299999999999996,0.471,0.263,0.261,0.11199999999999999,0.43600000000000005,0.15000000000000002,0.473,0.44599999999999995,0.29400000000000004,0.45799999999999996,0.267,0.14200000000000002,0.30300000000000005,0.16500000000000004,0.14600000000000002,0.119,0.16800000000000004,0.17400000000000004,0.265,0.08499999999999996,0.14900000000000002,0.261,0.07599999999999996,0.07699999999999996,0.07799999999999996,0.121,0.07599999999999996,0.08299999999999996,0.08799999999999997,0.0,0.062000000000000055,0.07799999999999996,0.266,0.07899999999999996,0.135,0.08299999999999996,0.256,0.08299999999999996,0.127,0.09299999999999997,0.19199999999999995,0.135,0.08799999999999997,0.14300000000000002,0.16600000000000004,0.07499999999999996,0.08899999999999997,0.07999999999999996,0.07099999999999995,0.16500000000000004,0.134,0.20799999999999996,0.20199999999999996,0.06699999999999995,0.17200000000000004,0.20399999999999996,0.21999999999999997,0.061000000000000054,0.28400000000000003,0.20299999999999996,0.20499999999999996,0.21599999999999997,0.21299999999999997,0.21699999999999997,0.22199999999999998,0.17400000000000004,0.21099999999999997,0.19199999999999995,0.19099999999999995,0.18600000000000005,0.46399999999999997,0.18500000000000005,0.563,0.18999999999999995,0.5469999999999999,0.17300000000000004,0.19199999999999995,0.18899999999999995,0.5489999999999999,0.18200000000000005,0.18999999999999995,0.15900000000000003,0.19599999999999995,0.5509999999999999,0.5449999999999999,0.18500000000000005,0.18799999999999994,0.55,0.5429999999999999,0.5609999999999999,0.5609999999999999,0.556,0.5589999999999999,0.558,0.562,0.5569999999999999,0.5569999999999999,0.5680000000000001,0.575,0.5569999999999999,0.5640000000000001,0.5589999999999999,0.562,0.5589999999999999,0.558,0.5569999999999999,0.5389999999999999,0.14700000000000002,0.19699999999999995,0.525
sp|Q95KU1.1|OPSD_FELCA,0.507,0.507,0.511,0.522,0.509,0.511,0.506,0.49,0.489,0.519,0.519,0.515,0.44899999999999995,0.46399999999999997,0.247,0.248,0.09699999999999998,0.42900000000000005,0.14900000000000002,0.46499999999999997,0.43999999999999995,0.28400000000000003,0.44899999999999995,0.255,0.14500000000000002,0.29200000000000004,0.14700000000000002,0.14600000000000002,0.124,0.17500000000000004,0.16900000000000004,0.245,0.05500000000000005,0.14600000000000002,0.249,0.049000000000000044,0.049000000000000044,0.052000000000000046,0.10299999999999998,0.04600000000000004,0.05500000000000005,0.06499999999999995,0.062000000000000055,0.0,0.05900000000000005,0.257,0.049000000000000044,0.11299999999999999,0.062000000000000055,0.246,0.05400000000000005,0.127,0.07299999999999995,0.18500000000000005,0.136,0.06899999999999995,0.14700000000000002,0.15100000000000002,0.050000000000000044,0.07099999999999995,0.05500000000000005,0.04700000000000004,0.16900000000000004,0.133,0.20099999999999996,0.19699999999999995,0.04300000000000004,0.17800000000000005,0.20199999999999996,0.21199999999999997,0.049000000000000044,0.272,0.19699999999999995,0.20099999999999996,0.20599999999999996,0.20199999999999996,0.21199999999999997,0.21399999999999997,0.16900000000000004,0.20099999999999996,0.18700000000000006,0.18600000000000005,0.18000000000000005,0.46399999999999997,0.18000000000000005,0.5549999999999999,0.18300000000000005,0.5389999999999999,0.17200000000000004,0.18600000000000005,0.18700000000000006,0.5409999999999999,0.18300000000000005,0.18799999999999994,0.15400000000000003,0.18799999999999994,0.5429999999999999,0.538,0.17900000000000005,0.17500000000000004,0.542,0.5369999999999999,0.5529999999999999,0.5529999999999999,0.5469999999999999,0.55,0.5489999999999999,0.5529999999999999,0.546,0.546,0.558,0.5640000000000001,0.546,0.5529999999999999,0.548,0.5509999999999999,0.5469999999999999,0.5549999999999999,0.5529999999999999,0.529,0.14,0.18999999999999995,0.509
sp|O62791.1|OPSD_DELDE,0.508,0.508,0.511,0.522,0.509,0.516,0.51,0.491,0.486,0.527,0.527,0.506,0.44099999999999995,0.45699999999999996,0.255,0.255,0.11199999999999999,0.41800000000000004,0.16100000000000003,0.478,0.43500000000000005,0.29100000000000004,0.44399999999999995,0.255,0.15600000000000003,0.30100000000000005,0.16200000000000003,0.15700000000000003,0.127,0.17000000000000004,0.17300000000000004,0.263,0.08299999999999996,0.15300000000000002,0.257,0.06999999999999995,0.07599999999999996,0.07399999999999995,0.121,0.07399999999999995,0.07599999999999996,0.08199999999999996,0.07799999999999996,0.05900000000000005,0.0,0.264,0.07699999999999996,0.12,0.08699999999999997,0.263,0.07699999999999996,0.136,0.05800000000000005,0.19599999999999995,0.14500000000000002,0.04700000000000004,0.15100000000000002,0.15600000000000003,0.07499999999999996,0.050000000000000044,0.07399999999999995,0.05600000000000005,0.17800000000000005,0.14700000000000002,0.20999999999999996,0.20499999999999996,0.06499999999999995,0.18600000000000005,0.20999999999999996,0.22099999999999997,0.07699999999999996,0.278,0.20799999999999996,0.20999999999999996,0.21399999999999997,0.21099999999999997,0.21999999999999997,0.22299999999999998,0.18100000000000005,0.20899999999999996,0.19999999999999996,0.19899999999999995,0.19299999999999995,0.472,0.19199999999999995,0.567,0.19199999999999995,0.5469999999999999,0.18000000000000005,0.19599999999999995,0.19199999999999995,0.55,0.18799999999999994,0.19499999999999995,0.17000000000000004,0.19699999999999995,0.552,0.5449999999999999,0.18899999999999995,0.18100000000000005,0.55,0.544,0.5609999999999999,0.542,0.5569999999999999,0.56,0.5589999999999999,0.5489999999999999,0.556,0.554,0.567,0.5700000000000001,0.556,0.56,0.5569999999999999,0.56,0.5569999999999999,0.54,0.542,0.5409999999999999,0.15400000000000003,0.19799999999999995,0.521
sp|P32312.1|OPSG2_CARAU,0.475,0.475,0.476,0.495,0.485,0.483,0.494,0.478,0.45599999999999996,0.494,0.477,0.477,0.43400000000000005,0.473,0.08999999999999997,0.07199999999999995,0.273,0.392,0.264,0.47,0.40900000000000003,0.14700000000000002,0.44499999999999995,0.21399999999999997,0.259,0.17800000000000005,0.266,0.264,0.266,0.262,0.266,0.20099999999999996,0.271,0.29200000000000004,0.08899999999999997,0.26,0.267,0.266,0.26,0.265,0.263,0.266,0.266,0.257,0.264,0.0,0.271,0.262,0.269,0.20199999999999996,0.271,0.25,0.271,0.27,0.254,0.275,0.28800000000000003,0.22099999999999997,0.262,0.277,0.267,0.256,0.31399999999999995,0.259,0.31599999999999995,0.32399999999999995,0.257,0.29600000000000004,0.32799999999999996,0.32599999999999996,0.266,0.137,0.32699999999999996,0.31699999999999995,0.33299999999999996,0.32899999999999996,0.32699999999999996,0.32799999999999996,0.30900000000000005,0.32699999999999996,0.31599999999999995,0.32099999999999995,0.30700000000000005,0.473,0.31200000000000006,0.562,0.30800000000000005,0.5569999999999999,0.31200000000000006,0.31499999999999995,0.31999999999999995,0.56,0.31499999999999995,0.30300000000000005,0.30200000000000005,0.31399999999999995,0.563,0.562,0.31999999999999995,0.22999999999999998,0.552,0.5529999999999999,0.548,0.546,0.5609999999999999,0.558,0.5569999999999999,0.5700000000000001,0.54,0.534,0.5449999999999999,0.5469999999999999,0.5569999999999999,0.532,0.536,0.5369999999999999,0.55,0.5429999999999999,0.55,0.5429999999999999,0.279,0.30300000000000005,0.517
sp|P15409.2|OPSD_MOUSE,0.506,0.506,0.51,0.522,0.508,0.524,0.505,0.49,0.487,0.532,0.52,0.518,0.45199999999999996,0.472,0.258,0.262,0.10799999999999998,0.41800000000000004,0.15200000000000002,0.471,0.44299999999999995,0.29500000000000004,0.469,0.262,0.14800000000000002,0.30300000000000005,0.16000000000000003,0.14800000000000002,0.131,0.18200000000000005,0.17800000000000005,0.266,0.04600000000000004,0.15700000000000003,0.263,0.05900000000000005,0.05900000000000005,0.06399999999999995,0.11499999999999999,0.05800000000000005,0.06000000000000005,0.07699999999999996,0.07899999999999996,0.049000000000000044,0.07699999999999996,0.271,0.0,0.124,0.06399999999999995,0.269,0.049000000000000044,0.128,0.08799999999999997,0.19399999999999995,0.136,0.08599999999999997,0.15400000000000003,0.16100000000000003,0.06000000000000005,0.08899999999999997,0.06599999999999995,0.06299999999999994,0.17900000000000005,0.133,0.20599999999999996,0.20299999999999996,0.05600000000000005,0.18600000000000005,0.20699999999999996,0.21999999999999997,0.06699999999999995,0.28200000000000003,0.20299999999999996,0.20299999999999996,0.21099999999999997,0.20799999999999996,0.21899999999999997,0.22199999999999998,0.17500000000000004,0.20699999999999996,0.19499999999999995,0.19399999999999995,0.18700000000000006,0.46599999999999997,0.18700000000000006,0.5409999999999999,0.18700000000000006,0.536,0.17800000000000005,0.19699999999999995,0.19799999999999995,0.538,0.19099999999999995,0.19599999999999995,0.16400000000000003,0.19399999999999995,0.5409999999999999,0.5489999999999999,0.18999999999999995,0.18400000000000005,0.5389999999999999,0.534,0.556,0.556,0.5529999999999999,0.5549999999999999,0.552,0.558,0.548,0.548,0.56,0.5549999999999999,0.55,0.5509999999999999,0.55,0.552,0.5389999999999999,0.5609999999999999,0.5589999999999999,0.5349999999999999,0.14900000000000002,0.19599999999999995,0.526
sp|P22328.1|OPSD_CHICK,0.501,0.501,0.503,0.516,0.503,0.509,0.498,0.492,0.487,0.498,0.514,0.512,0.45399999999999996,0.487,0.258,0.256,0.128,0.42600000000000005,0.137,0.471,0.45099999999999996,0.28,0.479,0.248,0.133,0.29000000000000004,0.131,0.136,0.125,0.17100000000000004,0.15500000000000003,0.236,0.134,0.16800000000000004,0.248,0.10999999999999999,0.118,0.133,0.08799999999999997,0.131,0.121,0.138,0.135,0.11299999999999999,0.12,0.262,0.124,0.0,0.128,0.242,0.13,0.126,0.133,0.17300000000000004,0.14,0.13,0.16500000000000004,0.16100000000000003,0.121,0.133,0.135,0.123,0.18400000000000005,0.134,0.22399999999999998,0.21999999999999997,0.118,0.18799999999999994,0.22299999999999998,0.22999999999999998,0.131,0.28400000000000003,0.22299999999999998,0.22299999999999998,0.22599999999999998,0.22399999999999998,0.22999999999999998,0.23199999999999998,0.19099999999999995,0.22199999999999998,0.19499999999999995,0.19499999999999995,0.19099999999999995,0.46399999999999997,0.19699999999999995,0.5589999999999999,0.19599999999999995,0.5469999999999999,0.19099999999999995,0.20699999999999996,0.20899999999999996,0.563,0.20099999999999996,0.20099999999999996,0.17800000000000005,0.20899999999999996,0.567,0.5569999999999999,0.20099999999999996,0.16800000000000004,0.548,0.546,0.5549999999999999,0.558,0.5529999999999999,0.5549999999999999,0.5549999999999999,0.5589999999999999,0.54,0.5369999999999999,0.554,0.562,0.554,0.5509999999999999,0.552,0.5489999999999999,0.5469999999999999,0.554,0.5549999999999999,0.531,0.16500000000000004,0.20299999999999996,0.516
sp|Q6W3E1.1|OPSD_CALPD,0.508,0.508,0.513,0.522,0.511,0.509,0.505,0.493,0.491,0.521,0.515,0.511,0.45699999999999996,0.46799999999999997,0.269,0.263,0.10399999999999998,0.42300000000000004,0.16300000000000003,0.46599999999999997,0.44299999999999995,0.28900000000000003,0.45199999999999996,0.27,0.15900000000000003,0.29400000000000004,0.16700000000000004,0.16100000000000003,0.138,0.18799999999999994,0.18600000000000005,0.269,0.06799999999999995,0.17100000000000004,0.267,0.07499999999999996,0.07499999999999996,0.06899999999999995,0.122,0.06499999999999995,0.06599999999999995,0.07599999999999996,0.08299999999999996,0.062000000000000055,0.08699999999999997,0.269,0.06399999999999995,0.128,0.0,0.275,0.07299999999999995,0.14500000000000002,0.09799999999999998,0.20099999999999996,0.15300000000000002,0.09599999999999997,0.16500000000000004,0.16400000000000003,0.07399999999999995,0.09799999999999998,0.07299999999999995,0.07299999999999995,0.18200000000000005,0.14400000000000002,0.21999999999999997,0.21599999999999997,0.06899999999999995,0.19999999999999996,0.21799999999999997,0.23399999999999999,0.07999999999999996,0.28800000000000003,0.21899999999999997,0.21499999999999997,0.22699999999999998,0.22399999999999998,0.23399999999999999,0.236,0.18200000000000005,0.22299999999999998,0.20299999999999996,0.20199999999999996,0.19499999999999995,0.46199999999999997,0.18899999999999995,0.5640000000000001,0.20599999999999996,0.544,0.18799999999999994,0.20299999999999996,0.20699999999999996,0.5509999999999999,0.19699999999999995,0.20699999999999996,0.16100000000000003,0.20599999999999996,0.554,0.5429999999999999,0.19499999999999995,0.19099999999999995,0.5489999999999999,0.544,0.542,0.54,0.554,0.556,0.5409999999999999,0.5609999999999999,0.556,0.5549999999999999,0.56,0.565,0.554,0.5569999999999999,0.5529999999999999,0.5549999999999999,0.558,0.54,0.538,0.53,0.16400000000000003,0.20699999999999996,0.513
sp|P51471.1|OPSB_ANOCA,0.485,0.485,0.471,0.49,0.481,0.477,0.483,0.478,0.44699999999999995,0.51,0.505,0.495,0.44699999999999995,0.487,0.19899999999999995,0.19999999999999996,0.271,0.40900000000000003,0.249,0.469,0.43100000000000005,0.23399999999999999,0.45399999999999996,0.139,0.242,0.242,0.249,0.246,0.249,0.265,0.249,0.06899999999999995,0.278,0.28900000000000003,0.19099999999999995,0.26,0.266,0.265,0.242,0.263,0.272,0.268,0.256,0.246,0.263,0.20199999999999996,0.269,0.242,0.275,0.0,0.271,0.22899999999999998,0.271,0.245,0.23399999999999999,0.274,0.28900000000000003,0.20699999999999996,0.265,0.277,0.268,0.264,0.29400000000000004,0.239,0.30500000000000005,0.31100000000000005,0.255,0.29400000000000004,0.31999999999999995,0.31899999999999995,0.262,0.236,0.31399999999999995,0.31499999999999995,0.31599999999999995,0.31599999999999995,0.32199999999999995,0.31599999999999995,0.276,0.31599999999999995,0.29100000000000004,0.29300000000000004,0.29000000000000004,0.472,0.28600000000000003,0.567,0.29000000000000004,0.554,0.29800000000000004,0.30100000000000005,0.29800000000000004,0.563,0.30200000000000005,0.29600000000000004,0.279,0.29200000000000004,0.5660000000000001,0.548,0.30600000000000005,0.20199999999999996,0.554,0.55,0.5609999999999999,0.5509999999999999,0.567,0.569,0.565,0.562,0.5489999999999999,0.5409999999999999,0.556,0.556,0.5449999999999999,0.554,0.5489999999999999,0.5509999999999999,0.5680000000000001,0.5660000000000001,0.5680000000000001,0.548,0.274,0.28900000000000003,0.507
sp|P28681.1|OPSD_CRIGR,0.507,0.507,0.511,0.528,0.514,0.527,0.504,0.489,0.486,0.529,0.514,0.512,0.45199999999999996,0.475,0.26,0.262,0.11499999999999999,0.42400000000000004,0.15600000000000003,0.481,0.44999999999999996,0.29700000000000004,0.44899999999999995,0.266,0.15200000000000002,0.30400000000000005,0.17400000000000004,0.15200000000000002,0.136,0.18799999999999994,0.18000000000000005,0.267,0.05900000000000005,0.15700000000000003,0.263,0.061000000000000054,0.061000000000000054,0.06799999999999995,0.11499999999999999,0.06299999999999994,0.05700000000000005,0.07799999999999996,0.08299999999999996,0.05400000000000005,0.07699999999999996,0.271,0.049000000000000044,0.13,0.07299999999999995,0.271,0.0,0.14,0.08899999999999997,0.19299999999999995,0.14600000000000002,0.08599999999999997,0.15900000000000003,0.15900000000000003,0.06299999999999994,0.08899999999999997,0.06699999999999995,0.06499999999999995,0.18100000000000005,0.14600000000000002,0.20499999999999996,0.20599999999999996,0.06000000000000005,0.18899999999999995,0.21099999999999997,0.22399999999999998,0.07099999999999995,0.28200000000000003,0.20599999999999996,0.20499999999999996,0.21499999999999997,0.20899999999999996,0.22299999999999998,0.22599999999999998,0.17500000000000004,0.20799999999999996,0.19799999999999995,0.19699999999999995,0.18899999999999995,0.46299999999999997,0.18600000000000005,0.556,0.18899999999999995,0.54,0.18300000000000005,0.19299999999999995,0.19399999999999995,0.54,0.18999999999999995,0.19499999999999995,0.15900000000000003,0.19599999999999995,0.5429999999999999,0.5449999999999999,0.18600000000000005,0.18500000000000005,0.544,0.5389999999999999,0.54,0.55,0.55,0.552,0.548,0.554,0.546,0.544,0.556,0.554,0.5449999999999999,0.552,0.5469999999999999,0.55,0.536,0.5589999999999999,0.565,0.534,0.15300000000000002,0.19699999999999995,0.526
sp|P56515.1|OPSD_RHIMB,0.499,0.499,0.507,0.534,0.521,0.515,0.498,0.48,0.489,0.527,0.522,0.522,0.45499999999999996,0.495,0.242,0.248,0.139,0.41700000000000004,0.08499999999999996,0.476,0.44799999999999995,0.269,0.484,0.22599999999999998,0.07599999999999996,0.279,0.16100000000000003,0.08299999999999996,0.09599999999999997,0.18400000000000005,0.16700000000000004,0.22499999999999998,0.14,0.18100000000000005,0.24,0.12,0.13,0.138,0.131,0.133,0.139,0.14600000000000002,0.127,0.127,0.136,0.25,0.128,0.126,0.14500000000000002,0.22899999999999998,0.14,0.0,0.14700000000000002,0.19299999999999995,0.061000000000000054,0.14600000000000002,0.16700000000000004,0.16300000000000003,0.13,0.14800000000000002,0.14100000000000001,0.13,0.19399999999999995,0.08699999999999997,0.22399999999999998,0.22299999999999998,0.119,0.18500000000000005,0.23199999999999998,0.23299999999999998,0.13,0.28300000000000003,0.22599999999999998,0.22899999999999998,0.22199999999999998,0.22399999999999998,0.235,0.23199999999999998,0.18999999999999995,0.22499999999999998,0.20199999999999996,0.20399999999999996,0.19799999999999995,0.45899999999999996,0.20099999999999996,0.558,0.19999999999999996,0.556,0.19399999999999995,0.19699999999999995,0.20099999999999996,0.5569999999999999,0.19899999999999995,0.20499999999999996,0.18100000000000005,0.20299999999999996,0.5509999999999999,0.5569999999999999,0.20199999999999996,0.16600000000000004,0.5469999999999999,0.544,0.5569999999999999,0.554,0.548,0.55,0.5529999999999999,0.556,0.5449999999999999,0.5389999999999999,0.563,0.5720000000000001,0.544,0.5529999999999999,0.55,0.5509999999999999,0.548,0.556,0.5569999999999999,0.531,0.17100000000000004,0.20499999999999996,0.523
sp|O62793.1|OPSD_MESBI,0.509,0.509,0.51,0.525,0.512,0.517,0.509,0.494,0.484,0.525,0.523,0.506,0.44199999999999995,0.45399999999999996,0.263,0.264,0.128,0.41700000000000004,0.17000000000000004,0.489,0.43400000000000005,0.30000000000000004,0.44499999999999995,0.26,0.16400000000000003,0.30800000000000005,0.15900000000000003,0.16600000000000004,0.14,0.17500000000000004,0.18799999999999994,0.268,0.09399999999999997,0.16600000000000004,0.263,0.07899999999999996,0.08699999999999997,0.08099999999999996,0.126,0.08399999999999996,0.08799999999999997,0.08799999999999997,0.09299999999999997,0.07299999999999995,0.05800000000000005,0.271,0.08799999999999997,0.133,0.09799999999999998,0.271,0.08899999999999997,0.14700000000000002,0.0,0.20699999999999996,0.15600000000000003,0.06699999999999995,0.15800000000000003,0.16000000000000003,0.07899999999999996,0.06899999999999995,0.08999999999999997,0.07399999999999995,0.18400000000000005,0.15100000000000002,0.21499999999999997,0.21099999999999997,0.08099999999999996,0.18600000000000005,0.21199999999999997,0.22299999999999998,0.08999999999999997,0.28600000000000003,0.21399999999999997,0.20999999999999996,0.21799999999999997,0.21499999999999997,0.22299999999999998,0.22399999999999998,0.18899999999999995,0.21299999999999997,0.20699999999999996,0.20699999999999996,0.20399999999999996,0.46499999999999997,0.19999999999999996,0.5660000000000001,0.19799999999999995,0.5409999999999999,0.18700000000000006,0.19899999999999995,0.19799999999999995,0.55,0.19199999999999995,0.19999999999999996,0.17900000000000005,0.20399999999999996,0.5529999999999999,0.548,0.19699999999999995,0.18600000000000005,0.544,0.5389999999999999,0.5489999999999999,0.544,0.558,0.56,0.5489999999999999,0.5489999999999999,0.562,0.5589999999999999,0.5640000000000001,0.5700000000000001,0.5589999999999999,0.563,0.562,0.5660000000000001,0.5609999999999999,0.54,0.5409999999999999,0.5429999999999999,0.15900000000000003,0.20499999999999996,0.515
sp|P79863.1|OPSD_LEUER,0.513,0.513,0.511,0.516,0.508,0.51,0.493,0.483,0.483,0.5329999999999999,0.519,0.529,0.45299999999999996,0.484,0.261,0.269,0.21399999999999997,0.43300000000000005,0.19699999999999995,0.473,0.44199999999999995,0.28700000000000003,0.46699999999999997,0.26,0.19499999999999995,0.30300000000000005,0.19399999999999995,0.19399999999999995,0.17800000000000005,0.14800000000000002,0.124,0.251,0.19799999999999995,0.20099999999999996,0.263,0.18400000000000005,0.19099999999999995,0.18700000000000006,0.16100000000000003,0.18700000000000006,0.19699999999999995,0.20099999999999996,0.19199999999999995,0.18500000000000005,0.19599999999999995,0.27,0.19399999999999995,0.17300000000000004,0.20099999999999996,0.245,0.19299999999999995,0.19299999999999995,0.20699999999999996,0.0,0.18999999999999995,0.20499999999999996,0.18500000000000005,0.20499999999999996,0.18999999999999995,0.20699999999999996,0.19699999999999995,0.18700000000000006,0.20899999999999996,0.17800000000000005,0.244,0.252,0.18000000000000005,0.21499999999999997,0.254,0.27,0.18300000000000005,0.29400000000000004,0.252,0.245,0.26,0.261,0.262,0.271,0.18500000000000005,0.258,0.22399999999999998,0.22299999999999998,0.19499999999999995,0.477,0.19099999999999995,0.5569999999999999,0.20299999999999996,0.5509999999999999,0.22599999999999998,0.23199999999999998,0.22899999999999998,0.5640000000000001,0.22399999999999998,0.21299999999999997,0.18400000000000005,0.20999999999999996,0.5680000000000001,0.56,0.22399999999999998,0.19999999999999996,0.552,0.55,0.56,0.5589999999999999,0.552,0.5549999999999999,0.5569999999999999,0.562,0.55,0.5449999999999999,0.563,0.569,0.5660000000000001,0.556,0.55,0.548,0.5509999999999999,0.552,0.5609999999999999,0.527,0.16500000000000004,0.20899999999999996,0.529
sp|P56514.1|OPSD_BUFBU,0.502,0.502,0.51,0.538,0.526,0.52,0.501,0.486,0.49,0.538,0.524,0.527,0.46099999999999997,0.486,0.239,0.248,0.15100000000000002,0.42700000000000005,0.08999999999999997,0.478,0.45099999999999996,0.266,0.483,0.237,0.09199999999999997,0.275,0.17400000000000004,0.09699999999999998,0.10199999999999998,0.18700000000000006,0.16800000000000004,0.235,0.14900000000000002,0.18999999999999995,0.245,0.128,0.14200000000000002,0.14700000000000002,0.132,0.14100000000000001,0.15100000000000002,0.15900000000000003,0.135,0.136,0.14500000000000002,0.254,0.136,0.14,0.15300000000000002,0.23399999999999999,0.14600000000000002,0.061000000000000054,0.15600000000000003,0.18999999999999995,0.0,0.15500000000000003,0.17600000000000005,0.17800000000000005,0.139,0.15700000000000003,0.15100000000000002,0.14,0.19899999999999995,0.09699999999999998,0.23099999999999998,0.22299999999999998,0.13,0.19099999999999995,0.23199999999999998,0.239,0.14,0.28900000000000003,0.22699999999999998,0.23199999999999998,0.22699999999999998,0.22899999999999998,0.23399999999999999,0.238,0.19799999999999995,0.23099999999999998,0.20599999999999996,0.20799999999999996,0.20199999999999996,0.472,0.20999999999999996,0.5589999999999999,0.19799999999999995,0.5589999999999999,0.19999999999999996,0.20299999999999996,0.19899999999999995,0.565,0.20699999999999996,0.20099999999999996,0.18799999999999994,0.20599999999999996,0.5589999999999999,0.56,0.20899999999999996,0.17900000000000005,0.5509999999999999,0.548,0.567,0.5640000000000001,0.5569999999999999,0.5589999999999999,0.562,0.5640000000000001,0.5469999999999999,0.5389999999999999,0.563,0.569,0.5469999999999999,0.554,0.5489999999999999,0.552,0.5489999999999999,0.5589999999999999,0.56,0.5429999999999999,0.18400000000000005,0.20299999999999996,0.517
sp|O62798.1|OPSD_TURTR,0.515,0.515,0.518,0.529,0.515,0.522,0.517,0.498,0.493,0.529,0.531,0.509,0.44399999999999995,0.45899999999999996,0.266,0.267,0.123,0.42100000000000004,0.17100000000000004,0.482,0.43700000000000006,0.30200000000000005,0.44599999999999995,0.266,0.16600000000000004,0.31200000000000006,0.17000000000000004,0.16700000000000004,0.137,0.17600000000000005,0.18300000000000005,0.27,0.09299999999999997,0.16200000000000003,0.268,0.07999999999999996,0.08499999999999996,0.08399999999999996,0.131,0.08299999999999996,0.08499999999999996,0.08299999999999996,0.08799999999999997,0.06899999999999995,0.04700000000000004,0.275,0.08599999999999997,0.13,0.09599999999999997,0.274,0.08599999999999997,0.14600000000000002,0.06699999999999995,0.20499999999999996,0.15500000000000003,0.0,0.16100000000000003,0.16800000000000004,0.08499999999999996,0.04500000000000004,0.08299999999999996,0.06599999999999995,0.18100000000000005,0.15700000000000003,0.21299999999999997,0.20799999999999996,0.07499999999999996,0.19399999999999995,0.21299999999999997,0.22399999999999998,0.08699999999999997,0.28900000000000003,0.21099999999999997,0.21299999999999997,0.21699999999999997,0.21399999999999997,0.22299999999999998,0.22499999999999998,0.18899999999999995,0.21199999999999997,0.20299999999999996,0.20199999999999996,0.19599999999999995,0.475,0.19299999999999995,0.5700000000000001,0.19499999999999995,0.5509999999999999,0.18300000000000005,0.19799999999999995,0.19399999999999995,0.552,0.19099999999999995,0.19799999999999995,0.17800000000000005,0.19999999999999996,0.5549999999999999,0.548,0.19199999999999995,0.19199999999999995,0.554,0.548,0.5640000000000001,0.546,0.5609999999999999,0.563,0.562,0.552,0.56,0.558,0.571,0.5740000000000001,0.56,0.563,0.56,0.5609999999999999,0.562,0.5429999999999999,0.5449999999999999,0.5469999999999999,0.16200000000000003,0.20099999999999996,0.526
sp|Q90214.1|OPSD1_ANGAN,0.507,0.507,0.521,0.538,0.524,0.5389999999999999,0.52,0.492,0.501,0.5469999999999999,0.518,0.526,0.45899999999999996,0.484,0.275,0.276,0.17900000000000005,0.42800000000000005,0.17200000000000004,0.493,0.44499999999999995,0.29600000000000004,0.482,0.28200000000000003,0.16300000000000003,0.30500000000000005,0.19499999999999995,0.16600000000000004,0.16500000000000004,0.17900000000000005,0.16400000000000003,0.28700000000000003,0.15800000000000003,0.08899999999999997,0.28400000000000003,0.14800000000000002,0.15200000000000002,0.16000000000000003,0.17000000000000004,0.15800000000000003,0.15200000000000002,0.16800000000000004,0.14300000000000002,0.14700000000000002,0.15100000000000002,0.28800000000000003,0.15400000000000003,0.16500000000000004,0.16500000000000004,0.28900000000000003,0.15900000000000003,0.16700000000000004,0.15800000000000003,0.18500000000000005,0.17600000000000005,0.16100000000000003,0.0,0.21599999999999997,0.15300000000000002,0.16300000000000003,0.16000000000000003,0.14800000000000002,0.14400000000000002,0.16800000000000004,0.18500000000000005,0.17200000000000004,0.14800000000000002,0.14500000000000002,0.17600000000000005,0.19599999999999995,0.14200000000000002,0.30400000000000005,0.17500000000000004,0.17900000000000005,0.18200000000000005,0.18300000000000005,0.18600000000000005,0.19399999999999995,0.14900000000000002,0.18500000000000005,0.15400000000000003,0.15600000000000003,0.14600000000000002,0.482,0.16200000000000003,0.552,0.15900000000000003,0.5349999999999999,0.16300000000000003,0.17100000000000004,0.18000000000000005,0.5489999999999999,0.16100000000000003,0.15400000000000003,0.137,0.15200000000000002,0.536,0.55,0.16600000000000004,0.21499999999999997,0.534,0.527,0.5449999999999999,0.5489999999999999,0.5429999999999999,0.546,0.5469999999999999,0.546,0.552,0.5509999999999999,0.5609999999999999,0.565,0.55,0.558,0.56,0.556,0.544,0.5569999999999999,0.5589999999999999,0.526,0.10699999999999998,0.15600000000000003,0.531
sp|P22671.1|OPSD_LETCA,0.489,0.489,0.491,0.503,0.489,0.486,0.491,0.481,0.46799999999999997,0.5,0.51,0.504,0.41000000000000003,0.46199999999999997,0.21599999999999997,0.21099999999999997,0.16100000000000003,0.402,0.17600000000000005,0.45899999999999996,0.41500000000000004,0.246,0.43500000000000005,0.22199999999999998,0.16700000000000004,0.266,0.16900000000000004,0.17200000000000004,0.17400000000000004,0.20599999999999996,0.19999999999999996,0.21499999999999997,0.16800000000000004,0.22099999999999997,0.21499999999999997,0.15200000000000002,0.16000000000000003,0.15600000000000003,0.15300000000000002,0.15400000000000003,0.16300000000000003,0.16200000000000003,0.16600000000000004,0.15100000000000002,0.15600000000000003,0.22099999999999997,0.16100000000000003,0.16100000000000003,0.16400000000000003,0.20699999999999996,0.15900000000000003,0.16300000000000003,0.16000000000000003,0.20499999999999996,0.17800000000000005,0.16800000000000004,0.21599999999999997,0.0,0.15200000000000002,0.17000000000000004,0.16100000000000003,0.15300000000000002,0.21699999999999997,0.16400000000000003,0.22899999999999998,0.23199999999999998,0.14,0.20899999999999996,0.235,0.253,0.16000000000000003,0.242,0.235,0.237,0.236,0.23399999999999999,0.249,0.251,0.21499999999999997,0.236,0.20499999999999996,0.20899999999999996,0.22399999999999998,0.45799999999999996,0.21699999999999997,0.5569999999999999,0.21199999999999997,0.546,0.21099999999999997,0.21299999999999997,0.22899999999999998,0.554,0.21599999999999997,0.21999999999999997,0.21099999999999997,0.22399999999999998,0.548,0.5589999999999999,0.21399999999999997,0.07499999999999996,0.5389999999999999,0.536,0.554,0.552,0.548,0.55,0.5509999999999999,0.56,0.5389999999999999,0.529,0.5489999999999999,0.562,0.5389999999999999,0.54,0.54,0.5349999999999999,0.552,0.55,0.554,0.527,0.19899999999999995,0.22399999999999998,0.516
sp|P08100.1|OPSD_HUMAN,0.502,0.502,0.509,0.523,0.51,0.522,0.505,0.487,0.487,0.53,0.514,0.511,0.45199999999999996,0.473,0.257,0.254,0.10999999999999999,0.42800000000000005,0.15100000000000002,0.46499999999999997,0.44299999999999995,0.29200000000000004,0.45099999999999996,0.259,0.14700000000000002,0.29500000000000004,0.15200000000000002,0.14700000000000002,0.126,0.17900000000000005,0.17200000000000004,0.259,0.062000000000000055,0.15200000000000002,0.254,0.052000000000000046,0.04400000000000004,0.06000000000000005,0.11199999999999999,0.05800000000000005,0.06499999999999995,0.07599999999999996,0.07499999999999996,0.050000000000000044,0.07499999999999996,0.262,0.06000000000000005,0.121,0.07399999999999995,0.265,0.06299999999999994,0.13,0.07899999999999996,0.18999999999999995,0.139,0.08499999999999996,0.15300000000000002,0.15200000000000002,0.0,0.08699999999999997,0.06799999999999995,0.05700000000000005,0.17200000000000004,0.133,0.20599999999999996,0.20199999999999996,0.05300000000000005,0.18300000000000005,0.20399999999999996,0.21799999999999997,0.05600000000000005,0.276,0.20299999999999996,0.20299999999999996,0.21199999999999997,0.20699999999999996,0.21799999999999997,0.21999999999999997,0.17500000000000004,0.20599999999999996,0.19799999999999995,0.19699999999999995,0.19099999999999995,0.46399999999999997,0.18799999999999994,0.554,0.19599999999999995,0.5369999999999999,0.17900000000000005,0.19199999999999995,0.19899999999999995,0.5389999999999999,0.19299999999999995,0.19999999999999996,0.16300000000000003,0.19799999999999995,0.5409999999999999,0.5409999999999999,0.18999999999999995,0.17700000000000005,0.54,0.5349999999999999,0.5369999999999999,0.544,0.5429999999999999,0.5449999999999999,0.5449999999999999,0.55,0.5449999999999999,0.5429999999999999,0.5549999999999999,0.5509999999999999,0.544,0.5489999999999999,0.544,0.5469999999999999,0.532,0.53,0.538,0.527,0.15100000000000002,0.20199999999999996,0.513
sp|O62792.1|OPSD_GLOME,0.517,0.517,0.52,0.531,0.518,0.524,0.518,0.5,0.496,0.532,0.534,0.512,0.44699999999999995,0.46099999999999997,0.269,0.268,0.125,0.42300000000000004,0.17300000000000004,0.483,0.43899999999999995,0.30400000000000005,0.44899999999999995,0.268,0.16800000000000004,0.31399999999999995,0.17200000000000004,0.16900000000000004,0.139,0.17700000000000005,0.18500000000000005,0.271,0.09499999999999997,0.16400000000000003,0.269,0.08299999999999996,0.08699999999999997,0.08599999999999997,0.133,0.08499999999999996,0.08799999999999997,0.08499999999999996,0.08899999999999997,0.07099999999999995,0.050000000000000044,0.277,0.08899999999999997,0.133,0.09799999999999998,0.277,0.08899999999999997,0.14800000000000002,0.06899999999999995,0.20699999999999996,0.15700000000000003,0.04500000000000004,0.16300000000000003,0.17000000000000004,0.08699999999999997,0.0,0.08499999999999996,0.06699999999999995,0.18400000000000005,0.15900000000000003,0.21499999999999997,0.20999999999999996,0.07699999999999996,0.19699999999999995,0.21499999999999997,0.22499999999999998,0.08799999999999997,0.29100000000000004,0.21299999999999997,0.21499999999999997,0.21999999999999997,0.21599999999999997,0.22599999999999998,0.22699999999999998,0.19199999999999995,0.21399999999999997,0.20599999999999996,0.20499999999999996,0.19899999999999995,0.477,0.19599999999999995,0.5720000000000001,0.19799999999999995,0.554,0.18500000000000005,0.19999999999999996,0.19699999999999995,0.554,0.19399999999999995,0.19999999999999996,0.17900000000000005,0.20299999999999996,0.5569999999999999,0.5509999999999999,0.19399999999999995,0.19399999999999995,0.5569999999999999,0.5509999999999999,0.567,0.5489999999999999,0.5640000000000001,0.5660000000000001,0.565,0.5549999999999999,0.562,0.5609999999999999,0.5720000000000001,0.575,0.562,0.565,0.562,0.563,0.563,0.546,0.5469999999999999,0.5449999999999999,0.16100000000000003,0.20399999999999996,0.527
sp|P02700.2|OPSD_SHEEP,0.515,0.515,0.516,0.527,0.516,0.516,0.51,0.497,0.497,0.528,0.528,0.521,0.45599999999999996,0.471,0.261,0.258,0.10599999999999998,0.43000000000000005,0.16000000000000003,0.469,0.44699999999999995,0.29600000000000004,0.45599999999999996,0.264,0.15700000000000003,0.30300000000000005,0.17400000000000004,0.15700000000000003,0.137,0.18300000000000005,0.17800000000000005,0.26,0.07099999999999995,0.16400000000000003,0.257,0.06799999999999995,0.06699999999999995,0.07599999999999996,0.12,0.06799999999999995,0.06599999999999995,0.05900000000000005,0.07999999999999996,0.05500000000000005,0.07399999999999995,0.267,0.06599999999999995,0.135,0.07299999999999995,0.268,0.06699999999999995,0.14100000000000001,0.08999999999999997,0.19699999999999995,0.15100000000000002,0.08299999999999996,0.16000000000000003,0.16100000000000003,0.06799999999999995,0.08499999999999996,0.0,0.05600000000000005,0.18500000000000005,0.15000000000000002,0.21399999999999997,0.21199999999999997,0.05900000000000005,0.18999999999999995,0.21699999999999997,0.22799999999999998,0.06899999999999995,0.28400000000000003,0.21299999999999997,0.21199999999999997,0.22099999999999997,0.21599999999999997,0.22399999999999998,0.22999999999999998,0.18200000000000005,0.21399999999999997,0.19899999999999995,0.19799999999999995,0.19299999999999995,0.46799999999999997,0.19499999999999995,0.558,0.19499999999999995,0.542,0.18700000000000006,0.19599999999999995,0.19399999999999995,0.544,0.19099999999999995,0.19899999999999995,0.16000000000000003,0.20099999999999996,0.546,0.5409999999999999,0.18899999999999995,0.18300000000000005,0.546,0.54,0.5389999999999999,0.5329999999999999,0.546,0.548,0.5509999999999999,0.5549999999999999,0.5489999999999999,0.548,0.5569999999999999,0.5589999999999999,0.55,0.5549999999999999,0.55,0.5529999999999999,0.5489999999999999,0.5369999999999999,0.5349999999999999,0.531,0.15800000000000003,0.20299999999999996,0.511
sp|O18766.1|OPSD_PIG,0.504,0.504,0.511,0.522,0.509,0.508,0.506,0.489,0.488,0.524,0.525,0.514,0.44499999999999995,0.46399999999999997,0.251,0.249,0.10099999999999998,0.42600000000000005,0.15300000000000002,0.46499999999999997,0.43600000000000005,0.28800000000000003,0.44699999999999995,0.262,0.14900000000000002,0.29600000000000004,0.16000000000000003,0.14900000000000002,0.122,0.16700000000000004,0.16100000000000003,0.257,0.06499999999999995,0.14300000000000002,0.249,0.06000000000000005,0.05600000000000005,0.061000000000000054,0.124,0.06000000000000005,0.05600000000000005,0.06699999999999995,0.07099999999999995,0.04700000000000004,0.05600000000000005,0.256,0.06299999999999994,0.123,0.07299999999999995,0.264,0.06499999999999995,0.13,0.07399999999999995,0.18700000000000006,0.14,0.06599999999999995,0.14800000000000002,0.15300000000000002,0.05700000000000005,0.06699999999999995,0.05600000000000005,0.0,0.17600000000000005,0.14200000000000002,0.19799999999999995,0.19599999999999995,0.05300000000000005,0.17900000000000005,0.20099999999999996,0.22499999999999998,0.061000000000000054,0.273,0.19599999999999995,0.19599999999999995,0.20399999999999996,0.19999999999999996,0.22299999999999998,0.22699999999999998,0.17300000000000004,0.19899999999999995,0.18899999999999995,0.18700000000000006,0.18500000000000005,0.46699999999999997,0.18600000000000005,0.5569999999999999,0.18500000000000005,0.54,0.17600000000000005,0.18600000000000005,0.18799999999999994,0.542,0.18300000000000005,0.18700000000000006,0.15900000000000003,0.18799999999999994,0.5449999999999999,0.54,0.17900000000000005,0.17700000000000005,0.544,0.538,0.5549999999999999,0.5529999999999999,0.548,0.5509999999999999,0.5509999999999999,0.556,0.5469999999999999,0.542,0.5529999999999999,0.5609999999999999,0.546,0.55,0.5449999999999999,0.5489999999999999,0.546,0.5589999999999999,0.5589999999999999,0.53,0.14900000000000002,0.19199999999999995,0.504
sp|Q9YGZ0.1|OPSD_SARPI,0.52,0.52,0.503,0.5349999999999999,0.53,0.52,0.516,0.494,0.49,0.52,0.528,0.529,0.46399999999999997,0.478,0.30400000000000005,0.30200000000000005,0.17400000000000004,0.45899999999999996,0.19999999999999996,0.46299999999999997,0.46199999999999997,0.32799999999999996,0.472,0.30000000000000004,0.19399999999999995,0.32299999999999995,0.20699999999999996,0.19499999999999995,0.20399999999999996,0.20499999999999996,0.18999999999999995,0.29400000000000004,0.18500000000000005,0.15200000000000002,0.31200000000000006,0.16300000000000003,0.17800000000000005,0.18200000000000005,0.18899999999999995,0.18000000000000005,0.17800000000000005,0.17300000000000004,0.16500000000000004,0.16900000000000004,0.17800000000000005,0.31399999999999995,0.17900000000000005,0.18400000000000005,0.18200000000000005,0.29400000000000004,0.18100000000000005,0.19399999999999995,0.18400000000000005,0.20899999999999996,0.19899999999999995,0.18100000000000005,0.14400000000000002,0.21699999999999997,0.17200000000000004,0.18400000000000005,0.18500000000000005,0.17600000000000005,0.0,0.19999999999999996,0.16400000000000003,0.14500000000000002,0.17200000000000004,0.14,0.15200000000000002,0.17900000000000005,0.16500000000000004,0.31499999999999995,0.15000000000000002,0.16100000000000003,0.16100000000000003,0.16400000000000003,0.17200000000000004,0.17700000000000005,0.11399999999999999,0.16800000000000004,0.122,0.124,0.09299999999999997,0.45599999999999996,0.123,0.544,0.14500000000000002,0.546,0.11599999999999999,0.133,0.14700000000000002,0.542,0.13,0.137,0.121,0.14200000000000002,0.546,0.542,0.134,0.22499999999999998,0.5429999999999999,0.538,0.5389999999999999,0.538,0.5369999999999999,0.538,0.536,0.5409999999999999,0.5509999999999999,0.5509999999999999,0.556,0.5640000000000001,0.5509999999999999,0.5589999999999999,0.5660000000000001,0.558,0.5529999999999999,0.56,0.56,0.515,0.14800000000000002,0.14700000000000002,0.524
sp|P29403.1|OPSD_XENLA,0.492,0.492,0.512,0.53,0.518,0.513,0.502,0.484,0.491,0.522,0.517,0.519,0.46599999999999997,0.496,0.255,0.258,0.15900000000000003,0.41600000000000004,0.09899999999999998,0.472,0.45599999999999996,0.272,0.485,0.23099999999999998,0.08399999999999996,0.281,0.16800000000000004,0.08799999999999997,0.10799999999999998,0.19699999999999995,0.18400000000000005,0.237,0.14600000000000002,0.18500000000000005,0.25,0.128,0.136,0.14,0.138,0.138,0.14700000000000002,0.15500000000000003,0.134,0.133,0.14700000000000002,0.259,0.133,0.134,0.14400000000000002,0.239,0.14600000000000002,0.08699999999999997,0.15100000000000002,0.17800000000000005,0.09699999999999998,0.15700000000000003,0.16800000000000004,0.16400000000000003,0.133,0.15900000000000003,0.15000000000000002,0.14200000000000002,0.19999999999999996,0.0,0.237,0.23399999999999999,0.131,0.18799999999999994,0.239,0.255,0.132,0.29000000000000004,0.237,0.23399999999999999,0.242,0.242,0.247,0.253,0.18899999999999995,0.243,0.20699999999999996,0.21099999999999997,0.21499999999999997,0.46599999999999997,0.20199999999999996,0.5640000000000001,0.20399999999999996,0.558,0.19499999999999995,0.20899999999999996,0.21699999999999997,0.562,0.20099999999999996,0.21099999999999997,0.18400000000000005,0.20699999999999996,0.556,0.5640000000000001,0.20799999999999996,0.17000000000000004,0.556,0.55,0.562,0.5609999999999999,0.5529999999999999,0.556,0.5589999999999999,0.5609999999999999,0.5549999999999999,0.5449999999999999,0.565,0.5740000000000001,0.5469999999999999,0.558,0.5529999999999999,0.5589999999999999,0.5549999999999999,0.569,0.5700000000000001,0.536,0.16600000000000004,0.21299999999999997,0.527
sp|P79807.1|OPSD_MYRVI,0.505,0.505,0.501,0.52,0.512,0.517,0.504,0.506,0.5,0.542,0.532,0.525,0.44599999999999995,0.469,0.28900000000000003,0.30400000000000005,0.22399999999999998,0.42800000000000005,0.235,0.471,0.44199999999999995,0.32999999999999996,0.44499999999999995,0.31799999999999995,0.22899999999999998,0.33599999999999997,0.23099999999999998,0.23299999999999998,0.23199999999999998,0.22399999999999998,0.21899999999999997,0.30800000000000005,0.20599999999999996,0.17000000000000004,0.31100000000000005,0.19699999999999995,0.20799999999999996,0.20599999999999996,0.21399999999999997,0.20499999999999996,0.20599999999999996,0.20499999999999996,0.20799999999999996,0.20099999999999996,0.20999999999999996,0.31599999999999995,0.20599999999999996,0.22399999999999998,0.21999999999999997,0.30500000000000005,0.20499999999999996,0.22399999999999998,0.21499999999999997,0.244,0.23099999999999998,0.21299999999999997,0.18500000000000005,0.22899999999999998,0.20599999999999996,0.21499999999999997,0.21399999999999997,0.19799999999999995,0.16400000000000003,0.237,0.0,0.08999999999999997,0.20099999999999996,0.135,0.09499999999999997,0.11599999999999999,0.19599999999999995,0.34299999999999997,0.08899999999999997,0.04800000000000004,0.08799999999999997,0.08399999999999996,0.11499999999999999,0.11499999999999999,0.14900000000000002,0.08499999999999996,0.10799999999999998,0.10599999999999998,0.14600000000000002,0.42100000000000004,0.16000000000000003,0.5549999999999999,0.10499999999999998,0.5449999999999999,0.12,0.11699999999999999,0.136,0.5589999999999999,0.12,0.10999999999999999,0.14500000000000002,0.11499999999999999,0.562,0.554,0.11099999999999999,0.24,0.5529999999999999,0.5489999999999999,0.5469999999999999,0.5469999999999999,0.5469999999999999,0.5489999999999999,0.548,0.5549999999999999,0.5429999999999999,0.5529999999999999,0.5660000000000001,0.5549999999999999,0.55,0.556,0.556,0.5509999999999999,0.5609999999999999,0.5569999999999999,0.562,0.507,0.18000000000000005,0.11499999999999999,0.528
sp|P79898.1|OPSD_SARDI,0.52,0.52,0.519,0.5369999999999999,0.531,0.512,0.506,0.508,0.498,0.542,0.52,0.529,0.45299999999999996,0.46499999999999997,0.30400000000000005,0.31200000000000006,0.21699999999999997,0.44199999999999995,0.238,0.485,0.44199999999999995,0.33799999999999997,0.44999999999999996,0.31799999999999995,0.23099999999999998,0.33899999999999997,0.22799999999999998,0.23399999999999999,0.22799999999999998,0.21999999999999997,0.21499999999999997,0.31399999999999995,0.20499999999999996,0.14,0.32299999999999995,0.19099999999999995,0.20599999999999996,0.19999999999999996,0.22199999999999998,0.19899999999999995,0.20599999999999996,0.20499999999999996,0.20199999999999996,0.19699999999999995,0.20499999999999996,0.32399999999999995,0.20299999999999996,0.21999999999999997,0.21599999999999997,0.31100000000000005,0.20599999999999996,0.22299999999999998,0.21099999999999997,0.252,0.22299999999999998,0.20799999999999996,0.17200000000000004,0.23199999999999998,0.20199999999999996,0.20999999999999996,0.21199999999999997,0.19599999999999995,0.14500000000000002,0.23399999999999999,0.08999999999999997,0.0,0.19599999999999995,0.11099999999999999,0.030000000000000027,0.08299999999999996,0.19899999999999995,0.33599999999999997,0.027000000000000024,0.08999999999999997,0.041000000000000036,0.04700000000000004,0.07499999999999996,0.08099999999999996,0.15500000000000003,0.052000000000000046,0.09399999999999997,0.09299999999999997,0.14300000000000002,0.47,0.16600000000000004,0.556,0.11299999999999999,0.5389999999999999,0.09599999999999997,0.10899999999999999,0.133,0.5569999999999999,0.11199999999999999,0.10399999999999998,0.15100000000000002,0.11599999999999999,0.548,0.544,0.11199999999999999,0.23399999999999999,0.54,0.5329999999999999,0.544,0.548,0.544,0.546,0.546,0.5529999999999999,0.548,0.5569999999999999,0.5660000000000001,0.571,0.554,0.569,0.571,0.5680000000000001,0.5609999999999999,0.569,0.5720000000000001,0.513,0.17000000000000004,0.119,0.53
sp|P32308.1|OPSD_CANLF,0.507,0.507,0.509,0.522,0.511,0.512,0.502,0.492,0.492,0.524,0.521,0.516,0.44699999999999995,0.46399999999999997,0.25,0.249,0.09299999999999997,0.41800000000000004,0.14400000000000002,0.485,0.43899999999999995,0.28200000000000003,0.44499999999999995,0.252,0.14100000000000001,0.29000000000000004,0.14200000000000002,0.14100000000000001,0.11699999999999999,0.16700000000000004,0.16300000000000003,0.236,0.061000000000000054,0.15200000000000002,0.246,0.052000000000000046,0.052000000000000046,0.05300000000000005,0.10399999999999998,0.04800000000000004,0.061000000000000054,0.06699999999999995,0.06699999999999995,0.04300000000000004,0.06499999999999995,0.257,0.05600000000000005,0.118,0.06899999999999995,0.255,0.06000000000000005,0.119,0.08099999999999996,0.18000000000000005,0.13,0.07499999999999996,0.14800000000000002,0.14,0.05300000000000005,0.07699999999999996,0.05900000000000005,0.05300000000000005,0.17200000000000004,0.131,0.20099999999999996,0.19599999999999995,0.0,0.18100000000000005,0.20099999999999996,0.21199999999999997,0.05400000000000005,0.274,0.19499999999999995,0.20099999999999996,0.20299999999999996,0.19899999999999995,0.21199999999999997,0.21399999999999997,0.17200000000000004,0.19799999999999995,0.18500000000000005,0.18400000000000005,0.18300000000000005,0.46799999999999997,0.18000000000000005,0.556,0.18600000000000005,0.5389999999999999,0.17200000000000004,0.18500000000000005,0.19099999999999995,0.542,0.18400000000000005,0.19099999999999995,0.15500000000000003,0.18999999999999995,0.544,0.5349999999999999,0.18100000000000005,0.16800000000000004,0.542,0.536,0.55,0.548,0.544,0.546,0.5449999999999999,0.5509999999999999,0.5489999999999999,0.544,0.556,0.563,0.5489999999999999,0.552,0.548,0.5509999999999999,0.548,0.558,0.556,0.527,0.14400000000000002,0.19199999999999995,0.511
sp|O42604.1|OPSD_ZEUFA,0.499,0.499,0.516,0.53,0.522,0.512,0.509,0.498,0.499,0.528,0.511,0.528,0.44499999999999995,0.485,0.28400000000000003,0.28300000000000003,0.19199999999999995,0.42200000000000004,0.19999999999999996,0.505,0.44099999999999995,0.30900000000000005,0.481,0.29300000000000004,0.18799999999999994,0.30500000000000005,0.20799999999999996,0.19099999999999995,0.19299999999999995,0.18400000000000005,0.18300000000000005,0.28600000000000003,0.18999999999999995,0.15500000000000003,0.28800000000000003,0.17300000000000004,0.18500000000000005,0.19099999999999995,0.19699999999999995,0.18799999999999994,0.18300000000000005,0.18600000000000005,0.17200000000000004,0.17800000000000005,0.18600000000000005,0.29600000000000004,0.18600000000000005,0.18799999999999994,0.19999999999999996,0.29400000000000004,0.18899999999999995,0.18500000000000005,0.18600000000000005,0.21499999999999997,0.19099999999999995,0.19399999999999995,0.14500000000000002,0.20899999999999996,0.18300000000000005,0.19699999999999995,0.18999999999999995,0.17900000000000005,0.14,0.18799999999999994,0.135,0.11099999999999999,0.18100000000000005,0.0,0.11099999999999999,0.14100000000000001,0.17500000000000004,0.33099999999999996,0.11299999999999999,0.13,0.129,0.131,0.126,0.14200000000000002,0.10999999999999999,0.132,0.09499999999999997,0.09699999999999998,0.15200000000000002,0.472,0.13,0.5489999999999999,0.09899999999999998,0.54,0.09499999999999997,0.10199999999999998,0.124,0.5469999999999999,0.09399999999999997,0.08799999999999997,0.11399999999999999,0.10099999999999998,0.55,0.5489999999999999,0.10399999999999998,0.21699999999999997,0.5449999999999999,0.5389999999999999,0.54,0.5389999999999999,0.5549999999999999,0.556,0.5389999999999999,0.546,0.5469999999999999,0.542,0.5569999999999999,0.558,0.5489999999999999,0.556,0.558,0.5569999999999999,0.5609999999999999,0.565,0.567,0.512,0.14500000000000002,0.10199999999999998,0.542
sp|P79914.1|OPSD_SARXA,0.5,0.5,0.497,0.514,0.508,0.509,0.502,0.504,0.497,0.54,0.52,0.528,0.44799999999999995,0.45999999999999996,0.30400000000000005,0.31599999999999995,0.22199999999999998,0.44099999999999995,0.244,0.488,0.43700000000000006,0.33999999999999997,0.44299999999999995,0.32299999999999995,0.235,0.34299999999999997,0.22899999999999998,0.241,0.23399999999999999,0.22099999999999997,0.21999999999999997,0.32299999999999995,0.20899999999999996,0.14400000000000002,0.32599999999999996,0.19699999999999995,0.20999999999999996,0.20199999999999996,0.22899999999999998,0.20399999999999996,0.21099999999999997,0.20599999999999996,0.20399999999999996,0.20199999999999996,0.20999999999999996,0.32799999999999996,0.20699999999999996,0.22299999999999998,0.21799999999999997,0.31999999999999995,0.21099999999999997,0.23199999999999998,0.21199999999999997,0.254,0.23199999999999998,0.21299999999999997,0.17600000000000005,0.235,0.20399999999999996,0.21499999999999997,0.21699999999999997,0.20099999999999996,0.15200000000000002,0.239,0.09499999999999997,0.030000000000000027,0.20099999999999996,0.11099999999999999,0.0,0.08699999999999997,0.20399999999999996,0.33499999999999996,0.03600000000000003,0.08899999999999997,0.05300000000000005,0.05500000000000005,0.07599999999999996,0.08799999999999997,0.16000000000000003,0.05700000000000005,0.10299999999999998,0.10199999999999998,0.14800000000000002,0.469,0.17100000000000004,0.534,0.118,0.53,0.10499999999999998,0.11399999999999999,0.139,0.536,0.12,0.10999999999999999,0.15700000000000003,0.121,0.5389999999999999,0.5349999999999999,0.118,0.24,0.531,0.525,0.524,0.528,0.5429999999999999,0.546,0.528,0.5329999999999999,0.546,0.5469999999999999,0.55,0.5720000000000001,0.554,0.554,0.5680000000000001,0.5529999999999999,0.5640000000000001,0.571,0.5740000000000001,0.504,0.17800000000000005,0.125,0.525
sp|P79911.1|OPSD_SARTI,0.518,0.518,0.522,0.5389999999999999,0.526,0.522,0.511,0.523,0.512,0.5369999999999999,0.517,0.517,0.43999999999999995,0.475,0.29700000000000004,0.31299999999999994,0.23399999999999999,0.41700000000000004,0.253,0.43700000000000006,0.43300000000000005,0.33999999999999997,0.46699999999999997,0.32899999999999996,0.245,0.34199999999999997,0.241,0.248,0.243,0.24,0.236,0.31399999999999995,0.22199999999999998,0.15600000000000003,0.32099999999999995,0.20599999999999996,0.22099999999999997,0.21899999999999997,0.237,0.21799999999999997,0.21599999999999997,0.21699999999999997,0.21999999999999997,0.21199999999999997,0.22099999999999997,0.32599999999999996,0.21999999999999997,0.22999999999999998,0.23399999999999999,0.31899999999999995,0.22399999999999998,0.23299999999999998,0.22299999999999998,0.27,0.239,0.22399999999999998,0.19599999999999995,0.253,0.21799999999999997,0.22499999999999998,0.22799999999999998,0.22499999999999998,0.17900000000000005,0.255,0.11599999999999999,0.08299999999999996,0.21199999999999997,0.14100000000000001,0.08699999999999997,0.0,0.22599999999999998,0.33499999999999996,0.08599999999999997,0.11499999999999999,0.08499999999999996,0.07999999999999996,0.05900000000000005,0.028000000000000025,0.18100000000000005,0.08199999999999996,0.127,0.124,0.16200000000000003,0.43200000000000005,0.19499999999999995,0.536,0.14100000000000001,0.529,0.14100000000000001,0.14400000000000002,0.16700000000000004,0.5329999999999999,0.14600000000000002,0.137,0.17900000000000005,0.15300000000000002,0.536,0.54,0.14200000000000002,0.255,0.531,0.528,0.526,0.529,0.544,0.5469999999999999,0.527,0.5329999999999999,0.5469999999999999,0.552,0.558,0.5660000000000001,0.554,0.563,0.567,0.565,0.5609999999999999,0.56,0.567,0.512,0.20099999999999996,0.15700000000000003,0.542
sp|O62796.1|OPSD_TRIMA,0.508,0.508,0.514,0.525,0.51,0.513,0.512,0.497,0.501,0.525,0.525,0.52,0.45499999999999996,0.469,0.261,0.262,0.10999999999999999,0.43000000000000005,0.16000000000000003,0.46699999999999997,0.44499999999999995,0.29700000000000004,0.45599999999999996,0.256,0.15200000000000002,0.30500000000000005,0.17200000000000004,0.15600000000000003,0.128,0.17400000000000004,0.16400000000000003,0.255,0.06899999999999995,0.14600000000000002,0.259,0.062000000000000055,0.05500000000000005,0.06599999999999995,0.12,0.061000000000000054,0.06899999999999995,0.07899999999999996,0.061000000000000054,0.049000000000000044,0.07699999999999996,0.266,0.06699999999999995,0.131,0.07999999999999996,0.262,0.07099999999999995,0.13,0.08999999999999997,0.18300000000000005,0.14,0.08699999999999997,0.14200000000000002,0.16000000000000003,0.05600000000000005,0.08799999999999997,0.06899999999999995,0.061000000000000054,0.16500000000000004,0.132,0.19599999999999995,0.19899999999999995,0.05400000000000005,0.17500000000000004,0.20399999999999996,0.22599999999999998,0.0,0.28200000000000003,0.19799999999999995,0.19599999999999995,0.20799999999999996,0.20399999999999996,0.21099999999999997,0.22799999999999998,0.16400000000000003,0.20299999999999996,0.18100000000000005,0.17900000000000005,0.17800000000000005,0.45799999999999996,0.17400000000000004,0.556,0.18100000000000005,0.5429999999999999,0.16600000000000004,0.17700000000000005,0.18400000000000005,0.542,0.17700000000000005,0.18600000000000005,0.15100000000000002,0.18200000000000005,0.5449999999999999,0.538,0.17300000000000004,0.18400000000000005,0.546,0.5409999999999999,0.529,0.5489999999999999,0.5449999999999999,0.5469999999999999,0.55,0.525,0.55,0.5469999999999999,0.56,0.567,0.55,0.5549999999999999,0.5509999999999999,0.554,0.5509999999999999,0.5509999999999999,0.5489999999999999,0.527,0.134,0.18700000000000006,0.531
sp|P51474.1|OPSG3_PSAFA,0.482,0.482,0.507,0.517,0.505,0.492,0.5,0.499,0.486,0.497,0.482,0.484,0.46099999999999997,0.489,0.15000000000000002,0.14200000000000002,0.28400000000000003,0.42800000000000005,0.30000000000000004,0.44599999999999995,0.42800000000000005,0.20199999999999996,0.476,0.25,0.29600000000000004,0.22799999999999998,0.29000000000000004,0.29900000000000004,0.30000000000000004,0.29500000000000004,0.29700000000000004,0.239,0.28700000000000003,0.30900000000000005,0.15400000000000003,0.271,0.28200000000000003,0.28,0.279,0.279,0.281,0.28500000000000003,0.28400000000000003,0.272,0.278,0.137,0.28200000000000003,0.28400000000000003,0.28800000000000003,0.236,0.28200000000000003,0.28300000000000003,0.28600000000000003,0.29400000000000004,0.28900000000000003,0.28900000000000003,0.30400000000000005,0.242,0.276,0.29100000000000004,0.28400000000000003,0.273,0.31499999999999995,0.29000000000000004,0.34299999999999997,0.33599999999999997,0.274,0.33099999999999996,0.33499999999999996,0.33499999999999996,0.28200000000000003,0.0,0.33399999999999996,0.34299999999999997,0.33199999999999996,0.33399999999999996,0.33699999999999997,0.33699999999999997,0.32999999999999996,0.33699999999999997,0.33599999999999997,0.33899999999999997,0.32499999999999996,0.44399999999999995,0.33699999999999997,0.565,0.34299999999999997,0.5529999999999999,0.33999999999999997,0.348,0.34099999999999997,0.567,0.346,0.33999999999999997,0.33799999999999997,0.348,0.569,0.56,0.352,0.245,0.544,0.5449999999999999,0.56,0.5509999999999999,0.5660000000000001,0.5660000000000001,0.5549999999999999,0.567,0.5589999999999999,0.56,0.5640000000000001,0.573,0.569,0.565,0.5549999999999999,0.558,0.569,0.5609999999999999,0.567,0.5509999999999999,0.31100000000000005,0.34099999999999997,0.523
sp|P79901.1|OPSD_SARMI,0.502,0.502,0.501,0.516,0.509,0.512,0.505,0.507,0.495,0.5409999999999999,0.519,0.528,0.45099999999999996,0.46399999999999997,0.30400000000000005,0.31299999999999994,0.21799999999999997,0.43999999999999995,0.241,0.484,0.44299999999999995,0.33999999999999997,0.44599999999999995,0.32099999999999995,0.235,0.34299999999999997,0.23199999999999998,0.239,0.23199999999999998,0.22299999999999998,0.21899999999999997,0.31599999999999995,0.20499999999999996,0.14600000000000002,0.32599999999999996,0.18999999999999995,0.20499999999999996,0.19999999999999996,0.22399999999999998,0.19999999999999996,0.20599999999999996,0.20499999999999996,0.20299999999999996,0.19699999999999995,0.20799999999999996,0.32699999999999996,0.20299999999999996,0.22299999999999998,0.21899999999999997,0.31399999999999995,0.20599999999999996,0.22599999999999998,0.21399999999999997,0.252,0.22699999999999998,0.21099999999999997,0.17500000000000004,0.235,0.20299999999999996,0.21299999999999997,0.21299999999999997,0.19599999999999995,0.15000000000000002,0.237,0.08899999999999997,0.027000000000000024,0.19499999999999995,0.11299999999999999,0.03600000000000003,0.08599999999999997,0.19799999999999995,0.33399999999999996,0.0,0.08899999999999997,0.04800000000000004,0.050000000000000044,0.07599999999999996,0.08299999999999996,0.16000000000000003,0.05600000000000005,0.09699999999999998,0.09399999999999997,0.14700000000000002,0.469,0.17100000000000004,0.5349999999999999,0.11599999999999999,0.532,0.09999999999999998,0.10999999999999999,0.136,0.5369999999999999,0.11699999999999999,0.10599999999999998,0.15500000000000003,0.11599999999999999,0.54,0.5369999999999999,0.11499999999999999,0.24,0.5329999999999999,0.527,0.526,0.527,0.542,0.544,0.526,0.5329999999999999,0.548,0.548,0.5489999999999999,0.5549999999999999,0.5529999999999999,0.554,0.556,0.552,0.5589999999999999,0.563,0.573,0.506,0.17300000000000004,0.118,0.528
sp|P79798.1|OPSD_MYRBE,0.517,0.517,0.516,0.5329999999999999,0.524,0.52,0.508,0.51,0.504,0.5429999999999999,0.5329999999999999,0.527,0.45299999999999996,0.46099999999999997,0.28800000000000003,0.30400000000000005,0.22699999999999998,0.43000000000000005,0.237,0.43799999999999994,0.43600000000000005,0.33099999999999996,0.44499999999999995,0.31899999999999995,0.23199999999999998,0.33499999999999996,0.23199999999999998,0.235,0.22999999999999998,0.21899999999999997,0.22099999999999997,0.31699999999999995,0.20999999999999996,0.16900000000000004,0.31200000000000006,0.19699999999999995,0.20799999999999996,0.20299999999999996,0.21599999999999997,0.20499999999999996,0.20799999999999996,0.20499999999999996,0.20499999999999996,0.20099999999999996,0.20999999999999996,0.31699999999999995,0.20299999999999996,0.22299999999999998,0.21499999999999997,0.31499999999999995,0.20499999999999996,0.22899999999999998,0.20999999999999996,0.245,0.23199999999999998,0.21299999999999997,0.17900000000000005,0.237,0.20299999999999996,0.21499999999999997,0.21199999999999997,0.19599999999999995,0.16100000000000003,0.23399999999999999,0.04800000000000004,0.08999999999999997,0.20099999999999996,0.13,0.08899999999999997,0.11499999999999999,0.19599999999999995,0.34299999999999997,0.08899999999999997,0.0,0.09399999999999997,0.08799999999999997,0.11199999999999999,0.11599999999999999,0.15500000000000003,0.08499999999999996,0.11299999999999999,0.10899999999999999,0.14800000000000002,0.43000000000000005,0.16700000000000004,0.567,0.118,0.556,0.12,0.126,0.14600000000000002,0.567,0.132,0.12,0.15100000000000002,0.124,0.571,0.567,0.119,0.241,0.565,0.56,0.5589999999999999,0.5589999999999999,0.5589999999999999,0.5609999999999999,0.56,0.5680000000000001,0.552,0.556,0.575,0.569,0.5609999999999999,0.5660000000000001,0.5680000000000001,0.563,0.569,0.567,0.571,0.514,0.18300000000000005,0.124,0.5329999999999999
sp|P79902.1|OPSD_SARPU,0.518,0.518,0.518,0.534,0.526,0.517,0.505,0.507,0.509,0.538,0.52,0.523,0.45099999999999996,0.46599999999999997,0.30800000000000005,0.31899999999999995,0.22199999999999998,0.43999999999999995,0.24,0.485,0.44099999999999995,0.349,0.46599999999999997,0.32299999999999995,0.23399999999999999,0.346,0.236,0.237,0.23099999999999998,0.23299999999999998,0.22599999999999998,0.31999999999999995,0.21399999999999997,0.15400000000000003,0.32799999999999996,0.19899999999999995,0.21399999999999997,0.21099999999999997,0.22899999999999998,0.20999999999999996,0.21399999999999997,0.20999999999999996,0.21599999999999997,0.20599999999999996,0.21399999999999997,0.33299999999999996,0.21099999999999997,0.22599999999999998,0.22699999999999998,0.31599999999999995,0.21499999999999997,0.22199999999999998,0.21799999999999997,0.26,0.22699999999999998,0.21699999999999997,0.18200000000000005,0.236,0.21199999999999997,0.21999999999999997,0.22099999999999997,0.20399999999999996,0.16100000000000003,0.242,0.08799999999999997,0.041000000000000036,0.20299999999999996,0.129,0.05300000000000005,0.08499999999999996,0.20799999999999996,0.33199999999999996,0.04800000000000004,0.09399999999999997,0.0,0.041000000000000036,0.07599999999999996,0.08399999999999996,0.16200000000000003,0.04600000000000004,0.10399999999999998,0.10299999999999998,0.15000000000000002,0.473,0.17300000000000004,0.5369999999999999,0.11699999999999999,0.531,0.11599999999999999,0.119,0.14,0.544,0.122,0.119,0.16300000000000003,0.128,0.5469999999999999,0.536,0.119,0.23299999999999998,0.532,0.527,0.524,0.528,0.5409999999999999,0.544,0.527,0.5349999999999999,0.548,0.55,0.552,0.569,0.554,0.567,0.5700000000000001,0.554,0.5549999999999999,0.5680000000000001,0.5720000000000001,0.509,0.18400000000000005,0.131,0.529
sp|P79808.1|OPSD_NEOAR,0.504,0.504,0.503,0.518,0.515,0.517,0.507,0.511,0.498,0.548,0.526,0.528,0.45099999999999996,0.46699999999999997,0.30600000000000005,0.31499999999999995,0.22399999999999998,0.43500000000000005,0.242,0.484,0.44399999999999995,0.345,0.44899999999999995,0.32299999999999995,0.23399999999999999,0.349,0.23399999999999999,0.238,0.23199999999999998,0.23299999999999998,0.22799999999999998,0.31799999999999995,0.20999999999999996,0.15600000000000003,0.32399999999999995,0.19799999999999995,0.21099999999999997,0.20599999999999996,0.22899999999999998,0.20599999999999996,0.20999999999999996,0.20599999999999996,0.21299999999999997,0.20199999999999996,0.21099999999999997,0.32899999999999996,0.20799999999999996,0.22399999999999998,0.22399999999999998,0.31599999999999995,0.20899999999999996,0.22399999999999998,0.21499999999999997,0.261,0.22899999999999998,0.21399999999999997,0.18300000000000005,0.23399999999999999,0.20699999999999996,0.21599999999999997,0.21599999999999997,0.19999999999999996,0.16400000000000003,0.242,0.08399999999999996,0.04700000000000004,0.19899999999999995,0.131,0.05500000000000005,0.07999999999999996,0.20399999999999996,0.33399999999999996,0.050000000000000044,0.08799999999999997,0.041000000000000036,0.0,0.07799999999999996,0.07899999999999996,0.16600000000000004,0.031000000000000028,0.11199999999999999,0.11199999999999999,0.14700000000000002,0.473,0.17900000000000005,0.5329999999999999,0.11299999999999999,0.528,0.11499999999999999,0.122,0.14100000000000001,0.5389999999999999,0.123,0.11499999999999999,0.16300000000000003,0.127,0.542,0.534,0.121,0.236,0.528,0.526,0.52,0.527,0.5409999999999999,0.5429999999999999,0.525,0.532,0.5429999999999999,0.546,0.546,0.5700000000000001,0.5489999999999999,0.5509999999999999,0.563,0.5529999999999999,0.56,0.571,0.573,0.513,0.18300000000000005,0.131,0.53
sp|P79809.1|OPSD_NEOAU,0.518,0.518,0.52,0.54,0.528,0.521,0.512,0.516,0.513,0.536,0.517,0.514,0.44399999999999995,0.46399999999999997,0.30100000000000005,0.31499999999999995,0.22999999999999998,0.42700000000000005,0.255,0.43899999999999995,0.43700000000000006,0.33499999999999996,0.46399999999999997,0.33099999999999996,0.247,0.33599999999999997,0.24,0.25,0.238,0.237,0.23299999999999998,0.32199999999999995,0.22299999999999998,0.15300000000000002,0.32299999999999995,0.20299999999999996,0.22099999999999997,0.21999999999999997,0.23299999999999998,0.21799999999999997,0.21399999999999997,0.21699999999999997,0.21699999999999997,0.21199999999999997,0.21999999999999997,0.32699999999999996,0.21899999999999997,0.22999999999999998,0.23399999999999999,0.32199999999999995,0.22299999999999998,0.235,0.22299999999999998,0.262,0.23399999999999999,0.22299999999999998,0.18600000000000005,0.249,0.21799999999999997,0.22599999999999998,0.22399999999999998,0.22299999999999998,0.17200000000000004,0.247,0.11499999999999999,0.07499999999999996,0.21199999999999997,0.126,0.07599999999999996,0.05900000000000005,0.21099999999999997,0.33699999999999997,0.07599999999999996,0.11199999999999999,0.07599999999999996,0.07799999999999996,0.0,0.061000000000000054,0.17400000000000004,0.08099999999999996,0.125,0.121,0.16600000000000004,0.43300000000000005,0.18400000000000005,0.5409999999999999,0.132,0.53,0.131,0.137,0.15700000000000003,0.542,0.14100000000000001,0.131,0.17300000000000004,0.14,0.5449999999999999,0.5409999999999999,0.135,0.25,0.534,0.528,0.528,0.528,0.528,0.531,0.527,0.536,0.548,0.5549999999999999,0.562,0.5700000000000001,0.558,0.5680000000000001,0.565,0.569,0.544,0.5609999999999999,0.565,0.503,0.19399999999999995,0.14700000000000002,0.5349999999999999
sp|P79903.1|OPSD_SARSP,0.52,0.52,0.523,0.54,0.527,0.523,0.512,0.524,0.514,0.538,0.518,0.518,0.44099999999999995,0.476,0.29900000000000004,0.31499999999999995,0.236,0.41900000000000004,0.251,0.483,0.43400000000000005,0.34199999999999997,0.46799999999999997,0.32999999999999996,0.244,0.344,0.243,0.247,0.242,0.241,0.237,0.31200000000000006,0.22399999999999998,0.15700000000000003,0.32199999999999995,0.20799999999999996,0.22299999999999998,0.22099999999999997,0.236,0.21999999999999997,0.21799999999999997,0.21899999999999997,0.22199999999999998,0.21399999999999997,0.22299999999999998,0.32799999999999996,0.22199999999999998,0.23199999999999998,0.236,0.31599999999999995,0.22599999999999998,0.23199999999999998,0.22399999999999998,0.271,0.238,0.22499999999999998,0.19399999999999995,0.251,0.21999999999999997,0.22699999999999998,0.22999999999999998,0.22699999999999998,0.17700000000000005,0.253,0.11499999999999999,0.08099999999999996,0.21399999999999997,0.14200000000000002,0.08799999999999997,0.028000000000000025,0.22799999999999998,0.33699999999999997,0.08299999999999996,0.11599999999999999,0.08399999999999996,0.07899999999999996,0.061000000000000054,0.0,0.17900000000000005,0.08399999999999996,0.125,0.121,0.15900000000000003,0.477,0.19199999999999995,0.534,0.138,0.527,0.139,0.14200000000000002,0.16600000000000004,0.531,0.14400000000000002,0.136,0.17700000000000005,0.15000000000000002,0.534,0.5369999999999999,0.14100000000000001,0.252,0.529,0.526,0.524,0.527,0.542,0.544,0.524,0.53,0.544,0.55,0.5569999999999999,0.563,0.552,0.56,0.5640000000000001,0.562,0.5589999999999999,0.558,0.565,0.516,0.19799999999999995,0.15500000000000003,0.544
sp|P51488.1|OPSD_CYPCA,0.515,0.515,0.517,0.518,0.509,0.513,0.493,0.486,0.494,0.531,0.538,0.5349999999999999,0.45799999999999996,0.495,0.28900000000000003,0.29500000000000004,0.18799999999999994,0.43999999999999995,0.19699999999999995,0.472,0.44999999999999996,0.31999999999999995,0.469,0.29500000000000004,0.18799999999999994,0.30900000000000005,0.20299999999999996,0.18899999999999995,0.19099999999999995,0.18999999999999995,0.18100000000000005,0.277,0.17500000000000004,0.15500000000000003,0.30300000000000005,0.17100000000000004,0.17600000000000005,0.17900000000000005,0.18300000000000005,0.17700000000000005,0.16700000000000004,0.17500000000000004,0.17400000000000004,0.16900000000000004,0.18100000000000005,0.30900000000000005,0.17500000000000004,0.19099999999999995,0.18200000000000005,0.276,0.17500000000000004,0.18999999999999995,0.18899999999999995,0.18500000000000005,0.19799999999999995,0.18899999999999995,0.14900000000000002,0.21499999999999997,0.17500000000000004,0.19199999999999995,0.18200000000000005,0.17300000000000004,0.11399999999999999,0.18899999999999995,0.14900000000000002,0.15500000000000003,0.17200000000000004,0.10999999999999999,0.16000000000000003,0.18100000000000005,0.16400000000000003,0.32999999999999996,0.16000000000000003,0.15500000000000003,0.16200000000000003,0.16600000000000004,0.17400000000000004,0.17900000000000005,0.0,0.16800000000000004,0.10999999999999999,0.11399999999999999,0.119,0.46399999999999997,0.04500000000000004,0.562,0.10699999999999998,0.554,0.133,0.138,0.14,0.5609999999999999,0.11699999999999999,0.11299999999999999,0.05800000000000005,0.10399999999999998,0.562,0.5609999999999999,0.132,0.20899999999999996,0.558,0.5529999999999999,0.552,0.5509999999999999,0.55,0.5529999999999999,0.5489999999999999,0.5609999999999999,0.5640000000000001,0.5660000000000001,0.5640000000000001,0.5680000000000001,0.5609999999999999,0.5680000000000001,0.552,0.552,0.5549999999999999,0.565,0.567,0.511,0.14300000000000002,0.11199999999999999,0.523
sp|P79812.1|OPSD_NEOSA,0.526,0.526,0.504,0.542,0.5369999999999999,0.518,0.524,0.513,0.5,0.548,0.528,0.53,0.44999999999999996,0.46699999999999997,0.30000000000000004,0.31399999999999995,0.22299999999999998,0.43700000000000006,0.244,0.488,0.44399999999999995,0.33899999999999997,0.44999999999999996,0.31999999999999995,0.237,0.34199999999999997,0.23199999999999998,0.24,0.23399999999999999,0.22999999999999998,0.22499999999999998,0.31799999999999995,0.20899999999999996,0.15500000000000003,0.32199999999999995,0.19599999999999995,0.20899999999999996,0.20499999999999996,0.23099999999999998,0.20499999999999996,0.20899999999999996,0.20499999999999996,0.21099999999999997,0.20099999999999996,0.20899999999999996,0.32699999999999996,0.20699999999999996,0.22199999999999998,0.22299999999999998,0.31599999999999995,0.20799999999999996,0.22499999999999998,0.21299999999999997,0.258,0.23099999999999998,0.21199999999999997,0.18500000000000005,0.236,0.20599999999999996,0.21399999999999997,0.21399999999999997,0.19899999999999995,0.16800000000000004,0.243,0.08499999999999996,0.052000000000000046,0.19799999999999995,0.132,0.05700000000000005,0.08199999999999996,0.20299999999999996,0.33699999999999997,0.05600000000000005,0.08499999999999996,0.04600000000000004,0.031000000000000028,0.08099999999999996,0.08399999999999996,0.16800000000000004,0.0,0.11599999999999999,0.11499999999999999,0.14900000000000002,0.479,0.18100000000000005,0.5389999999999999,0.118,0.5349999999999999,0.119,0.126,0.14600000000000002,0.5449999999999999,0.128,0.12,0.16400000000000003,0.131,0.548,0.5409999999999999,0.125,0.238,0.536,0.532,0.528,0.55,0.544,0.5469999999999999,0.5329999999999999,0.554,0.5469999999999999,0.5509999999999999,0.5660000000000001,0.573,0.5529999999999999,0.5700000000000001,0.567,0.5569999999999999,0.5640000000000001,0.5740000000000001,0.5760000000000001,0.512,0.18400000000000005,0.135,0.5329999999999999
sp|Q9YGY9.1|OPSD_ZOSOP,0.521,0.521,0.519,0.538,0.529,0.515,0.503,0.508,0.491,0.5469999999999999,0.517,0.529,0.45599999999999996,0.48,0.30200000000000005,0.30200000000000005,0.20599999999999996,0.44399999999999995,0.21099999999999997,0.489,0.45899999999999996,0.31999999999999995,0.46099999999999997,0.29700000000000004,0.20099999999999996,0.32699999999999996,0.21299999999999997,0.20599999999999996,0.20699999999999996,0.20699999999999996,0.20199999999999996,0.28900000000000003,0.19899999999999995,0.14900000000000002,0.31000000000000005,0.18600000000000005,0.19599999999999995,0.19899999999999995,0.19599999999999995,0.19399999999999995,0.19399999999999995,0.18999999999999995,0.19199999999999995,0.18700000000000006,0.19999999999999996,0.31599999999999995,0.19499999999999995,0.19499999999999995,0.20299999999999996,0.29100000000000004,0.19799999999999995,0.20199999999999996,0.20699999999999996,0.22399999999999998,0.20599999999999996,0.20299999999999996,0.15400000000000003,0.20499999999999996,0.19799999999999995,0.20599999999999996,0.19899999999999995,0.18899999999999995,0.122,0.20699999999999996,0.10799999999999998,0.09399999999999997,0.18500000000000005,0.09499999999999997,0.10299999999999998,0.127,0.18100000000000005,0.33599999999999997,0.09699999999999998,0.11299999999999999,0.10399999999999998,0.11199999999999999,0.125,0.125,0.10999999999999999,0.11599999999999999,0.0,0.025000000000000022,0.122,0.478,0.121,0.565,0.08099999999999996,0.5449999999999999,0.07299999999999995,0.07299999999999995,0.10199999999999998,0.5660000000000001,0.07699999999999996,0.06599999999999995,0.11699999999999999,0.07299999999999995,0.558,0.556,0.07599999999999996,0.20899999999999996,0.5509999999999999,0.5469999999999999,0.5569999999999999,0.5529999999999999,0.55,0.552,0.5549999999999999,0.562,0.5409999999999999,0.5549999999999999,0.56,0.569,0.5429999999999999,0.5660000000000001,0.5700000000000001,0.5640000000000001,0.556,0.577,0.5800000000000001,0.519,0.15500000000000003,0.07699999999999996,0.5449999999999999
sp|Q9YGZ2.1|OPSD_GOBNI,0.523,0.523,0.523,0.54,0.53,0.517,0.506,0.512,0.495,0.5489999999999999,0.521,0.531,0.45499999999999996,0.48,0.30500000000000005,0.30800000000000005,0.20399999999999996,0.44199999999999995,0.21099999999999997,0.491,0.45999999999999996,0.31999999999999995,0.46099999999999997,0.30000000000000004,0.20499999999999996,0.32799999999999996,0.21499999999999997,0.20899999999999996,0.20899999999999996,0.20599999999999996,0.20199999999999996,0.29200000000000004,0.19799999999999995,0.15000000000000002,0.31399999999999995,0.18500000000000005,0.19499999999999995,0.19799999999999995,0.19599999999999995,0.19299999999999995,0.19199999999999995,0.18799999999999994,0.19099999999999995,0.18600000000000005,0.19899999999999995,0.32099999999999995,0.19399999999999995,0.19499999999999995,0.20199999999999996,0.29300000000000004,0.19699999999999995,0.20399999999999996,0.20699999999999996,0.22299999999999998,0.20799999999999996,0.20199999999999996,0.15600000000000003,0.20899999999999996,0.19699999999999995,0.20499999999999996,0.19799999999999995,0.18700000000000006,0.124,0.21099999999999997,0.10599999999999998,0.09299999999999997,0.18400000000000005,0.09699999999999998,0.10199999999999998,0.124,0.17900000000000005,0.33899999999999997,0.09399999999999997,0.10899999999999999,0.10299999999999998,0.11199999999999999,0.121,0.121,0.11399999999999999,0.11499999999999999,0.025000000000000022,0.0,0.124,0.478,0.125,0.563,0.08199999999999996,0.5429999999999999,0.07599999999999996,0.07299999999999995,0.10299999999999998,0.5640000000000001,0.08099999999999996,0.06299999999999994,0.12,0.07299999999999995,0.5549999999999999,0.5529999999999999,0.07699999999999996,0.21499999999999997,0.548,0.544,0.5409999999999999,0.552,0.5489999999999999,0.5509999999999999,0.5489999999999999,0.56,0.54,0.552,0.5589999999999999,0.5680000000000001,0.542,0.565,0.569,0.563,0.5549999999999999,0.575,0.5780000000000001,0.518,0.15700000000000003,0.07599999999999996,0.542
sp|P41590.1|OPSD_PSAFA,0.503,0.503,0.501,0.54,0.529,0.521,0.517,0.498,0.504,0.5369999999999999,0.5389999999999999,0.528,0.46799999999999997,0.485,0.28900000000000003,0.29400000000000004,0.18700000000000006,0.45899999999999996,0.20099999999999996,0.46499999999999997,0.45699999999999996,0.31999999999999995,0.475,0.28500000000000003,0.20099999999999996,0.32499999999999996,0.21499999999999997,0.20399999999999996,0.20399999999999996,0.20299999999999996,0.18100000000000005,0.28700000000000003,0.19199999999999995,0.16300000000000003,0.30100000000000005,0.18200000000000005,0.18999999999999995,0.19699999999999995,0.19199999999999995,0.19099999999999995,0.17800000000000005,0.18100000000000005,0.18600000000000005,0.18000000000000005,0.19299999999999995,0.30700000000000005,0.18700000000000006,0.19099999999999995,0.19499999999999995,0.29000000000000004,0.18899999999999995,0.19799999999999995,0.20399999999999996,0.19499999999999995,0.20199999999999996,0.19599999999999995,0.14600000000000002,0.22399999999999998,0.19099999999999995,0.19899999999999995,0.19299999999999995,0.18500000000000005,0.09299999999999997,0.21499999999999997,0.14600000000000002,0.14300000000000002,0.18300000000000005,0.15200000000000002,0.14800000000000002,0.16200000000000003,0.17800000000000005,0.32499999999999996,0.14700000000000002,0.14800000000000002,0.15000000000000002,0.14700000000000002,0.16600000000000004,0.15900000000000003,0.119,0.14900000000000002,0.122,0.124,0.0,0.46299999999999997,0.131,0.546,0.129,0.546,0.136,0.14600000000000002,0.15200000000000002,0.5549999999999999,0.136,0.127,0.12,0.137,0.5589999999999999,0.5469999999999999,0.14400000000000002,0.22599999999999998,0.54,0.5369999999999999,0.5409999999999999,0.5469999999999999,0.5429999999999999,0.5449999999999999,0.542,0.552,0.5389999999999999,0.5429999999999999,0.5569999999999999,0.5509999999999999,0.5529999999999999,0.548,0.55,0.5509999999999999,0.554,0.5589999999999999,0.5760000000000001,0.523,0.14,0.135,0.5369999999999999
sp|P51475.1|OPSP_CHICK,0.46699999999999997,0.46699999999999997,0.477,0.522,0.487,0.493,0.475,0.482,0.48,0.52,0.508,0.519,0.44399999999999995,0.486,0.476,0.46099999999999997,0.45999999999999996,0.43500000000000005,0.478,0.18300000000000005,0.397,0.44999999999999996,0.46399999999999997,0.479,0.471,0.45499999999999996,0.474,0.47,0.483,0.45999999999999996,0.469,0.473,0.45699999999999996,0.482,0.478,0.46499999999999997,0.469,0.46099999999999997,0.46699999999999997,0.45799999999999996,0.46399999999999997,0.45899999999999996,0.46399999999999997,0.46399999999999997,0.472,0.473,0.46599999999999997,0.46399999999999997,0.46199999999999997,0.472,0.46299999999999997,0.45899999999999996,0.46499999999999997,0.477,0.472,0.475,0.482,0.45799999999999996,0.46399999999999997,0.477,0.46799999999999997,0.46699999999999997,0.45599999999999996,0.46599999999999997,0.42100000000000004,0.47,0.46799999999999997,0.472,0.469,0.43200000000000005,0.45799999999999996,0.44399999999999995,0.469,0.43000000000000005,0.473,0.473,0.43300000000000005,0.477,0.46399999999999997,0.479,0.478,0.478,0.46299999999999997,0.0,0.46599999999999997,0.44399999999999995,0.473,0.44299999999999995,0.46299999999999997,0.475,0.499,0.43799999999999994,0.46599999999999997,0.476,0.45799999999999996,0.471,0.43899999999999995,0.44699999999999995,0.476,0.473,0.43799999999999994,0.44199999999999995,0.43799999999999994,0.43799999999999994,0.44699999999999995,0.44799999999999995,0.43999999999999995,0.44499999999999995,0.45199999999999996,0.45399999999999996,0.472,0.471,0.46299999999999997,0.473,0.46399999999999997,0.45999999999999996,0.45599999999999996,0.47,0.472,0.45199999999999996,0.476,0.481,0.42100000000000004
sp|P32309.1|OPSD_CARAU,0.515,0.515,0.529,0.527,0.519,0.522,0.502,0.495,0.505,0.5369999999999999,0.544,0.5389999999999999,0.46099999999999997,0.502,0.29800000000000004,0.30000000000000004,0.19799999999999995,0.44199999999999995,0.20999999999999996,0.477,0.45299999999999996,0.32599999999999996,0.473,0.30400000000000005,0.19999999999999996,0.31599999999999995,0.21399999999999997,0.20199999999999996,0.20499999999999996,0.19699999999999995,0.18600000000000005,0.28600000000000003,0.18300000000000005,0.17100000000000004,0.31200000000000006,0.18300000000000005,0.18600000000000005,0.18899999999999995,0.19399999999999995,0.18700000000000006,0.17500000000000004,0.18000000000000005,0.18500000000000005,0.18000000000000005,0.19199999999999995,0.31200000000000006,0.18700000000000006,0.19699999999999995,0.18899999999999995,0.28600000000000003,0.18600000000000005,0.20099999999999996,0.19999999999999996,0.19099999999999995,0.20999999999999996,0.19299999999999995,0.16200000000000003,0.21699999999999997,0.18799999999999994,0.19599999999999995,0.19499999999999995,0.18600000000000005,0.123,0.20199999999999996,0.16000000000000003,0.16600000000000004,0.18000000000000005,0.13,0.17100000000000004,0.19499999999999995,0.17400000000000004,0.33699999999999997,0.17100000000000004,0.16700000000000004,0.17300000000000004,0.17900000000000005,0.18400000000000005,0.19199999999999995,0.04500000000000004,0.18100000000000005,0.121,0.125,0.131,0.46599999999999997,0.0,0.562,0.118,0.5569999999999999,0.14400000000000002,0.14500000000000002,0.15100000000000002,0.5609999999999999,0.128,0.125,0.07299999999999995,0.11599999999999999,0.565,0.56,0.14100000000000001,0.21499999999999997,0.5609999999999999,0.5549999999999999,0.5549999999999999,0.552,0.5509999999999999,0.5529999999999999,0.55,0.563,0.5680000000000001,0.5680000000000001,0.5680000000000001,0.571,0.565,0.575,0.558,0.558,0.558,0.569,0.5700000000000001,0.516,0.15300000000000002,0.123,0.53
sp|Q9R024.1|OPSG_CAVPO,0.516,0.516,0.501,0.514,0.526,0.509,0.517,0.526,0.5489999999999999,0.528,0.503,0.538,0.5369999999999999,0.5569999999999999,0.5529999999999999,0.5529999999999999,0.536,0.53,0.56,0.42800000000000005,0.542,0.5740000000000001,0.532,0.569,0.562,0.567,0.5589999999999999,0.5640000000000001,0.5449999999999999,0.5589999999999999,0.562,0.5549999999999999,0.536,0.542,0.556,0.552,0.554,0.5609999999999999,0.558,0.56,0.5589999999999999,0.556,0.563,0.5549999999999999,0.567,0.562,0.5409999999999999,0.5589999999999999,0.5640000000000001,0.567,0.556,0.558,0.5660000000000001,0.5569999999999999,0.5589999999999999,0.5700000000000001,0.552,0.5569999999999999,0.554,0.5720000000000001,0.558,0.5569999999999999,0.544,0.5640000000000001,0.5549999999999999,0.556,0.556,0.5489999999999999,0.534,0.536,0.556,0.565,0.5349999999999999,0.567,0.5369999999999999,0.5329999999999999,0.5409999999999999,0.534,0.562,0.5389999999999999,0.565,0.563,0.546,0.44399999999999995,0.562,0.0,0.5549999999999999,0.09599999999999997,0.569,0.546,0.5469999999999999,0.08099999999999996,0.5680000000000001,0.5489999999999999,0.5569999999999999,0.5429999999999999,0.10699999999999998,0.08299999999999996,0.5489999999999999,0.565,0.11299999999999999,0.10199999999999998,0.10799999999999998,0.10199999999999998,0.10799999999999998,0.10999999999999999,0.09599999999999997,0.08799999999999997,0.14600000000000002,0.14,0.19599999999999995,0.19999999999999996,0.16800000000000004,0.20799999999999996,0.21199999999999997,0.17500000000000004,0.21499999999999997,0.19799999999999995,0.20599999999999996,0.07399999999999995,0.5469999999999999,0.5409999999999999,0.5449999999999999
sp|P87369.1|OPSD_ORYLA,0.51,0.51,0.509,0.521,0.51,0.522,0.496,0.5,0.488,0.528,0.519,0.531,0.45799999999999996,0.472,0.29000000000000004,0.29400000000000004,0.20699999999999996,0.44199999999999995,0.20699999999999996,0.496,0.45599999999999996,0.31399999999999995,0.45999999999999996,0.29900000000000004,0.20199999999999996,0.32299999999999995,0.22199999999999998,0.20799999999999996,0.20199999999999996,0.19999999999999996,0.19199999999999995,0.28400000000000003,0.18999999999999995,0.16700000000000004,0.30100000000000005,0.18500000000000005,0.19499999999999995,0.19999999999999996,0.19699999999999995,0.19499999999999995,0.18200000000000005,0.18400000000000005,0.18999999999999995,0.18300000000000005,0.19199999999999995,0.30800000000000005,0.18700000000000006,0.19599999999999995,0.20599999999999996,0.29000000000000004,0.18899999999999995,0.19999999999999996,0.19799999999999995,0.20299999999999996,0.19799999999999995,0.19499999999999995,0.15900000000000003,0.21199999999999997,0.19599999999999995,0.19799999999999995,0.19499999999999995,0.18500000000000005,0.14500000000000002,0.20399999999999996,0.10499999999999998,0.11299999999999999,0.18600000000000005,0.09899999999999998,0.118,0.14100000000000001,0.18100000000000005,0.34299999999999997,0.11599999999999999,0.118,0.11699999999999999,0.11299999999999999,0.132,0.138,0.10699999999999998,0.118,0.08099999999999996,0.08199999999999996,0.129,0.473,0.118,0.5549999999999999,0.0,0.548,0.08199999999999996,0.07799999999999996,0.09099999999999997,0.562,0.07599999999999996,0.05900000000000005,0.10699999999999998,0.05900000000000005,0.565,0.5469999999999999,0.07299999999999995,0.22199999999999998,0.5409999999999999,0.536,0.554,0.554,0.5509999999999999,0.5529999999999999,0.552,0.56,0.5409999999999999,0.548,0.558,0.5469999999999999,0.55,0.548,0.548,0.5449999999999999,0.5489999999999999,0.5589999999999999,0.563,0.511,0.15300000000000002,0.06299999999999994,0.536
sp|P34989.1|OPSL_CALJA,0.526,0.526,0.514,0.519,0.531,0.516,0.519,0.54,0.548,0.532,0.504,0.5329999999999999,0.526,0.5529999999999999,0.548,0.546,0.5329999999999999,0.525,0.554,0.42800000000000005,0.532,0.567,0.5369999999999999,0.5509999999999999,0.556,0.569,0.5589999999999999,0.558,0.546,0.552,0.554,0.542,0.529,0.5389999999999999,0.5529999999999999,0.546,0.5389999999999999,0.5429999999999999,0.542,0.542,0.5389999999999999,0.542,0.5469999999999999,0.5389999999999999,0.5469999999999999,0.5569999999999999,0.536,0.5469999999999999,0.544,0.554,0.54,0.556,0.5409999999999999,0.5509999999999999,0.5589999999999999,0.5509999999999999,0.5349999999999999,0.546,0.5369999999999999,0.554,0.542,0.54,0.546,0.558,0.5449999999999999,0.5389999999999999,0.5389999999999999,0.54,0.53,0.529,0.5429999999999999,0.5529999999999999,0.532,0.556,0.531,0.528,0.53,0.527,0.554,0.5349999999999999,0.5449999999999999,0.5429999999999999,0.546,0.44299999999999995,0.5569999999999999,0.09599999999999997,0.548,0.0,0.5469999999999999,0.5469999999999999,0.544,0.09299999999999997,0.548,0.538,0.544,0.5369999999999999,0.09799999999999998,0.07999999999999996,0.546,0.554,0.04500000000000004,0.052000000000000046,0.07599999999999996,0.08799999999999997,0.07799999999999996,0.07999999999999996,0.08599999999999997,0.10099999999999998,0.10199999999999998,0.10499999999999998,0.14500000000000002,0.15300000000000002,0.14300000000000002,0.16000000000000003,0.15400000000000003,0.16300000000000003,0.18100000000000005,0.18799999999999994,0.20399999999999996,0.06599999999999995,0.532,0.534,0.5589999999999999
sp|Q9YH05.1|OPSD_DIPAN,0.5329999999999999,0.5329999999999999,0.531,0.5489999999999999,0.54,0.532,0.513,0.512,0.496,0.542,0.5329999999999999,0.542,0.45999999999999996,0.475,0.29700000000000004,0.30000000000000004,0.19599999999999995,0.43899999999999995,0.21199999999999997,0.478,0.46099999999999997,0.32899999999999996,0.46399999999999997,0.29700000000000004,0.20299999999999996,0.33199999999999996,0.21299999999999997,0.20799999999999996,0.20099999999999996,0.20999999999999996,0.20399999999999996,0.29300000000000004,0.18400000000000005,0.16700000000000004,0.31100000000000005,0.16600000000000004,0.18100000000000005,0.18600000000000005,0.19099999999999995,0.18100000000000005,0.17900000000000005,0.17800000000000005,0.17300000000000004,0.17200000000000004,0.18000000000000005,0.31200000000000006,0.17800000000000005,0.19099999999999995,0.18799999999999994,0.29800000000000004,0.18300000000000005,0.19399999999999995,0.18700000000000006,0.22599999999999998,0.19999999999999996,0.18300000000000005,0.16300000000000003,0.21099999999999997,0.17900000000000005,0.18500000000000005,0.18700000000000006,0.17600000000000005,0.11599999999999999,0.19499999999999995,0.12,0.09599999999999997,0.17200000000000004,0.09499999999999997,0.10499999999999998,0.14100000000000001,0.16600000000000004,0.33999999999999997,0.09999999999999998,0.12,0.11599999999999999,0.11499999999999999,0.131,0.139,0.133,0.119,0.07299999999999995,0.07599999999999996,0.136,0.46299999999999997,0.14400000000000002,0.569,0.08199999999999996,0.5469999999999999,0.0,0.06499999999999995,0.09799999999999998,0.5680000000000001,0.06999999999999995,0.07499999999999996,0.126,0.08499999999999996,0.5549999999999999,0.5509999999999999,0.06999999999999995,0.22199999999999998,0.552,0.546,0.563,0.562,0.558,0.56,0.5609999999999999,0.563,0.558,0.5609999999999999,0.569,0.5800000000000001,0.562,0.577,0.5800000000000001,0.569,0.562,0.556,0.5509999999999999,0.52,0.14700000000000002,0.08399999999999996,0.54
sp|Q9YGZ8.1|OPSD_CHELB,0.532,0.532,0.53,0.5489999999999999,0.5349999999999999,0.527,0.524,0.511,0.494,0.5569999999999999,0.527,0.538,0.46099999999999997,0.476,0.30400000000000005,0.30300000000000005,0.20499999999999996,0.44099999999999995,0.21599999999999997,0.484,0.471,0.32899999999999996,0.46699999999999997,0.30700000000000005,0.20699999999999996,0.33399999999999996,0.22399999999999998,0.21099999999999997,0.21599999999999997,0.22399999999999998,0.21499999999999997,0.29200000000000004,0.19899999999999995,0.17500000000000004,0.31000000000000005,0.18000000000000005,0.19399999999999995,0.20099999999999996,0.20699999999999996,0.19599999999999995,0.18700000000000006,0.18400000000000005,0.19199999999999995,0.18600000000000005,0.19599999999999995,0.31499999999999995,0.19699999999999995,0.20699999999999996,0.20299999999999996,0.30100000000000005,0.19299999999999995,0.19699999999999995,0.19899999999999995,0.23199999999999998,0.20299999999999996,0.19799999999999995,0.17100000000000004,0.21299999999999997,0.19199999999999995,0.19999999999999996,0.19599999999999995,0.18600000000000005,0.133,0.20899999999999996,0.11699999999999999,0.10899999999999999,0.18500000000000005,0.10199999999999998,0.11399999999999999,0.14400000000000002,0.17700000000000005,0.348,0.10999999999999999,0.126,0.119,0.122,0.137,0.14200000000000002,0.138,0.126,0.07299999999999995,0.07299999999999995,0.14600000000000002,0.475,0.14500000000000002,0.546,0.07799999999999996,0.5469999999999999,0.06499999999999995,0.0,0.07699999999999996,0.5489999999999999,0.06799999999999995,0.07899999999999996,0.124,0.08299999999999996,0.552,0.55,0.039000000000000035,0.22699999999999998,0.5509999999999999,0.5469999999999999,0.544,0.5589999999999999,0.5549999999999999,0.558,0.5589999999999999,0.562,0.5469999999999999,0.5529999999999999,0.5569999999999999,0.5720000000000001,0.548,0.562,0.5589999999999999,0.5549999999999999,0.5509999999999999,0.538,0.5569999999999999,0.517,0.16500000000000004,0.08099999999999996,0.54
sp|Q9YGZ5.1|OPSD_SOLSO,0.5329999999999999,0.5329999999999999,0.513,0.5449999999999999,0.536,0.531,0.524,0.507,0.498,0.55,0.531,0.544,0.45599999999999996,0.469,0.29800000000000004,0.30500000000000005,0.21199999999999997,0.44999999999999996,0.21499999999999997,0.482,0.45899999999999996,0.33099999999999996,0.48,0.30800000000000005,0.21299999999999997,0.33099999999999996,0.22699999999999998,0.21799999999999997,0.21199999999999997,0.22199999999999998,0.21099999999999997,0.29900000000000004,0.19699999999999995,0.18899999999999995,0.31499999999999995,0.18899999999999995,0.19799999999999995,0.19899999999999995,0.21099999999999997,0.19399999999999995,0.18700000000000006,0.18300000000000005,0.18899999999999995,0.18700000000000006,0.19199999999999995,0.31999999999999995,0.19799999999999995,0.20899999999999996,0.20699999999999996,0.29800000000000004,0.19399999999999995,0.20099999999999996,0.19799999999999995,0.22899999999999998,0.19899999999999995,0.19399999999999995,0.18000000000000005,0.22899999999999998,0.19899999999999995,0.19699999999999995,0.19399999999999995,0.18799999999999994,0.14700000000000002,0.21699999999999997,0.136,0.133,0.19099999999999995,0.124,0.139,0.16700000000000004,0.18400000000000005,0.34099999999999997,0.136,0.14600000000000002,0.14,0.14100000000000001,0.15700000000000003,0.16600000000000004,0.14,0.14600000000000002,0.10199999999999998,0.10299999999999998,0.15200000000000002,0.499,0.15100000000000002,0.5469999999999999,0.09099999999999997,0.544,0.09799999999999998,0.07699999999999996,0.0,0.554,0.07299999999999995,0.08899999999999997,0.134,0.09699999999999998,0.5569999999999999,0.55,0.07499999999999996,0.23399999999999999,0.5489999999999999,0.5429999999999999,0.5489999999999999,0.563,0.56,0.562,0.565,0.5680000000000001,0.556,0.5569999999999999,0.563,0.573,0.558,0.5680000000000001,0.562,0.556,0.5569999999999999,0.5740000000000001,0.5720000000000001,0.517,0.18000000000000005,0.08699999999999997,0.54
sp|O35476.2|OPSG_RAT,0.52,0.52,0.508,0.519,0.531,0.51,0.528,0.531,0.546,0.54,0.506,0.5349999999999999,0.528,0.558,0.5489999999999999,0.5509999999999999,0.5329999999999999,0.522,0.5609999999999999,0.43000000000000005,0.536,0.573,0.558,0.5609999999999999,0.558,0.5660000000000001,0.56,0.5589999999999999,0.5529999999999999,0.563,0.5680000000000001,0.55,0.534,0.5389999999999999,0.554,0.5489999999999999,0.5389999999999999,0.5469999999999999,0.552,0.546,0.544,0.5409999999999999,0.5489999999999999,0.5409999999999999,0.55,0.56,0.538,0.563,0.5509999999999999,0.563,0.54,0.5569999999999999,0.55,0.5640000000000001,0.565,0.552,0.5489999999999999,0.554,0.5389999999999999,0.554,0.544,0.542,0.542,0.562,0.5589999999999999,0.5569999999999999,0.542,0.5469999999999999,0.536,0.5329999999999999,0.542,0.567,0.5369999999999999,0.567,0.544,0.5389999999999999,0.542,0.531,0.5609999999999999,0.5449999999999999,0.5660000000000001,0.5640000000000001,0.5549999999999999,0.43799999999999994,0.5609999999999999,0.08099999999999996,0.562,0.09299999999999997,0.5680000000000001,0.5489999999999999,0.554,0.0,0.5680000000000001,0.5569999999999999,0.5549999999999999,0.5449999999999999,0.03500000000000003,0.08299999999999996,0.55,0.5589999999999999,0.09799999999999998,0.10099999999999998,0.09999999999999998,0.09499999999999997,0.09599999999999997,0.09299999999999997,0.09999999999999998,0.08399999999999996,0.14500000000000002,0.14100000000000001,0.16500000000000004,0.16500000000000004,0.17200000000000004,0.16900000000000004,0.17700000000000005,0.17500000000000004,0.18500000000000005,0.20899999999999996,0.21799999999999997,0.06999999999999995,0.5489999999999999,0.5489999999999999,0.536
sp|Q9DGG4.1|OPSD_TETNG,0.532,0.532,0.53,0.542,0.531,0.53,0.528,0.511,0.494,0.544,0.531,0.546,0.44899999999999995,0.469,0.29800000000000004,0.30200000000000005,0.20799999999999996,0.43300000000000005,0.21299999999999997,0.477,0.45699999999999996,0.32499999999999996,0.472,0.30300000000000005,0.20299999999999996,0.32099999999999995,0.21599999999999997,0.20599999999999996,0.20899999999999996,0.21599999999999997,0.20599999999999996,0.29700000000000004,0.18899999999999995,0.17500000000000004,0.30900000000000005,0.18500000000000005,0.19099999999999995,0.19799999999999995,0.20199999999999996,0.19199999999999995,0.18300000000000005,0.18000000000000005,0.18200000000000005,0.18300000000000005,0.18799999999999994,0.31499999999999995,0.19099999999999995,0.20099999999999996,0.19699999999999995,0.30200000000000005,0.18999999999999995,0.19899999999999995,0.19199999999999995,0.22399999999999998,0.20699999999999996,0.19099999999999995,0.16100000000000003,0.21599999999999997,0.19299999999999995,0.19399999999999995,0.19099999999999995,0.18300000000000005,0.13,0.20099999999999996,0.12,0.11199999999999999,0.18400000000000005,0.09399999999999997,0.12,0.14600000000000002,0.17700000000000005,0.346,0.11699999999999999,0.132,0.122,0.123,0.14100000000000001,0.14400000000000002,0.11699999999999999,0.128,0.07699999999999996,0.08099999999999996,0.136,0.46599999999999997,0.128,0.5680000000000001,0.07599999999999996,0.548,0.06999999999999995,0.06799999999999995,0.07299999999999995,0.5680000000000001,0.0,0.06999999999999995,0.10899999999999999,0.08399999999999996,0.5549999999999999,0.5529999999999999,0.061000000000000054,0.22799999999999998,0.5509999999999999,0.546,0.565,0.5609999999999999,0.558,0.56,0.5640000000000001,0.5660000000000001,0.562,0.558,0.5680000000000001,0.5800000000000001,0.5589999999999999,0.581,0.581,0.569,0.562,0.567,0.565,0.522,0.15800000000000003,0.08599999999999997,0.54
sp|Q9YGZ3.1|OPSD_SALPV,0.532,0.532,0.531,0.544,0.534,0.526,0.519,0.507,0.491,0.546,0.522,0.5329999999999999,0.45399999999999996,0.47,0.28800000000000003,0.29000000000000004,0.20899999999999996,0.43799999999999994,0.20699999999999996,0.486,0.45199999999999996,0.30300000000000005,0.45999999999999996,0.30200000000000005,0.20599999999999996,0.30600000000000005,0.22199999999999998,0.20899999999999996,0.20299999999999996,0.19899999999999995,0.18999999999999995,0.29200000000000004,0.19499999999999995,0.16200000000000003,0.30200000000000005,0.18799999999999994,0.19999999999999996,0.20399999999999996,0.19999999999999996,0.19899999999999995,0.18899999999999995,0.18999999999999995,0.18999999999999995,0.18799999999999994,0.19499999999999995,0.30300000000000005,0.19599999999999995,0.20099999999999996,0.20699999999999996,0.29600000000000004,0.19499999999999995,0.20499999999999996,0.19999999999999996,0.21299999999999997,0.20099999999999996,0.19799999999999995,0.15400000000000003,0.21999999999999997,0.19999999999999996,0.19999999999999996,0.19899999999999995,0.18700000000000006,0.137,0.21099999999999997,0.10999999999999999,0.10399999999999998,0.19099999999999995,0.08799999999999997,0.10999999999999999,0.137,0.18600000000000005,0.33999999999999997,0.10599999999999998,0.12,0.119,0.11499999999999999,0.131,0.136,0.11299999999999999,0.12,0.06599999999999995,0.06299999999999994,0.127,0.476,0.125,0.5489999999999999,0.05900000000000005,0.538,0.07499999999999996,0.07899999999999996,0.08899999999999997,0.5569999999999999,0.06999999999999995,0.0,0.10999999999999999,0.06699999999999995,0.5609999999999999,0.552,0.07799999999999996,0.23099999999999998,0.548,0.5389999999999999,0.54,0.5589999999999999,0.5529999999999999,0.5549999999999999,0.556,0.5660000000000001,0.5469999999999999,0.546,0.5589999999999999,0.569,0.5529999999999999,0.5660000000000001,0.5549999999999999,0.5509999999999999,0.5549999999999999,0.569,0.5840000000000001,0.51,0.14800000000000002,0.06299999999999994,0.538
sp|P35359.2|OPSD_DANRE,0.527,0.527,0.526,0.527,0.518,0.525,0.504,0.501,0.505,0.542,0.5429999999999999,0.536,0.46799999999999997,0.498,0.28700000000000003,0.29000000000000004,0.18600000000000005,0.44799999999999995,0.18700000000000006,0.46599999999999997,0.46199999999999997,0.31399999999999995,0.477,0.29300000000000004,0.17900000000000005,0.31499999999999995,0.19899999999999995,0.18400000000000005,0.18500000000000005,0.18300000000000005,0.17300000000000004,0.273,0.15900000000000003,0.14800000000000002,0.30200000000000005,0.15700000000000003,0.16500000000000004,0.16400000000000003,0.17800000000000005,0.16200000000000003,0.14400000000000002,0.15500000000000003,0.15900000000000003,0.15400000000000003,0.17000000000000004,0.30200000000000005,0.16400000000000003,0.17800000000000005,0.16100000000000003,0.279,0.15900000000000003,0.18100000000000005,0.17900000000000005,0.18400000000000005,0.18799999999999994,0.17800000000000005,0.137,0.21099999999999997,0.16300000000000003,0.17900000000000005,0.16000000000000003,0.15900000000000003,0.121,0.18400000000000005,0.14500000000000002,0.15100000000000002,0.15500000000000003,0.11399999999999999,0.15700000000000003,0.17900000000000005,0.15100000000000002,0.33799999999999997,0.15500000000000003,0.15100000000000002,0.16300000000000003,0.16300000000000003,0.17300000000000004,0.17700000000000005,0.05800000000000005,0.16400000000000003,0.11699999999999999,0.12,0.12,0.45799999999999996,0.07299999999999995,0.5569999999999999,0.10699999999999998,0.544,0.126,0.124,0.134,0.5549999999999999,0.10899999999999999,0.10999999999999999,0.0,0.11399999999999999,0.558,0.5529999999999999,0.118,0.21099999999999997,0.5529999999999999,0.5469999999999999,0.548,0.5469999999999999,0.5409999999999999,0.5429999999999999,0.546,0.5549999999999999,0.546,0.54,0.5609999999999999,0.5700000000000001,0.5569999999999999,0.556,0.562,0.5640000000000001,0.5489999999999999,0.581,0.5820000000000001,0.501,0.132,0.118,0.5349999999999999
sp|P79848.1|OPSD_POERE,0.5329999999999999,0.5329999999999999,0.519,0.55,0.538,0.53,0.523,0.502,0.495,0.554,0.531,0.544,0.45499999999999996,0.487,0.29200000000000004,0.30000000000000004,0.20999999999999996,0.43600000000000005,0.21999999999999997,0.494,0.45899999999999996,0.31599999999999995,0.46599999999999997,0.30400000000000005,0.21199999999999997,0.32499999999999996,0.22699999999999998,0.21799999999999997,0.21099999999999997,0.20999999999999996,0.20399999999999996,0.28800000000000003,0.19399999999999995,0.16400000000000003,0.30800000000000005,0.18999999999999995,0.19499999999999995,0.20099999999999996,0.20599999999999996,0.19599999999999995,0.18600000000000005,0.19199999999999995,0.19599999999999995,0.18799999999999994,0.19699999999999995,0.31399999999999995,0.19399999999999995,0.20899999999999996,0.20599999999999996,0.29200000000000004,0.19599999999999995,0.20299999999999996,0.20399999999999996,0.20999999999999996,0.20599999999999996,0.19999999999999996,0.15200000000000002,0.22399999999999998,0.19799999999999995,0.20299999999999996,0.20099999999999996,0.18799999999999994,0.14200000000000002,0.20699999999999996,0.11499999999999999,0.11599999999999999,0.18999999999999995,0.10099999999999998,0.121,0.15300000000000002,0.18200000000000005,0.348,0.11599999999999999,0.124,0.128,0.127,0.14,0.15000000000000002,0.10399999999999998,0.131,0.07299999999999995,0.07299999999999995,0.137,0.471,0.11599999999999999,0.5429999999999999,0.05900000000000005,0.5369999999999999,0.08499999999999996,0.08299999999999996,0.09699999999999998,0.5449999999999999,0.08399999999999996,0.06699999999999995,0.11399999999999999,0.0,0.548,0.5469999999999999,0.08399999999999996,0.22699999999999998,0.5429999999999999,0.538,0.534,0.5549999999999999,0.55,0.5529999999999999,0.552,0.5609999999999999,0.5469999999999999,0.55,0.554,0.5680000000000001,0.55,0.56,0.5549999999999999,0.5489999999999999,0.552,0.579,0.583,0.509,0.15300000000000002,0.03400000000000003,0.54
sp|O35599.1|OPSG_MOUSE,0.521,0.521,0.51,0.521,0.5329999999999999,0.516,0.53,0.532,0.548,0.5429999999999999,0.513,0.536,0.53,0.5589999999999999,0.552,0.5549999999999999,0.536,0.523,0.556,0.43100000000000005,0.5369999999999999,0.575,0.5569999999999999,0.563,0.552,0.5680000000000001,0.5640000000000001,0.5529999999999999,0.556,0.567,0.5720000000000001,0.552,0.536,0.5329999999999999,0.558,0.542,0.542,0.55,0.556,0.5489999999999999,0.546,0.544,0.5509999999999999,0.5429999999999999,0.552,0.563,0.5409999999999999,0.567,0.554,0.5660000000000001,0.5429999999999999,0.5509999999999999,0.5529999999999999,0.5680000000000001,0.5589999999999999,0.5549999999999999,0.536,0.548,0.5409999999999999,0.5569999999999999,0.546,0.5449999999999999,0.546,0.556,0.562,0.548,0.544,0.55,0.5389999999999999,0.536,0.5449999999999999,0.569,0.54,0.571,0.5469999999999999,0.542,0.5449999999999999,0.534,0.562,0.548,0.558,0.5549999999999999,0.5589999999999999,0.43899999999999995,0.565,0.10699999999999998,0.565,0.09799999999999998,0.5549999999999999,0.552,0.5569999999999999,0.03500000000000003,0.5549999999999999,0.5609999999999999,0.558,0.548,0.0,0.08699999999999997,0.554,0.5529999999999999,0.10199999999999998,0.10499999999999998,0.10299999999999998,0.10099999999999998,0.09999999999999998,0.09699999999999998,0.10399999999999998,0.09099999999999997,0.15000000000000002,0.14600000000000002,0.16900000000000004,0.16800000000000004,0.17700000000000005,0.17100000000000004,0.17800000000000005,0.18000000000000005,0.18999999999999995,0.21399999999999997,0.22299999999999998,0.07099999999999995,0.5369999999999999,0.552,0.53
sp|O35478.2|OPSG_SCICA,0.519,0.519,0.505,0.515,0.527,0.511,0.519,0.5349999999999999,0.5449999999999999,0.529,0.509,0.5329999999999999,0.5389999999999999,0.5569999999999999,0.554,0.554,0.529,0.5329999999999999,0.5589999999999999,0.43000000000000005,0.542,0.5740000000000001,0.529,0.546,0.56,0.563,0.5640000000000001,0.562,0.548,0.5589999999999999,0.5609999999999999,0.538,0.5349999999999999,0.5429999999999999,0.5529999999999999,0.5489999999999999,0.5409999999999999,0.542,0.544,0.5409999999999999,0.5469999999999999,0.538,0.5449999999999999,0.538,0.5449999999999999,0.562,0.5489999999999999,0.5569999999999999,0.5429999999999999,0.548,0.5449999999999999,0.5569999999999999,0.548,0.56,0.56,0.548,0.55,0.5589999999999999,0.5409999999999999,0.5509999999999999,0.5409999999999999,0.54,0.542,0.5640000000000001,0.554,0.544,0.5349999999999999,0.5489999999999999,0.5349999999999999,0.54,0.538,0.56,0.5369999999999999,0.567,0.536,0.534,0.5409999999999999,0.5369999999999999,0.5609999999999999,0.5409999999999999,0.556,0.5529999999999999,0.5469999999999999,0.44699999999999995,0.56,0.08299999999999996,0.5469999999999999,0.07999999999999996,0.5509999999999999,0.55,0.55,0.08299999999999996,0.5529999999999999,0.552,0.5529999999999999,0.5469999999999999,0.08699999999999997,0.0,0.5529999999999999,0.5660000000000001,0.08899999999999997,0.09199999999999997,0.08299999999999996,0.08499999999999996,0.08799999999999997,0.08999999999999997,0.08099999999999996,0.07699999999999996,0.17400000000000004,0.138,0.19699999999999995,0.20099999999999996,0.17000000000000004,0.20599999999999996,0.17700000000000005,0.17600000000000005,0.22099999999999997,0.20299999999999996,0.21399999999999997,0.07099999999999995,0.5469999999999999,0.5449999999999999,0.565
sp|Q9YGZ6.1|OPSD_CHEAU,0.5329999999999999,0.5329999999999999,0.532,0.546,0.534,0.53,0.526,0.512,0.497,0.5529999999999999,0.527,0.5369999999999999,0.46199999999999997,0.478,0.30800000000000005,0.30600000000000005,0.20499999999999996,0.44299999999999995,0.21399999999999997,0.486,0.471,0.32999999999999996,0.46799999999999997,0.31100000000000005,0.20499999999999996,0.33599999999999997,0.22299999999999998,0.20999999999999996,0.21099999999999997,0.21899999999999997,0.20999999999999996,0.29800000000000004,0.19299999999999995,0.17100000000000004,0.31499999999999995,0.18100000000000005,0.18899999999999995,0.19299999999999995,0.20599999999999996,0.18799999999999994,0.18000000000000005,0.17700000000000005,0.18500000000000005,0.17900000000000005,0.18899999999999995,0.31999999999999995,0.18999999999999995,0.20099999999999996,0.19499999999999995,0.30600000000000005,0.18600000000000005,0.20199999999999996,0.19699999999999995,0.22399999999999998,0.20899999999999996,0.19199999999999995,0.16600000000000004,0.21399999999999997,0.18999999999999995,0.19399999999999995,0.18899999999999995,0.17900000000000005,0.134,0.20799999999999996,0.11099999999999999,0.11199999999999999,0.18100000000000005,0.10399999999999998,0.118,0.14200000000000002,0.17300000000000004,0.352,0.11499999999999999,0.119,0.119,0.121,0.135,0.14100000000000001,0.132,0.125,0.07599999999999996,0.07699999999999996,0.14400000000000002,0.476,0.14100000000000001,0.5489999999999999,0.07299999999999995,0.546,0.06999999999999995,0.039000000000000035,0.07499999999999996,0.55,0.061000000000000054,0.07799999999999996,0.118,0.08399999999999996,0.554,0.5529999999999999,0.0,0.22699999999999998,0.5489999999999999,0.5449999999999999,0.544,0.5589999999999999,0.556,0.5589999999999999,0.5609999999999999,0.565,0.548,0.556,0.5569999999999999,0.5740000000000001,0.548,0.5640000000000001,0.5609999999999999,0.5569999999999999,0.5549999999999999,0.5409999999999999,0.556,0.517,0.15700000000000003,0.08199999999999996,0.538
sp|Q98980.1|OPSD_PETMA,0.49,0.49,0.49,0.509,0.497,0.492,0.482,0.484,0.469,0.508,0.523,0.501,0.42100000000000004,0.46799999999999997,0.22299999999999998,0.22399999999999998,0.19599999999999995,0.41200000000000003,0.17800000000000005,0.474,0.41600000000000004,0.264,0.44599999999999995,0.22299999999999998,0.16700000000000004,0.271,0.16900000000000004,0.17200000000000004,0.18000000000000005,0.20399999999999996,0.18899999999999995,0.21499999999999997,0.18799999999999994,0.22099999999999997,0.22699999999999998,0.17700000000000005,0.18400000000000005,0.18100000000000005,0.16000000000000003,0.17900000000000005,0.18500000000000005,0.18000000000000005,0.18799999999999994,0.17500000000000004,0.18100000000000005,0.22999999999999998,0.18400000000000005,0.16800000000000004,0.19099999999999995,0.20199999999999996,0.18500000000000005,0.16600000000000004,0.18600000000000005,0.19999999999999996,0.17900000000000005,0.19199999999999995,0.21499999999999997,0.07499999999999996,0.17700000000000005,0.19399999999999995,0.18300000000000005,0.17700000000000005,0.22499999999999998,0.17000000000000004,0.24,0.23399999999999999,0.16800000000000004,0.21699999999999997,0.24,0.255,0.18400000000000005,0.245,0.24,0.241,0.23299999999999998,0.236,0.25,0.252,0.20899999999999996,0.238,0.20899999999999996,0.21499999999999997,0.22599999999999998,0.473,0.21499999999999997,0.565,0.22199999999999998,0.554,0.22199999999999998,0.22699999999999998,0.23399999999999999,0.5589999999999999,0.22799999999999998,0.23099999999999998,0.21099999999999997,0.22699999999999998,0.5529999999999999,0.5660000000000001,0.22699999999999998,0.0,0.546,0.544,0.5569999999999999,0.556,0.554,0.554,0.5569999999999999,0.5640000000000001,0.544,0.5409999999999999,0.556,0.5609999999999999,0.5449999999999999,0.5429999999999999,0.544,0.536,0.5569999999999999,0.5509999999999999,0.5549999999999999,0.538,0.20799999999999996,0.23199999999999998,0.518
sp|P04000.2|OPSR_HUMAN,0.526,0.526,0.513,0.523,0.534,0.517,0.524,0.5369999999999999,0.5509999999999999,0.534,0.508,0.5329999999999999,0.53,0.5569999999999999,0.542,0.5429999999999999,0.531,0.529,0.5509999999999999,0.42900000000000005,0.529,0.5640000000000001,0.534,0.5529999999999999,0.5529999999999999,0.5700000000000001,0.562,0.554,0.554,0.554,0.558,0.5369999999999999,0.534,0.529,0.542,0.54,0.542,0.546,0.5449999999999999,0.5449999999999999,0.546,0.542,0.55,0.542,0.55,0.552,0.5389999999999999,0.548,0.5489999999999999,0.554,0.544,0.5469999999999999,0.544,0.552,0.5509999999999999,0.554,0.534,0.5389999999999999,0.54,0.5569999999999999,0.546,0.544,0.5429999999999999,0.556,0.5529999999999999,0.54,0.542,0.5449999999999999,0.531,0.531,0.546,0.544,0.5329999999999999,0.565,0.532,0.528,0.534,0.529,0.558,0.536,0.5509999999999999,0.548,0.54,0.43799999999999994,0.5609999999999999,0.11299999999999999,0.5409999999999999,0.04500000000000004,0.552,0.5509999999999999,0.5489999999999999,0.09799999999999998,0.5509999999999999,0.548,0.5529999999999999,0.5429999999999999,0.10199999999999998,0.08899999999999997,0.5489999999999999,0.546,0.0,0.052000000000000046,0.08499999999999996,0.09399999999999997,0.09399999999999997,0.09599999999999997,0.09899999999999998,0.11099999999999999,0.14500000000000002,0.118,0.17900000000000005,0.18500000000000005,0.18999999999999995,0.19099999999999995,0.20199999999999996,0.17000000000000004,0.21099999999999997,0.19499999999999995,0.21099999999999997,0.06899999999999995,0.531,0.54,0.562
sp|P04001.1|OPSG_HUMAN,0.523,0.523,0.51,0.517,0.528,0.507,0.52,0.534,0.548,0.527,0.498,0.53,0.526,0.55,0.5429999999999999,0.5409999999999999,0.527,0.534,0.5449999999999999,0.43500000000000005,0.528,0.565,0.528,0.546,0.5469999999999999,0.5589999999999999,0.554,0.548,0.5469999999999999,0.55,0.5529999999999999,0.536,0.528,0.522,0.546,0.534,0.536,0.5409999999999999,0.542,0.54,0.54,0.5369999999999999,0.5429999999999999,0.5369999999999999,0.544,0.5529999999999999,0.534,0.546,0.544,0.55,0.5389999999999999,0.544,0.5389999999999999,0.55,0.548,0.548,0.527,0.536,0.5349999999999999,0.5509999999999999,0.54,0.538,0.538,0.55,0.5489999999999999,0.5329999999999999,0.536,0.5389999999999999,0.525,0.528,0.5409999999999999,0.5449999999999999,0.527,0.56,0.527,0.526,0.528,0.526,0.5529999999999999,0.532,0.5469999999999999,0.544,0.5369999999999999,0.44199999999999995,0.5549999999999999,0.10199999999999998,0.536,0.052000000000000046,0.546,0.5469999999999999,0.5429999999999999,0.10099999999999998,0.546,0.5389999999999999,0.5469999999999999,0.538,0.10499999999999998,0.09199999999999997,0.5449999999999999,0.544,0.052000000000000046,0.0,0.09199999999999997,0.09299999999999997,0.09899999999999998,0.10099999999999998,0.09799999999999998,0.11199999999999999,0.15300000000000002,0.127,0.18700000000000006,0.18999999999999995,0.19099999999999995,0.19599999999999995,0.20299999999999996,0.17200000000000004,0.20699999999999996,0.18999999999999995,0.20399999999999996,0.06299999999999994,0.525,0.536,0.563
sp|O18913.2|OPSR_FELCA,0.524,0.524,0.516,0.525,0.5389999999999999,0.522,0.524,0.536,0.548,0.5349999999999999,0.51,0.532,0.528,0.556,0.552,0.5569999999999999,0.53,0.53,0.563,0.43700000000000006,0.5369999999999999,0.569,0.527,0.558,0.5589999999999999,0.5720000000000001,0.5549999999999999,0.56,0.5529999999999999,0.5549999999999999,0.5609999999999999,0.563,0.55,0.518,0.5549999999999999,0.55,0.5389999999999999,0.5549999999999999,0.546,0.554,0.5409999999999999,0.5389999999999999,0.5609999999999999,0.5529999999999999,0.5609999999999999,0.548,0.556,0.5549999999999999,0.542,0.5609999999999999,0.54,0.5569999999999999,0.5489999999999999,0.56,0.567,0.5640000000000001,0.5449999999999999,0.554,0.5369999999999999,0.567,0.5389999999999999,0.5549999999999999,0.5389999999999999,0.562,0.5469999999999999,0.544,0.55,0.54,0.524,0.526,0.529,0.56,0.526,0.5589999999999999,0.524,0.52,0.528,0.524,0.552,0.528,0.5569999999999999,0.5409999999999999,0.5409999999999999,0.43799999999999994,0.5549999999999999,0.10799999999999998,0.554,0.07599999999999996,0.563,0.544,0.5489999999999999,0.09999999999999998,0.565,0.54,0.548,0.534,0.10299999999999998,0.08299999999999996,0.544,0.5569999999999999,0.08499999999999996,0.09199999999999997,0.0,0.05400000000000005,0.06999999999999995,0.07099999999999995,0.05500000000000005,0.08299999999999996,0.122,0.128,0.19299999999999995,0.19899999999999995,0.15800000000000003,0.20199999999999996,0.17500000000000004,0.17600000000000005,0.21499999999999997,0.18799999999999994,0.20699999999999996,0.04600000000000004,0.5369999999999999,0.5329999999999999,0.5609999999999999
sp|O18912.2|OPSR_HORSE,0.538,0.538,0.527,0.532,0.5409999999999999,0.523,0.5389999999999999,0.542,0.5589999999999999,0.536,0.506,0.5329999999999999,0.528,0.5549999999999999,0.5509999999999999,0.5529999999999999,0.529,0.534,0.562,0.43999999999999995,0.54,0.5680000000000001,0.534,0.5469999999999999,0.558,0.569,0.5509999999999999,0.5589999999999999,0.5509999999999999,0.556,0.5609999999999999,0.56,0.55,0.532,0.5509999999999999,0.5469999999999999,0.5429999999999999,0.556,0.544,0.5549999999999999,0.5509999999999999,0.5329999999999999,0.5609999999999999,0.5529999999999999,0.542,0.546,0.556,0.558,0.54,0.5509999999999999,0.55,0.554,0.544,0.5589999999999999,0.5640000000000001,0.546,0.5489999999999999,0.552,0.544,0.5489999999999999,0.5329999999999999,0.5529999999999999,0.538,0.5609999999999999,0.5469999999999999,0.548,0.548,0.5389999999999999,0.528,0.529,0.5489999999999999,0.5509999999999999,0.527,0.5589999999999999,0.528,0.527,0.528,0.527,0.5509999999999999,0.55,0.5529999999999999,0.552,0.5469999999999999,0.43799999999999994,0.552,0.10199999999999998,0.554,0.08799999999999997,0.562,0.5589999999999999,0.563,0.09499999999999997,0.5609999999999999,0.5589999999999999,0.5469999999999999,0.5549999999999999,0.10099999999999998,0.08499999999999996,0.5589999999999999,0.556,0.09399999999999997,0.09299999999999997,0.05400000000000005,0.0,0.05300000000000005,0.05300000000000005,0.05500000000000005,0.08899999999999997,0.14,0.14,0.19199999999999995,0.19499999999999995,0.17500000000000004,0.19799999999999995,0.20999999999999996,0.16700000000000004,0.19499999999999995,0.19099999999999995,0.20699999999999996,0.038000000000000034,0.5349999999999999,0.554,0.548
sp|Q9BGI7.1|OPSR_BOVIN,0.532,0.532,0.524,0.5369999999999999,0.546,0.521,0.531,0.5469999999999999,0.556,0.542,0.501,0.532,0.534,0.5609999999999999,0.552,0.5509999999999999,0.5389999999999999,0.53,0.5589999999999999,0.43700000000000006,0.558,0.567,0.5369999999999999,0.562,0.5549999999999999,0.563,0.5589999999999999,0.5569999999999999,0.5609999999999999,0.552,0.5549999999999999,0.5549999999999999,0.546,0.531,0.552,0.5429999999999999,0.542,0.552,0.556,0.5509999999999999,0.5469999999999999,0.546,0.556,0.5469999999999999,0.5569999999999999,0.5609999999999999,0.5529999999999999,0.5529999999999999,0.554,0.567,0.55,0.548,0.558,0.552,0.5569999999999999,0.5609999999999999,0.5429999999999999,0.548,0.5429999999999999,0.5640000000000001,0.546,0.548,0.5369999999999999,0.5529999999999999,0.5469999999999999,0.544,0.544,0.5549999999999999,0.5429999999999999,0.544,0.5449999999999999,0.5660000000000001,0.542,0.5589999999999999,0.5409999999999999,0.5409999999999999,0.528,0.542,0.55,0.544,0.55,0.5489999999999999,0.5429999999999999,0.44699999999999995,0.5509999999999999,0.10799999999999998,0.5509999999999999,0.07799999999999996,0.558,0.5549999999999999,0.56,0.09599999999999997,0.558,0.5529999999999999,0.5409999999999999,0.55,0.09999999999999998,0.08799999999999997,0.556,0.554,0.09399999999999997,0.09899999999999998,0.06999999999999995,0.05300000000000005,0.0,0.030000000000000027,0.062000000000000055,0.08999999999999997,0.136,0.138,0.18700000000000006,0.19199999999999995,0.17100000000000004,0.19599999999999995,0.17700000000000005,0.16900000000000004,0.21999999999999997,0.19899999999999995,0.20799999999999996,0.027000000000000024,0.532,0.55,0.531
sp|Q95170.1|OPSR_CAPHI,0.536,0.536,0.525,0.5409999999999999,0.5469999999999999,0.523,0.5329999999999999,0.5489999999999999,0.556,0.542,0.501,0.532,0.534,0.562,0.5509999999999999,0.55,0.542,0.532,0.5589999999999999,0.44199999999999995,0.56,0.5660000000000001,0.538,0.5640000000000001,0.556,0.562,0.5609999999999999,0.558,0.563,0.552,0.556,0.556,0.5489999999999999,0.534,0.5509999999999999,0.5449999999999999,0.544,0.554,0.558,0.5529999999999999,0.55,0.548,0.5589999999999999,0.55,0.56,0.558,0.5549999999999999,0.5549999999999999,0.556,0.569,0.552,0.55,0.56,0.5549999999999999,0.5589999999999999,0.563,0.546,0.55,0.5449999999999999,0.5660000000000001,0.548,0.5509999999999999,0.538,0.556,0.5489999999999999,0.546,0.546,0.556,0.546,0.5469999999999999,0.5469999999999999,0.5660000000000001,0.544,0.5609999999999999,0.544,0.5429999999999999,0.531,0.544,0.5529999999999999,0.5469999999999999,0.552,0.5509999999999999,0.5449999999999999,0.44799999999999995,0.5529999999999999,0.10999999999999999,0.5529999999999999,0.07999999999999996,0.56,0.558,0.562,0.09299999999999997,0.56,0.5549999999999999,0.5429999999999999,0.5529999999999999,0.09699999999999998,0.08999999999999997,0.5589999999999999,0.554,0.09599999999999997,0.10099999999999998,0.07099999999999995,0.05300000000000005,0.030000000000000027,0.0,0.062000000000000055,0.08999999999999997,0.136,0.137,0.18899999999999995,0.18799999999999994,0.17300000000000004,0.19299999999999995,0.17200000000000004,0.16500000000000004,0.18899999999999995,0.19799999999999995,0.20699999999999996,0.028000000000000025,0.534,0.552,0.5329999999999999
sp|O18914.2|OPSR_CANLF,0.544,0.5409999999999999,0.518,0.538,0.5449999999999999,0.52,0.528,0.538,0.548,0.536,0.507,0.532,0.525,0.558,0.5469999999999999,0.548,0.526,0.521,0.5609999999999999,0.43500000000000005,0.536,0.5640000000000001,0.528,0.565,0.5569999999999999,0.5609999999999999,0.5609999999999999,0.5589999999999999,0.552,0.5529999999999999,0.5589999999999999,0.5549999999999999,0.5469999999999999,0.5329999999999999,0.552,0.544,0.5449999999999999,0.552,0.558,0.5509999999999999,0.5489999999999999,0.55,0.558,0.5489999999999999,0.5589999999999999,0.5569999999999999,0.552,0.5549999999999999,0.5409999999999999,0.565,0.548,0.5529999999999999,0.5489999999999999,0.5569999999999999,0.562,0.562,0.5469999999999999,0.5509999999999999,0.5449999999999999,0.565,0.5509999999999999,0.5509999999999999,0.536,0.5589999999999999,0.548,0.546,0.5449999999999999,0.5389999999999999,0.528,0.527,0.55,0.5549999999999999,0.526,0.56,0.527,0.525,0.527,0.524,0.5489999999999999,0.5329999999999999,0.5549999999999999,0.5489999999999999,0.542,0.43999999999999995,0.55,0.09599999999999997,0.552,0.08599999999999997,0.5609999999999999,0.5589999999999999,0.565,0.09999999999999998,0.5640000000000001,0.556,0.546,0.552,0.10399999999999998,0.08099999999999996,0.5609999999999999,0.5569999999999999,0.09899999999999998,0.09799999999999998,0.05500000000000005,0.05500000000000005,0.062000000000000055,0.062000000000000055,0.0,0.07899999999999996,0.135,0.135,0.18899999999999995,0.19399999999999995,0.16900000000000004,0.19799999999999995,0.16900000000000004,0.16500000000000004,0.22399999999999998,0.19199999999999995,0.20199999999999996,0.04800000000000004,0.5349999999999999,0.5509999999999999,0.554
sp|O18910.2|OPSG_RABIT,0.534,0.534,0.517,0.526,0.538,0.521,0.5329999999999999,0.532,0.55,0.542,0.511,0.5349999999999999,0.536,0.556,0.56,0.562,0.5329999999999999,0.526,0.565,0.43700000000000006,0.5449999999999999,0.5820000000000001,0.5429999999999999,0.5609999999999999,0.5589999999999999,0.5720000000000001,0.563,0.563,0.5569999999999999,0.558,0.5640000000000001,0.5569999999999999,0.552,0.54,0.56,0.546,0.5489999999999999,0.556,0.562,0.5549999999999999,0.5569999999999999,0.552,0.562,0.5529999999999999,0.5489999999999999,0.5700000000000001,0.558,0.5589999999999999,0.5609999999999999,0.562,0.554,0.556,0.5489999999999999,0.562,0.5640000000000001,0.552,0.546,0.56,0.55,0.5549999999999999,0.5549999999999999,0.556,0.5409999999999999,0.5609999999999999,0.5549999999999999,0.5529999999999999,0.5509999999999999,0.546,0.5329999999999999,0.5329999999999999,0.525,0.567,0.5329999999999999,0.5680000000000001,0.5349999999999999,0.532,0.536,0.53,0.5609999999999999,0.554,0.562,0.56,0.552,0.44499999999999995,0.563,0.08799999999999997,0.56,0.10099999999999998,0.563,0.562,0.5680000000000001,0.08399999999999996,0.5660000000000001,0.5660000000000001,0.5549999999999999,0.5609999999999999,0.09099999999999997,0.07699999999999996,0.565,0.5640000000000001,0.11099999999999999,0.11199999999999999,0.08299999999999996,0.08899999999999997,0.08999999999999997,0.08999999999999997,0.07899999999999996,0.0,0.15100000000000002,0.14900000000000002,0.20499999999999996,0.20599999999999996,0.17700000000000005,0.21499999999999997,0.18100000000000005,0.19099999999999995,0.23099999999999998,0.20899999999999996,0.21899999999999997,0.06299999999999994,0.544,0.56,0.565
sp|P41592.1|OPSR_ANOCA,0.5389999999999999,0.5389999999999999,0.523,0.542,0.5449999999999999,0.524,0.524,0.5449999999999999,0.55,0.524,0.501,0.5409999999999999,0.546,0.5820000000000001,0.536,0.531,0.54,0.534,0.55,0.44199999999999995,0.546,0.5469999999999999,0.5389999999999999,0.5509999999999999,0.552,0.558,0.5609999999999999,0.554,0.5489999999999999,0.5389999999999999,0.5529999999999999,0.5369999999999999,0.5489999999999999,0.531,0.53,0.548,0.546,0.552,0.542,0.5509999999999999,0.5449999999999999,0.546,0.5569999999999999,0.546,0.556,0.54,0.548,0.54,0.556,0.5489999999999999,0.546,0.5449999999999999,0.562,0.55,0.5469999999999999,0.56,0.552,0.5389999999999999,0.5449999999999999,0.562,0.5489999999999999,0.5469999999999999,0.5509999999999999,0.5549999999999999,0.5429999999999999,0.548,0.5489999999999999,0.5469999999999999,0.546,0.5469999999999999,0.55,0.5589999999999999,0.548,0.552,0.548,0.5429999999999999,0.548,0.544,0.5640000000000001,0.5469999999999999,0.5409999999999999,0.54,0.5389999999999999,0.45199999999999996,0.5680000000000001,0.14600000000000002,0.5409999999999999,0.10199999999999998,0.558,0.5469999999999999,0.556,0.14500000000000002,0.562,0.5469999999999999,0.546,0.5469999999999999,0.15000000000000002,0.17400000000000004,0.548,0.544,0.14500000000000002,0.15300000000000002,0.122,0.14,0.136,0.136,0.135,0.15100000000000002,0.0,0.09599999999999997,0.14400000000000002,0.14900000000000002,0.122,0.14900000000000002,0.14600000000000002,0.15000000000000002,0.15800000000000003,0.17300000000000004,0.19299999999999995,0.123,0.542,0.5389999999999999,0.5349999999999999
sp|P22329.1|OPSR_CHICK,0.5389999999999999,0.5389999999999999,0.523,0.544,0.5469999999999999,0.534,0.526,0.54,0.56,0.524,0.502,0.5369999999999999,0.5509999999999999,0.5780000000000001,0.534,0.527,0.5389999999999999,0.536,0.544,0.44899999999999995,0.548,0.556,0.5469999999999999,0.5409999999999999,0.546,0.554,0.5609999999999999,0.5469999999999999,0.548,0.5429999999999999,0.552,0.53,0.55,0.544,0.525,0.5409999999999999,0.5429999999999999,0.552,0.544,0.5509999999999999,0.544,0.5469999999999999,0.5569999999999999,0.546,0.554,0.534,0.548,0.5369999999999999,0.5549999999999999,0.5409999999999999,0.544,0.5389999999999999,0.5589999999999999,0.5449999999999999,0.5389999999999999,0.558,0.5509999999999999,0.529,0.5429999999999999,0.5609999999999999,0.548,0.542,0.5509999999999999,0.5449999999999999,0.5529999999999999,0.5569999999999999,0.544,0.542,0.5469999999999999,0.552,0.5469999999999999,0.56,0.548,0.556,0.55,0.546,0.5549999999999999,0.55,0.5660000000000001,0.5509999999999999,0.5549999999999999,0.552,0.5429999999999999,0.45399999999999996,0.5680000000000001,0.14,0.548,0.10499999999999998,0.5609999999999999,0.5529999999999999,0.5569999999999999,0.14100000000000001,0.558,0.546,0.54,0.55,0.14600000000000002,0.138,0.556,0.5409999999999999,0.118,0.127,0.128,0.14,0.138,0.137,0.135,0.14900000000000002,0.09599999999999997,0.0,0.136,0.14800000000000002,0.126,0.14300000000000002,0.15000000000000002,0.15500000000000003,0.16800000000000004,0.18500000000000005,0.19499999999999995,0.11699999999999999,0.546,0.5449999999999999,0.524
sp|P87367.1|OPSR_ORYLA,0.534,0.534,0.532,0.5469999999999999,0.5449999999999999,0.534,0.531,0.55,0.548,0.5329999999999999,0.497,0.5369999999999999,0.5449999999999999,0.5800000000000001,0.538,0.5409999999999999,0.552,0.5449999999999999,0.5609999999999999,0.45999999999999996,0.56,0.5509999999999999,0.55,0.5660000000000001,0.563,0.554,0.579,0.565,0.569,0.565,0.569,0.554,0.563,0.5549999999999999,0.5389999999999999,0.5549999999999999,0.556,0.5569999999999999,0.5529999999999999,0.556,0.554,0.556,0.5680000000000001,0.558,0.567,0.5449999999999999,0.56,0.554,0.56,0.556,0.556,0.563,0.5640000000000001,0.563,0.563,0.571,0.5609999999999999,0.5489999999999999,0.5549999999999999,0.5720000000000001,0.5569999999999999,0.5529999999999999,0.556,0.565,0.5660000000000001,0.5660000000000001,0.556,0.5569999999999999,0.55,0.558,0.56,0.5640000000000001,0.5489999999999999,0.575,0.552,0.546,0.562,0.5569999999999999,0.5640000000000001,0.5660000000000001,0.56,0.5589999999999999,0.5569999999999999,0.472,0.5680000000000001,0.19599999999999995,0.558,0.14500000000000002,0.569,0.5569999999999999,0.563,0.16500000000000004,0.5680000000000001,0.5589999999999999,0.5609999999999999,0.554,0.16900000000000004,0.19699999999999995,0.5569999999999999,0.556,0.17900000000000005,0.18700000000000006,0.19299999999999995,0.19199999999999995,0.18700000000000006,0.18899999999999995,0.18899999999999995,0.20499999999999996,0.14400000000000002,0.136,0.0,0.09899999999999998,0.16500000000000004,0.09999999999999998,0.10499999999999998,0.121,0.20099999999999996,0.137,0.16900000000000004,0.15600000000000003,0.5569999999999999,0.552,0.54
sp|P32313.1|OPSR_CARAU,0.5609999999999999,0.5609999999999999,0.5489999999999999,0.5569999999999999,0.5569999999999999,0.556,0.5489999999999999,0.552,0.5609999999999999,0.5389999999999999,0.504,0.527,0.5469999999999999,0.5740000000000001,0.5429999999999999,0.5489999999999999,0.5549999999999999,0.558,0.567,0.46399999999999997,0.5589999999999999,0.5640000000000001,0.546,0.5549999999999999,0.569,0.5640000000000001,0.5820000000000001,0.5700000000000001,0.563,0.5700000000000001,0.5720000000000001,0.5549999999999999,0.5529999999999999,0.5529999999999999,0.548,0.5609999999999999,0.552,0.5640000000000001,0.56,0.5640000000000001,0.552,0.5569999999999999,0.575,0.5640000000000001,0.5700000000000001,0.5469999999999999,0.5549999999999999,0.562,0.565,0.556,0.554,0.5720000000000001,0.5700000000000001,0.569,0.569,0.5740000000000001,0.565,0.562,0.5509999999999999,0.575,0.5589999999999999,0.5609999999999999,0.5640000000000001,0.5740000000000001,0.5549999999999999,0.571,0.563,0.558,0.5720000000000001,0.5660000000000001,0.567,0.573,0.5549999999999999,0.569,0.569,0.5700000000000001,0.5700000000000001,0.563,0.5680000000000001,0.573,0.569,0.5680000000000001,0.5509999999999999,0.471,0.571,0.19999999999999996,0.5469999999999999,0.15300000000000002,0.5800000000000001,0.5720000000000001,0.573,0.16500000000000004,0.5800000000000001,0.569,0.5700000000000001,0.5680000000000001,0.16800000000000004,0.20099999999999996,0.5740000000000001,0.5609999999999999,0.18500000000000005,0.18999999999999995,0.19899999999999995,0.19499999999999995,0.19199999999999995,0.18799999999999994,0.19399999999999995,0.20599999999999996,0.14900000000000002,0.14800000000000002,0.09899999999999998,0.0,0.16300000000000003,0.05700000000000005,0.06999999999999995,0.08699999999999997,0.21399999999999997,0.138,0.16500000000000004,0.15200000000000002,0.5509999999999999,0.562,0.5780000000000001
sp|O12948.1|OPSR_XENLA,0.5369999999999999,0.5369999999999999,0.532,0.525,0.5389999999999999,0.526,0.5369999999999999,0.5569999999999999,0.567,0.53,0.509,0.5369999999999999,0.55,0.571,0.548,0.552,0.548,0.5429999999999999,0.546,0.45399999999999996,0.5529999999999999,0.5660000000000001,0.546,0.5529999999999999,0.546,0.565,0.573,0.548,0.548,0.5720000000000001,0.575,0.5389999999999999,0.55,0.538,0.5489999999999999,0.5469999999999999,0.546,0.5509999999999999,0.544,0.55,0.548,0.544,0.5569999999999999,0.546,0.556,0.5569999999999999,0.55,0.554,0.554,0.5449999999999999,0.5449999999999999,0.544,0.5589999999999999,0.5660000000000001,0.5469999999999999,0.56,0.55,0.5389999999999999,0.544,0.562,0.55,0.546,0.5509999999999999,0.5469999999999999,0.55,0.554,0.5489999999999999,0.5489999999999999,0.554,0.554,0.55,0.569,0.5529999999999999,0.5609999999999999,0.554,0.5489999999999999,0.558,0.552,0.5609999999999999,0.5529999999999999,0.5429999999999999,0.542,0.5529999999999999,0.46299999999999997,0.565,0.16800000000000004,0.55,0.14300000000000002,0.562,0.548,0.558,0.17200000000000004,0.5589999999999999,0.5529999999999999,0.5569999999999999,0.55,0.17700000000000005,0.17000000000000004,0.548,0.5449999999999999,0.18999999999999995,0.19099999999999995,0.15800000000000003,0.17500000000000004,0.17100000000000004,0.17300000000000004,0.16900000000000004,0.17700000000000005,0.122,0.126,0.16500000000000004,0.16300000000000003,0.0,0.17100000000000004,0.16600000000000004,0.18100000000000005,0.18400000000000005,0.18100000000000005,0.19899999999999995,0.16600000000000004,0.538,0.546,0.55
sp|Q9W6A7.1|OPSR1_DANRE,0.55,0.55,0.5369999999999999,0.542,0.552,0.5369999999999999,0.538,0.5529999999999999,0.562,0.53,0.502,0.5389999999999999,0.538,0.5700000000000001,0.5389999999999999,0.532,0.55,0.5549999999999999,0.5489999999999999,0.47,0.5549999999999999,0.548,0.5329999999999999,0.554,0.55,0.556,0.5780000000000001,0.5529999999999999,0.558,0.5549999999999999,0.5569999999999999,0.544,0.556,0.546,0.525,0.55,0.55,0.5529999999999999,0.5509999999999999,0.552,0.55,0.5489999999999999,0.5640000000000001,0.5529999999999999,0.56,0.532,0.5509999999999999,0.5509999999999999,0.5569999999999999,0.554,0.552,0.5529999999999999,0.563,0.556,0.554,0.563,0.558,0.54,0.5489999999999999,0.565,0.5549999999999999,0.55,0.5589999999999999,0.558,0.556,0.569,0.552,0.556,0.554,0.563,0.5549999999999999,0.565,0.554,0.5660000000000001,0.567,0.5509999999999999,0.5680000000000001,0.56,0.5680000000000001,0.5700000000000001,0.5660000000000001,0.565,0.548,0.473,0.575,0.20799999999999996,0.548,0.16000000000000003,0.577,0.562,0.5680000000000001,0.16900000000000004,0.581,0.5660000000000001,0.556,0.56,0.17100000000000004,0.20599999999999996,0.5640000000000001,0.5429999999999999,0.19099999999999995,0.19599999999999995,0.20199999999999996,0.19799999999999995,0.19599999999999995,0.19299999999999995,0.19799999999999995,0.21499999999999997,0.14900000000000002,0.14300000000000002,0.09999999999999998,0.05700000000000005,0.17100000000000004,0.0,0.08399999999999996,0.07399999999999995,0.21699999999999997,0.14900000000000002,0.15900000000000003,0.15600000000000003,0.5469999999999999,0.5569999999999999,0.5760000000000001
sp|P22332.2|OPSR_PSAFA,0.5449999999999999,0.5449999999999999,0.5349999999999999,0.5449999999999999,0.5509999999999999,0.534,0.525,0.5509999999999999,0.565,0.52,0.496,0.532,0.544,0.563,0.5389999999999999,0.5349999999999999,0.548,0.546,0.5469999999999999,0.45499999999999996,0.548,0.5449999999999999,0.5489999999999999,0.552,0.5489999999999999,0.556,0.5720000000000001,0.5509999999999999,0.556,0.5549999999999999,0.552,0.538,0.548,0.55,0.532,0.5449999999999999,0.5449999999999999,0.5489999999999999,0.5469999999999999,0.548,0.5409999999999999,0.546,0.5589999999999999,0.548,0.5569999999999999,0.536,0.55,0.552,0.5529999999999999,0.5489999999999999,0.5469999999999999,0.55,0.562,0.55,0.5489999999999999,0.56,0.56,0.54,0.544,0.562,0.55,0.5449999999999999,0.5660000000000001,0.5529999999999999,0.556,0.571,0.548,0.558,0.5680000000000001,0.567,0.5509999999999999,0.5549999999999999,0.556,0.5680000000000001,0.5700000000000001,0.563,0.565,0.5640000000000001,0.552,0.567,0.5700000000000001,0.569,0.55,0.46399999999999997,0.558,0.21199999999999997,0.548,0.15400000000000003,0.5800000000000001,0.5589999999999999,0.562,0.17700000000000005,0.581,0.5549999999999999,0.562,0.5549999999999999,0.17800000000000005,0.17700000000000005,0.5609999999999999,0.544,0.20199999999999996,0.20299999999999996,0.17500000000000004,0.20999999999999996,0.17700000000000005,0.17200000000000004,0.16900000000000004,0.18100000000000005,0.14600000000000002,0.15000000000000002,0.10499999999999998,0.06999999999999995,0.16600000000000004,0.08399999999999996,0.0,0.09699999999999998,0.20799999999999996,0.15100000000000002,0.16600000000000004,0.15400000000000003,0.552,0.552,0.5660000000000001
sp|Q8AYN0.1|OPSR2_DANRE,0.5409999999999999,0.5409999999999999,0.531,0.5409999999999999,0.546,0.534,0.5349999999999999,0.552,0.5529999999999999,0.523,0.503,0.524,0.5349999999999999,0.5680000000000001,0.5349999999999999,0.54,0.5489999999999999,0.544,0.552,0.45799999999999996,0.5469999999999999,0.5489999999999999,0.5389999999999999,0.5489999999999999,0.5529999999999999,0.5389999999999999,0.571,0.5549999999999999,0.5569999999999999,0.5509999999999999,0.55,0.5389999999999999,0.55,0.5449999999999999,0.523,0.548,0.548,0.552,0.548,0.5509999999999999,0.548,0.546,0.562,0.5509999999999999,0.56,0.5369999999999999,0.552,0.5489999999999999,0.5549999999999999,0.5509999999999999,0.55,0.5509999999999999,0.5660000000000001,0.548,0.552,0.5609999999999999,0.556,0.5349999999999999,0.5469999999999999,0.563,0.5529999999999999,0.5489999999999999,0.558,0.5589999999999999,0.5509999999999999,0.5680000000000001,0.5509999999999999,0.5569999999999999,0.5529999999999999,0.565,0.554,0.558,0.552,0.563,0.554,0.5529999999999999,0.569,0.562,0.552,0.5569999999999999,0.5640000000000001,0.563,0.5509999999999999,0.45999999999999996,0.558,0.17500000000000004,0.5449999999999999,0.16300000000000003,0.569,0.5549999999999999,0.556,0.17500000000000004,0.569,0.5509999999999999,0.5640000000000001,0.5489999999999999,0.18000000000000005,0.17600000000000005,0.5569999999999999,0.536,0.17000000000000004,0.17200000000000004,0.17600000000000005,0.16700000000000004,0.16900000000000004,0.16500000000000004,0.16500000000000004,0.19099999999999995,0.15000000000000002,0.15500000000000003,0.121,0.08699999999999997,0.18100000000000005,0.07399999999999995,0.09699999999999998,0.0,0.20999999999999996,0.122,0.136,0.16200000000000003,0.5429999999999999,0.542,0.5720000000000001
sp|P35358.1|OPSG_GEKGE,0.526,0.526,0.514,0.531,0.5369999999999999,0.518,0.518,0.5349999999999999,0.5469999999999999,0.523,0.505,0.525,0.538,0.5640000000000001,0.542,0.5469999999999999,0.53,0.53,0.554,0.44399999999999995,0.542,0.5449999999999999,0.546,0.5609999999999999,0.5569999999999999,0.5489999999999999,0.5589999999999999,0.563,0.534,0.5609999999999999,0.56,0.562,0.5369999999999999,0.544,0.55,0.5449999999999999,0.5349999999999999,0.556,0.546,0.5549999999999999,0.53,0.554,0.5589999999999999,0.5469999999999999,0.5569999999999999,0.55,0.5389999999999999,0.5469999999999999,0.558,0.5680000000000001,0.536,0.548,0.5609999999999999,0.5509999999999999,0.5489999999999999,0.562,0.544,0.552,0.532,0.563,0.5489999999999999,0.546,0.5529999999999999,0.5549999999999999,0.5609999999999999,0.5609999999999999,0.548,0.5609999999999999,0.5640000000000001,0.5609999999999999,0.5509999999999999,0.569,0.5589999999999999,0.569,0.5549999999999999,0.56,0.544,0.5589999999999999,0.5549999999999999,0.5640000000000001,0.556,0.5549999999999999,0.554,0.45599999999999996,0.558,0.21499999999999997,0.5489999999999999,0.18100000000000005,0.562,0.5509999999999999,0.5569999999999999,0.18500000000000005,0.562,0.5549999999999999,0.5489999999999999,0.552,0.18999999999999995,0.22099999999999997,0.5549999999999999,0.5569999999999999,0.21099999999999997,0.20699999999999996,0.21499999999999997,0.19499999999999995,0.21999999999999997,0.18899999999999995,0.22399999999999998,0.23099999999999998,0.15800000000000003,0.16800000000000004,0.20099999999999996,0.21399999999999997,0.18400000000000005,0.21699999999999997,0.20799999999999996,0.20999999999999996,0.0,0.21599999999999997,0.22199999999999998,0.17200000000000004,0.5449999999999999,0.546,0.54
sp|P22331.1|OPSG2_PSAFA,0.5640000000000001,0.5640000000000001,0.552,0.55,0.554,0.548,0.544,0.569,0.5700000000000001,0.526,0.505,0.5409999999999999,0.5449999999999999,0.5780000000000001,0.5469999999999999,0.5489999999999999,0.5469999999999999,0.552,0.5589999999999999,0.45899999999999996,0.546,0.5569999999999999,0.5509999999999999,0.558,0.556,0.573,0.5660000000000001,0.562,0.532,0.5569999999999999,0.5549999999999999,0.558,0.562,0.54,0.544,0.5569999999999999,0.53,0.558,0.552,0.5569999999999999,0.558,0.53,0.558,0.5549999999999999,0.54,0.5429999999999999,0.5609999999999999,0.554,0.54,0.5660000000000001,0.5589999999999999,0.556,0.54,0.552,0.5589999999999999,0.5429999999999999,0.5569999999999999,0.55,0.53,0.546,0.5369999999999999,0.5589999999999999,0.56,0.569,0.5569999999999999,0.569,0.558,0.565,0.571,0.56,0.5509999999999999,0.5609999999999999,0.563,0.567,0.5680000000000001,0.571,0.5609999999999999,0.558,0.565,0.5740000000000001,0.577,0.575,0.5589999999999999,0.47,0.569,0.19799999999999995,0.5589999999999999,0.18799999999999994,0.556,0.538,0.5740000000000001,0.20899999999999996,0.567,0.569,0.581,0.579,0.21399999999999997,0.20299999999999996,0.5409999999999999,0.5509999999999999,0.19499999999999995,0.18999999999999995,0.18799999999999994,0.19099999999999995,0.19899999999999995,0.19799999999999995,0.19199999999999995,0.20899999999999996,0.17300000000000004,0.18500000000000005,0.137,0.138,0.18100000000000005,0.14900000000000002,0.15100000000000002,0.122,0.21599999999999997,0.0,0.05500000000000005,0.18000000000000005,0.5549999999999999,0.575,0.56
sp|P22330.1|OPSG1_PSAFA,0.5609999999999999,0.5609999999999999,0.546,0.5509999999999999,0.56,0.5489999999999999,0.554,0.569,0.5720000000000001,0.529,0.525,0.546,0.5509999999999999,0.5820000000000001,0.5529999999999999,0.5549999999999999,0.5569999999999999,0.554,0.56,0.46399999999999997,0.5549999999999999,0.562,0.5529999999999999,0.5640000000000001,0.558,0.5700000000000001,0.5680000000000001,0.5640000000000001,0.534,0.5660000000000001,0.5640000000000001,0.5569999999999999,0.56,0.546,0.5509999999999999,0.556,0.5369999999999999,0.556,0.552,0.5549999999999999,0.5640000000000001,0.528,0.5569999999999999,0.5529999999999999,0.542,0.55,0.5589999999999999,0.5549999999999999,0.538,0.5680000000000001,0.565,0.5569999999999999,0.5409999999999999,0.5609999999999999,0.56,0.5449999999999999,0.5589999999999999,0.554,0.538,0.5469999999999999,0.5349999999999999,0.5589999999999999,0.56,0.5700000000000001,0.562,0.5720000000000001,0.556,0.567,0.5740000000000001,0.567,0.5489999999999999,0.567,0.573,0.571,0.5720000000000001,0.573,0.565,0.565,0.567,0.5760000000000001,0.5800000000000001,0.5780000000000001,0.5760000000000001,0.472,0.5700000000000001,0.20599999999999996,0.563,0.20399999999999996,0.5509999999999999,0.5569999999999999,0.5720000000000001,0.21799999999999997,0.565,0.5840000000000001,0.5820000000000001,0.583,0.22299999999999998,0.21399999999999997,0.556,0.5549999999999999,0.21099999999999997,0.20399999999999996,0.20699999999999996,0.20699999999999996,0.20799999999999996,0.20699999999999996,0.20199999999999996,0.21899999999999997,0.19299999999999995,0.19499999999999995,0.16900000000000004,0.16500000000000004,0.19899999999999995,0.15900000000000003,0.16600000000000004,0.136,0.22199999999999998,0.05500000000000005,0.0,0.19399999999999995,0.56,0.5780000000000001,0.5589999999999999
sp|O18911.1|OPSG_ODOVI,0.534,0.534,0.534,0.536,0.542,0.538,0.5409999999999999,0.5389999999999999,0.556,0.5529999999999999,0.517,0.55,0.508,0.538,0.5329999999999999,0.538,0.518,0.502,0.542,0.44899999999999995,0.51,0.544,0.506,0.5349999999999999,0.536,0.546,0.5469999999999999,0.5389999999999999,0.5449999999999999,0.532,0.534,0.536,0.53,0.521,0.5389999999999999,0.525,0.526,0.532,0.5369999999999999,0.531,0.524,0.532,0.5389999999999999,0.529,0.5409999999999999,0.5429999999999999,0.5349999999999999,0.531,0.53,0.548,0.534,0.531,0.5429999999999999,0.527,0.5429999999999999,0.5469999999999999,0.526,0.527,0.527,0.5449999999999999,0.531,0.53,0.515,0.536,0.507,0.513,0.527,0.512,0.504,0.512,0.527,0.5509999999999999,0.506,0.514,0.509,0.513,0.503,0.516,0.511,0.512,0.519,0.518,0.523,0.45199999999999996,0.516,0.07399999999999995,0.511,0.06599999999999995,0.52,0.517,0.517,0.06999999999999995,0.522,0.51,0.501,0.509,0.07099999999999995,0.07099999999999995,0.517,0.538,0.06899999999999995,0.06299999999999994,0.04600000000000004,0.038000000000000034,0.027000000000000024,0.028000000000000025,0.04800000000000004,0.06299999999999994,0.123,0.11699999999999999,0.15600000000000003,0.15200000000000002,0.16600000000000004,0.15600000000000003,0.15400000000000003,0.16200000000000003,0.17200000000000004,0.18000000000000005,0.19399999999999995,0.0,0.506,0.508,0.538
sp|Q90215.1|OPSD2_ANGAN,0.525,0.525,0.523,0.534,0.529,0.521,0.518,0.504,0.508,0.548,0.525,0.527,0.45999999999999996,0.491,0.271,0.268,0.16700000000000004,0.43400000000000005,0.18500000000000005,0.483,0.45299999999999996,0.29200000000000004,0.487,0.261,0.17300000000000004,0.30600000000000005,0.18100000000000005,0.17700000000000005,0.17300000000000004,0.17700000000000005,0.15300000000000002,0.262,0.15200000000000002,0.11699999999999999,0.272,0.14300000000000002,0.14200000000000002,0.15800000000000003,0.16500000000000004,0.15200000000000002,0.15200000000000002,0.14900000000000002,0.14700000000000002,0.14,0.15400000000000003,0.279,0.14900000000000002,0.16500000000000004,0.16400000000000003,0.274,0.15300000000000002,0.17100000000000004,0.15900000000000003,0.16500000000000004,0.18400000000000005,0.16200000000000003,0.10699999999999998,0.19899999999999995,0.15100000000000002,0.16100000000000003,0.15800000000000003,0.14900000000000002,0.14800000000000002,0.16600000000000004,0.18000000000000005,0.17000000000000004,0.14400000000000002,0.14500000000000002,0.17800000000000005,0.20099999999999996,0.134,0.31100000000000005,0.17300000000000004,0.18300000000000005,0.18400000000000005,0.18300000000000005,0.19399999999999995,0.19799999999999995,0.14300000000000002,0.18400000000000005,0.15500000000000003,0.15700000000000003,0.14,0.476,0.15300000000000002,0.5469999999999999,0.15300000000000002,0.532,0.14700000000000002,0.16500000000000004,0.18000000000000005,0.5489999999999999,0.15800000000000003,0.14800000000000002,0.132,0.15300000000000002,0.5369999999999999,0.5469999999999999,0.15700000000000003,0.20799999999999996,0.531,0.525,0.5369999999999999,0.5349999999999999,0.532,0.534,0.5349999999999999,0.544,0.542,0.546,0.5569999999999999,0.5509999999999999,0.538,0.5469999999999999,0.552,0.5429999999999999,0.5449999999999999,0.5549999999999999,0.56,0.506,0.0,0.15600000000000003,0.54
sp|P79756.1|OPSD_GAMAF,0.536,0.536,0.515,0.5469999999999999,0.538,0.524,0.516,0.505,0.495,0.5469999999999999,0.524,0.54,0.45499999999999996,0.481,0.29000000000000004,0.29000000000000004,0.21099999999999997,0.43899999999999995,0.21499999999999997,0.492,0.45799999999999996,0.31299999999999994,0.45899999999999996,0.29600000000000004,0.21499999999999997,0.32399999999999995,0.22799999999999998,0.22099999999999997,0.20399999999999996,0.20299999999999996,0.19999999999999996,0.28400000000000003,0.19899999999999995,0.16500000000000004,0.29700000000000004,0.19199999999999995,0.19999999999999996,0.20599999999999996,0.20199999999999996,0.20099999999999996,0.19099999999999995,0.19399999999999995,0.19699999999999995,0.18999999999999995,0.19799999999999995,0.30300000000000005,0.19599999999999995,0.20299999999999996,0.20699999999999996,0.28900000000000003,0.19699999999999995,0.20499999999999996,0.20499999999999996,0.20899999999999996,0.20299999999999996,0.20099999999999996,0.15600000000000003,0.22399999999999998,0.20199999999999996,0.20399999999999996,0.20299999999999996,0.19199999999999995,0.14700000000000002,0.21299999999999997,0.11499999999999999,0.119,0.19199999999999995,0.10199999999999998,0.125,0.15700000000000003,0.18700000000000006,0.34099999999999997,0.118,0.124,0.131,0.131,0.14700000000000002,0.15500000000000003,0.11199999999999999,0.135,0.07699999999999996,0.07599999999999996,0.135,0.481,0.123,0.5409999999999999,0.06299999999999994,0.534,0.08399999999999996,0.08099999999999996,0.08699999999999997,0.5489999999999999,0.08599999999999997,0.06299999999999994,0.118,0.03400000000000003,0.552,0.5449999999999999,0.08199999999999996,0.23199999999999998,0.54,0.536,0.5329999999999999,0.554,0.55,0.552,0.5509999999999999,0.56,0.5389999999999999,0.5449999999999999,0.552,0.562,0.546,0.5569999999999999,0.552,0.542,0.546,0.575,0.5780000000000001,0.508,0.15600000000000003,0.0,0.5389999999999999
sp|O42490.1|OPSP_PETMA,0.5509999999999999,0.5509999999999999,0.5489999999999999,0.5780000000000001,0.5720000000000001,0.5680000000000001,0.5589999999999999,0.558,0.5389999999999999,0.577,0.554,0.5549999999999999,0.486,0.55,0.517,0.519,0.514,0.501,0.525,0.41100000000000003,0.469,0.509,0.488,0.524,0.52,0.509,0.5349999999999999,0.528,0.522,0.525,0.521,0.512,0.523,0.5389999999999999,0.516,0.514,0.514,0.509,0.536,0.511,0.516,0.504,0.525,0.509,0.521,0.517,0.526,0.516,0.513,0.507,0.526,0.523,0.515,0.529,0.517,0.526,0.531,0.516,0.513,0.527,0.511,0.504,0.524,0.527,0.528,0.53,0.511,0.542,0.525,0.542,0.531,0.523,0.528,0.5329999999999999,0.529,0.53,0.5349999999999999,0.544,0.523,0.5329999999999999,0.5449999999999999,0.542,0.5369999999999999,0.42100000000000004,0.53,0.5449999999999999,0.536,0.5589999999999999,0.54,0.54,0.54,0.536,0.54,0.538,0.5349999999999999,0.54,0.53,0.565,0.538,0.518,0.562,0.563,0.5609999999999999,0.548,0.531,0.5329999999999999,0.554,0.565,0.5349999999999999,0.524,0.54,0.5780000000000001,0.55,0.5760000000000001,0.5660000000000001,0.5720000000000001,0.54,0.56,0.5589999999999999,0.538,0.54,0.5389999999999999,0.0
