MacR_A	7AVN	0.467	195	63	0	10	204	2	120	5.951E-50	168
MacR_A	8CQC	0.241	191	86	0	9	199	5	118	8.016E-14	62
MacR_A	NmPR_model_0	0.225	195	91	0	9	203	2	120	9.756E-12	56
MacR_A	KR1_model_0	0.225	195	91	0	9	203	2	120	9.756E-12	56
MacR_A	4JQ6	0.224	191	86	0	9	199	5	116	2.388E-11	55
MacR_A	4HYJ	0.219	192	89	0	8	199	3	117	1.424E-10	52
MacR_A	6NWD	0.240	159	73	0	40	198	18	114	1.424E-10	52
MacR_A	NdR1_model_0	0.215	195	93	0	9	203	1	119	2.577E-10	51
MacR_A	3DDL	0.234	159	74	0	40	198	18	114	8.425E-10	50
MacR_A	HmBRII_model_0	0.217	164	77	0	13	176	4	102	3.865E-08	45
MacR_A	7YTB	0.219	158	74	0	40	197	18	113	6.939E-08	44
MacR_A	5AZD	0.202	184	85	0	15	198	8	114	1.245E-07	43
MacR_A	4KLY	0.214	160	71	0	40	199	18	108	2.231E-07	42
MacR_A	5AWZ	0.205	156	83	0	39	194	16	120	4.074E-06	38
MacR_A	5KKH	0.200	164	78	0	13	176	4	102	5.441E-06	38
MacR_A	8JH0	0.224	129	61	0	69	197	33	112	5.441E-06	38
MacR_A	6LM0	0.230	116	59	0	59	174	24	101	1.727E-05	36
MacR_A	6KFQ	0.195	164	79	0	14	177	10	108	2.305E-05	36
MacR_A	1JGJ	0.231	114	58	0	68	181	32	108	2.305E-05	36
MacR_A	8WEW	0.190	167	82	0	11	177	7	108	5.467E-05	35
MacR_A	7BMH	0.231	110	55	0	68	177	45	117	5.467E-05	35
MacR_A	4PXK	0.188	166	81	0	13	178	5	105	1.295E-04	34
MacR_A	NR_model_0	0.750	20	5	0	68	87	34	53	1.725E-04	33
MacR_A	6LM1	0.196	145	76	0	59	203	24	119	2.299E-04	33
MacR_A	4JR8	0.186	166	81	0	13	178	4	104	2.299E-04	33
MacR_A	3X3C	0.205	129	63	0	69	197	33	112	3.062E-04	33
MacR_A	3AM6	0.359	49	22	0	39	87	16	51	3.062E-04	33
MacR_A	NdR2_model_0	0.205	129	63	0	69	197	34	113	3.062E-04	33
MacR_A	NmNaR_model_0	0.202	129	63	0	69	197	37	116	7.230E-04	31
MacR_A	4FBZ	0.216	111	57	0	68	178	31	104	7.230E-04	31
MacR_A	5B2N	0.202	129	63	0	69	197	34	113	7.230E-04	31
MacR_A	HsSRI_model_0	0.198	133	75	0	42	174	7	101	9.625E-04	31
MacR_A	1C3W	0.218	107	54	0	68	174	31	100	9.625E-04	31
MacR_A	6GYH	0.268	73	46	0	68	140	32	95	9.625E-04	31
GtCCR2_A	8YEJ	0.459	218	64	0	9	226	1	120	1.008E-54	183
GtCCR2_A	GtCCR1_model_0	0.353	217	76	0	8	224	2	120	1.020E-35	128
GtCCR2_A	GtCCR3_model_0	0.243	177	77	0	48	224	18	120	1.331E-12	59
GtCCR2_A	GtCCR5_model_0	0.232	176	78	0	49	224	19	120	6.169E-11	54
GtCCR2_A	8YEL	0.230	176	78	0	49	224	19	120	1.110E-10	53
GtCCR2_A	7W9W	0.224	174	76	0	49	222	21	119	1.154E-09	50
GtCCR2_A	WiChR_model_0	0.247	143	64	0	83	225	33	118	1.545E-09	49
GtCCR2_A	8JXO	0.228	144	66	0	83	226	34	120	1.201E-07	44
GtCCR2_A	8H87	0.219	144	67	0	83	226	34	120	1.203E-06	40
GtCCR2_A	8GI9	0.194	143	69	0	83	225	34	119	6.464E-04	32
SyHR_A	7ZOU	0.444	203	65	0	7	209	2	119	2.465E-48	164
SyHR_A	6XL3	0.404	205	70	0	4	208	2	120	3.272E-42	146
SyHR_A	RmHR_model_0	0.309	204	82	0	4	207	1	120	4.124E-26	99
SyHR_A	6LM0	0.263	204	88	0	5	208	1	120	1.243E-18	77
SyHR_A	6LM1	0.259	203	87	0	5	207	1	119	7.742E-18	74
SyHR_A	4FBZ	0.254	202	87	0	6	207	1	118	4.803E-17	72
SyHR_A	8WEW	0.271	176	77	0	4	179	4	109	2.191E-16	70
SyHR_A	1UAZ	0.266	175	78	0	35	209	14	120	1.348E-15	68
SyHR_A	6KFQ	0.266	175	76	0	3	177	3	107	1.348E-15	68
SyHR_A	1C3W	0.248	197	89	0	13	209	1	120	1.824E-15	67
SyHR_A	8XX8	0.242	205	90	0	4	208	1	120	2.468E-15	67
SyHR_A	HxAR_model_0	0.264	174	77	0	35	208	15	120	3.339E-15	66
SyHR_A	1VGO	0.239	204	91	0	3	206	1	120	8.256E-15	65
SyHR_A	5KKH	0.232	203	91	0	7	209	2	120	1.238E-13	62
SyHR_A	5AWZ	0.250	147	69	0	33	179	13	105	2.127E-10	52
SyHR_A	NR_model_0	0.231	165	84	0	37	201	5	114	6.927E-10	50
SyHR_A	7BMH	0.271	122	61	0	69	190	45	129	9.300E-10	50
SyHR_A	3A7K	0.247	141	75	0	37	177	2	102	1.675E-09	49
SyHR_A	3AM6	0.238	145	69	0	33	177	13	103	7.271E-09	47
SyHR_A	8ANQ	0.239	142	77	0	35	176	3	104	9.746E-09	47
SyHR_A	HmHR_model_0	0.256	117	59	0	69	185	31	110	7.530E-08	44
SyHR_A	1XIO	0.241	126	72	0	52	177	12	107	2.411E-07	42
SyHR_A	HsHR_model_0	0.259	109	53	0	69	177	31	102	3.223E-07	42
SyHR_A	4HYJ	0.203	174	82	0	2	175	1	104	5.757E-07	41
SyHR_A	PoXeR_model_0	0.201	175	83	0	4	178	4	108	7.693E-07	41
SyHR_A	1JGJ	0.213	152	79	0	57	208	20	120	1.028E-06	40
SyHR_A	7ZMY	0.250	110	54	0	70	179	33	105	1.372E-06	40
SyHR_A	Jaws_model_0	0.242	117	60	0	69	185	31	110	1.372E-06	40
SyHR_A	HmSRII_model_0	0.195	166	89	0	44	209	9	120	1.840E-05	36
SyHR_A	HmSRI_model_0	0.212	135	74	0	43	177	11	105	2.453E-05	36
SyHR_A	HsSRI_model_0	0.219	120	64	0	60	179	23	105	7.732E-05	34
SyHR_A	6GYH	0.201	141	79	0	45	185	12	111	1.371E-04	34
SyHR_A	TATLA_model_0	0.260	79	56	0	35	113	3	78	5.732E-04	32
AbHeR_A	AbHeR_model_0	0.401	231	71	0	10	240	1	120	2.634E-47	162
AbHeR_A	6SU3	0.373	178	64	0	63	240	14	116	7.915E-31	114
AbHeR_A	OcHeR_model_0	0.308	231	82	0	10	240	1	120	6.872E-30	111
AbHeR_A	6IS6	0.254	190	83	0	55	244	9	120	2.371E-15	68
TaHeR_A	6IS6	0.401	228	71	0	13	240	1	120	1.128E-46	160
TaHeR_A	AbHeR_model_0	0.234	169	75	0	68	236	22	120	1.682E-10	53
TaHeR_A	OcHeR_model_0	0.263	135	61	0	102	236	37	120	2.252E-10	52
TaHeR_A	6SU3	0.245	136	63	0	102	237	33	117	1.311E-08	47
ZipACR_A	ZipACR__model_0	0.497	208	60	0	53	260	1	120	2.954E-57	194
ZipACR_A	ZipACR_model_0	0.497	208	60	0	53	260	1	120	2.954E-57	194
ZipACR_A	GtACR2_model_0	0.275	208	86	0	53	260	1	120	2.310E-20	84
ZipACR_A	6CSM	0.253	208	89	0	53	260	1	120	8.864E-17	73
ZipACR_A	R2ACR_J315_refine8	0.220	208	93	0	53	260	1	120	1.272E-11	57
ZipACR_A	PsACR_model_0	0.232	176	78	0	53	228	3	105	1.255E-10	54
ZipACR_A	CaChR1_model_0	0.202	186	84	0	76	261	15	120	2.028E-07	44
ZipACR_A	CrChR1_model_0	0.196	186	84	0	76	261	15	120	1.466E-06	41
ZipACR_A	VcChR1_model_0	0.189	186	85	0	76	261	15	120	1.400E-05	38
ZipACR_A	KnChR_J444_refine5	0.184	185	85	0	76	260	16	120	7.582E-05	35
ZipACR_A	VcChR2_model_0	0.360	52	23	0	210	261	84	120	1.331E-04	34
ZipACR_A	5ZIH	0.189	167	82	0	76	242	15	116	1.331E-04	34
ZipACR_A	HmHR_model_0	0.208	126	79	0	121	246	20	120	5.429E-04	33
ZipACR_A	CoChR_J248_refine7	0.341	52	24	0	210	261	84	120	7.190E-04	32
cyR_N4075R_A	6LM1	0.476	202	62	0	10	211	1	120	2.518E-53	178
cyR_N4075R_A	6LM0	0.375	201	74	0	10	210	1	119	1.828E-36	129
cyR_N4075R_A	6XL3	0.263	201	85	0	10	210	3	119	3.329E-18	76
cyR_N4075R_A	4FBZ	0.261	202	88	0	11	212	1	120	4.514E-18	75
cyR_N4075R_A	6KFQ	0.251	198	86	0	10	207	5	120	5.794E-16	69
cyR_N4075R_A	7BMH	0.272	167	83	0	44	210	18	132	1.940E-15	67
cyR_N4075R_A	RmHR_model_0	0.240	200	89	0	11	210	3	120	1.599E-14	64
cyR_N4075R_A	8XX8	0.238	201	89	0	10	210	2	119	2.918E-14	64
cyR_N4075R_A	1C3W	0.292	140	62	0	73	212	32	120	2.918E-14	64
cyR_N4075R_A	1XIO	0.259	169	75	0	11	179	6	107	5.321E-14	63
cyR_N4075R_A	7ZOU	0.233	201	90	0	12	212	2	119	1.766E-13	61
cyR_N4075R_A	7ZMY	0.256	169	75	0	43	211	19	120	1.766E-13	61
cyR_N4075R_A	PoXeR_model_0	0.244	181	83	0	10	190	5	115	3.213E-13	61
cyR_N4075R_A	1VGO	0.258	162	88	0	48	209	1	120	5.843E-13	60
cyR_N4075R_A	8WEW	0.230	198	89	0	10	207	5	120	1.062E-12	59
cyR_N4075R_A	5KKH	0.253	162	82	0	51	212	10	120	1.929E-12	58
cyR_N4075R_A	4JR8	0.248	165	85	0	48	212	7	120	4.713E-12	57
cyR_N4075R_A	HmBRII_model_0	0.271	140	64	0	73	212	32	120	6.347E-12	57
cyR_N4075R_A	1UAZ	0.270	140	64	0	73	212	32	120	8.544E-12	56
cyR_N4075R_A	HxAR_model_0	0.267	138	63	0	73	210	33	119	2.801E-11	55
cyR_N4075R_A	NR_model_0	0.245	161	81	0	46	206	10	117	2.801E-11	55
cyR_N4075R_A	6GYH	0.244	161	81	0	50	210	12	119	3.767E-11	54
cyR_N4075R_A	4PXK	0.240	164	85	0	48	211	8	120	6.811E-11	53
cyR_N4075R_A	8ANQ	0.304	107	49	0	73	179	35	105	1.230E-10	53
cyR_N4075R_A	3AM6	0.234	167	88	0	45	211	5	120	1.653E-10	52
cyR_N4075R_A	5AWZ	0.260	138	75	0	45	182	5	106	1.653E-10	52
cyR_N4075R_A	8H79	0.241	156	80	0	55	210	13	119	2.982E-10	51
cyR_N4075R_A	7W74	0.229	168	89	0	40	207	1	117	7.217E-10	50
cyR_N4075R_A	3A7K	0.247	145	84	0	45	189	1	112	7.217E-10	50
cyR_N4075R_A	HsHR_model_0	0.248	140	66	0	73	212	32	120	1.743E-09	49
cyR_N4075R_A	4HYJ	0.227	164	87	0	45	208	8	120	2.338E-09	49
cyR_N4075R_A	6GUX	0.247	139	66	0	72	210	32	119	3.134E-09	48
cyR_N4075R_A	HmSRI_model_0	0.229	137	66	0	73	209	35	120	3.325E-07	42
cyR_N4075R_A	1JGJ	0.192	200	95	0	11	210	2	119	4.443E-07	42
cyR_N4075R_A	6EYU	0.316	77	44	0	44	120	19	84	5.935E-07	41
cyR_N4075R_A	7W9W	0.226	137	77	0	43	179	7	106	7.927E-07	41
cyR_N4075R_A	HmSRII_model_0	0.403	53	22	0	160	212	83	120	1.058E-06	40
cyR_N4075R_A	HsSRI_model_0	0.191	174	87	0	36	209	11	118	1.888E-05	36
cyR_N4075R_A	7YTB	0.191	168	95	0	43	210	3	120	4.466E-05	35
cyR_N4075R_A	SrSRI_model_0	0.207	137	67	0	73	209	33	118	5.948E-05	35
cyR_N4075R_A	8CQC	0.277	71	48	0	43	110	4	74	5.861E-04	32
cyR_N4075R_A	7AKW	0.494	31	14	0	58	86	18	48	5.861E-04	32
cyR_N4075R_A	TATLA_model_0	0.402	40	23	0	46	85	10	49	7.796E-04	31
KR2_A	3X3C	0.423	229	69	0	28	256	1	120	1.092E-50	173
KR2_A	NmNaR_model_0	0.392	229	72	0	24	252	1	120	7.270E-45	156
KR2_A	NdR2_model_0	0.385	229	73	0	27	255	1	120	1.197E-43	152
KR2_A	8JH0	0.368	229	75	0	28	256	1	120	2.081E-40	143
KR2_A	5B2N	0.281	160	68	0	96	255	25	120	2.346E-15	68
KR2_A	8QLF	0.209	228	86	0	26	253	3	112	1.552E-11	56
KR2_A	FR_model_0	0.250	151	65	0	105	255	34	120	1.182E-10	53
KR2_A	AaClR_model_0	0.198	229	95	0	27	255	1	120	1.191E-09	50
KR2_A	6NWD	0.235	151	66	0	105	255	34	120	6.687E-09	48
KR2_A	PoClR_model_0	0.227	151	66	0	105	255	34	120	4.973E-08	45
KR2_A	7YTB	0.225	151	67	0	105	255	34	120	8.811E-08	44
KR2_A	3DDL	0.220	151	67	0	105	255	34	120	3.673E-07	42
KR2_A	NmPR_model_0	0.204	151	68	0	105	255	34	120	1.968E-05	37
KR2_A	KR1_model_0	0.204	151	68	0	105	255	34	120	1.968E-05	37
KR2_A	4HYJ	0.192	148	67	0	105	252	36	119	5.879E-04	32
GtCCR1_A	GtCCR1_model_0	0.453	218	65	0	9	226	1	120	8.049E-53	180
GtCCR1_A	8YEJ	0.365	218	76	0	11	228	1	120	3.332E-37	134
GtCCR1_A	GtCCR3_model_0	0.205	218	95	0	9	226	1	120	4.817E-10	52
GtCCR1_A	GtCCR5_model_0	0.204	218	95	0	9	226	1	120	8.529E-10	51
GtCCR1_A	8JXO	0.249	144	65	0	85	228	34	120	1.135E-09	51
GtCCR1_A	8YEL	0.199	216	94	0	11	226	3	120	6.279E-09	48
GtCCR1_A	WiChR_model_0	0.231	143	65	0	85	227	33	118	1.077E-07	44
GtCCR1_A	8H87	0.222	144	67	0	85	228	34	120	7.828E-07	42
GtCCR1_A	8GI9	0.222	143	66	0	85	227	34	119	1.039E-06	41
GtCCR1_A	8H86	0.211	140	65	0	85	224	37	119	2.324E-05	37
GtCCR1_A	HulaCCR1_model_0	0.207	143	65	0	85	227	38	120	4.085E-05	36
GtCCR1_A	7BMH	0.183	178	84	0	50	227	29	132	2.215E-04	34
SsGHR_A	8XX8	0.467	213	63	0	13	225	1	120	1.308E-54	183
SsGHR_A	6XL3	0.252	214	89	0	12	225	1	120	1.124E-17	75
SsGHR_A	6LM1	0.247	211	89	0	14	224	1	119	1.670E-16	71
SsGHR_A	6LM0	0.238	212	91	0	14	225	1	120	4.447E-15	67
SsGHR_A	4FBZ	0.279	157	71	0	68	224	20	118	8.061E-15	66
SsGHR_A	7W74	0.279	144	61	0	80	223	34	119	3.785E-13	61
SsGHR_A	8ANQ	0.320	115	48	0	80	194	35	106	5.083E-13	61
SsGHR_A	7ZOU	0.221	210	90	0	16	225	2	118	2.971E-12	58
SsGHR_A	RmHR_model_0	0.218	212	93	0	13	224	1	120	7.164E-12	57
SsGHR_A	4PXK	0.215	211	93	0	14	224	1	119	3.096E-11	55
SsGHR_A	1C3W	0.257	145	64	0	80	224	32	118	7.432E-11	54
SsGHR_A	4JR8	0.213	210	92	0	15	224	1	118	7.432E-11	54
SsGHR_A	Jaws_model_0	0.224	186	84	0	15	200	1	109	1.331E-10	53
SsGHR_A	HmHR_model_0	0.209	211	93	0	15	225	1	119	2.383E-10	52
SsGHR_A	6KFQ	0.224	179	78	0	13	191	4	105	4.263E-10	51
SsGHR_A	NR_model_0	0.227	173	85	0	48	220	7	117	5.700E-10	51
SsGHR_A	7BMH	0.220	177	89	0	48	224	18	132	2.429E-09	49
SsGHR_A	5KKH	0.242	146	66	0	80	225	32	119	3.244E-09	49
SsGHR_A	6GYH	0.232	149	69	0	77	225	30	120	1.835E-08	46
SsGHR_A	1UAZ	0.214	175	90	0	51	225	5	119	2.447E-08	46
SsGHR_A	7ZMY	0.260	119	56	0	77	195	30	105	3.264E-08	46
SsGHR_A	HmBRII_model_0	0.232	146	67	0	80	225	32	119	3.264E-08	46
SsGHR_A	HxAR_model_0	0.213	175	90	0	51	225	6	120	3.264E-08	46
SsGHR_A	1VGO	0.231	145	76	0	51	195	8	107	5.803E-08	45
SsGHR_A	PoXeR_model_0	0.254	120	57	0	72	191	29	105	7.736E-08	44
SsGHR_A	3A7K	0.229	146	67	0	80	225	32	119	7.736E-08	44
SsGHR_A	3AM6	0.226	139	68	0	53	191	13	101	5.762E-07	42
SsGHR_A	5AWZ	0.246	119	57	0	77	195	30	105	5.762E-07	42
SsGHR_A	HsHR_model_0	0.216	146	68	0	80	225	32	119	1.809E-06	40
SsGHR_A	6GUX	0.199	175	91	0	51	225	6	120	1.809E-06	40
SsGHR_A	1XIO	0.226	120	59	0	72	191	29	105	2.355E-05	36
SsGHR_A	5AZD	0.204	145	68	0	80	224	34	120	4.161E-05	36
SsGHR_A	SrSRI_model_0	0.231	112	52	0	80	191	33	101	4.161E-05	36
SsGHR_A	1JGJ	0.195	148	72	0	78	225	31	120	3.037E-04	33
SsGHR_A	4HYJ	0.195	144	68	0	77	220	33	118	5.355E-04	32
SsGHR_A	3DDL	0.379	44	24	0	185	224	77	120	7.110E-04	32
Kin4B8_A	7YTB	0.439	221	67	0	16	236	1	120	9.359E-52	175
Kin4B8_A	6NWD	0.316	219	80	0	18	236	3	120	1.836E-29	110
Kin4B8_A	5AZD	0.314	221	82	0	16	236	1	120	2.499E-29	109
Kin4B8_A	3DDL	0.309	221	82	0	16	236	1	120	1.586E-28	107
Kin4B8_A	NmPR_model_0	0.224	189	79	0	48	236	18	120	7.432E-11	54
Kin4B8_A	KR1_model_0	0.224	189	79	0	48	236	18	120	7.432E-11	54
Kin4B8_A	PoClR_model_0	0.247	147	65	0	90	236	34	120	5.700E-10	51
Kin4B8_A	3X3C	0.235	150	68	0	88	237	31	120	7.720E-09	48
Kin4B8_A	8JH0	0.233	148	67	0	90	237	33	120	1.835E-08	46
Kin4B8_A	5B2N	0.220	166	81	0	71	236	16	120	1.835E-08	46
Kin4B8_A	NdR2_model_0	0.231	149	68	0	88	236	32	120	2.447E-08	46
Kin4B8_A	NdR1_model_0	0.263	114	52	0	90	203	33	103	5.803E-08	45
Kin4B8_A	NmNaR_model_0	0.231	145	65	0	88	232	35	119	5.803E-08	45
Kin4B8_A	8CQC	0.263	114	52	0	90	203	37	107	5.803E-08	45
Kin4B8_A	4HYJ	0.255	116	54	0	90	205	36	108	1.831E-07	43
Kin4B8_A	8WEW	0.251	118	55	0	88	205	35	109	2.439E-07	43
Kin4B8_A	4JQ6	0.251	114	51	0	90	203	37	105	5.762E-07	42
Kin4B8_A	1C3W	0.248	116	54	0	90	205	32	104	7.672E-07	41
Kin4B8_A	1VGO	0.234	118	57	0	88	205	33	107	7.538E-06	38
Kin4B8_A	4FBZ	0.236	116	55	0	88	203	30	102	7.538E-06	38
Kin4B8_A	6LM0	0.209	147	68	0	90	236	33	119	1.002E-05	38
Kin4B8_A	5AWZ	0.283	81	47	0	88	168	31	97	1.772E-05	37
Kin4B8_A	6GYH	0.216	131	67	0	88	218	31	117	3.131E-05	36
Kin4B8_A	AaClR_model_0	0.203	147	69	0	90	236	34	120	4.161E-05	36
Kin4B8_A	5KKH	0.226	116	56	0	90	205	32	104	5.529E-05	35
Kin4B8_A	3AM6	0.275	81	48	0	88	168	31	97	5.529E-05	35
Kin4B8_A	HmSRIII_model_0	0.226	116	56	0	88	203	33	105	5.529E-05	35
Kin4B8_A	HmBRII_model_0	0.226	116	56	0	90	205	32	104	5.529E-05	35
Kin4B8_A	6LM1	0.201	147	69	0	90	236	33	119	7.346E-05	35
Kin4B8_A	4JR8	0.220	119	58	0	88	206	30	105	9.760E-05	34
Kin4B8_A	4PXK	0.220	119	58	0	88	206	31	106	9.760E-05	34
Kin4B8_A	NR_model_0	0.221	118	58	0	88	205	33	107	9.760E-05	34
Kin4B8_A	VcChR1_model_0	0.196	149	71	0	90	238	32	120	1.722E-04	34
Kin4B8_A	6KFQ	0.222	114	54	0	90	203	37	107	1.722E-04	34
Kin4B8_A	CoChR_J248_refine7	0.219	117	57	0	90	206	32	105	1.722E-04	34
Kin4B8_A	HxAR_model_0	0.219	116	56	0	90	205	33	105	2.287E-04	33
Kin4B8_A	1UAZ	0.217	116	56	0	90	205	32	104	3.037E-04	33
Kin4B8_A	PoXeR_model_0	0.214	116	57	0	88	203	35	107	5.355E-04	32
Kin4B8_A	bReaChES_J215_refine6	0.191	147	70	0	90	236	34	120	9.438E-04	31
Med12BPR_A	4JQ6	0.521	189	57	0	3	191	1	120	7.202E-57	187
Med12BPR_A	8CQC	0.397	185	71	0	4	188	2	119	1.101E-36	129
Med12BPR_A	4KLY	0.334	188	75	0	5	192	1	113	9.887E-28	103
Med12BPR_A	NdR1_model_0	0.302	187	83	0	7	193	1	120	9.685E-23	88
Med12BPR_A	4HYJ	0.304	182	79	0	7	188	4	118	3.341E-22	87
Med12BPR_A	NmPR_model_0	0.299	187	83	0	6	192	1	120	3.341E-22	87
Med12BPR_A	KR1_model_0	0.299	187	83	0	6	192	1	120	3.341E-22	87
Med12BPR_A	5AZD	0.269	158	86	0	35	192	3	120	4.520E-14	63
Med12BPR_A	6NWD	0.243	187	90	0	6	192	1	120	8.293E-14	62
Med12BPR_A	7AVN	0.226	180	87	0	14	193	8	120	1.148E-10	52
Med12BPR_A	7YTB	0.239	158	89	0	35	192	3	120	2.088E-10	51
Med12BPR_A	8WEW	0.315	93	47	0	68	160	37	105	1.683E-09	49
Med12BPR_A	S13_Bin138_Proteo_SR_model_0	0.250	127	65	0	67	193	17	104	1.803E-08	46
Med12BPR_A	6LM0	0.227	153	87	0	40	192	7	119	1.803E-08	46
Med12BPR_A	HmBRII_model_0	0.223	158	91	0	35	192	1	118	1.803E-08	46
Med12BPR_A	1VGO	0.299	93	48	0	68	160	35	103	2.423E-08	45
Med12BPR_A	3DDL	0.219	158	91	0	35	192	3	120	5.872E-08	44
Med12BPR_A	1C3W	0.219	156	80	0	38	193	16	119	7.883E-08	44
Med12BPR_A	5KKH	0.243	125	65	0	68	192	32	118	1.420E-07	43
Med12BPR_A	1XIO	0.244	123	73	0	38	160	9	105	1.905E-07	42
Med12BPR_A	1JGJ	0.210	157	92	0	36	192	3	119	8.248E-07	40
Med12BPR_A	HxAR_model_0	0.234	126	65	0	35	160	16	101	8.248E-07	40
Med12BPR_A	1UAZ	0.233	126	65	0	35	160	15	100	1.105E-06	40
Med12BPR_A	PoXeR_model_0	0.239	115	78	0	46	160	2	105	3.551E-06	38
Med12BPR_A	6LM1	0.205	154	90	0	40	193	7	120	6.356E-06	38
Med12BPR_A	HmSRII_model_0	0.221	126	68	0	68	193	32	119	1.520E-05	36
Med12BPR_A	8JH0	0.218	126	68	0	68	193	33	120	2.714E-05	36
Med12BPR_A	3X3C	0.217	126	68	0	68	193	33	120	3.626E-05	35
Med12BPR_A	NdR2_model_0	0.212	125	68	0	68	192	34	120	1.153E-04	34
Med12BPR_A	NmNaR_model_0	0.214	121	64	0	68	188	37	119	1.539E-04	33
Med12BPR_A	MsSzR_model_0	0.284	69	41	0	123	191	63	120	3.653E-04	32
Med12BPR_A	HmSRI_model_0	0.187	156	93	0	36	191	5	120	4.871E-04	32
Med12BPR_A	3AM6	0.204	126	69	0	68	193	33	120	6.494E-04	31
Med12BPR_A	6GUX	0.236	93	52	0	68	160	33	101	6.494E-04	31
Med12BPR_A	PoClR_model_0	0.185	157	97	0	36	192	1	120	8.657E-04	31
AR2_A	1VGO	0.460	210	64	0	11	220	1	120	9.169E-53	177
AR2_A	HxAR_model_0	0.423	210	69	0	13	222	1	120	1.666E-46	159
AR2_A	1UAZ	0.422	210	69	0	14	223	1	120	3.115E-46	158
AR2_A	6GUX	0.380	210	74	0	13	222	1	120	4.868E-39	137
AR2_A	5KKH	0.325	209	80	0	15	223	2	120	1.387E-29	109
AR2_A	HmBRII_model_0	0.323	209	80	0	15	223	2	120	3.513E-29	108
AR2_A	1C3W	0.314	209	81	0	15	223	2	120	1.056E-27	104
AR2_A	8WEW	0.308	183	74	0	9	191	1	108	1.275E-22	89
AR2_A	4FBZ	0.282	209	85	0	15	223	2	120	3.198E-22	88
AR2_A	4JR8	0.268	212	87	0	12	223	1	120	2.312E-20	82
AR2_A	6KFQ	0.264	210	88	0	9	218	1	120	1.953E-19	79
AR2_A	4PXK	0.262	211	87	0	11	221	1	119	3.589E-19	79
AR2_A	6LM0	0.256	210	89	0	13	222	1	120	4.078E-18	76
AR2_A	6XL3	0.265	172	84	0	51	222	6	120	5.701E-15	66
AR2_A	7BMH	0.241	188	96	0	34	221	6	132	2.065E-13	61
AR2_A	RmHR_model_0	0.250	164	85	0	58	221	7	120	4.035E-12	57
AR2_A	6LM1	0.273	139	63	0	83	221	33	119	5.427E-12	57
AR2_A	7ZOU	0.233	173	89	0	51	223	3	119	7.740E-11	53
AR2_A	8ANQ	0.230	170	73	0	49	218	23	118	3.365E-10	51
AR2_A	NR_model_0	0.219	175	78	0	43	217	17	117	3.497E-09	48
AR2_A	8H79	0.200	211	94	0	12	222	2	120	4.682E-09	48
AR2_A	8XX8	0.216	174	89	0	49	222	6	120	1.122E-08	47
AR2_A	3AM6	0.212	174	91	0	48	221	3	119	3.587E-08	45
AR2_A	5AWZ	0.266	113	56	0	80	192	29	105	3.587E-08	45
AR2_A	6GYH	0.224	154	80	0	69	222	17	120	4.795E-08	45
AR2_A	HmHR_model_0	0.232	141	68	0	83	223	32	120	8.561E-08	44
AR2_A	HmSRII_model_0	0.207	179	82	0	45	223	16	120	8.561E-08	44
AR2_A	7W74	0.211	170	75	0	49	218	22	117	1.144E-07	44
AR2_A	7ZMY	0.231	141	68	0	80	220	30	118	1.144E-07	44
AR2_A	1JGJ	0.188	211	96	0	12	222	2	120	4.850E-07	42
AR2_A	PoXeR_model_0	0.198	183	86	0	9	191	1	108	6.471E-07	41
AR2_A	HsHR_model_0	0.222	141	68	0	83	223	32	120	8.633E-07	41
AR2_A	1XIO	0.251	108	52	0	83	190	37	107	2.047E-06	40
AR2_A	HmSRI_model_0	0.195	177	82	0	44	220	18	120	3.638E-06	39
AR2_A	5AZD	0.244	109	61	0	45	153	2	83	6.460E-06	38
AR2_A	4JQ6	0.217	137	75	0	52	188	7	103	6.460E-06	38
AR2_A	3DDL	0.216	139	67	0	83	221	34	120	6.460E-06	38
AR2_A	6NWD	0.195	170	92	0	52	221	6	120	1.146E-05	37
AR2_A	7YTB	0.212	139	68	0	83	221	34	120	1.527E-05	37
AR2_A	4HYJ	0.281	79	41	0	80	158	33	90	3.603E-05	36
AR2_A	3UG9	0.375	46	26	0	68	113	20	61	3.535E-04	33
AR2_A	NmPR_model_0	0.181	176	97	0	46	221	1	120	3.535E-04	33
AR2_A	KR1_model_0	0.181	176	97	0	46	221	1	120	3.535E-04	33
AR2_A	8JH0	0.183	167	92	0	55	221	6	119	4.700E-04	32
AR2_A	NdR1_model_0	0.193	142	72	0	80	221	30	119	8.306E-04	31
AR2_A	PsChR2_model_0	0.364	46	26	0	68	113	21	62	8.306E-04	31
NR_A	NR_model_0	0.448	222	66	0	45	266	1	120	6.759E-53	181
NR_A	7BMH	0.350	246	98	0	36	281	3	153	5.764E-40	143
NR_A	6GYH	0.240	221	90	0	48	268	2	120	4.700E-16	71
NR_A	PoXeR_model_0	0.360	110	45	0	128	237	37	107	2.713E-15	68
NR_A	6LM1	0.288	140	61	0	128	267	33	119	2.829E-13	62
NR_A	5AWZ	0.285	140	61	0	128	267	33	119	5.044E-13	61
NR_A	6KFQ	0.224	217	88	0	47	263	5	119	5.044E-13	61
NR_A	3AM6	0.280	140	62	0	128	267	33	119	1.600E-12	60
NR_A	6LM0	0.276	141	63	0	128	268	33	120	3.797E-12	59
NR_A	3A7K	0.273	141	63	0	128	268	32	119	6.751E-12	58
NR_A	HsHR_model_0	0.267	141	64	0	128	268	32	119	2.838E-11	56
NR_A	6XL3	0.267	141	64	0	128	268	33	120	2.838E-11	56
NR_A	HxAR_model_0	0.267	141	64	0	128	268	33	120	2.838E-11	56
NR_A	1UAZ	0.266	141	64	0	128	268	32	119	3.781E-11	55
NR_A	1VGO	0.265	139	62	0	128	266	35	120	8.930E-11	54
NR_A	5KKH	0.256	141	65	0	128	268	32	119	4.965E-10	52
NR_A	8XX8	0.254	141	64	0	128	268	34	120	6.605E-10	51
NR_A	1XIO	0.294	110	49	0	128	237	37	107	6.605E-10	51
NR_A	RmHR_model_0	0.254	140	64	0	128	267	34	120	8.786E-10	51
NR_A	4FBZ	0.211	198	87	0	70	267	8	118	1.554E-09	50
NR_A	6GUX	0.249	142	66	0	127	268	32	120	2.066E-09	50
NR_A	HmBRII_model_0	0.250	141	65	0	128	268	32	119	2.066E-09	50
NR_A	1C3W	0.247	140	65	0	128	267	32	118	4.855E-09	49
NR_A	5AZD	0.245	140	65	0	128	267	34	120	8.577E-09	48
NR_A	6NWD	0.245	140	65	0	128	267	34	120	8.577E-09	48
NR_A	7W74	0.243	140	65	0	128	267	34	120	1.140E-08	48
NR_A	7ZMY	0.243	141	66	0	127	267	32	119	1.140E-08	48
NR_A	HmHR_model_0	0.243	141	66	0	128	268	32	119	1.140E-08	48
NR_A	8WEW	0.207	189	80	0	75	263	18	119	2.673E-08	46
NR_A	Jaws_model_0	0.238	141	66	0	128	268	32	119	3.550E-08	46
NR_A	HmSRI_model_0	0.241	136	62	0	128	263	35	117	4.715E-08	46
NR_A	8ANQ	0.237	139	65	0	128	266	35	120	6.262E-08	45
NR_A	4HYJ	0.267	111	52	0	125	235	33	104	8.315E-08	45
NR_A	8H79	0.234	141	67	0	128	268	33	120	8.315E-08	45
NR_A	7YTB	0.223	143	70	0	125	267	30	120	8.012E-07	42
NR_A	SrSRI_model_0	0.252	112	54	0	128	239	33	105	1.063E-06	41
NR_A	HsSRI_model_0	0.225	136	64	0	128	263	33	115	1.871E-06	40
NR_A	4JR8	0.221	140	67	0	128	267	32	118	2.482E-06	40
NR_A	NmPR_model_0	0.220	140	67	0	128	267	34	120	3.292E-06	40
NR_A	1JGJ	0.219	141	68	0	128	268	33	120	3.292E-06	40
NR_A	KR1_model_0	0.220	140	67	0	128	267	34	120	3.292E-06	40
NR_A	4PXK	0.217	140	67	0	128	267	33	119	5.791E-06	39
NR_A	4JQ6	0.210	142	71	0	125	266	30	120	2.373E-05	37
NR_A	NdR1_model_0	0.208	143	70	0	125	267	30	119	3.146E-05	36
NR_A	8CQC	0.288	76	40	0	125	200	30	86	5.527E-05	36
NR_A	6EYU	0.205	144	70	0	125	268	32	120	5.527E-05	36
NR_A	7W9W	0.226	116	58	0	125	240	34	109	7.326E-05	35
NR_A	OtHKR_model_0	0.224	117	60	0	121	237	26	103	9.709E-05	35
NR_A	SzR1_model_0	0.230	109	52	0	158	266	53	120	1.287E-04	34
NR_A	8YEJ	0.198	148	76	0	121	268	25	120	1.705E-04	34
NR_A	HmSRII_model_0	0.202	140	69	0	128	267	32	118	2.259E-04	34
NR_A	3DDL	0.201	140	69	0	128	267	34	120	2.993E-04	33
NR_A	7E4G	0.245	88	65	0	181	267	33	120	9.220E-04	32
NR_A	6SQG	0.748	19	5	0	128	146	34	52	9.220E-04	32
NmPR_A	NmPR_model_0	0.505	206	59	0	23	228	1	120	5.154E-59	196
NmPR_A	KR1_model_0	0.505	206	59	0	23	228	1	120	5.154E-59	196
NmPR_A	NdR1_model_0	0.442	206	66	0	24	229	1	120	1.555E-48	165
NmPR_A	4JQ6	0.270	208	87	0	20	227	1	120	3.871E-20	82
NmPR_A	8CQC	0.269	205	86	0	21	225	2	120	1.767E-19	80
NmPR_A	4HYJ	0.267	205	86	0	22	226	2	120	3.242E-19	79
NmPR_A	5AZD	0.283	168	70	0	31	198	9	107	7.459E-17	72
NmPR_A	6NWD	0.254	201	86	0	28	228	5	120	1.361E-16	71
NmPR_A	7YTB	0.286	145	64	0	54	198	17	107	4.015E-14	64
NmPR_A	4KLY	0.253	174	71	0	55	228	18	113	1.319E-13	62
NmPR_A	3DDL	0.249	175	77	0	54	228	17	120	4.324E-13	61
NmPR_A	7AVN	0.245	156	71	0	74	229	26	120	1.168E-10	53
NmPR_A	S13_Bin138_Proteo_SR_model_0	0.230	147	68	0	83	229	16	104	3.930E-08	45
NmPR_A	3X3C	0.227	145	67	0	85	229	33	120	1.247E-07	44
NmPR_A	HmSRII_model_0	0.220	146	69	0	85	230	32	120	7.010E-07	41
NmPR_A	1C3W	0.219	146	69	0	85	230	32	120	9.342E-07	41
NmPR_A	6LM0	0.220	144	67	0	85	228	33	119	9.342E-07	41
NmPR_A	7W74	0.209	145	71	0	52	196	15	105	1.230E-05	37
NmPR_A	HmBRII_model_0	0.207	146	70	0	85	230	32	120	1.637E-05	37
NmPR_A	6KFQ	0.210	140	67	0	54	193	20	105	2.178E-05	36
NmPR_A	NR_model_0	0.207	144	71	0	54	197	18	107	2.178E-05	36
NmPR_A	8WEW	0.229	113	56	0	85	197	37	109	5.125E-05	35
NmPR_A	7BMH	0.196	157	80	0	54	210	29	129	5.125E-05	35
NmPR_A	7AKY	0.281	77	45	0	83	159	30	93	6.816E-05	35
NmPR_A	3AM6	0.237	103	57	0	85	187	33	108	9.062E-05	34
NmPR_A	6LM1	0.201	145	70	0	85	229	33	120	9.062E-05	34
NmPR_A	5AWZ	0.226	113	56	0	85	197	33	105	9.062E-05	34
NmPR_A	1JGJ	0.207	132	67	0	24	155	1	85	1.602E-04	34
NmPR_A	PoXeR_model_0	0.222	109	53	0	85	193	37	105	3.759E-04	33
NmPR_A	8QLF	0.253	84	40	0	116	199	50	103	4.995E-04	32
NmPR_A	5KKH	0.194	146	71	0	85	230	32	120	4.995E-04	32
NmPR_A	4FBZ	0.178	177	86	0	54	230	15	120	8.816E-04	31
NmPR_A	6SQG	0.212	115	58	0	84	198	33	107	8.816E-04	31
MerMAID1_A	MerMAID1_model_0	0.458	211	64	0	8	218	1	120	2.536E-52	177
MerMAID1_A	ChroME2s_J227_refine3	0.187	210	96	0	11	220	2	120	8.093E-07	41
MerMAID1_A	6EID	0.190	186	85	0	35	220	15	120	7.915E-06	38
MerMAID1_A	CrChR1_model_0	0.180	206	93	0	15	220	6	120	1.858E-05	37
MerMAID1_A	TsChR_J132_refine3	0.177	211	98	0	9	219	1	120	3.279E-05	36
MerMAID1_A	CoChR_J248_refine7	0.202	149	73	0	72	220	28	120	4.356E-05	36
MerMAID1_A	VcChR2_model_0	0.201	149	74	0	72	220	28	120	5.785E-05	35
MerMAID1_A	bReaChES_J215_refine6	0.203	143	69	0	76	218	34	120	7.684E-05	35
MerMAID1_A	KnChR_J444_refine5	0.173	206	94	0	14	219	6	120	2.388E-04	33
MerMAID1_A	VcChR1_model_0	0.195	145	71	0	76	220	32	120	4.208E-04	33
MerMAID1_A	3UG9	0.169	203	92	0	15	217	9	120	9.835E-04	31
NdR1_A	NdR1_model_0	0.486	216	61	0	23	238	1	120	7.324E-59	196
NdR1_A	NmPR_model_0	0.423	216	69	0	22	237	1	120	1.032E-47	163
NdR1_A	KR1_model_0	0.423	216	69	0	22	237	1	120	1.032E-47	163
NdR1_A	4JQ6	0.256	218	89	0	19	236	1	120	9.718E-19	78
NdR1_A	8CQC	0.252	215	88	0	20	234	2	120	8.008E-18	75
NdR1_A	4HYJ	0.247	215	89	0	21	235	2	120	4.857E-17	73
NdR1_A	6NWD	0.260	174	75	0	27	200	5	107	1.903E-14	65
NdR1_A	5AZD	0.258	171	73	0	30	200	9	107	8.385E-14	63
NdR1_A	3DDL	0.232	185	79	0	53	237	17	120	9.362E-12	57
NdR1_A	4KLY	0.228	184	73	0	54	237	18	113	5.421E-11	54
NdR1_A	7YTB	0.245	155	78	0	53	207	17	120	1.742E-10	53
NdR1_A	7AVN	0.236	155	66	0	84	238	33	120	1.781E-09	49
NdR1_A	TAT_model_0	0.199	180	90	0	56	235	8	120	1.005E-06	41
NdR1_A	NR_model_0	0.217	147	70	0	53	199	18	107	1.338E-06	40
NdR1_A	7BMH	0.211	155	81	0	53	207	29	132	1.338E-06	40
NdR1_A	7W74	0.206	148	71	0	51	198	15	105	1.747E-05	37
NdR1_A	TATLA_model_0	0.176	215	96	0	21	235	3	120	2.323E-05	36
NdR1_A	3AM6	0.288	77	45	0	84	160	33	96	3.088E-05	36
NdR1_A	6SQG	0.227	118	57	0	83	200	33	107	3.088E-05	36
NdR1_A	PoClR_model_0	0.229	114	54	0	84	197	34	104	4.105E-05	36
NdR1_A	4FBZ	0.205	143	68	0	53	195	15	100	5.455E-05	35
NdR1_A	7AKY	0.273	80	48	0	82	161	30	96	9.633E-05	34
NdR1_A	6LM0	0.196	154	69	0	84	237	33	119	9.633E-05	34
NdR1_A	8QLF	0.256	87	39	0	115	201	50	103	1.700E-04	34
NdR1_A	5AWZ	0.216	116	56	0	84	199	33	105	3.984E-04	33
NdR1_A	6KFQ	0.227	105	53	0	53	157	20	89	3.984E-04	33
NdR1_A	Ct_RB_model_0	0.258	79	46	0	146	208	23	101	9.325E-04	31
TR_A	5AZD	0.423	219	69	0	16	234	1	120	1.938E-48	165
TR_A	7YTB	0.306	219	83	0	16	234	1	120	1.191E-27	104
TR_A	3DDL	0.297	215	80	0	16	230	1	115	1.629E-25	98
TR_A	6NWD	0.294	217	83	0	18	234	3	120	3.008E-25	97
TR_A	NmPR_model_0	0.254	155	63	0	49	203	19	104	1.208E-11	56
TR_A	KR1_model_0	0.254	155	63	0	49	203	19	104	1.208E-11	56
TR_A	4HYJ	0.278	118	53	0	88	205	34	108	9.655E-10	50
TR_A	NdR1_model_0	0.279	116	52	0	88	203	31	103	1.291E-09	50
TR_A	8CQC	0.266	118	54	0	88	205	35	109	9.819E-09	47
TR_A	NmNaR_model_0	0.238	143	63	0	90	232	37	120	1.311E-08	47
TR_A	1C3W	0.242	136	66	0	90	225	32	119	2.336E-08	46
TR_A	NdR2_model_0	0.233	145	66	0	90	234	34	120	3.118E-08	46
TR_A	8JH0	0.232	146	67	0	90	235	33	120	3.118E-08	46
TR_A	4JQ6	0.232	142	61	0	88	229	35	115	7.402E-08	44
TR_A	PoClR_model_0	0.224	145	67	0	90	234	34	120	3.117E-07	42
TR_A	8WEW	0.248	116	54	0	90	205	37	109	7.371E-07	41
TR_A	5B2N	0.230	129	65	0	77	205	22	106	1.741E-06	40
TR_A	1VGO	0.224	134	66	0	90	223	35	120	2.317E-06	40
TR_A	5KKH	0.239	116	55	0	90	205	32	104	4.105E-06	39
TR_A	7AVN	0.200	162	74	0	46	207	15	108	9.669E-06	38
TR_A	1UAZ	0.235	116	55	0	90	205	32	104	9.669E-06	38
TR_A	5AWZ	0.297	77	45	0	90	166	33	97	9.669E-06	38
TR_A	HmBRII_model_0	0.233	116	55	0	90	205	32	104	1.286E-05	37
TR_A	HxAR_model_0	0.233	116	55	0	90	205	33	105	1.286E-05	37
TR_A	4FBZ	0.377	52	27	0	90	133	32	83	2.275E-05	36
TR_A	6SQG	0.271	85	52	0	85	169	29	101	3.025E-05	36
TR_A	3AM6	0.286	77	46	0	90	166	33	97	4.021E-05	36
TR_A	6EYU	0.256	93	60	0	77	158	21	113	4.021E-05	36
TR_A	CoChR_J248_refine7	0.224	117	57	0	90	206	32	105	7.105E-05	35
TR_A	7AKY	0.275	77	39	0	88	164	30	84	1.667E-04	34
TR_A	6GUX	0.279	75	35	0	90	164	33	82	1.667E-04	34
TR_A	6LM0	0.275	77	46	0	90	166	33	97	1.667E-04	34
TR_A	6GYH	0.263	82	41	0	90	171	33	89	2.215E-04	33
TR_A	1XIO	0.354	50	31	0	59	107	5	54	3.909E-04	33
TR_A	PoXeR_model_0	0.270	76	37	0	90	165	37	87	3.909E-04	33
TR_A	4PXK	0.201	136	70	0	90	225	33	120	3.909E-04	33
TR_A	HmSRII_model_0	0.268	77	47	0	90	166	32	96	3.909E-04	33
TR_A	4JR8	0.199	136	70	0	90	225	32	119	5.192E-04	32
TR_A	NR_model_0	0.214	116	57	0	90	205	35	107	5.192E-04	32
TR_A	6EID	0.338	52	30	0	90	141	32	77	6.895E-04	32
TR_A	7AKW	0.250	85	47	0	85	169	30	92	6.895E-04	32
TR_A	4KLY	0.204	125	60	0	81	205	23	99	9.155E-04	31
TR_A	3UG9	0.243	88	65	0	77	164	21	107	9.155E-04	31
NsXeR_A	6EYU	0.486	202	61	0	17	218	1	120	7.379E-55	183
NsXeR_A	1XIO	0.227	137	71	0	45	181	15	107	6.292E-07	41
NsXeR_A	PoXeR_model_0	0.230	131	63	0	51	181	25	107	1.120E-06	40
NsXeR_A	6LM1	0.224	135	67	0	49	183	19	105	1.994E-06	40
NsXeR_A	7ZMY	0.220	138	69	0	46	183	17	105	2.659E-06	39
NsXeR_A	6LM0	0.270	94	58	0	49	142	19	99	2.659E-06	39
NsXeR_A	6KFQ	0.233	108	53	0	74	181	38	107	6.237E-05	35
NsXeR_A	KnChR_J444_refine5	0.302	66	40	0	47	112	9	67	1.470E-04	34
NsXeR_A	HmSRI_model_0	0.217	111	56	0	74	184	36	108	6.119E-04	32
NsXeR_A	1C3W	0.219	108	54	0	74	181	33	102	8.136E-04	31
ChRWR_A	CrChR1_model_0	0.528	199	56	0	48	246	1	120	4.771E-60	200
ChRWR_A	3UG9	0.524	199	57	0	45	243	1	120	2.280E-59	198
ChRWR_A	6CSN	0.503	199	59	0	46	244	1	120	7.736E-56	188
ChRWR_A	6EID	0.448	199	66	0	48	246	1	120	4.957E-47	162
ChRWR_A	VcChR2_model_0	0.416	199	69	0	48	246	1	120	9.141E-42	147
ChRWR_A	CoChR_J248_refine7	0.415	199	70	0	48	246	1	120	1.247E-41	147
ChRWR_A	bReaChES_J215_refine6	0.405	199	71	0	46	244	1	120	5.155E-40	142
ChRWR_A	VcChR1_model_0	0.395	199	72	0	48	246	1	120	1.557E-38	138
ChRWR_A	PsChR2_model_0	0.384	198	73	0	44	241	1	119	1.612E-36	132
ChRWR_A	CnChR2_J230_refine9	0.347	199	78	0	46	244	1	120	9.127E-31	115
ChRWR_A	ChroME2s_J227_refine3	0.334	199	79	0	48	246	1	120	9.056E-29	109
ChRWR_A	TsChR_J132_refine3	0.334	199	79	0	47	245	1	120	1.230E-28	108
ChRWR_A	CaChR1_model_0	0.295	199	84	0	48	246	1	120	1.464E-22	90
ChRWR_A	5ZIH	0.272	199	87	0	48	246	1	120	6.590E-19	79
ChRWR_A	KnChR_J444_refine5	0.267	199	87	0	47	245	1	120	2.929E-18	77
ChRWR_A	6NWD	0.235	156	77	0	89	244	20	120	2.288E-09	49
ChRWR_A	MerMAID1_model_0	0.207	192	89	0	53	244	8	120	1.276E-08	47
ChRWR_A	5AZD	0.208	156	79	0	89	244	20	120	3.796E-06	39
ChRWR_A	vPyACR_21821_model_0	0.190	175	96	0	72	246	2	120	3.661E-05	36
ChRWR_A	A1ACR1_J318_refine3	0.202	142	69	0	103	244	32	118	1.505E-04	34
ChRWR_A	GtACR2_model_0	0.195	152	72	0	64	215	16	105	1.996E-04	34
ChRWR_A	4PXK	0.216	121	69	0	102	222	32	120	1.996E-04	34
ChRWR_A	4FBZ	0.214	122	70	0	102	223	31	120	2.648E-04	33
ChRWR_A	4JR8	0.212	122	70	0	102	223	31	120	3.511E-04	33
ChRWR_A	PsACR_model_0	0.199	139	66	0	103	241	35	118	4.656E-04	33
ChRWR_A	7AKW	0.270	75	54	0	100	174	32	106	6.174E-04	32
ChRWR_A	CfRhoPDE_model_0	0.658	22	7	0	102	123	36	57	8.187E-04	32
ErNaR_A	8QLF	0.373	228	68	0	18	245	1	109	3.228E-41	145
ErNaR_A	3X3C	0.232	224	88	0	27	250	6	120	4.237E-15	67
ErNaR_A	FR_model_0	0.285	152	61	0	98	249	34	120	1.027E-14	66
ErNaR_A	NdR2_model_0	0.228	223	87	0	27	249	7	120	2.486E-14	65
ErNaR_A	NmNaR_model_0	0.219	228	91	0	20	247	3	120	3.495E-13	61
ErNaR_A	5B2N	0.258	162	70	0	86	247	22	117	1.126E-12	60
ErNaR_A	6NWD	0.253	164	72	0	86	249	23	120	2.704E-12	59
ErNaR_A	8JH0	0.215	224	89	0	27	250	6	120	3.620E-12	58
ErNaR_A	AaClR_model_0	0.239	165	75	0	81	245	17	115	1.182E-10	53
ErNaR_A	3DDL	0.230	169	78	0	75	243	12	113	6.689E-10	51
ErNaR_A	7YTB	0.218	171	88	0	75	245	3	115	1.582E-08	47
ErNaR_A	NdR1_model_0	0.256	122	52	0	98	219	33	103	3.735E-08	46
ErNaR_A	PoClR_model_0	0.224	152	67	0	98	249	34	120	8.811E-08	44
ErNaR_A	5AZD	0.224	145	71	0	75	219	12	104	3.673E-07	42
ErNaR_A	NmPR_model_0	0.240	122	53	0	98	219	34	104	1.148E-06	41
ErNaR_A	KR1_model_0	0.240	122	53	0	98	219	34	104	1.148E-06	41
ErNaR_A	4HYJ	0.219	124	56	0	98	221	36	108	6.116E-05	35
ErNaR_A	8WEW	0.205	138	68	0	84	221	23	109	1.077E-04	34
ErNaR_A	5ZIH	0.240	94	64	0	75	168	12	96	4.432E-04	33
MsSzR_A	MsSzR_model_0	0.524	189	57	0	6	194	1	120	2.688E-57	188
MsSzR_A	MtSzR_model_0	0.287	182	85	0	14	195	1	120	1.148E-19	79
MsSzR_A	SzR1_model_0	0.240	189	90	0	6	194	1	120	1.099E-13	61
MsSzR_A	7E4G	0.249	168	81	0	28	195	12	120	9.155E-13	59
MsSzR_A	AntR_model_0	0.227	179	89	0	13	191	3	118	8.362E-11	53
MsSzR_A	CaChR1_model_0	0.247	88	50	0	110	197	54	120	3.620E-04	32
MsSzR_A	6XL3	0.204	128	68	0	68	195	33	119	4.828E-04	32
ARI_A	5AWZ	0.470	208	63	0	15	222	1	120	7.459E-54	180
ARI_A	3AM6	0.374	206	73	0	15	220	1	118	3.832E-37	132
ARI_A	6GYH	0.287	182	76	0	16	197	2	109	1.953E-19	79
ARI_A	7BMH	0.226	210	94	0	11	220	10	131	3.747E-13	61
ARI_A	NR_model_0	0.226	205	90	0	16	220	4	120	9.149E-13	59
ARI_A	HxAR_model_0	0.305	109	50	0	85	193	33	105	5.766E-11	54
ARI_A	1UAZ	0.304	109	50	0	85	193	32	104	7.740E-11	53
ARI_A	6LM0	0.301	109	50	0	85	193	33	105	1.394E-10	53
ARI_A	PoXeR_model_0	0.298	107	49	0	85	191	37	107	4.512E-10	51
ARI_A	6LM1	0.293	107	49	0	85	191	33	103	1.087E-09	50
ARI_A	1XIO	0.289	107	50	0	85	191	37	107	2.612E-09	49
ARI_A	4FBZ	0.238	150	69	0	42	191	12	102	2.612E-09	49
ARI_A	1VGO	0.284	109	52	0	85	193	35	107	3.497E-09	48
ARI_A	6GUX	0.265	119	60	0	75	193	23	105	8.385E-09	47
ARI_A	6KFQ	0.235	144	71	0	74	217	26	119	2.007E-08	46
ARI_A	7W74	0.197	203	92	0	19	221	6	120	4.795E-08	45
ARI_A	8CQC	0.256	120	62	0	74	193	26	109	4.795E-08	45
ARI_A	6XL3	0.262	110	54	0	82	191	30	103	1.527E-07	43
ARI_A	1C3W	0.259	109	53	0	85	193	32	104	3.634E-07	42
ARI_A	7ZMY	0.259	108	53	0	84	191	32	103	4.850E-07	42
ARI_A	5KKH	0.250	109	54	0	85	193	32	104	2.047E-06	40
ARI_A	HmHR_model_0	0.222	137	67	0	85	221	32	118	2.047E-06	40
ARI_A	HmBRII_model_0	0.210	154	75	0	40	193	9	104	2.047E-06	40
ARI_A	3A7K	0.220	137	67	0	85	221	32	118	3.638E-06	39
ARI_A	4JR8	0.244	110	55	0	85	194	32	105	4.848E-06	38
ARI_A	4HYJ	0.246	107	53	0	83	189	34	104	6.460E-06	38
ARI_A	HsHR_model_0	0.217	137	67	0	85	221	32	118	6.460E-06	38
ARI_A	4PXK	0.240	110	55	0	85	194	33	106	1.146E-05	37
ARI_A	Jaws_model_0	0.210	137	68	0	85	221	32	118	3.603E-05	36
ARI_A	8ANQ	0.187	179	85	0	42	220	15	120	3.603E-05	36
ARI_A	1JGJ	0.233	111	58	0	81	191	27	103	3.603E-05	36
ARI_A	HmSRII_model_0	0.230	113	60	0	81	193	26	104	3.603E-05	36
ARI_A	8WEW	0.237	107	53	0	85	191	37	107	3.603E-05	36
ARI_A	8H79	0.187	178	84	0	16	193	2	105	4.796E-05	35
ARI_A	5AZD	0.208	136	67	0	85	220	34	119	6.382E-05	35
ARI_A	CoChR_J248_refine7	0.271	80	55	0	80	159	27	102	1.130E-04	34
ARI_A	8XX8	0.405	43	18	0	85	127	34	64	1.503E-04	34
ARI_A	HmSRI_model_0	0.203	136	68	0	85	220	35	120	1.999E-04	33
ARI_A	4JQ6	0.294	68	40	0	74	141	26	83	1.999E-04	33
ARI_A	SrSRI_model_0	0.226	107	54	0	85	191	33	103	2.659E-04	33
ARI_A	HsSRI_model_0	0.221	109	56	0	85	193	33	105	4.700E-04	32
ARI_A	7YTB	0.199	136	68	0	85	220	34	119	4.700E-04	32
ARI_A	PsChR2_model_0	0.258	80	56	0	80	159	31	106	6.249E-04	32
TAT_A	TAT_model_0	0.430	226	68	0	8	233	1	120	1.400E-51	174
TAT_A	TATLA_model_0	0.361	226	76	0	8	233	1	120	7.847E-39	137
TAT_A	4HYJ	0.200	224	94	0	10	233	2	120	9.550E-10	50
TAT_A	NdR1_model_0	0.216	158	68	0	79	236	33	120	2.319E-07	43
TAT_A	8CQC	0.196	154	67	0	79	232	37	120	9.379E-05	34
TAT_A	4JQ6	0.193	156	67	0	79	234	37	120	1.656E-04	34
TAT_A	NmPR_model_0	0.408	42	15	0	193	234	93	119	2.201E-04	33
TAT_A	KR1_model_0	0.408	42	15	0	193	234	93	119	2.201E-04	33
Tara_RRB_2_retinals_A	7PL9	0.454	226	65	0	379	604	1	120	2.312E-50	187
Tara_RRB_2_retinals_A	Ct_RB_model_0	0.236	221	91	0	55	275	1	120	2.179E-14	69
HcKCR2_A	8H87	0.501	210	59	0	28	237	1	120	1.926E-59	198
HcKCR2_A	8H86	0.433	210	67	0	25	234	1	120	9.363E-48	164
HcKCR2_A	8GI9	0.366	208	74	0	29	236	2	119	5.429E-36	129
HcKCR2_A	WiChR_model_0	0.286	172	75	0	65	236	13	118	1.212E-17	75
HcKCR2_A	8JXO	0.263	166	73	0	72	237	21	120	6.821E-14	63
HcKCR2_A	8YEJ	0.240	136	65	0	102	237	34	120	4.507E-08	45
HcKCR2_A	GtCCR1_model_0	0.232	134	65	0	102	235	36	120	4.466E-07	42
HcKCR2_A	GtCCR3_model_0	0.225	136	69	0	100	235	31	120	1.401E-06	40
HcKCR2_A	7W9W	0.220	132	63	0	102	233	38	119	1.031E-05	38
HcKCR2_A	8YEL	0.316	69	41	0	100	168	31	91	1.370E-05	37
HcKCR2_A	GtCCR5_model_0	0.316	69	41	0	100	168	31	91	1.370E-05	37
HcKCR2_A	HulaCCR1_model_0	0.209	135	65	0	102	236	38	120	7.539E-05	35
O1O2_A	7AKW	0.463	202	64	0	6	207	1	120	3.394E-51	172
O1O2_A	7AKY	0.369	203	74	0	7	209	1	119	7.842E-36	127
O1O2_A	6JO0	0.282	164	72	0	43	206	17	117	2.191E-16	70
O1O2_A	6SQG	0.267	135	62	0	73	207	34	119	6.512E-11	53
HsSRI_A	HsSRI_model_0	0.483	203	62	0	8	210	1	120	1.816E-54	182
HsSRI_A	HmSRI_model_0	0.419	171	60	0	38	208	17	120	5.295E-36	128
HsSRI_A	SrSRI_model_0	0.363	139	56	0	72	210	32	120	8.858E-22	87
HsSRI_A	4PXK	0.257	134	74	0	48	181	6	106	1.140E-09	50
HsSRI_A	4JR8	0.252	134	75	0	48	181	5	105	3.661E-09	48
HsSRI_A	PoXeR_model_0	0.243	138	64	0	42	179	23	108	1.172E-08	47
HsSRI_A	HmBRII_model_0	0.230	153	81	0	54	206	10	115	1.172E-08	47
HsSRI_A	1VGO	0.226	157	84	0	50	206	9	118	1.567E-08	46
HsSRI_A	6LM1	0.242	135	64	0	72	206	32	116	2.798E-08	46
HsSRI_A	6LM0	0.242	135	64	0	72	206	32	116	2.798E-08	46
HsSRI_A	6GYH	0.221	160	86	0	47	206	5	116	3.739E-08	45
HsSRI_A	8H79	0.237	137	66	0	72	208	32	118	6.671E-08	44
HsSRI_A	5KKH	0.220	153	82	0	54	206	10	115	1.588E-07	43
HsSRI_A	1C3W	0.235	135	64	0	72	206	31	115	1.588E-07	43
HsSRI_A	NR_model_0	0.214	163	75	0	43	205	22	117	1.588E-07	43
HsSRI_A	7BMH	0.201	187	89	0	19	205	16	128	1.588E-07	43
HsSRI_A	HmSRII_model_0	0.233	135	64	0	72	206	31	115	2.119E-07	43
HsSRI_A	6KFQ	0.212	160	87	0	47	206	9	120	5.031E-07	42
HsSRI_A	4FBZ	0.227	135	65	0	72	206	31	115	8.948E-07	41
HsSRI_A	1JGJ	0.227	135	65	0	72	206	32	116	8.948E-07	41
HsSRI_A	1XIO	0.224	137	65	0	44	180	25	109	1.193E-06	40
HsSRI_A	HmSRIII_model_0	0.244	117	61	0	64	180	26	107	1.193E-06	40
HsSRI_A	8WEW	0.226	135	65	0	72	206	36	120	1.193E-06	40
HsSRI_A	1UAZ	0.209	157	86	0	50	206	6	115	1.590E-06	40
HsSRI_A	HxAR_model_0	0.209	157	86	0	50	206	7	116	1.590E-06	40
HsSRI_A	HsHR_model_0	0.200	165	90	0	48	212	7	119	5.012E-06	38
HsSRI_A	RmHR_model_0	0.219	135	66	0	72	206	33	117	6.675E-06	38
HsSRI_A	7W74	0.187	172	89	0	37	208	10	119	8.746E-05	34
HsSRI_A	4HYJ	0.205	135	67	0	72	206	35	119	1.547E-04	34
HsSRI_A	3AM6	0.191	160	90	0	46	205	4	115	1.547E-04	34
HsSRI_A	5AWZ	0.189	163	92	0	46	208	4	118	1.547E-04	34
HsSRI_A	3A7K	0.185	165	91	0	48	212	7	119	3.635E-04	33
HsSRI_A	8ANQ	0.179	172	89	0	37	208	11	120	8.532E-04	31
HwBR_A	5KKH	0.459	210	64	0	21	230	1	120	2.579E-52	177
HwBR_A	HmBRII_model_0	0.414	210	70	0	21	230	1	120	1.407E-44	154
HwBR_A	1UAZ	0.337	209	78	0	22	230	2	120	2.369E-31	115
HwBR_A	HxAR_model_0	0.335	210	79	0	20	229	1	120	4.395E-31	115
HwBR_A	1VGO	0.331	210	80	0	18	227	1	120	2.058E-30	113
HwBR_A	1C3W	0.316	210	81	0	21	230	1	120	7.189E-28	105
HwBR_A	4JR8	0.316	209	81	0	22	230	2	120	9.779E-28	105
HwBR_A	4FBZ	0.311	209	81	0	22	230	2	120	6.185E-27	102
HwBR_A	6GUX	0.305	210	83	0	20	229	1	120	3.903E-26	100
HwBR_A	4PXK	0.304	211	82	0	18	228	1	119	3.903E-26	100
HwBR_A	8WEW	0.330	183	72	0	16	198	1	108	1.331E-25	98
HwBR_A	6LM0	0.265	212	87	0	18	229	1	120	1.197E-19	81
HwBR_A	6KFQ	0.262	210	88	0	16	225	1	120	7.335E-19	78
HwBR_A	6LM1	0.241	211	90	0	18	228	1	119	1.790E-15	68
HwBR_A	6XL3	0.232	211	91	0	19	229	2	120	4.708E-14	64
HwBR_A	1JGJ	0.222	208	91	0	22	229	3	120	3.933E-12	58
HwBR_A	7ZOU	0.216	209	92	0	22	230	2	119	2.283E-11	55
HwBR_A	7BMH	0.233	179	80	0	50	228	28	132	3.058E-11	55
HwBR_A	RmHR_model_0	0.266	139	63	0	90	228	34	120	4.097E-11	55
HwBR_A	8XX8	0.205	211	95	0	19	229	1	120	1.008E-09	50
HwBR_A	7ZMY	0.251	141	66	0	87	227	30	118	1.008E-09	50
HwBR_A	NR_model_0	0.221	178	80	0	50	227	17	120	1.347E-09	50
HwBR_A	8H79	0.217	180	82	0	50	229	15	120	3.212E-09	49
HwBR_A	6NWD	0.223	171	89	0	58	228	5	120	3.212E-09	49
HwBR_A	HmSRII_model_0	0.231	158	81	0	73	230	15	120	4.289E-09	48
HwBR_A	5AWZ	0.258	125	65	0	75	199	18	105	1.021E-08	47
HwBR_A	7W74	0.216	170	74	0	56	225	22	117	2.425E-08	46
HwBR_A	3AM6	0.214	174	91	0	55	228	3	119	2.425E-08	46
HwBR_A	HmHR_model_0	0.210	181	84	0	50	230	14	120	2.425E-08	46
HwBR_A	5AZD	0.237	139	66	0	90	228	34	120	4.314E-08	45
HwBR_A	HmSRIII_model_0	0.226	153	75	0	75	227	23	120	4.314E-08	45
HwBR_A	HmSRI_model_0	0.212	173	77	0	55	227	22	120	5.752E-08	45
HwBR_A	6GYH	0.212	167	87	0	63	229	9	120	1.362E-07	44
HwBR_A	3DDL	0.232	139	66	0	90	228	34	120	1.362E-07	44
HwBR_A	4HYJ	0.228	143	69	0	84	226	30	120	1.816E-07	43
HwBR_A	Jaws_model_0	0.204	181	84	0	50	230	14	120	1.816E-07	43
HwBR_A	8CQC	0.245	118	64	0	80	197	22	107	7.611E-07	41
HwBR_A	7YTB	0.222	141	79	0	60	200	5	107	1.013E-06	41
HwBR_A	4JQ6	0.197	173	91	0	55	227	7	120	4.230E-06	39
HwBR_A	6EID	0.355	60	35	0	61	120	3	58	5.626E-06	38
HwBR_A	8ANQ	0.239	115	68	0	56	170	23	113	5.626E-06	38
HwBR_A	3UG9	0.426	46	24	0	75	120	20	61	7.484E-06	38
HwBR_A	PoXeR_model_0	0.242	109	54	0	90	198	37	108	9.952E-06	38
HwBR_A	4KLY	0.201	159	83	0	70	228	9	113	1.323E-05	37
HwBR_A	CrChR1_model_0	0.412	46	24	0	75	120	17	58	2.339E-05	36
HwBR_A	PsChR2_model_0	0.503	35	17	0	75	109	21	55	3.109E-05	36
HwBR_A	6CSN	0.404	46	24	0	75	120	19	60	4.133E-05	36
HwBR_A	NmPR_model_0	0.187	176	97	0	53	228	1	120	5.492E-05	35
HwBR_A	KR1_model_0	0.187	176	97	0	53	228	1	120	5.492E-05	35
HwBR_A	NdR1_model_0	0.201	145	74	0	84	228	27	119	9.696E-05	34
HwBR_A	6EYU	0.222	116	89	0	50	165	4	119	1.288E-04	34
HwBR_A	VcChR1_model_0	0.359	51	29	0	70	120	12	58	1.711E-04	34
HwBR_A	CnChR2_J230_refine9	0.354	52	31	0	75	126	19	67	1.711E-04	34
HwBR_A	PsACR_model_0	0.227	109	55	0	89	197	34	105	1.711E-04	34
HwBR_A	ChroME2s_J227_refine3	0.192	156	83	0	75	230	17	120	2.273E-04	33
HwBR_A	5ZIH	0.210	126	70	0	75	200	17	105	2.273E-04	33
HwBR_A	SrSRI_model_0	0.172	206	95	0	22	227	3	118	3.019E-04	33
HwBR_A	CoChR_J248_refine7	0.328	55	34	0	69	120	4	58	5.323E-04	32
HwBR_A	8JH0	0.199	136	78	0	62	197	6	103	5.323E-04	32
HwBR_A	7AVN	0.196	139	69	0	90	228	33	119	7.067E-04	32
HwBR_A	1XIO	0.220	108	55	0	90	197	37	107	7.067E-04	32
HwBR_A	6JO0	0.440	36	20	0	72	107	15	50	7.067E-04	32
HwBR_A	TATLA_model_0	0.353	48	26	0	55	102	9	49	9.382E-04	31
HwBR_A	7AKW	0.229	99	61	0	88	186	33	112	9.382E-04	31
PoXeR_A	PoXeR_model_0	0.495	208	60	0	3	210	1	120	5.416E-58	193
PoXeR_A	1XIO	0.295	202	80	0	8	209	6	119	2.826E-23	91
PoXeR_A	7ZMY	0.290	179	74	0	36	214	16	120	2.612E-19	79
PoXeR_A	NR_model_0	0.299	149	63	0	36	184	17	107	3.613E-16	70
PoXeR_A	7BMH	0.296	150	64	0	36	185	28	119	6.577E-16	69
PoXeR_A	6LM1	0.233	208	91	0	7	214	1	120	5.768E-14	63
PoXeR_A	6GYH	0.267	161	85	0	36	196	1	117	7.762E-14	63
PoXeR_A	5AWZ	0.275	151	76	0	35	185	1	106	1.405E-13	62
PoXeR_A	8ANQ	0.284	135	67	0	48	182	12	105	1.498E-12	59
PoXeR_A	1VGO	0.246	169	90	0	44	212	1	120	4.869E-12	57
PoXeR_A	8XX8	0.267	137	73	0	44	180	2	102	5.099E-11	54
PoXeR_A	7W74	0.262	135	74	0	48	182	4	104	2.945E-10	52
PoXeR_A	3AM6	0.260	136	70	0	49	184	11	105	3.943E-10	51
PoXeR_A	6LM0	0.253	141	61	0	42	182	21	103	5.276E-10	51
PoXeR_A	6KFQ	0.221	180	83	0	3	182	1	107	9.445E-10	50
PoXeR_A	1UAZ	0.218	182	84	0	34	215	12	120	1.689E-09	49
PoXeR_A	8WEW	0.217	181	84	0	3	183	1	108	3.020E-09	49
PoXeR_A	HxAR_model_0	0.217	179	82	0	34	212	13	118	4.036E-09	48
PoXeR_A	3A7K	0.236	145	81	0	48	192	6	112	1.717E-08	46
PoXeR_A	4HYJ	0.242	136	75	0	45	180	5	104	2.292E-08	46
PoXeR_A	4FBZ	0.231	149	72	0	67	215	27	120	2.292E-08	46
PoXeR_A	1C3W	0.208	186	89	0	30	215	8	120	2.292E-08	46
PoXeR_A	HmSRI_model_0	0.230	146	67	0	40	185	21	108	5.448E-08	45
PoXeR_A	5KKH	0.206	180	84	0	36	215	14	120	9.695E-08	44
PoXeR_A	8H79	0.208	175	80	0	8	182	2	103	1.293E-07	44
PoXeR_A	4JR8	0.210	171	94	0	45	215	1	120	1.293E-07	44
PoXeR_A	HsSRI_model_0	0.228	143	65	0	40	182	19	103	1.724E-07	43
PoXeR_A	4PXK	0.209	171	94	0	44	214	1	120	1.724E-07	43
PoXeR_A	RmHR_model_0	0.210	168	93	0	45	212	1	119	2.299E-07	43
PoXeR_A	6EYU	0.202	179	84	0	31	209	10	115	4.084E-07	42
PoXeR_A	6NWD	0.251	113	61	0	34	146	2	84	7.250E-07	41
PoXeR_A	HmBRII_model_0	0.203	169	88	0	47	215	10	120	1.286E-06	40
PoXeR_A	NdR1_model_0	0.227	133	71	0	48	180	9	101	1.713E-06	40
PoXeR_A	6GUX	0.203	166	92	0	47	212	2	118	2.281E-06	40
PoXeR_A	SrSRI_model_0	0.208	153	73	0	30	182	11	103	4.043E-06	39
PoXeR_A	4JQ6	0.239	113	64	0	33	145	2	86	7.160E-06	38
PoXeR_A	7YTB	0.219	134	72	0	49	182	12	104	7.160E-06	38
PoXeR_A	8CQC	0.290	78	37	0	69	146	35	87	1.686E-05	37
PoXeR_A	TATLA_model_0	0.221	128	90	0	35	162	2	118	1.686E-05	37
PoXeR_A	NdR2_model_0	0.247	100	54	0	44	143	9	81	2.982E-05	36
PoXeR_A	OtHKR_model_0	0.225	115	57	0	68	182	30	103	7.009E-05	35
PoXeR_A	1JGJ	0.197	153	79	0	60	212	19	118	7.009E-05	35
PoXeR_A	HmSRII_model_0	0.286	75	47	0	67	133	26	100	7.009E-05	35
PoXeR_A	NmPR_model_0	0.208	133	73	0	48	180	10	102	1.238E-04	34
PoXeR_A	HKR1_model_0	0.217	121	62	0	62	182	28	107	1.238E-04	34
PoXeR_A	6SQG	0.247	94	63	0	71	164	34	118	1.238E-04	34
PoXeR_A	KR1_model_0	0.208	133	73	0	48	180	10	102	1.238E-04	34
PoXeR_A	5AZD	0.240	98	55	0	49	146	12	84	1.645E-04	34
PoXeR_A	3DDL	0.359	49	28	0	34	82	2	45	3.859E-04	33
PoXeR_A	8JH0	0.200	134	72	0	46	179	10	100	6.808E-04	32
PoXeR_A	3X3C	0.230	98	54	0	46	143	10	80	9.042E-04	31
S13_Bin138_Proteo_SR_A	S13_Bin138_Proteo_SR_model_0	0.579	150	43	0	6	155	1	104	1.257E-51	170
S13_Bin138_Proteo_SR_A	4HYJ	0.281	127	66	0	25	151	27	119	7.506E-12	55
AR1_A	1UAZ	0.465	209	64	0	20	228	1	120	2.719E-53	179
AR1_A	HxAR_model_0	0.465	209	64	0	19	227	1	120	2.719E-53	179
AR1_A	1VGO	0.431	209	68	0	17	225	1	120	1.413E-47	162
AR1_A	6GUX	0.415	209	70	0	19	227	1	120	1.010E-44	154
AR1_A	5KKH	0.338	208	78	0	21	228	2	120	1.368E-31	115
AR1_A	HmBRII_model_0	0.329	208	79	0	21	228	2	120	5.648E-30	111
AR1_A	1C3W	0.322	208	80	0	21	228	2	120	9.162E-29	107
AR1_A	8WEW	0.283	209	85	0	15	223	1	120	1.778E-22	89
AR1_A	4FBZ	0.279	206	84	0	21	226	2	118	2.058E-21	85
AR1_A	4JR8	0.274	211	86	0	18	228	1	120	3.792E-21	85
AR1_A	4PXK	0.269	210	86	0	17	226	1	119	3.213E-20	82
AR1_A	6KFQ	0.269	209	87	0	15	223	1	120	4.358E-20	81
AR1_A	6LM0	0.252	211	89	0	17	227	1	120	1.400E-17	74
AR1_A	6XL3	0.275	171	83	0	57	227	6	120	2.872E-16	70
AR1_A	RmHR_model_0	0.277	157	84	0	70	226	4	120	1.058E-14	65
AR1_A	7BMH	0.239	187	96	0	40	226	6	132	5.129E-13	60
AR1_A	6LM1	0.276	139	62	0	88	226	33	119	3.046E-12	58
AR1_A	8H79	0.215	210	93	0	18	227	2	120	2.414E-11	55
AR1_A	5AWZ	0.300	113	53	0	85	197	29	105	4.354E-11	54
AR1_A	7ZOU	0.224	181	82	0	48	228	13	119	2.542E-10	52
AR1_A	3AM6	0.228	173	90	0	54	226	3	119	3.409E-10	51
AR1_A	7ZMY	0.244	141	67	0	85	225	30	118	4.736E-09	48
AR1_A	NR_model_0	0.202	208	93	0	15	222	1	117	4.736E-09	48
AR1_A	8ANQ	0.242	142	63	0	55	196	23	106	6.337E-09	48
AR1_A	HmSRII_model_0	0.209	178	82	0	51	228	16	120	4.845E-08	45
AR1_A	HmHR_model_0	0.231	141	68	0	88	228	32	120	1.155E-07	44
AR1_A	6GYH	0.213	165	87	0	62	226	9	119	1.542E-07	43
AR1_A	8XX8	0.227	140	66	0	88	227	34	120	3.668E-07	42
AR1_A	7W74	0.207	169	75	0	55	223	22	117	3.668E-07	42
AR1_A	1JGJ	0.186	210	96	0	18	227	2	120	1.162E-06	40
AR1_A	PoXeR_model_0	0.249	109	53	0	88	196	37	108	2.753E-06	39
AR1_A	4HYJ	0.217	140	68	0	85	224	33	120	3.669E-06	39
AR1_A	1XIO	0.247	108	53	0	88	195	37	107	4.889E-06	38
AR1_A	HmSRI_model_0	0.215	142	65	0	54	195	22	105	4.889E-06	38
AR1_A	3DDL	0.217	139	67	0	88	226	34	120	4.889E-06	38
AR1_A	PsChR2_model_0	0.230	119	62	0	80	198	28	109	1.156E-05	37
AR1_A	5AZD	0.234	111	56	0	88	198	34	107	2.728E-05	36
AR1_A	8JH0	0.194	166	91	0	61	226	6	119	2.728E-05	36
AR1_A	SrSRI_model_0	0.190	171	79	0	55	225	21	118	4.832E-05	35
AR1_A	3UG9	0.403	45	24	0	74	118	20	61	6.430E-05	35
AR1_A	7YTB	0.206	139	68	0	88	226	34	120	6.430E-05	35
AR1_A	NdR1_model_0	0.202	142	71	0	85	226	30	119	1.138E-04	34
AR1_A	HsSRI_model_0	0.204	138	68	0	88	225	33	118	1.138E-04	34
AR1_A	4JQ6	0.184	178	81	0	16	193	4	103	1.138E-04	34
AR1_A	CoChR_J248_refine7	0.299	68	46	0	80	146	24	91	1.138E-04	34
AR1_A	6NWD	0.188	169	93	0	58	226	6	120	1.138E-04	34
AR1_A	NdR2_model_0	0.187	169	97	0	58	226	1	120	1.514E-04	34
AR1_A	6EID	0.432	39	19	0	80	118	24	58	2.013E-04	33
AR1_A	CrChR1_model_0	0.388	45	25	0	74	118	17	58	2.013E-04	33
AR1_A	3X3C	0.191	155	83	0	72	226	17	119	2.677E-04	33
AR1_A	VcChR2_model_0	0.292	68	47	0	80	146	24	91	2.677E-04	33
AR1_A	8CQC	0.234	97	69	0	58	154	7	97	4.733E-04	32
AR1_A	PoClR_model_0	0.242	91	61	0	53	143	1	81	4.733E-04	32
AR1_A	6CSN	0.419	39	20	0	80	118	26	60	4.733E-04	32
AR1_A	MerMAID1_model_0	0.209	121	66	0	78	198	24	107	6.292E-04	32
AR1_A	6EYU	0.221	107	54	0	89	195	34	103	6.292E-04	32
AR1_A	NmNaR_model_0	0.207	121	66	0	72	192	21	104	8.362E-04	31
H75BPR_D97N_A	4KLY	0.474	192	59	0	11	202	1	113	3.864E-50	169
H75BPR_D97N_A	8CQC	0.354	190	76	0	10	199	2	120	7.445E-31	113
H75BPR_D97N_A	4JQ6	0.316	193	81	0	9	201	1	120	1.340E-25	97
H75BPR_D97N_A	NmPR_model_0	0.243	177	89	0	26	202	2	120	1.313E-12	59
H75BPR_D97N_A	KR1_model_0	0.243	177	89	0	26	202	2	120	1.313E-12	59
H75BPR_D97N_A	4HYJ	0.233	187	88	0	13	199	4	119	3.219E-12	57
H75BPR_D97N_A	NdR1_model_0	0.249	161	77	0	43	203	17	120	7.877E-12	56
H75BPR_D97N_A	7AVN	0.233	163	81	0	41	203	15	120	5.014E-10	51
H75BPR_D97N_A	5AZD	0.221	163	91	0	40	202	3	120	1.708E-08	46
H75BPR_D97N_A	7YTB	0.201	160	81	0	43	202	18	120	7.617E-06	38
H75BPR_D97N_A	6NWD	0.196	160	82	0	43	202	18	120	3.213E-05	36
H75BPR_D97N_A	3DDL	0.205	139	73	0	43	181	18	110	7.605E-05	34
H75BPR_D97N_A	S13_Bin138_Proteo_SR_model_0	0.407	40	17	0	164	203	76	104	5.646E-04	32
SzR4_A	7E4G	0.489	188	61	0	5	192	1	120	1.299E-51	172
SzR4_A	SzR1_model_0	0.385	188	73	0	4	191	1	120	1.591E-35	125
SzR4_A	MtSzR_model_0	0.257	159	75	0	34	192	19	120	8.604E-13	59
SzR4_A	MsSzR_model_0	0.237	155	74	0	37	191	23	120	6.444E-10	50
SzR4_A	AntR_model_0	0.235	154	73	0	36	189	24	119	1.577E-09	49
SzR4_A	6XL3	0.246	100	54	0	94	193	48	120	2.604E-05	36
SzR4_A	HsHR_model_0	0.329	54	36	0	68	121	64	117	4.699E-04	32
TATLA_A	TATLA_model_0	0.446	220	66	0	8	227	1	120	5.057E-53	178
TATLA_A	TAT_model_0	0.378	220	74	0	8	227	1	120	8.437E-41	143
TATLA_A	4HYJ	0.207	218	94	0	10	227	2	120	1.565E-10	53
TATLA_A	NdR1_model_0	0.283	89	45	0	142	230	57	120	1.658E-06	40
TATLA_A	8CQC	0.192	148	67	0	79	226	37	120	4.995E-04	32
NmClR_A	5B2N	0.451	219	65	0	20	238	1	120	2.947E-53	180
NmClR_A	3X3C	0.248	218	89	0	21	238	1	119	2.374E-17	74
NmClR_A	NdR2_model_0	0.239	219	91	0	20	238	1	120	6.318E-16	70
NmClR_A	8JH0	0.236	219	91	0	21	239	1	120	2.074E-15	68
NmClR_A	NmNaR_model_0	0.222	217	91	0	19	235	3	120	7.601E-13	60
NmClR_A	FR_model_0	0.216	219	93	0	20	238	1	120	4.408E-12	58
NmClR_A	PoClR_model_0	0.215	219	93	0	20	238	1	120	7.908E-12	57
NmClR_A	6NWD	0.241	145	65	0	94	238	34	120	4.673E-09	48
NmClR_A	AaClR_model_0	0.195	219	96	0	20	238	1	120	1.478E-08	47
NmClR_A	7YTB	0.232	145	66	0	94	238	34	120	4.662E-08	45
NmClR_A	5AZD	0.223	152	76	0	87	238	22	120	1.102E-07	44
NmClR_A	8QLF	0.268	103	40	0	134	236	58	112	4.606E-07	42
NmClR_A	3DDL	0.215	145	68	0	94	238	34	120	3.393E-06	39
NmClR_A	RmHR_model_0	0.213	145	68	0	94	238	34	120	5.996E-06	38
NmClR_A	1C3W	0.205	147	70	0	94	240	32	120	2.484E-05	36
NmClR_A	CaRGC_model_0	0.243	89	58	0	94	182	33	110	7.454E-04	32
NmClR_A	CoChR_J248_refine7	0.235	95	53	0	146	240	51	120	7.454E-04	32
NpHR_A	3A7K	0.421	224	69	0	21	244	1	120	3.014E-49	168
NpHR_A	HmHR_model_0	0.338	224	79	0	21	244	1	120	4.156E-34	124
NpHR_A	Jaws_model_0	0.328	224	80	0	21	244	1	120	2.318E-32	119
NpHR_A	HsHR_model_0	0.321	224	81	0	21	244	1	120	5.085E-31	115
NpHR_A	6KFQ	0.323	107	47	0	105	211	37	107	5.621E-12	57
NpHR_A	6LM0	0.264	144	73	0	100	243	21	120	1.811E-11	56
NpHR_A	6LM1	0.263	144	68	0	98	241	26	118	2.424E-11	55
NpHR_A	7BMH	0.269	137	62	0	105	241	46	131	3.246E-11	55
NpHR_A	6XL3	0.264	139	64	0	105	243	33	120	7.780E-11	54
NpHR_A	8ANQ	0.265	137	62	0	105	241	35	120	1.041E-10	53
NpHR_A	7W74	0.261	138	64	0	105	242	34	120	1.862E-10	53
NpHR_A	1UAZ	0.227	172	91	0	73	244	2	120	7.943E-10	51
NpHR_A	HxAR_model_0	0.226	173	92	0	71	243	1	120	7.943E-10	51
NpHR_A	RmHR_model_0	0.252	137	64	0	105	241	34	119	1.893E-09	49
NpHR_A	NR_model_0	0.252	137	64	0	105	241	35	120	1.893E-09	49
NpHR_A	8XX8	0.246	139	65	0	105	243	34	120	6.008E-09	48
NpHR_A	1VGO	0.221	171	91	0	71	241	3	120	6.008E-09	48
NpHR_A	PoXeR_model_0	0.265	116	63	0	96	211	21	107	2.536E-08	46
NpHR_A	1C3W	0.272	109	52	0	105	213	32	104	4.507E-08	45
NpHR_A	5AWZ	0.237	138	66	0	105	242	33	119	6.007E-08	45
NpHR_A	1XIO	0.253	114	58	0	98	211	30	107	4.466E-07	42
NpHR_A	4FBZ	0.262	107	52	0	105	211	32	102	4.466E-07	42
NpHR_A	7ZMY	0.242	109	55	0	105	213	33	105	1.031E-05	38
NpHR_A	SrSRI_model_0	0.213	139	68	0	105	243	33	120	1.370E-05	37
NpHR_A	SzR1_model_0	0.241	109	81	0	133	241	13	120	1.370E-05	37
NpHR_A	3AM6	0.209	137	67	0	105	241	33	118	5.675E-05	35
NpHR_A	HmSRI_model_0	0.191	164	93	0	75	238	2	117	1.001E-04	34
NpHR_A	7E4G	0.277	75	41	0	156	213	32	106	2.345E-04	33
HmSRII_A	HmSRII_model_0	0.457	204	65	0	9	212	1	120	1.436E-50	171
HmSRII_A	1JGJ	0.271	203	86	0	8	210	1	119	1.087E-19	80
HmSRII_A	6KFQ	0.229	173	79	0	7	179	4	107	2.542E-10	52
HmSRII_A	7W74	0.249	138	62	0	42	179	21	104	2.643E-09	49
HmSRII_A	8WEW	0.220	176	83	0	6	181	3	109	2.643E-09	49
HmSRII_A	5KKH	0.216	176	83	0	37	212	14	120	8.479E-09	47
HmSRII_A	4FBZ	0.236	144	70	0	69	212	29	120	1.517E-08	46
HmSRII_A	1C3W	0.217	171	90	0	42	212	5	120	1.517E-08	46
HmSRII_A	SrSRI_model_0	0.219	168	77	0	42	209	20	118	1.517E-08	46
HmSRII_A	6LM0	0.232	144	71	0	67	210	27	119	4.845E-08	45
HmSRII_A	4JR8	0.233	142	68	0	71	212	31	120	4.845E-08	45
HmSRII_A	4PXK	0.234	141	67	0	71	211	32	120	4.845E-08	45
HmSRII_A	HmSRI_model_0	0.229	145	79	0	45	189	13	115	8.647E-08	44
HmSRII_A	HsSRI_model_0	0.212	167	86	0	43	209	9	118	1.155E-07	44
HmSRII_A	HmBRII_model_0	0.229	142	69	0	71	212	31	120	1.542E-07	43
HmSRII_A	3AM6	0.242	125	64	0	67	191	28	112	2.749E-07	42
HmSRII_A	1VGO	0.207	169	79	0	41	209	21	120	3.668E-07	42
HmSRII_A	6LM1	0.224	144	71	0	67	210	27	119	3.668E-07	42
HmSRII_A	1UAZ	0.206	172	81	0	41	212	18	120	3.668E-07	42
HmSRII_A	5AWZ	0.239	124	63	0	67	190	28	111	6.531E-07	41
HmSRII_A	HxAR_model_0	0.205	170	80	0	41	210	19	119	6.531E-07	41
HmSRII_A	HsHR_model_0	0.219	139	77	0	41	179	4	102	2.753E-06	39
HmSRII_A	HmHR_model_0	0.209	149	85	0	41	189	4	112	6.514E-06	38
HmSRII_A	6GYH	0.210	144	72	0	67	210	28	119	1.156E-05	37
HmSRII_A	PoXeR_model_0	0.630	27	10	0	64	90	29	55	2.049E-05	36
HmSRII_A	7ZMY	0.204	145	73	0	67	211	28	120	3.631E-05	36
HmSRII_A	Jaws_model_0	0.201	149	86	0	41	189	4	112	4.832E-05	35
HmSRII_A	8CQC	0.228	112	56	0	66	177	32	105	6.430E-05	35
HmSRII_A	8ANQ	0.205	138	66	0	42	179	22	105	8.555E-05	34
HmSRII_A	6NWD	0.218	122	66	0	61	182	23	107	8.555E-05	34
HmSRII_A	4KLY	0.624	25	9	0	69	93	30	54	1.514E-04	34
HmSRII_A	1XIO	0.200	139	80	0	41	179	7	107	2.677E-04	33
HmSRII_A	HKR1_model_0	0.218	115	60	0	65	179	30	107	2.677E-04	33
HmSRII_A	6EYU	0.226	107	53	0	73	179	34	103	2.677E-04	33
HmSRII_A	NR_model_0	0.220	113	58	0	69	181	32	107	2.677E-04	33
HmSRII_A	3DDL	0.349	51	25	0	65	115	27	65	3.560E-04	33
HmSRII_A	4HYJ	0.221	109	55	0	69	177	33	104	4.733E-04	32
HmSRII_A	3A7K	0.221	109	55	0	71	179	31	102	4.733E-04	32
HmSRII_A	7YTB	0.379	44	27	0	50	93	12	55	6.292E-04	32
HmSRII_A	NmPR_model_0	0.193	142	72	0	69	210	31	120	8.362E-04	31
HmSRII_A	6GUX	0.195	139	69	0	72	210	33	119	8.362E-04	31
HmSRII_A	KR1_model_0	0.193	142	72	0	69	210	31	120	8.362E-04	31
ChR2_A	6EID	0.494	206	60	0	27	232	1	120	3.840E-57	190
ChR2_A	CoChR_J248_refine7	0.432	206	68	0	27	232	1	120	1.128E-46	160
ChR2_A	PsChR2_model_0	0.429	204	66	0	23	226	1	117	1.005E-45	157
ChR2_A	CrChR1_model_0	0.421	206	69	0	27	232	1	120	6.545E-45	155
ChR2_A	3UG9	0.417	206	69	0	24	229	1	120	4.260E-44	153
ChR2_A	VcChR2_model_0	0.408	206	70	0	27	232	1	120	1.319E-42	148
ChR2_A	6CSN	0.400	206	71	0	25	230	1	120	2.182E-41	145
ChR2_A	bReaChES_J215_refine6	0.350	206	77	0	25	230	1	120	5.121E-33	120
ChR2_A	VcChR1_model_0	0.341	206	78	0	27	232	1	120	2.103E-31	115
ChR2_A	CnChR2_J230_refine9	0.333	206	79	0	25	230	1	120	3.396E-30	112
ChR2_A	TsChR_J132_refine3	0.311	206	82	0	26	231	1	120	1.898E-26	101
ChR2_A	ChroME2s_J227_refine3	0.310	206	82	0	27	232	1	120	2.581E-26	100
ChR2_A	CaChR1_model_0	0.280	184	79	0	27	210	1	111	1.671E-18	77
ChR2_A	5ZIH	0.258	200	83	0	27	226	1	113	3.399E-17	73
ChR2_A	KnChR_J444_refine5	0.231	206	92	0	26	231	1	120	1.948E-13	62
ChR2_A	5AZD	0.281	94	60	0	58	151	3	87	5.533E-07	42
ChR2_A	6NWD	0.216	144	69	0	83	226	27	115	3.084E-06	39
ChR2_A	MerMAID1_model_0	0.186	180	84	0	51	230	17	120	5.345E-05	35
ChR2_A	7YTB	0.264	79	52	0	72	150	16	86	3.909E-04	33
ChR2_A	4FBZ	0.207	122	71	0	89	210	31	120	9.155E-04	31
OtHKR_A	OtHKR_model_0	0.486	213	61	0	111	323	1	120	2.411E-52	193
OtHKR_A	7AKW	0.255	90	52	0	163	252	20	90	5.141E-04	34
OtHKR_A	BeRGC_model_0	0.321	60	37	0	174	228	29	88	8.923E-04	34
Jaws_A	Jaws_model_0	0.453	214	65	0	34	247	1	120	4.210E-52	177
Jaws_A	HmHR_model_0	0.447	214	66	0	34	247	1	120	5.114E-51	174
Jaws_A	HsHR_model_0	0.360	214	76	0	34	247	1	120	6.708E-36	130
Jaws_A	3A7K	0.357	214	77	0	34	247	1	120	2.309E-35	128
Jaws_A	7W74	0.274	138	62	0	108	245	34	120	9.162E-12	57
Jaws_A	6GYH	0.270	139	64	0	108	246	33	120	2.188E-11	56
Jaws_A	8XX8	0.264	139	63	0	108	246	34	120	9.299E-11	54
Jaws_A	6KFQ	0.307	107	49	0	108	214	37	107	1.241E-10	53
Jaws_A	4FBZ	0.284	107	50	0	108	214	32	102	9.286E-09	48
Jaws_A	6LM0	0.238	139	66	0	108	246	33	120	3.883E-08	46
Jaws_A	4JR8	0.270	110	53	0	108	217	32	105	5.168E-08	45
Jaws_A	4PXK	0.267	110	54	0	108	217	33	106	9.148E-08	44
Jaws_A	7BMH	0.233	137	65	0	108	244	46	131	2.153E-07	43
Jaws_A	6XL3	0.230	139	67	0	108	246	33	120	2.862E-07	43
Jaws_A	RmHR_model_0	0.253	109	54	0	108	216	34	106	1.578E-06	40
Jaws_A	5AWZ	0.220	138	67	0	108	245	33	119	3.701E-06	39
Jaws_A	NR_model_0	0.218	137	66	0	108	244	35	120	6.529E-06	38
Jaws_A	HmSRI_model_0	0.194	164	88	0	78	241	8	117	4.746E-05	36
Jaws_A	AntR_model_0	0.271	79	45	0	154	216	30	108	1.952E-04	34
Jaws_A	SzR1_model_0	0.242	95	61	0	136	216	13	107	2.590E-04	33
Jaws_A	7ZMY	0.220	113	73	0	105	217	24	117	3.435E-04	33
Jaws_A	7E4G	0.258	80	46	0	154	216	27	106	8.014E-04	32
GR_A	6NWD	0.434	218	67	0	14	231	1	120	2.864E-50	170
GR_A	7YTB	0.310	216	81	0	16	231	3	120	5.747E-28	105
GR_A	5AZD	0.299	216	82	0	16	231	3	120	4.282E-26	100
GR_A	3DDL	0.298	217	83	0	15	231	2	120	4.282E-26	100
GR_A	NmPR_model_0	0.250	165	80	0	67	231	13	120	3.527E-12	58
GR_A	KR1_model_0	0.250	165	80	0	67	231	13	120	3.527E-12	58
GR_A	NdR1_model_0	0.238	166	82	0	67	232	12	120	8.934E-11	53
GR_A	PoClR_model_0	0.223	183	92	0	49	231	2	120	2.877E-10	52
GR_A	NdR2_model_0	0.245	146	66	0	86	231	32	120	1.236E-09	50
GR_A	3X3C	0.243	147	67	0	86	232	31	120	1.653E-09	49
GR_A	NmNaR_model_0	0.246	142	63	0	86	227	35	119	2.211E-09	49
GR_A	8JH0	0.238	145	66	0	88	232	33	120	9.433E-09	47
GR_A	5B2N	0.234	147	68	0	85	231	31	120	1.683E-08	46
GR_A	4HYJ	0.267	112	51	0	88	199	36	106	4.006E-08	45
GR_A	8CQC	0.260	112	52	0	88	199	37	107	1.694E-07	43
GR_A	4JQ6	0.258	112	50	0	88	199	37	105	2.259E-07	43
GR_A	NR_model_0	0.210	164	88	0	67	230	8	120	4.014E-07	42
GR_A	8QLF	0.251	112	48	0	116	227	46	110	9.500E-07	41
GR_A	CrChR1_model_0	0.215	146	69	0	88	233	32	120	2.245E-06	40
GR_A	8WEW	0.242	116	56	0	86	201	35	109	2.245E-06	40
GR_A	1C3W	0.225	127	65	0	88	214	32	116	7.052E-06	38
GR_A	7BMH	0.198	165	85	0	67	231	26	132	9.385E-06	38
GR_A	AaClR_model_0	0.210	144	68	0	88	231	34	120	1.249E-05	37
GR_A	HmBRII_model_0	0.234	114	55	0	88	201	32	104	1.661E-05	37
GR_A	6CSN	0.207	144	68	0	88	231	34	120	2.210E-05	36
GR_A	CoChR_J248_refine7	0.206	146	70	0	88	233	32	120	2.210E-05	36
GR_A	6EID	0.187	180	94	0	54	233	4	120	3.910E-05	36
GR_A	PsChR2_model_0	0.189	175	90	0	53	227	7	118	3.910E-05	36
GR_A	VcChR2_model_0	0.360	54	24	0	180	233	83	120	3.910E-05	36
GR_A	3UG9	0.207	140	65	0	88	227	35	117	5.199E-05	35
GR_A	1VGO	0.284	77	37	0	86	162	33	84	5.199E-05	35
GR_A	5KKH	0.226	114	56	0	88	201	32	104	6.912E-05	35
GR_A	6LM0	0.190	163	85	0	69	231	14	119	1.221E-04	34
GR_A	4JR8	0.195	148	72	0	86	233	30	120	2.867E-04	33
GR_A	7AVN	0.243	92	37	0	44	135	15	64	3.809E-04	33
GR_A	1UAZ	0.218	114	56	0	88	201	32	104	3.809E-04	33
GR_A	4PXK	0.194	147	72	0	86	232	31	120	3.809E-04	33
GR_A	VcChR1_model_0	0.194	146	71	0	88	233	32	120	5.061E-04	32
GR_A	HxAR_model_0	0.216	114	56	0	88	201	33	105	5.061E-04	32
iC___A	6CSN	0.520	202	57	0	44	245	1	120	1.266E-59	199
iC___A	CrChR1_model_0	0.499	202	60	0	46	247	1	120	3.142E-56	189
iC___A	3UG9	0.496	202	60	0	43	244	1	120	1.097E-55	188
iC___A	6EID	0.424	202	69	0	46	247	1	120	6.561E-44	153
iC___A	VcChR2_model_0	0.392	202	72	0	46	247	1	120	1.178E-38	138
iC___A	CoChR_J248_refine7	0.391	202	72	0	46	247	1	120	1.605E-38	138
iC___A	bReaChES_J215_refine6	0.390	202	73	0	44	245	1	120	2.188E-38	137
iC___A	VcChR1_model_0	0.373	202	75	0	46	247	1	120	1.443E-35	129
iC___A	PsChR2_model_0	0.360	201	76	0	42	242	1	119	3.708E-33	122
iC___A	CnChR2_J230_refine9	0.334	202	79	0	44	245	1	120	2.731E-29	110
iC___A	ChroME2s_J227_refine3	0.314	202	82	0	46	247	1	120	5.638E-26	100
iC___A	TsChR_J132_refine3	0.313	202	82	0	45	246	1	120	7.643E-26	100
iC___A	CaChR1_model_0	0.277	202	86	0	46	247	1	120	4.541E-20	83
iC___A	5ZIH	0.261	202	88	0	46	247	1	120	1.319E-17	75
iC___A	KnChR_J444_refine5	0.253	202	89	0	45	246	1	120	2.557E-16	71
iC___A	6NWD	0.231	156	77	0	90	245	20	120	7.257E-09	48
iC___A	MerMAID1_model_0	0.200	201	94	0	45	245	2	120	4.032E-08	46
iC___A	5AZD	0.212	143	69	0	103	245	33	120	1.187E-05	38
iC___A	vPyACR_21821_model_0	0.189	175	96	0	73	247	2	120	4.886E-05	36
iC___A	GtACR2_model_0	0.199	152	71	0	65	216	16	105	6.482E-05	35
iC___A	A1ACR1_J318_refine3	0.201	142	69	0	104	245	32	118	2.007E-04	34
iC___A	4FBZ	0.190	160	96	0	65	224	1	120	2.662E-04	33
iC___A	4JR8	0.209	122	70	0	103	224	31	120	6.207E-04	32
SrSRI_A	SrSRI_model_0	0.515	199	58	0	8	206	1	120	1.485E-58	194
SrSRI_A	HsSRI_model_0	0.370	138	55	0	69	206	33	120	2.606E-22	88
SrSRI_A	HmSRI_model_0	0.318	165	66	0	40	204	23	120	5.537E-21	84
SrSRI_A	HmSRII_model_0	0.232	182	88	0	23	204	2	117	1.875E-11	55
SrSRI_A	1JGJ	0.217	195	90	0	10	204	3	118	1.970E-10	52
SrSRI_A	7W74	0.255	139	65	0	39	177	21	108	4.744E-10	51
SrSRI_A	3AM6	0.228	165	86	0	37	201	4	115	2.044E-09	49
SrSRI_A	6GYH	0.225	167	90	0	38	204	2	118	2.736E-09	49
SrSRI_A	1UAZ	0.208	187	92	0	18	204	1	117	1.567E-08	46
SrSRI_A	6KFQ	0.228	155	79	0	23	177	7	109	1.567E-08	46
SrSRI_A	4JR8	0.225	159	82	0	46	204	11	117	1.567E-08	46
SrSRI_A	4PXK	0.224	159	82	0	46	204	12	118	2.094E-08	46
SrSRI_A	HxAR_model_0	0.207	187	92	0	18	204	2	118	2.094E-08	46
SrSRI_A	6LM1	0.240	136	65	0	69	204	33	118	3.739E-08	45
SrSRI_A	5AWZ	0.230	145	81	0	37	181	4	109	6.671E-08	44
SrSRI_A	1C3W	0.215	165	76	0	40	204	20	117	8.908E-08	44
SrSRI_A	8ANQ	0.214	166	77	0	39	204	22	120	8.908E-08	44
SrSRI_A	8WEW	0.212	167	80	0	10	176	7	108	1.189E-07	44
SrSRI_A	6LM0	0.230	136	65	0	69	204	33	118	3.772E-07	42
SrSRI_A	1VGO	0.196	187	93	0	18	204	4	120	8.948E-07	41
SrSRI_A	HsHR_model_0	0.205	168	91	0	39	206	5	119	8.948E-07	41
SrSRI_A	4FBZ	0.192	195	93	0	10	204	2	117	8.948E-07	41
SrSRI_A	PoXeR_model_0	0.222	141	81	0	36	176	4	108	8.948E-07	41
SrSRI_A	3A7K	0.205	168	91	0	39	206	5	119	8.948E-07	41
SrSRI_A	7BMH	0.202	169	103	0	21	189	1	130	1.590E-06	40
SrSRI_A	HmHR_model_0	0.202	168	91	0	39	206	5	119	2.119E-06	40
SrSRI_A	8XX8	0.218	138	79	0	36	173	1	102	5.012E-06	38
SrSRI_A	5KKH	0.187	195	93	0	10	204	2	117	5.012E-06	38
SrSRI_A	HmBRII_model_0	0.187	195	93	0	10	204	2	117	5.012E-06	38
SrSRI_A	NR_model_0	0.242	108	54	0	69	176	35	106	1.184E-05	37
SrSRI_A	7ZMY	0.216	133	72	0	43	175	11	103	1.576E-05	37
SrSRI_A	Jaws_model_0	0.195	168	92	0	39	206	5	119	1.576E-05	37
SrSRI_A	6NWD	0.313	65	38	0	43	98	6	70	6.575E-05	35
SrSRI_A	7YTB	0.239	100	73	0	43	142	6	102	1.163E-04	34
SrSRI_A	8H79	0.188	165	93	0	38	202	2	116	1.547E-04	34
SrSRI_A	7AKY	0.282	73	40	0	43	115	11	67	2.057E-04	33
SrSRI_A	TsChR_J132_refine3	0.271	78	55	0	43	119	6	83	2.057E-04	33
SrSRI_A	3DDL	0.270	77	47	0	62	127	27	103	2.734E-04	33
SrSRI_A	1XIO	0.222	109	56	0	69	177	37	109	3.635E-04	33
SrSRI_A	6GUX	0.177	187	95	0	18	204	2	118	3.635E-04	33
SrSRI_A	6SQG	0.403	41	23	0	69	109	34	72	4.831E-04	32
AaClR_A	AaClR_model_0	0.439	218	67	0	28	245	1	120	1.132E-50	173
AaClR_A	3X3C	0.211	218	94	0	29	246	1	120	5.007E-11	55
AaClR_A	5B2N	0.204	218	95	0	28	245	1	120	5.060E-10	51
AaClR_A	NdR2_model_0	0.195	218	96	0	28	245	1	120	1.595E-08	47
AaClR_A	NmNaR_model_0	0.191	216	95	0	26	241	2	119	1.181E-07	44
AaClR_A	8JH0	0.186	218	97	0	29	246	1	120	4.920E-07	42
AaClR_A	FR_model_0	0.185	218	97	0	28	245	1	120	8.697E-07	41
AaClR_A	PoClR_model_0	0.181	218	97	0	28	245	1	120	3.606E-06	39
AaClR_A	6NWD	0.199	145	69	0	101	245	34	120	1.908E-04	34
HsHR_A	HsHR_model_0	0.442	215	66	0	11	225	1	120	4.597E-51	172
HsHR_A	HmHR_model_0	0.364	215	76	0	11	225	1	120	3.213E-37	132
HsHR_A	Jaws_model_0	0.358	215	76	0	11	225	1	120	2.841E-36	129
HsHR_A	3A7K	0.347	215	78	0	11	225	1	120	3.020E-34	123
HsHR_A	6LM1	0.270	138	62	0	85	222	33	118	1.875E-11	55
HsHR_A	7BMH	0.267	138	62	0	85	222	46	131	3.380E-11	55
HsHR_A	6GYH	0.285	120	59	0	85	204	33	116	1.096E-10	53
HsHR_A	6LM0	0.259	140	64	0	85	224	33	120	1.469E-10	53
HsHR_A	6KFQ	0.301	107	49	0	85	191	37	107	2.641E-10	52
HsHR_A	NR_model_0	0.247	138	64	0	85	222	35	120	4.898E-09	48
HsHR_A	7W74	0.237	139	66	0	85	223	34	120	3.739E-08	45
HsHR_A	1UAZ	0.234	141	67	0	85	225	32	120	4.995E-08	45
HsHR_A	4JR8	0.249	121	63	0	85	205	32	116	1.588E-07	43
HsHR_A	HxAR_model_0	0.229	140	67	0	85	224	33	120	2.119E-07	43
HsHR_A	RmHR_model_0	0.245	121	63	0	85	205	34	118	3.772E-07	42
HsHR_A	6XL3	0.226	140	67	0	85	224	33	120	5.031E-07	42
HsHR_A	4PXK	0.243	121	64	0	85	205	33	117	5.031E-07	42
HsHR_A	1C3W	0.215	153	77	0	73	225	22	120	6.710E-07	41
HsHR_A	1VGO	0.224	138	66	0	85	222	35	120	1.193E-06	40
HsHR_A	5AWZ	0.220	139	67	0	85	223	33	119	2.119E-06	40
HsHR_A	3AM6	0.218	138	66	0	85	222	33	118	5.012E-06	38
HsHR_A	4FBZ	0.232	121	65	0	85	205	32	116	5.012E-06	38
HsHR_A	8XX8	0.204	155	90	0	70	224	7	120	8.889E-06	38
HsHR_A	1XIO	0.214	133	76	0	59	191	10	107	2.791E-05	36
HsHR_A	SzR1_model_0	0.288	77	42	0	133	192	30	106	2.791E-05	36
HsHR_A	HmSRI_model_0	0.211	135	65	0	85	219	35	117	3.714E-05	36
HsHR_A	7E4G	0.284	77	42	0	133	192	29	105	4.942E-05	35
HsHR_A	HmSRII_model_0	0.495	34	17	0	172	205	83	116	8.746E-05	34
HsHR_A	6EID	0.332	54	33	0	72	122	19	72	4.831E-04	32
HsHR_A	SrSRI_model_0	0.221	109	56	0	85	193	33	105	4.831E-04	32
HsHR_A	1JGJ	0.455	34	18	0	172	205	84	117	8.532E-04	31
VirR_A	6JO0	0.465	206	64	0	10	215	1	120	1.118E-52	176
VirR_A	7AKW	0.271	169	74	0	44	212	18	119	1.377E-15	68
VirR_A	6SQG	0.265	141	65	0	74	214	31	120	2.018E-11	55
VirR_A	7AKY	0.240	148	73	0	68	215	23	119	2.278E-09	49
HulaCCR1_A	HulaCCR1_model_0	0.446	214	66	0	95	308	1	120	6.670E-49	173
HulaCCR1_A	8JXO	0.228	136	66	0	174	309	34	120	1.813E-06	41
HulaCCR1_A	8H87	0.223	136	67	0	174	309	34	120	5.532E-06	40
HulaCCR1_A	8GI9	0.222	135	66	0	174	308	34	119	7.311E-06	39
HulaCCR1_A	GtCCR1_model_0	0.219	134	66	0	174	307	36	120	1.688E-05	38
HulaCCR1_A	WiChR_model_0	0.217	135	67	0	174	308	33	118	2.230E-05	38
HulaCCR1_A	8H86	0.214	131	64	0	174	304	37	118	8.986E-05	36
HulaCCR1_A	8YEJ	0.204	136	68	0	174	309	34	120	3.618E-04	34
cyR2_P7104R_A	8H79	0.468	212	63	0	9	220	1	120	1.181E-54	183
cyR2_P7104R_A	6LM1	0.265	138	63	0	82	219	33	119	5.846E-11	54
cyR2_P7104R_A	1UAZ	0.251	140	66	0	82	221	32	120	1.100E-09	50
cyR2_P7104R_A	HxAR_model_0	0.252	139	65	0	82	220	33	120	1.100E-09	50
cyR2_P7104R_A	6GUX	0.249	140	66	0	81	220	32	120	1.473E-09	49
cyR2_P7104R_A	6XL3	0.226	167	87	0	54	220	8	120	1.973E-09	49
cyR2_P7104R_A	6LM0	0.247	139	66	0	82	220	33	120	3.538E-09	48
cyR2_P7104R_A	HmBRII_model_0	0.213	184	84	0	38	221	13	120	4.736E-09	48
cyR2_P7104R_A	4HYJ	0.302	97	61	0	77	173	31	119	6.337E-09	48
cyR2_P7104R_A	8ANQ	0.215	179	80	0	40	218	18	120	6.337E-09	48
cyR2_P7104R_A	5KKH	0.210	184	85	0	38	221	13	120	1.517E-08	46
cyR2_P7104R_A	6GYH	0.200	200	94	0	21	220	3	120	2.712E-08	46
cyR2_P7104R_A	1C3W	0.218	164	88	0	58	221	7	120	3.625E-08	45
cyR2_P7104R_A	1VGO	0.208	179	81	0	38	216	16	118	4.845E-08	45
cyR2_P7104R_A	7ZOU	0.205	184	84	0	38	221	13	119	6.473E-08	44
cyR2_P7104R_A	6KFQ	0.208	179	81	0	38	216	18	120	6.473E-08	44
cyR2_P7104R_A	4PXK	0.205	182	83	0	38	219	14	119	8.647E-08	44
cyR2_P7104R_A	7BMH	0.248	124	66	0	79	202	42	130	8.647E-08	44
cyR2_P7104R_A	4JR8	0.203	184	85	0	38	221	13	120	1.155E-07	44
cyR2_P7104R_A	1XIO	0.265	107	51	0	82	188	37	107	2.059E-07	43
cyR2_P7104R_A	PoXeR_model_0	0.264	108	52	0	82	189	37	108	2.059E-07	43
cyR2_P7104R_A	3AM6	0.200	181	83	0	39	219	15	119	4.895E-07	42
cyR2_P7104R_A	NR_model_0	0.217	152	70	0	39	190	17	107	4.895E-07	42
cyR2_P7104R_A	7ZMY	0.263	102	61	0	79	180	30	113	1.162E-06	40
cyR2_P7104R_A	HsSRI_model_0	0.222	137	66	0	82	218	33	118	2.065E-06	40
cyR2_P7104R_A	4FBZ	0.195	182	85	0	38	219	13	118	2.065E-06	40
cyR2_P7104R_A	RmHR_model_0	0.200	166	90	0	54	219	7	120	4.889E-06	38
cyR2_P7104R_A	8WEW	0.209	150	73	0	41	190	17	109	4.889E-06	38
cyR2_P7104R_A	HmSRI_model_0	0.216	137	67	0	82	218	35	120	8.677E-06	38
cyR2_P7104R_A	7W74	0.263	91	39	0	40	130	17	70	2.049E-05	36
cyR2_P7104R_A	5AWZ	0.187	183	85	0	10	192	2	107	2.049E-05	36
cyR2_P7104R_A	TATLA_model_0	0.213	129	86	0	45	173	10	119	6.430E-05	35
cyR2_P7104R_A	TAT_model_0	0.213	129	86	0	45	173	10	119	6.430E-05	35
cyR2_P7104R_A	7AKW	0.214	120	89	0	52	171	3	116	2.677E-04	33
cyR2_P7104R_A	1JGJ	0.191	153	83	0	68	220	17	120	3.560E-04	33
cyR2_P7104R_A	6EYU	0.183	169	96	0	52	220	3	120	4.733E-04	32
cyR2_P7104R_A	NmPR_model_0	0.201	131	92	0	43	173	2	117	6.292E-04	32
cyR2_P7104R_A	OtHKR_model_0	0.262	78	41	0	45	122	5	61	6.292E-04	32
cyR2_P7104R_A	KR1_model_0	0.201	131	92	0	43	173	2	117	6.292E-04	32
cyR2_P7104R_A	6NWD	0.287	66	43	0	77	142	29	89	8.362E-04	31
dR3_A	4FBZ	0.466	210	64	0	13	222	1	120	8.380E-54	180
dR3_A	4JR8	0.327	210	80	0	13	222	1	120	6.003E-30	111
dR3_A	4PXK	0.323	210	81	0	12	221	1	120	2.822E-29	109
dR3_A	1C3W	0.309	209	82	0	14	222	2	120	7.344E-27	102
dR3_A	5KKH	0.310	207	80	0	14	220	2	118	1.361E-26	101
dR3_A	8WEW	0.333	183	72	0	8	190	1	109	3.432E-26	100
dR3_A	6LM0	0.295	209	83	0	12	220	1	119	1.876E-24	94
dR3_A	HmBRII_model_0	0.297	207	82	0	14	220	2	118	1.876E-24	94
dR3_A	1VGO	0.290	210	84	0	10	219	1	120	8.717E-24	93
dR3_A	6KFQ	0.287	210	85	0	8	217	1	120	2.975E-23	91
dR3_A	HxAR_model_0	0.278	209	85	0	12	220	1	119	1.173E-21	86
dR3_A	1UAZ	0.278	207	84	0	14	220	2	118	2.162E-21	85
dR3_A	6LM1	0.275	209	86	0	12	220	1	119	3.982E-21	85
dR3_A	RmHR_model_0	0.254	210	89	0	11	220	1	120	1.080E-17	74
dR3_A	6GUX	0.299	158	73	0	63	220	15	119	1.461E-17	74
dR3_A	6XL3	0.247	210	88	0	11	220	2	119	1.635E-16	71
dR3_A	8XX8	0.240	210	90	0	11	220	1	119	2.450E-15	67
dR3_A	7ZOU	0.229	207	89	0	14	220	2	117	2.170E-13	61
dR3_A	1JGJ	0.226	208	91	0	13	220	2	119	7.129E-13	60
dR3_A	7BMH	0.234	179	80	0	42	220	28	132	1.849E-11	55
dR3_A	5AWZ	0.268	136	73	0	67	202	18	118	4.475E-11	54
dR3_A	7ZMY	0.254	144	67	0	78	221	30	120	1.945E-10	52
dR3_A	HmHR_model_0	0.288	114	54	0	81	194	32	108	3.496E-10	51
dR3_A	NR_model_0	0.225	178	80	0	42	219	17	120	3.496E-10	51
dR3_A	HmSRII_model_0	0.252	142	66	0	81	222	32	120	4.686E-10	51
dR3_A	6GYH	0.235	161	82	0	60	220	12	119	6.279E-10	51
dR3_A	Jaws_model_0	0.278	114	55	0	81	194	32	108	2.705E-09	49
dR3_A	3A7K	0.284	108	50	0	81	188	32	102	4.844E-09	48
dR3_A	7W74	0.244	139	64	0	81	219	34	119	6.481E-09	48
dR3_A	6NWD	0.238	140	78	0	52	191	5	107	2.770E-08	46
dR3_A	3AM6	0.238	138	76	0	51	188	3	103	3.701E-08	45
dR3_A	8ANQ	0.230	146	72	0	74	219	27	120	4.945E-08	45
dR3_A	8H79	0.207	179	82	0	42	220	15	119	8.821E-08	44
dR3_A	4HYJ	0.208	174	78	0	13	186	5	104	1.178E-07	44
dR3_A	1XIO	0.203	181	84	0	8	188	1	107	2.099E-07	43
dR3_A	HmSRIII_model_0	0.230	139	65	0	81	219	35	120	2.099E-07	43
dR3_A	HsHR_model_0	0.214	157	81	0	63	219	14	117	3.737E-07	42
dR3_A	7YTB	0.222	143	70	0	78	220	30	120	6.650E-07	41
dR3_A	HmSRI_model_0	0.205	165	94	0	55	219	2	120	1.183E-06	40
dR3_A	3DDL	0.197	173	92	0	48	220	6	120	3.731E-06	39
dR3_A	3UG9	0.268	92	62	0	73	158	27	118	6.621E-06	38
dR3_A	5AZD	0.240	111	55	0	81	191	34	107	8.818E-06	38
dR3_A	CrChR1_model_0	0.275	87	58	0	81	161	32	118	8.818E-06	38
dR3_A	PoXeR_model_0	0.210	144	83	0	59	202	12	117	1.174E-05	37
dR3_A	8CQC	0.283	80	51	0	40	119	4	75	2.081E-05	36
dR3_A	6CSN	0.255	95	66	0	73	161	26	120	2.770E-05	36
dR3_A	4JQ6	0.293	74	50	0	51	124	7	78	3.687E-05	36
dR3_A	6EID	0.245	99	69	0	69	161	20	118	4.906E-05	35
dR3_A	PsChR2_model_0	0.250	96	67	0	69	158	24	119	4.906E-05	35
dR3_A	SrSRI_model_0	0.199	151	78	0	69	219	21	118	6.527E-05	35
dR3_A	6EYU	0.279	78	48	0	42	119	4	71	6.527E-05	35
dR3_A	8JH0	0.186	175	94	0	47	221	5	120	8.682E-05	34
dR3_A	NdR2_model_0	0.185	173	97	0	48	220	1	120	1.536E-04	34
dR3_A	VcChR1_model_0	0.254	87	60	0	81	161	32	118	2.042E-04	33
dR3_A	CfRhoPDE_model_0	0.277	75	52	0	52	126	7	79	2.042E-04	33
dR3_A	NmPR_model_0	0.183	172	97	0	49	220	1	120	2.715E-04	33
dR3_A	KR1_model_0	0.183	172	97	0	49	220	1	120	2.715E-04	33
dR3_A	NmNaR_model_0	0.196	141	83	0	45	185	1	104	4.798E-04	32
dR3_A	4KLY	0.251	84	54	0	40	123	2	74	6.378E-04	32
dR3_A	3X3C	0.178	175	95	0	47	221	5	120	8.476E-04	31
ZipACR__A	ZipACR__model_0	0.497	208	60	0	53	260	1	120	2.954E-57	194
ZipACR__A	ZipACR_model_0	0.497	208	60	0	53	260	1	120	2.954E-57	194
ZipACR__A	GtACR2_model_0	0.275	208	86	0	53	260	1	120	2.310E-20	84
ZipACR__A	6CSM	0.253	208	89	0	53	260	1	120	8.864E-17	73
ZipACR__A	R2ACR_J315_refine8	0.220	208	93	0	53	260	1	120	1.272E-11	57
ZipACR__A	PsACR_model_0	0.232	176	78	0	53	228	3	105	1.255E-10	54
ZipACR__A	CaChR1_model_0	0.202	186	84	0	76	261	15	120	2.028E-07	44
ZipACR__A	CrChR1_model_0	0.196	186	84	0	76	261	15	120	1.466E-06	41
ZipACR__A	VcChR1_model_0	0.189	186	85	0	76	261	15	120	1.400E-05	38
ZipACR__A	KnChR_J444_refine5	0.184	185	85	0	76	260	16	120	7.582E-05	35
ZipACR__A	VcChR2_model_0	0.360	52	23	0	210	261	84	120	1.331E-04	34
ZipACR__A	5ZIH	0.189	167	82	0	76	242	15	116	1.331E-04	34
ZipACR__A	HmHR_model_0	0.208	126	79	0	121	246	20	120	5.429E-04	33
ZipACR__A	CoChR_J248_refine7	0.341	52	24	0	210	261	84	120	7.190E-04	32
PsuACR_353_A	PsuACR_353_model_0	0.510	209	58	0	37	245	1	120	5.325E-60	201
PsuACR_353_A	HmBRII_model_0	0.385	48	25	0	99	140	31	78	9.516E-05	35
PsuACR_353_A	7AKW	0.369	49	21	0	98	146	33	66	2.215E-04	34
PsuACR_353_A	4JR8	0.388	45	25	0	99	140	31	75	2.936E-04	33
PsuACR_353_A	PsACR_model_0	0.339	54	25	0	194	247	82	120	3.890E-04	33
PsuACR_353_A	4FBZ	0.284	70	44	0	99	161	31	100	5.155E-04	33
PsuACR_353_A	5KKH	0.270	75	49	0	99	166	31	105	6.829E-04	32
MrHR_A	6XL3	0.489	206	61	0	4	209	1	120	8.706E-57	188
MrHR_A	7ZOU	0.383	203	72	0	8	210	2	119	2.841E-38	134
MrHR_A	RmHR_model_0	0.331	204	80	0	5	208	1	120	6.997E-30	110
MrHR_A	6LM0	0.276	204	86	0	6	209	1	120	9.298E-21	83
MrHR_A	6LM1	0.272	203	86	0	6	208	1	119	5.846E-20	81
MrHR_A	8XX8	0.261	205	88	0	5	209	1	120	2.288E-18	76
MrHR_A	1UAZ	0.312	141	61	0	70	210	31	120	1.195E-16	71
MrHR_A	4FBZ	0.251	202	88	0	7	208	1	118	1.618E-16	70
MrHR_A	HxAR_model_0	0.310	140	61	0	70	209	32	120	2.967E-16	70
MrHR_A	1VGO	0.244	203	89	0	5	207	2	120	1.824E-15	67
MrHR_A	8WEW	0.243	201	88	0	5	205	4	120	4.515E-15	66
MrHR_A	6KFQ	0.260	174	77	0	5	178	4	108	1.116E-14	65
MrHR_A	1C3W	0.242	197	90	0	14	210	1	120	1.509E-14	64
MrHR_A	5KKH	0.230	203	91	0	8	210	2	120	3.045E-13	61
MrHR_A	6GUX	0.274	139	63	0	71	209	33	120	3.330E-12	57
MrHR_A	NR_model_0	0.231	169	88	0	39	207	6	120	2.858E-10	51
MrHR_A	7BMH	0.230	169	88	0	40	208	18	132	3.840E-10	51
MrHR_A	8H79	0.209	203	93	0	7	209	2	120	6.927E-10	50
MrHR_A	5AWZ	0.240	147	71	0	34	180	13	106	3.016E-09	48
MrHR_A	8ANQ	0.243	143	78	0	36	178	3	106	3.016E-09	48
MrHR_A	HsHR_model_0	0.238	141	68	0	70	210	31	120	1.750E-08	46
MrHR_A	HmHR_model_0	0.238	141	68	0	70	210	31	120	1.750E-08	46
MrHR_A	3AM6	0.233	144	69	0	34	177	13	103	3.139E-08	45
MrHR_A	1XIO	0.258	108	53	0	70	177	36	107	5.757E-07	41
MrHR_A	6GYH	0.210	159	85	0	51	209	13	120	7.693E-07	41
MrHR_A	4HYJ	0.187	204	97	0	3	206	1	120	1.372E-06	40
MrHR_A	HmSRII_model_0	0.220	141	69	0	70	210	31	120	1.372E-06	40
MrHR_A	7E4G	0.241	105	49	0	104	208	55	120	2.453E-05	36
MrHR_A	1JGJ	0.209	140	70	0	70	209	32	120	2.453E-05	36
MrHR_A	TATLA_model_0	0.221	106	65	0	36	141	3	87	7.626E-04	31
HKR2_A	6KFQ	0.275	128	60	0	148	275	25	108	2.788E-09	53
HKR2_A	6LM1	0.258	116	58	0	160	275	26	104	2.020E-06	44
HKR2_A	8ANQ	0.354	70	32	0	167	236	35	84	2.020E-06	44
HKR2_A	1VGO	0.235	131	66	0	146	276	21	107	7.967E-06	42
HKR2_A	8WEW	0.258	110	53	0	167	276	37	109	7.967E-06	42
HKR2_A	HmSRIII_model_0	0.249	115	58	0	160	274	28	105	1.379E-05	41
HKR2_A	1UAZ	0.231	131	66	0	146	276	18	104	1.815E-05	41
HKR2_A	HxAR_model_0	0.230	131	66	0	146	276	19	105	2.388E-05	40
HKR2_A	1JGJ	0.216	143	77	0	138	280	11	109	5.439E-05	39
HKR2_A	6LM0	0.224	132	73	0	138	269	11	105	7.156E-05	39
HKR2_A	PoXeR_model_0	0.242	109	54	0	167	275	37	108	1.630E-04	38
HKR2_A	7ZMY	0.238	110	55	0	167	276	33	105	2.822E-04	37
HKR2_A	4JR8	0.345	59	31	0	152	210	16	63	3.713E-04	36
HKR2_A	HmSRI_model_0	0.211	137	73	0	138	274	13	105	4.885E-04	36
HKR2_A	4PXK	0.342	59	31	0	152	210	17	64	4.885E-04	36
CrChR1_A	CrChR1_model_0	0.528	199	56	0	48	246	1	120	4.771E-60	200
CrChR1_A	3UG9	0.524	199	57	0	45	243	1	120	2.280E-59	198
CrChR1_A	6CSN	0.503	199	59	0	46	244	1	120	7.736E-56	188
CrChR1_A	6EID	0.448	199	66	0	48	246	1	120	4.957E-47	162
CrChR1_A	VcChR2_model_0	0.416	199	69	0	48	246	1	120	9.141E-42	147
CrChR1_A	CoChR_J248_refine7	0.415	199	70	0	48	246	1	120	1.247E-41	147
CrChR1_A	bReaChES_J215_refine6	0.405	199	71	0	46	244	1	120	5.155E-40	142
CrChR1_A	VcChR1_model_0	0.395	199	72	0	48	246	1	120	1.557E-38	138
CrChR1_A	PsChR2_model_0	0.384	198	73	0	44	241	1	119	1.612E-36	132
CrChR1_A	CnChR2_J230_refine9	0.347	199	78	0	46	244	1	120	9.127E-31	115
CrChR1_A	ChroME2s_J227_refine3	0.334	199	79	0	48	246	1	120	9.056E-29	109
CrChR1_A	TsChR_J132_refine3	0.334	199	79	0	47	245	1	120	1.230E-28	108
CrChR1_A	CaChR1_model_0	0.295	199	84	0	48	246	1	120	1.464E-22	90
CrChR1_A	5ZIH	0.272	199	87	0	48	246	1	120	6.590E-19	79
CrChR1_A	KnChR_J444_refine5	0.267	199	87	0	47	245	1	120	2.929E-18	77
CrChR1_A	6NWD	0.235	156	77	0	89	244	20	120	2.288E-09	49
CrChR1_A	MerMAID1_model_0	0.207	192	89	0	53	244	8	120	1.276E-08	47
CrChR1_A	5AZD	0.208	156	79	0	89	244	20	120	3.796E-06	39
CrChR1_A	vPyACR_21821_model_0	0.190	175	96	0	72	246	2	120	3.661E-05	36
CrChR1_A	A1ACR1_J318_refine3	0.202	142	69	0	103	244	32	118	1.505E-04	34
CrChR1_A	GtACR2_model_0	0.195	152	72	0	64	215	16	105	1.996E-04	34
CrChR1_A	4PXK	0.216	121	69	0	102	222	32	120	1.996E-04	34
CrChR1_A	4FBZ	0.214	122	70	0	102	223	31	120	2.648E-04	33
CrChR1_A	4JR8	0.212	122	70	0	102	223	31	120	3.511E-04	33
CrChR1_A	PsACR_model_0	0.199	139	66	0	103	241	35	118	4.656E-04	33
CrChR1_A	7AKW	0.270	75	54	0	100	174	32	106	6.174E-04	32
CrChR1_A	CfRhoPDE_model_0	0.658	22	7	0	102	123	36	57	8.187E-04	32
KR1_A	NmPR_model_0	0.505	206	59	0	23	228	1	120	5.154E-59	196
KR1_A	KR1_model_0	0.505	206	59	0	23	228	1	120	5.154E-59	196
KR1_A	NdR1_model_0	0.442	206	66	0	24	229	1	120	1.555E-48	165
KR1_A	4JQ6	0.270	208	87	0	20	227	1	120	3.871E-20	82
KR1_A	8CQC	0.269	205	86	0	21	225	2	120	1.767E-19	80
KR1_A	4HYJ	0.267	205	86	0	22	226	2	120	3.242E-19	79
KR1_A	5AZD	0.283	168	70	0	31	198	9	107	7.459E-17	72
KR1_A	6NWD	0.254	201	86	0	28	228	5	120	1.361E-16	71
KR1_A	7YTB	0.286	145	64	0	54	198	17	107	4.015E-14	64
KR1_A	4KLY	0.253	174	71	0	55	228	18	113	1.319E-13	62
KR1_A	3DDL	0.249	175	77	0	54	228	17	120	4.324E-13	61
KR1_A	7AVN	0.245	156	71	0	74	229	26	120	1.168E-10	53
KR1_A	S13_Bin138_Proteo_SR_model_0	0.230	147	68	0	83	229	16	104	3.930E-08	45
KR1_A	3X3C	0.227	145	67	0	85	229	33	120	1.247E-07	44
KR1_A	HmSRII_model_0	0.220	146	69	0	85	230	32	120	7.010E-07	41
KR1_A	1C3W	0.219	146	69	0	85	230	32	120	9.342E-07	41
KR1_A	6LM0	0.220	144	67	0	85	228	33	119	9.342E-07	41
KR1_A	7W74	0.209	145	71	0	52	196	15	105	1.230E-05	37
KR1_A	HmBRII_model_0	0.207	146	70	0	85	230	32	120	1.637E-05	37
KR1_A	6KFQ	0.210	140	67	0	54	193	20	105	2.178E-05	36
KR1_A	NR_model_0	0.207	144	71	0	54	197	18	107	2.178E-05	36
KR1_A	8WEW	0.229	113	56	0	85	197	37	109	5.125E-05	35
KR1_A	7BMH	0.196	157	80	0	54	210	29	129	5.125E-05	35
KR1_A	7AKY	0.281	77	45	0	83	159	30	93	6.816E-05	35
KR1_A	3AM6	0.237	103	57	0	85	187	33	108	9.062E-05	34
KR1_A	6LM1	0.201	145	70	0	85	229	33	120	9.062E-05	34
KR1_A	5AWZ	0.226	113	56	0	85	197	33	105	9.062E-05	34
KR1_A	1JGJ	0.207	132	67	0	24	155	1	85	1.602E-04	34
KR1_A	PoXeR_model_0	0.222	109	53	0	85	193	37	105	3.759E-04	33
KR1_A	8QLF	0.253	84	40	0	116	199	50	103	4.995E-04	32
KR1_A	5KKH	0.194	146	71	0	85	230	32	120	4.995E-04	32
KR1_A	4FBZ	0.178	177	86	0	54	230	15	120	8.816E-04	31
KR1_A	6SQG	0.212	115	58	0	84	198	33	107	8.816E-04	31
RxR_A	6KFQ	0.432	209	68	0	2	210	1	120	7.938E-48	162
RxR_A	4FBZ	0.258	207	87	0	7	213	1	118	3.566E-18	76
RxR_A	1VGO	0.252	209	89	0	4	212	1	120	2.207E-17	73
RxR_A	8WEW	0.273	182	78	0	2	183	1	108	2.207E-17	73
RxR_A	6LM1	0.248	209	89	0	6	214	1	120	1.004E-16	71
RxR_A	6LM0	0.244	208	89	0	6	213	1	119	6.164E-16	69
RxR_A	HmBRII_model_0	0.245	206	88	0	8	213	2	118	6.164E-16	69
RxR_A	4JR8	0.243	209	90	0	7	215	1	120	8.336E-16	68
RxR_A	1UAZ	0.242	206	88	0	8	213	2	118	2.060E-15	67
RxR_A	HxAR_model_0	0.241	206	88	0	8	213	3	119	2.785E-15	67
RxR_A	4PXK	0.239	209	91	0	6	214	1	120	3.764E-15	66
RxR_A	5KKH	0.238	206	88	0	8	213	2	118	9.283E-15	65
RxR_A	1C3W	0.246	186	83	0	30	215	10	120	5.623E-14	63
RxR_A	1JGJ	0.230	207	90	0	7	213	2	119	1.381E-13	62
RxR_A	7BMH	0.240	179	79	0	35	213	28	132	2.027E-12	58
RxR_A	6GUX	0.222	206	90	0	8	213	3	119	3.674E-12	57
RxR_A	6XL3	0.216	209	92	0	5	213	2	119	1.621E-11	55
RxR_A	NR_model_0	0.220	196	92	0	17	212	2	120	5.295E-11	54
RxR_A	7W74	0.240	164	86	0	47	210	4	117	7.115E-11	53
RxR_A	7ZMY	0.230	171	84	0	44	214	11	120	3.108E-10	51
RxR_A	RmHR_model_0	0.207	209	94	0	5	213	1	120	5.598E-10	51
RxR_A	HmSRII_model_0	0.217	186	86	0	30	215	10	120	7.510E-10	50
RxR_A	HmHR_model_0	0.255	130	66	0	71	200	32	120	4.360E-09	48
RxR_A	HmSRIII_model_0	0.236	149	70	0	64	212	28	120	5.841E-09	48
RxR_A	HsHR_model_0	0.243	139	73	0	44	182	6	102	7.824E-09	47
RxR_A	4HYJ	0.273	111	47	0	7	117	5	69	1.403E-08	46
RxR_A	8ANQ	0.212	176	91	0	35	210	3	118	2.513E-08	46
RxR_A	3A7K	0.267	112	51	0	71	182	32	102	3.362E-08	45
RxR_A	Jaws_model_0	0.242	130	67	0	71	200	32	120	8.043E-08	44
RxR_A	5AWZ	0.227	143	66	0	67	209	29	115	1.921E-07	43
RxR_A	PoXeR_model_0	0.232	133	74	0	51	183	11	108	4.578E-07	42
RxR_A	HmSRI_model_0	0.205	170	85	0	43	212	13	120	6.113E-07	41
RxR_A	8XX8	0.203	171	91	0	43	213	5	119	8.161E-07	41
RxR_A	3AM6	0.216	148	71	0	67	214	29	120	1.089E-06	40
RxR_A	6GYH	0.198	179	83	0	35	213	15	119	1.089E-06	40
RxR_A	8H79	0.191	179	84	0	35	213	15	119	1.090E-05	37
RxR_A	7YTB	0.397	49	27	0	44	92	10	55	1.453E-05	37
RxR_A	1XIO	0.598	28	11	0	63	90	29	56	3.436E-05	36
RxR_A	7AKW	0.337	58	34	0	31	88	2	54	6.093E-05	35
RxR_A	3DDL	0.194	158	81	0	56	213	19	120	8.112E-05	34
RxR_A	6EYU	0.347	55	31	0	35	89	4	51	8.112E-05	34
RxR_A	8CQC	0.302	67	34	0	23	89	7	55	1.080E-04	34
RxR_A	NmPR_model_0	0.251	90	52	0	44	133	10	80	1.437E-04	34
RxR_A	KR1_model_0	0.251	90	52	0	44	133	10	80	1.437E-04	34
RxR_A	HsSRI_model_0	0.183	174	91	0	39	212	7	118	1.913E-04	33
RxR_A	7AKY	0.610	25	9	0	66	88	27	51	2.545E-04	33
RxR_A	TATLA_model_0	0.385	45	25	0	39	83	8	49	2.545E-04	33
RxR_A	OtHKR_model_0	0.319	59	37	0	44	99	2	60	2.545E-04	33
RxR_A	5AZD	0.354	50	30	0	37	86	2	49	3.386E-04	33
RxR_A	6NWD	0.408	41	21	0	45	85	12	48	3.386E-04	33
RxR_A	SrSRI_model_0	0.392	42	14	0	41	82	21	44	5.990E-04	32
RxR_A	6SQG	0.368	46	25	0	51	91	9	54	5.990E-04	32
GtCCR3_A	GtCCR3_model_0	0.483	213	62	0	20	232	1	120	1.304E-56	191
GtCCR3_A	GtCCR5_model_0	0.271	213	87	0	20	232	1	120	1.927E-20	84
GtCCR3_A	8YEL	0.269	211	86	0	22	232	3	120	8.535E-20	82
GtCCR3_A	8YEJ	0.274	174	76	0	61	234	16	120	4.467E-16	71
GtCCR3_A	GtCCR1_model_0	0.212	213	94	0	20	232	1	120	8.646E-11	54
GtCCR3_A	8H87	0.236	138	66	0	97	234	34	120	1.077E-07	44
GtCCR3_A	7W9W	0.227	143	66	0	62	204	21	106	3.347E-07	43
GtCCR3_A	8GI9	0.203	171	91	0	63	233	5	119	1.379E-06	41
GtCCR3_A	8H86	0.205	135	66	0	97	231	37	120	2.215E-04	34
GtCCR3_A	HulaCCR1_model_0	0.240	97	66	0	64	160	10	97	2.936E-04	33
NeoR_A	NeoR_model_0	0.501	206	59	0	62	267	1	120	6.240E-55	194
OLPVR1_A	7AKW	0.419	198	67	0	5	202	1	116	6.592E-43	148
OLPVR1_A	7AKY	0.381	202	73	0	6	207	1	119	9.569E-38	133
OLPVR1_A	6JO0	0.255	161	72	0	42	202	17	114	1.336E-12	59
OLPVR1_A	6SQG	0.207	131	64	0	72	202	34	115	1.812E-04	33
vPyACR_21821_A	vPyACR_21821_model_0	0.472	208	63	0	13	220	1	120	9.005E-52	181
vPyACR_21821_A	PsChR2_model_0	0.218	121	63	0	65	185	23	104	1.952E-04	34
vPyACR_21821_A	6CSN	0.490	34	17	0	65	98	21	54	2.580E-04	34
vPyACR_21821_A	3UG9	0.480	34	17	0	65	98	22	55	4.507E-04	33
vPyACR_21821_A	CrChR1_model_0	0.480	34	17	0	65	98	19	52	4.507E-04	33
vPyACR_21821_A	CnChR2_J230_refine9	0.236	100	46	0	82	181	38	98	4.507E-04	33
GtCCR4_A	8YEL	0.503	209	59	0	33	241	1	120	2.424E-59	198
GtCCR4_A	GtCCR5_model_0	0.495	208	60	0	34	241	2	120	1.039E-57	193
GtCCR4_A	GtCCR3_model_0	0.275	207	85	0	35	241	3	120	1.344E-20	84
GtCCR4_A	8YEJ	0.259	169	76	0	75	243	17	120	9.975E-14	63
GtCCR4_A	GtCCR1_model_0	0.211	207	92	0	35	241	3	120	2.651E-10	52
GtCCR4_A	7W9W	0.245	121	63	0	75	195	21	104	4.675E-07	42
GtCCR4_A	8H86	0.340	64	41	0	110	173	37	99	6.078E-06	38
GtCCR4_A	8H87	0.277	82	57	0	110	191	34	113	3.343E-05	36
GtCCR4_A	WiChR_model_0	0.209	133	67	0	110	242	33	118	1.039E-04	34
GtCCR4_A	8GI9	0.228	104	53	0	110	213	34	103	4.283E-04	33
GtCCR4_A	HulaCCR1_model_0	0.193	145	81	0	98	242	20	120	7.541E-04	32
AntR_A	AntR_model_0	0.496	187	60	0	5	191	1	120	5.149E-52	174
AntR_A	SzR1_model_0	0.242	186	90	0	7	192	1	120	1.941E-13	61
AntR_A	7E4G	0.241	185	90	0	8	192	1	119	3.543E-13	60
AntR_A	MsSzR_model_0	0.238	186	91	0	7	192	1	120	6.464E-13	59
AntR_A	MtSzR_model_0	0.230	185	91	0	8	192	1	119	1.293E-11	55
B1ChR2_A	8JXO	0.477	214	62	0	23	236	1	120	1.554E-56	189
B1ChR2_A	WiChR_model_0	0.273	175	76	0	63	237	16	120	3.426E-16	70
B1ChR2_A	8H87	0.254	175	79	0	62	236	14	120	9.566E-14	63
B1ChR2_A	8H86	0.235	171	77	0	63	233	20	120	8.044E-11	54
B1ChR2_A	8GI9	0.251	136	64	0	100	235	33	119	3.471E-09	49
B1ChR2_A	8YEJ	0.215	136	68	0	101	236	34	120	1.398E-05	37
B1ChR2_A	HulaCCR1_model_0	0.205	135	65	0	101	235	38	120	1.799E-04	34
CfRhoPDE_A	CfRhoPDE_model_0	0.488	209	61	0	69	277	1	120	2.185E-52	190
CfRhoPDE_A	7CJ3	0.386	209	73	0	69	277	1	120	2.279E-36	139
CfRhoPDE_A	8CQC	0.203	153	87	0	118	270	11	120	6.877E-05	37
CfRhoPDE_A	6NWD	0.217	132	74	0	118	249	7	102	6.877E-05	37
CfRhoPDE_A	3UG9	0.235	110	53	0	141	250	35	104	1.196E-04	36
CfRhoPDE_A	CrChR1_model_0	0.235	110	53	0	141	250	32	101	1.196E-04	36
CfRhoPDE_A	HsSRI_model_0	0.196	159	88	0	102	260	2	111	1.576E-04	36
CfRhoPDE_A	BeRGC_model_0	0.206	143	71	0	139	281	31	120	1.576E-04	36
CfRhoPDE_A	CaRGC_model_0	0.205	143	71	0	139	281	31	120	2.079E-04	35
CfRhoPDE_A	7YTB	0.194	159	88	0	118	276	7	116	2.741E-04	35
CfRhoPDE_A	6LM1	0.203	142	70	0	140	281	32	120	3.613E-04	34
CfRhoPDE_A	6CSN	0.228	110	53	0	141	250	34	103	4.764E-04	34
CfRhoPDE_A	6EID	0.480	34	14	0	139	172	30	56	8.282E-04	33
HcKCR1_A	8H86	0.519	210	57	0	21	230	1	120	1.216E-62	207
HcKCR1_A	8H87	0.430	209	67	0	24	232	1	119	3.868E-47	162
HcKCR1_A	8GI9	0.393	209	72	0	25	233	2	120	8.996E-41	143
HcKCR1_A	WiChR_model_0	0.291	173	75	0	61	233	13	119	1.849E-18	77
HcKCR1_A	8JXO	0.258	169	76	0	64	232	17	119	1.561E-13	62
HcKCR1_A	GtCCR1_model_0	0.222	168	79	0	64	231	19	120	7.720E-09	48
HcKCR1_A	8YEJ	0.233	135	65	0	98	232	34	119	2.439E-07	43
HcKCR1_A	HulaCCR1_model_0	0.230	135	63	0	98	232	38	120	5.762E-07	42
HcKCR1_A	GtCCR3_model_0	0.219	136	70	0	96	231	31	120	5.667E-06	38
HcKCR1_A	8YEL	0.375	53	29	0	96	143	31	83	1.772E-05	37
HcKCR1_A	GtCCR5_model_0	0.375	53	29	0	96	143	31	83	1.772E-05	37
HcKCR1_A	7W9W	0.294	68	34	0	98	165	38	86	2.287E-04	33
HmHR_A	HmHR_model_0	0.457	214	65	0	34	247	1	120	8.835E-53	179
HmHR_A	Jaws_model_0	0.447	214	66	0	34	247	1	120	5.114E-51	174
HmHR_A	3A7K	0.366	214	75	0	34	247	1	120	5.651E-37	133
HmHR_A	HsHR_model_0	0.365	214	76	0	34	247	1	120	1.049E-36	132
HmHR_A	6GYH	0.283	139	62	0	108	246	33	120	8.929E-13	60
HmHR_A	6KFQ	0.323	107	47	0	108	214	37	107	6.852E-12	57
HmHR_A	7W74	0.268	138	63	0	108	245	34	120	3.905E-11	55
HmHR_A	8XX8	0.259	139	64	0	108	246	34	120	2.951E-10	52
HmHR_A	4FBZ	0.295	107	49	0	108	214	32	102	1.245E-09	50
HmHR_A	6LM0	0.248	139	65	0	108	246	33	120	3.929E-09	49
HmHR_A	6XL3	0.244	139	66	0	108	246	33	120	9.286E-09	48
HmHR_A	7BMH	0.246	137	64	0	108	244	46	131	9.286E-09	48
HmHR_A	1VGO	0.256	124	62	0	93	216	24	107	2.192E-08	46
HmHR_A	1UAZ	0.240	140	67	0	108	247	32	120	2.192E-08	46
HmHR_A	RmHR_model_0	0.272	109	52	0	108	216	34	106	5.168E-08	45
HmHR_A	HxAR_model_0	0.237	139	66	0	108	246	33	120	5.168E-08	45
HmHR_A	1C3W	0.265	109	53	0	108	216	32	104	1.619E-07	44
HmHR_A	5AWZ	0.233	138	66	0	108	245	33	119	1.619E-07	44
HmHR_A	NR_model_0	0.232	137	65	0	108	244	35	120	2.862E-07	43
HmHR_A	HmSRI_model_0	0.208	164	86	0	78	241	8	117	8.938E-07	41
HmHR_A	SzR1_model_0	0.262	95	59	0	136	216	13	107	1.151E-05	38
HmHR_A	HsSRI_model_0	0.194	170	96	0	77	246	1	120	2.029E-05	37
HmHR_A	7ZMY	0.236	112	62	0	105	216	24	105	2.029E-05	37
HmHR_A	7E4G	0.281	80	45	0	154	216	27	106	3.576E-05	36
HmHR_A	3AM6	0.210	137	67	0	108	244	33	118	4.746E-05	36
HmHR_A	SrSRI_model_0	0.200	139	70	0	108	246	33	120	3.435E-04	33
HmHR_A	AntR_model_0	0.242	91	67	0	154	243	30	120	6.043E-04	32
HmHR_A	HmSRII_model_0	0.208	124	66	0	93	216	21	104	6.043E-04	32
VcChR1_A	VcChR1_model_0	0.503	207	59	0	52	258	1	120	2.066E-53	196
VcChR1_A	bReaChES_J215_refine6	0.487	207	61	0	50	256	1	120	4.610E-51	188
VcChR1_A	CrChR1_model_0	0.377	207	74	0	52	258	1	120	2.355E-34	134
VcChR1_A	3UG9	0.374	206	74	0	50	255	2	120	1.252E-33	132
VcChR1_A	VcChR2_model_0	0.371	207	75	0	52	258	1	120	2.184E-33	131
VcChR1_A	6CSN	0.359	207	76	0	50	256	1	120	1.416E-31	125
VcChR1_A	CoChR_J248_refine7	0.355	207	77	0	52	258	1	120	5.684E-31	123
VcChR1_A	6EID	0.350	207	77	0	52	258	1	120	3.011E-30	121
VcChR1_A	CnChR2_J230_refine9	0.344	207	78	0	50	256	1	120	2.104E-29	118
VcChR1_A	ChroME2s_J227_refine3	0.343	183	69	0	76	258	15	120	3.468E-25	104
VcChR1_A	PsChR2_model_0	0.297	204	82	0	50	253	3	119	6.146E-22	93
VcChR1_A	TsChR_J132_refine3	0.279	207	86	0	51	257	1	120	1.182E-19	86
VcChR1_A	CaChR1_model_0	0.278	207	86	0	52	258	1	120	1.559E-19	85
VcChR1_A	5ZIH	0.278	207	86	0	52	258	1	120	1.559E-19	85
VcChR1_A	KnChR_J444_refine5	0.234	207	91	0	51	257	1	120	6.265E-13	64
VcChR1_A	6NWD	0.215	143	68	0	114	256	33	120	2.244E-05	39
VcChR1_A	5AZD	0.194	167	89	0	90	256	9	120	1.175E-04	36
VcChR1_A	MerMAID1_model_0	0.208	142	68	0	115	256	34	120	1.548E-04	36
VcChR1_A	4JR8	0.219	122	70	0	114	235	31	120	3.541E-04	35
VcChR1_A	HmBRII_model_0	0.218	122	70	0	114	235	31	120	4.666E-04	34
VcChR1_A	8CQC	0.390	46	27	0	112	157	34	79	6.148E-04	34
XR_A	3DDL	0.452	220	65	0	16	235	1	120	5.589E-54	181
XR_A	7YTB	0.321	220	81	0	16	235	1	120	1.942E-30	113
XR_A	5AZD	0.311	220	82	0	16	235	1	120	1.072E-28	108
XR_A	6NWD	0.311	219	81	0	17	235	2	120	1.458E-28	107
XR_A	NdR2_model_0	0.254	148	66	0	88	235	32	120	7.174E-11	54
XR_A	3X3C	0.246	149	67	0	88	236	31	120	5.517E-10	51
XR_A	NdR1_model_0	0.216	190	82	0	47	236	16	120	7.379E-10	51
XR_A	NmPR_model_0	0.216	189	81	0	47	235	17	120	9.866E-10	50
XR_A	KR1_model_0	0.216	189	81	0	47	235	17	120	9.866E-10	50
XR_A	NmNaR_model_0	0.247	144	63	0	88	231	35	119	1.319E-09	50
XR_A	4HYJ	0.230	157	66	0	48	204	20	106	5.616E-09	48
XR_A	FR_model_0	0.238	146	66	0	90	235	34	120	7.499E-09	48
XR_A	PoClR_model_0	0.232	146	66	0	90	235	34	120	3.176E-08	46
XR_A	8JH0	0.232	147	67	0	90	236	33	120	3.176E-08	46
XR_A	7AVN	0.203	191	84	0	46	236	15	120	5.651E-08	45
XR_A	5KKH	0.224	148	68	0	90	237	32	120	1.785E-07	43
XR_A	1VGO	0.224	147	68	0	88	234	33	120	2.379E-07	43
XR_A	5B2N	0.220	152	72	0	84	235	28	120	2.379E-07	43
XR_A	8WEW	0.294	88	60	0	88	175	35	120	4.223E-07	42
XR_A	1C3W	0.219	148	69	0	90	237	32	120	5.625E-07	42
XR_A	1UAZ	0.219	148	69	0	90	237	32	120	5.625E-07	42
XR_A	HxAR_model_0	0.219	146	67	0	90	235	33	119	9.975E-07	41
XR_A	6LM0	0.214	146	68	0	90	235	33	119	3.132E-06	39
XR_A	HmBRII_model_0	0.213	148	69	0	90	237	32	120	3.132E-06	39
XR_A	4JQ6	0.211	145	65	0	90	234	37	120	7.376E-06	38
XR_A	4FBZ	0.207	150	71	0	88	237	30	120	9.811E-06	38
XR_A	4PXK	0.206	149	71	0	88	236	31	120	1.305E-05	37
XR_A	8CQC	0.295	76	47	0	90	165	37	103	1.735E-05	37
XR_A	HmSRIII_model_0	0.185	190	90	0	45	234	9	120	2.307E-05	36
XR_A	1JGJ	0.279	82	57	0	90	171	33	112	2.307E-05	36
XR_A	6GUX	0.205	146	68	0	90	235	33	119	3.067E-05	36
XR_A	6SQG	0.266	88	57	0	85	172	29	107	3.067E-05	36
XR_A	HmSRII_model_0	0.203	148	70	0	90	237	32	120	4.077E-05	36
XR_A	4KLY	0.729	22	6	0	89	110	32	53	5.419E-05	35
XR_A	3AM6	0.267	81	50	0	88	168	31	99	1.689E-04	34
XR_A	6LM1	0.196	147	70	0	90	236	33	120	2.244E-04	33
XR_A	TsChR_J132_refine3	0.256	86	57	0	90	175	33	109	2.244E-04	33
XR_A	NR_model_0	0.689	22	7	0	88	109	33	54	2.244E-04	33
XR_A	5ZIH	0.191	148	71	0	84	231	26	114	6.981E-04	32
XR_A	6KFQ	0.260	78	36	0	90	167	37	86	9.269E-04	31
Ct_RB_A	Ct_RB_model_0	0.451	221	65	0	144	364	1	120	8.049E-49	181
Ct_RB_A	7PL9	0.239	221	91	0	144	364	1	120	6.340E-15	70
HcCCR_A	8GI9	0.496	210	60	0	13	222	1	120	6.024E-59	195
HcCCR_A	8H86	0.384	210	73	0	10	219	1	120	1.217E-39	139
HcCCR_A	8H87	0.362	208	75	0	14	221	2	119	1.900E-35	127
HcCCR_A	WiChR_model_0	0.267	171	86	0	51	221	1	118	4.630E-15	66
HcCCR_A	GtCCR1_model_0	0.243	134	64	0	87	220	36	120	2.827E-08	46
HcCCR_A	8JXO	0.233	145	71	0	77	221	26	119	2.827E-08	46
HcCCR_A	8YEL	0.318	69	41	0	85	153	31	91	8.960E-06	38
HcCCR_A	GtCCR5_model_0	0.318	69	41	0	85	153	31	91	8.960E-06	38
HcCCR_A	8YEJ	0.216	135	67	0	87	221	34	119	1.193E-05	37
HcCCR_A	GtCCR3_model_0	0.214	136	70	0	85	220	31	120	1.588E-05	37
HcCCR_A	HulaCCR1_model_0	0.208	135	65	0	87	221	38	120	8.809E-05	34
HmBRII_A	HmBRII_model_0	0.458	210	64	0	19	228	1	120	3.038E-52	176
HmBRII_A	5KKH	0.413	210	70	0	19	228	1	120	1.670E-44	154
HmBRII_A	1VGO	0.328	210	80	0	16	225	1	120	6.299E-30	111
HmBRII_A	1UAZ	0.329	209	79	0	20	228	2	120	6.299E-30	111
HmBRII_A	HxAR_model_0	0.326	210	80	0	18	227	1	120	1.168E-29	110
HmBRII_A	1C3W	0.304	210	83	0	19	228	1	120	6.485E-26	99
HmBRII_A	4JR8	0.302	209	82	0	20	228	2	120	1.629E-25	98
HmBRII_A	4FBZ	0.299	209	83	0	20	228	2	120	5.555E-25	96
HmBRII_A	8WEW	0.297	210	84	0	14	223	1	120	1.025E-24	96
HmBRII_A	6GUX	0.295	210	84	0	18	227	1	120	1.892E-24	95
HmBRII_A	4PXK	0.291	211	84	0	16	226	1	119	6.439E-24	93
HmBRII_A	6KFQ	0.271	210	87	0	14	223	1	120	1.782E-20	83
HmBRII_A	6LM0	0.255	212	89	0	16	227	1	120	5.585E-18	76
HmBRII_A	6LM1	0.234	211	90	0	16	226	1	119	1.814E-14	65
HmBRII_A	6XL3	0.230	211	91	0	17	227	2	120	8.008E-14	63
HmBRII_A	1JGJ	0.226	208	91	0	20	227	3	120	6.357E-13	60
HmBRII_A	7ZOU	0.218	209	91	0	20	228	2	119	1.208E-11	56
HmBRII_A	7BMH	0.241	162	79	0	48	209	28	132	9.381E-11	53
HmBRII_A	RmHR_model_0	0.255	139	64	0	88	226	34	120	5.397E-10	51
HmBRII_A	7ZMY	0.248	141	66	0	85	225	30	118	1.726E-09	49
HmBRII_A	HmSRII_model_0	0.248	141	66	0	88	228	32	120	1.726E-09	49
HmBRII_A	8H79	0.217	180	82	0	48	227	15	120	3.084E-09	49
HmBRII_A	NR_model_0	0.218	175	78	0	48	222	17	117	5.504E-09	48
HmBRII_A	HmHR_model_0	0.211	181	84	0	48	228	14	120	1.750E-08	46
HmBRII_A	8XX8	0.196	211	96	0	17	227	1	120	2.336E-08	46
HmBRII_A	6NWD	0.233	142	77	0	57	198	6	107	5.549E-08	45
HmBRII_A	5AZD	0.226	150	82	0	49	198	1	107	7.402E-08	44
HmBRII_A	4HYJ	0.208	177	93	0	48	224	2	120	9.871E-08	44
HmBRII_A	7W74	0.235	136	63	0	88	223	34	117	1.316E-07	44
HmBRII_A	Jaws_model_0	0.205	181	84	0	48	228	14	120	1.316E-07	44
HmBRII_A	6GYH	0.208	172	90	0	56	227	6	120	2.339E-07	43
HmBRII_A	HmSRI_model_0	0.205	173	78	0	53	225	22	120	4.153E-07	42
HmBRII_A	HsSRI_model_0	0.227	138	66	0	88	225	33	118	5.533E-07	42
HmBRII_A	5AWZ	0.217	150	70	0	48	197	15	105	7.371E-07	41
HmBRII_A	7YTB	0.205	169	91	0	58	226	5	120	7.371E-07	41
HmBRII_A	HmSRIII_model_0	0.224	138	66	0	88	225	35	120	1.307E-06	40
HmBRII_A	3DDL	0.223	139	67	0	88	226	34	120	1.307E-06	40
HmBRII_A	3AM6	0.196	179	84	0	48	226	15	119	2.317E-06	40
HmBRII_A	4JQ6	0.233	124	65	0	72	195	20	105	2.317E-06	40
HmBRII_A	SrSRI_model_0	0.182	206	94	0	20	225	3	118	7.268E-06	38
HmBRII_A	8CQC	0.208	149	81	0	47	195	5	107	9.669E-06	38
HmBRII_A	PoXeR_model_0	0.242	109	54	0	88	196	37	108	9.669E-06	38
HmBRII_A	NmPR_model_0	0.205	151	82	0	76	226	17	120	1.286E-05	37
HmBRII_A	KR1_model_0	0.205	151	82	0	76	226	17	120	1.286E-05	37
HmBRII_A	6EYU	0.286	78	47	0	48	125	4	70	3.025E-05	36
HmBRII_A	NdR1_model_0	0.201	151	82	0	76	226	16	119	4.021E-05	36
HmBRII_A	PsChR2_model_0	0.489	35	17	0	73	107	21	55	7.105E-05	35
HmBRII_A	7AVN	0.199	150	82	0	77	226	17	119	7.105E-05	35
HmBRII_A	4KLY	0.317	63	35	0	47	109	3	54	9.443E-05	34
HmBRII_A	8ANQ	0.231	108	54	0	88	195	35	105	9.443E-05	34
HmBRII_A	3UG9	0.490	34	17	0	73	106	20	53	1.255E-04	34
HmBRII_A	5ZIH	0.213	126	69	0	73	198	17	105	1.255E-04	34
HmBRII_A	6EID	0.480	34	17	0	73	106	17	50	2.215E-04	33
HmBRII_A	NdR2_model_0	0.204	134	78	0	62	195	6	104	2.215E-04	33
HmBRII_A	7AKY	0.511	31	15	0	71	101	15	45	2.943E-04	33
HmBRII_A	CaChR1_model_0	0.254	86	57	0	73	158	17	93	2.943E-04	33
HmBRII_A	CrChR1_model_0	0.470	34	17	0	73	106	17	50	3.909E-04	33
HmBRII_A	PsACR_model_0	0.221	109	55	0	87	195	34	105	5.192E-04	32
HmBRII_A	6CSN	0.460	34	18	0	73	106	19	52	6.895E-04	32
HmBRII_A	8JH0	0.200	133	75	0	63	195	9	103	6.895E-04	32
HmBRII_A	6JO0	0.343	50	26	0	65	105	1	50	9.155E-04	31
HmSRIII_A	HmSRIII_model_0	0.483	203	62	0	6	208	1	120	1.010E-54	183
HmSRIII_A	1JGJ	0.239	172	89	0	37	208	1	118	1.261E-11	56
HmSRIII_A	1C3W	0.259	139	64	0	70	208	30	117	1.797E-10	52
HmSRIII_A	6KFQ	0.219	186	91	0	21	206	3	120	4.341E-10	51
HmSRIII_A	5KKH	0.250	142	68	0	67	208	27	117	7.808E-10	50
HmSRIII_A	4FBZ	0.213	185	91	0	24	208	1	117	4.520E-09	48
HmSRIII_A	8WEW	0.233	153	77	0	28	180	9	109	4.520E-09	48
HmSRIII_A	6LM0	0.237	139	66	0	70	208	31	118	3.474E-08	45
HmSRIII_A	1VGO	0.215	161	84	0	48	208	13	120	1.482E-07	43
HmSRIII_A	4JR8	0.204	181	90	0	28	208	4	117	1.482E-07	43
HmSRIII_A	6LM1	0.230	139	67	0	70	208	31	118	1.980E-07	43
HmSRIII_A	HmSRI_model_0	0.232	131	71	0	48	178	13	105	6.292E-07	41
HmSRIII_A	HmBRII_model_0	0.210	161	85	0	48	208	10	117	6.292E-07	41
HmSRIII_A	HsSRI_model_0	0.221	143	81	0	38	180	1	105	8.397E-07	41
HmSRIII_A	8ANQ	0.228	134	75	0	45	178	8	105	8.397E-07	41
HmSRIII_A	HmSRII_model_0	0.221	143	71	0	66	208	26	117	8.397E-07	41
HmSRIII_A	Jaws_model_0	0.217	147	88	0	50	196	7	120	1.120E-06	40
HmSRIII_A	1UAZ	0.207	161	85	0	48	208	10	117	1.495E-06	40
HmSRIII_A	HxAR_model_0	0.206	161	85	0	48	208	11	118	1.994E-06	40
HmSRIII_A	7BMH	0.191	178	100	0	28	205	5	128	1.118E-05	37
HmSRIII_A	HsHR_model_0	0.211	137	79	0	42	178	2	102	2.643E-05	36
HmSRI_A	HmSRI_model_0	0.474	203	63	0	6	208	1	120	3.720E-53	178
HmSRI_A	HsSRI_model_0	0.429	173	60	0	38	210	15	120	6.109E-38	134
HmSRI_A	SrSRI_model_0	0.321	167	67	0	44	210	21	120	8.219E-22	87
HmSRI_A	6GYH	0.256	146	82	0	46	191	6	116	5.846E-11	54
HmSRI_A	6LM1	0.263	136	63	0	73	208	33	118	1.413E-10	53
HmSRI_A	6LM0	0.260	136	63	0	73	208	33	118	3.409E-10	51
HmSRI_A	1JGJ	0.241	149	73	0	44	192	21	117	1.473E-09	49
HmSRI_A	NR_model_0	0.229	163	73	0	43	205	22	117	1.973E-09	49
HmSRI_A	HmSRII_model_0	0.231	159	82	0	37	195	13	119	2.643E-09	49
HmSRI_A	8H79	0.224	163	87	0	46	208	6	118	8.479E-09	47
HmSRI_A	6KFQ	0.222	165	75	0	42	206	23	120	1.134E-08	47
HmSRI_A	PoXeR_model_0	0.242	139	65	0	42	180	23	109	1.134E-08	47
HmSRI_A	7BMH	0.245	133	62	0	73	205	46	128	2.029E-08	46
HmSRI_A	1VGO	0.218	166	77	0	43	208	22	120	2.712E-08	46
HmSRI_A	8WEW	0.240	137	64	0	43	179	24	108	2.712E-08	46
HmSRI_A	3AM6	0.219	153	80	0	53	205	13	115	2.059E-07	43
HmSRI_A	HsHR_model_0	0.219	153	87	0	58	210	8	119	2.059E-07	43
HmSRI_A	4FBZ	0.220	150	90	0	46	195	3	119	2.749E-07	42
HmSRI_A	5AWZ	0.213	161	88	0	48	208	6	118	2.749E-07	42
HmSRI_A	HmHR_model_0	0.243	121	65	0	71	191	30	116	4.895E-07	42
HmSRI_A	1UAZ	0.207	166	78	0	43	208	19	117	6.531E-07	41
HmSRI_A	4HYJ	0.228	134	64	0	73	206	36	119	8.711E-07	41
HmSRI_A	HxAR_model_0	0.206	166	78	0	43	208	20	118	8.711E-07	41
HmSRI_A	3A7K	0.205	163	89	0	48	210	7	119	2.065E-06	40
HmSRI_A	8XX8	0.204	163	90	0	46	208	5	118	2.753E-06	39
HmSRI_A	7ZMY	0.233	123	67	0	73	195	33	120	2.753E-06	39
HmSRI_A	HmSRIII_model_0	0.201	162	75	0	47	208	26	120	6.514E-06	38
HmSRI_A	1XIO	0.217	135	64	0	44	178	25	107	8.677E-06	38
HmSRI_A	7W74	0.209	145	74	0	64	208	25	119	1.156E-05	37
HmSRI_A	RmHR_model_0	0.200	159	92	0	50	208	4	119	1.539E-05	37
HmSRI_A	Jaws_model_0	0.225	121	67	0	71	191	30	116	2.049E-05	36
HmSRI_A	7AVN	0.202	134	66	0	73	206	33	116	3.560E-04	33
HmSRI_A	8ANQ	0.193	145	76	0	64	208	26	120	6.292E-04	32
HmSRI_A	8CQC	0.418	38	22	0	73	110	37	74	8.362E-04	31
HmSRI_A	CaRGC_model_0	0.395	41	23	0	49	89	11	49	8.362E-04	31
VcChR2_A	VcChR2_model_0	0.507	207	59	0	52	258	1	120	2.157E-54	198
VcChR2_A	CoChR_J248_refine7	0.463	207	64	0	52	258	1	120	1.230E-47	176
VcChR2_A	6EID	0.418	207	69	0	52	258	1	120	1.013E-40	154
VcChR2_A	CrChR1_model_0	0.401	207	71	0	52	258	1	120	5.014E-38	145
VcChR2_A	3UG9	0.394	206	72	0	50	255	2	120	8.344E-37	141
VcChR2_A	bReaChES_J215_refine6	0.384	207	73	0	50	256	1	120	1.830E-35	137
VcChR2_A	6CSN	0.379	207	74	0	50	256	1	120	9.840E-35	135
VcChR2_A	VcChR1_model_0	0.374	207	74	0	52	258	1	120	5.283E-34	132
VcChR2_A	CnChR2_J230_refine9	0.366	207	75	0	50	256	1	120	8.673E-33	128
VcChR2_A	PsChR2_model_0	0.362	206	75	0	48	253	1	119	6.137E-32	126
VcChR2_A	TsChR_J132_refine3	0.346	207	78	0	51	257	1	120	9.335E-30	119
VcChR2_A	ChroME2s_J227_refine3	0.329	207	80	0	52	258	1	120	3.245E-27	110
VcChR2_A	CaChR1_model_0	0.298	207	84	0	52	258	1	120	1.257E-22	95
VcChR2_A	5ZIH	0.286	207	85	0	52	258	1	120	8.081E-21	89
VcChR2_A	KnChR_J444_refine5	0.246	207	90	0	51	257	1	120	8.424E-15	70
VcChR2_A	6NWD	0.232	149	71	0	108	256	27	120	1.030E-07	46
VcChR2_A	5AZD	0.223	160	81	0	97	256	16	120	1.358E-07	46
VcChR2_A	MerMAID1_model_0	0.208	173	90	0	84	256	6	120	9.397E-07	43
VcChR2_A	vPyACR_21821_model_0	0.187	175	96	0	84	258	2	120	3.107E-04	35
VcChR2_A	CfRhoPDE_model_0	0.370	50	30	0	87	135	8	57	4.095E-04	34
VcChR2_A	7YTB	0.190	163	87	0	94	256	13	120	5.398E-04	34
VcChR2_A	PsACR_model_0	0.195	151	78	0	103	253	21	118	7.115E-04	34
cR3_A	4JR8	0.458	215	64	0	9	223	1	120	7.175E-54	180
cR3_A	4PXK	0.450	215	65	0	8	222	1	120	1.652E-52	176
cR3_A	4FBZ	0.314	215	82	0	9	223	1	120	1.176E-28	107
cR3_A	1C3W	0.293	214	83	0	10	223	2	120	6.684E-25	96
cR3_A	5KKH	0.292	214	84	0	10	223	2	120	1.237E-24	95
cR3_A	HmBRII_model_0	0.281	214	85	0	10	223	2	120	9.141E-23	89
cR3_A	8WEW	0.289	188	76	0	4	191	1	108	1.663E-20	83
cR3_A	1VGO	0.265	215	87	0	6	220	1	120	3.063E-20	82
cR3_A	1UAZ	0.284	187	77	0	37	223	13	120	1.407E-19	80
cR3_A	HxAR_model_0	0.261	214	87	0	8	221	1	119	2.587E-19	79
cR3_A	6KFQ	0.251	215	89	0	4	218	1	120	9.909E-18	74
cR3_A	6LM0	0.234	214	90	0	8	221	1	119	7.554E-15	66
cR3_A	6GUX	0.258	172	86	0	50	221	3	119	4.560E-14	63
cR3_A	6LM1	0.263	146	64	0	77	222	33	120	9.664E-12	56
cR3_A	8XX8	0.229	182	78	0	7	188	1	102	4.234E-11	54
cR3_A	6GYH	0.219	166	84	0	56	221	12	119	1.985E-08	46
cR3_A	1JGJ	0.195	213	94	0	9	221	2	119	2.655E-08	46
cR3_A	HmSRII_model_0	0.230	147	68	0	77	223	32	120	3.550E-08	45
cR3_A	HmHR_model_0	0.252	123	59	0	77	199	32	111	4.745E-08	45
cR3_A	7W74	0.228	142	64	0	77	218	34	117	2.019E-07	43
cR3_A	Jaws_model_0	0.243	123	60	0	77	199	32	111	3.600E-07	42
cR3_A	7ZMY	0.219	149	70	0	74	222	30	120	4.804E-07	42
cR3_A	8ANQ	0.246	112	51	0	77	188	35	103	2.029E-06	40
cR3_A	5AWZ	0.206	158	83	0	35	192	1	105	2.706E-06	39
cR3_A	PoXeR_model_0	0.192	188	86	0	4	191	1	108	2.706E-06	39
cR3_A	7YTB	0.223	131	66	0	63	193	22	107	4.807E-06	38
cR3_A	1XIO	0.239	111	65	0	31	141	1	86	1.137E-05	37
cR3_A	3AM6	0.378	53	32	0	47	99	3	54	1.137E-05	37
cR3_A	8H79	0.279	83	35	0	38	120	15	64	1.514E-05	37
cR3_A	6NWD	0.200	158	83	0	36	193	3	107	1.514E-05	37
cR3_A	7BMH	0.191	175	94	0	47	221	16	132	2.017E-05	36
cR3_A	6EYU	0.264	87	59	0	38	124	4	84	4.759E-05	35
cR3_A	4HYJ	0.185	180	81	0	9	188	5	104	6.334E-05	35
cR3_A	5AZD	0.286	75	39	0	48	122	12	67	6.334E-05	35
cR3_A	8JH0	0.207	137	76	0	51	187	4	100	6.334E-05	35
cR3_A	SrSRI_model_0	0.223	116	56	0	77	192	33	105	8.429E-05	34
cR3_A	8CQC	0.253	90	39	0	9	98	6	58	1.121E-04	34
cR3_A	HsHR_model_0	0.222	114	54	0	77	190	32	102	1.492E-04	34
cR3_A	NR_model_0	0.341	55	22	0	38	92	17	50	1.492E-04	34
cR3_A	7W9W	0.339	54	25	0	39	92	14	52	2.640E-04	33
cR3_A	TATLA_model_0	0.216	116	64	0	43	158	9	90	3.510E-04	33
cR3_A	3DDL	0.178	181	95	0	41	221	5	120	4.667E-04	32
cR3_A	6EID	0.318	56	33	0	55	103	2	57	8.249E-04	31
cR3_A	PsChR2_model_0	0.455	34	18	0	63	96	22	55	8.249E-04	31
FR_A	FR_model_0	0.460	221	64	0	31	251	1	120	6.532E-55	186
FR_A	PoClR_model_0	0.313	221	82	0	31	251	1	120	9.919E-29	109
FR_A	5B2N	0.228	215	87	0	37	251	7	120	1.458E-13	63
FR_A	NdR2_model_0	0.222	221	93	0	31	251	1	120	4.654E-13	61
FR_A	3X3C	0.270	148	65	0	105	252	31	120	1.978E-12	59
FR_A	8JH0	0.261	146	64	0	107	252	33	120	3.532E-11	55
FR_A	8QLF	0.259	141	54	0	109	249	39	112	1.977E-10	53
FR_A	3DDL	0.254	145	64	0	107	251	34	120	2.633E-10	53
FR_A	NmNaR_model_0	0.254	143	63	0	105	247	35	119	4.669E-10	52
FR_A	AaClR_model_0	0.202	190	82	0	62	251	17	120	1.050E-07	44
FR_A	VcChR1_model_0	0.209	172	83	0	82	253	15	120	2.460E-07	43
FR_A	bReaChES_J215_refine6	0.209	170	81	0	82	251	17	120	3.266E-07	43
FR_A	VcChR2_model_0	0.205	147	70	0	107	253	32	120	3.017E-05	36
FR_A	MtSzR_model_0	0.393	49	20	0	203	251	87	120	3.017E-05	36
FR_A	8ANQ	0.204	146	69	0	105	250	33	120	5.304E-05	36
FR_A	CnChR2_J230_refine9	0.186	170	84	0	82	251	17	120	2.172E-04	34
RgRGC2_A	RgRGC2_model_0	0.501	205	59	0	109	313	1	120	7.512E-57	193
RgRGC2_A	RgRGC1_model_0	0.317	205	81	0	108	312	1	120	1.174E-26	104
RgRGC2_A	BeRGC_model_0	0.236	175	82	0	137	311	12	119	4.282E-11	55
RgRGC2_A	GpRGC2_model_0	0.219	203	91	0	108	310	3	120	4.282E-11	55
RgRGC2_A	CaRGC_model_0	0.207	204	94	0	108	311	1	119	2.300E-09	50
SrRhPDE_A	7CJ3	0.486	209	61	0	43	251	1	120	1.675E-56	189
SrRhPDE_A	CfRhoPDE_model_0	0.384	209	73	0	43	251	1	120	3.706E-39	139
SrRhPDE_A	6EID	0.490	34	13	0	113	146	30	56	1.372E-04	34
SrRhPDE_A	3UG9	0.509	32	12	0	115	146	35	59	1.821E-04	34
SrRhPDE_A	CaRGC_model_0	0.225	111	54	0	113	223	31	101	1.821E-04	34
SrRhPDE_A	CrChR1_model_0	0.509	32	12	0	115	146	32	56	1.821E-04	34
SrRhPDE_A	6CSN	0.369	49	25	0	98	146	19	58	1.821E-04	34
SrRhPDE_A	PsChR2_model_0	0.732	20	5	0	113	132	34	53	4.258E-04	33
SrRhPDE_A	VcChR1_model_0	0.236	97	70	0	92	188	6	98	4.258E-04	33
SrRhPDE_A	BeRGC_model_0	0.219	111	55	0	113	223	31	101	5.650E-04	32
SrRhPDE_A	8ANQ	0.224	106	65	0	80	185	1	85	5.650E-04	32
SrRhPDE_A	CaChR1_model_0	0.482	32	12	0	115	146	32	56	7.498E-04	32
SrRhPDE_A	NmPR_model_0	0.188	154	90	0	89	242	4	115	7.498E-04	32
SrRhPDE_A	6KFQ	0.386	43	23	0	89	127	7	49	7.498E-04	32
SrRhPDE_A	KR1_model_0	0.188	154	90	0	89	242	4	115	7.498E-04	32
SrRhPDE_A	RgRGC2_model_0	0.343	50	28	0	85	134	8	51	9.948E-04	31
ASR_A	1XIO	0.525	198	56	0	4	201	1	119	3.611E-60	198
ASR_A	PoXeR_model_0	0.319	194	78	0	9	202	6	120	3.443E-26	99
ASR_A	7ZMY	0.289	169	73	0	37	205	16	119	4.952E-18	75
ASR_A	6LM1	0.259	196	86	0	9	204	2	118	4.189E-17	72
ASR_A	6LM0	0.240	198	90	0	9	206	2	120	2.447E-14	64
ASR_A	6GYH	0.266	147	87	0	37	183	1	120	3.002E-12	57
ASR_A	6KFQ	0.221	199	93	0	4	202	1	120	1.338E-11	55
ASR_A	8ANQ	0.272	133	60	0	43	175	23	106	3.271E-11	54
ASR_A	1VGO	0.235	170	80	0	35	204	15	120	5.931E-11	53
ASR_A	5AWZ	0.288	118	55	0	59	176	28	105	7.984E-11	53
ASR_A	1UAZ	0.228	173	83	0	35	207	12	120	2.617E-10	51
ASR_A	HxAR_model_0	0.228	172	83	0	35	206	13	120	3.519E-10	51
ASR_A	NR_model_0	0.253	140	67	0	37	176	17	107	4.731E-10	51
ASR_A	4FBZ	0.211	196	92	0	9	204	1	117	8.548E-10	50
ASR_A	7W74	0.239	152	72	0	38	189	17	112	1.149E-09	49
ASR_A	7BMH	0.248	140	68	0	37	176	28	118	1.543E-09	49
ASR_A	3AM6	0.243	142	76	0	35	176	5	105	3.736E-09	48
ASR_A	8H79	0.242	138	67	0	37	174	15	103	1.211E-08	46
ASR_A	8WEW	0.216	167	80	0	9	175	6	108	2.919E-08	45
ASR_A	RmHR_model_0	0.200	197	94	0	8	204	2	119	3.913E-08	45
ASR_A	1C3W	0.205	184	95	0	24	207	1	120	5.242E-08	44
ASR_A	6EYU	0.212	170	83	0	37	206	15	120	7.023E-08	44
ASR_A	4JR8	0.196	199	96	0	9	207	1	120	9.406E-08	44
ASR_A	4PXK	0.196	196	93	0	9	204	2	118	1.686E-07	43
ASR_A	3A7K	0.230	137	75	0	56	192	23	120	2.257E-07	42
ASR_A	6GUX	0.206	172	85	0	35	206	13	120	3.020E-07	42
ASR_A	HsHR_model_0	0.220	144	76	0	48	191	15	112	7.227E-07	41
ASR_A	5KKH	0.192	194	92	0	14	207	6	120	9.662E-07	40
ASR_A	HmBRII_model_0	0.207	160	87	0	48	207	10	120	1.292E-06	40
ASR_A	HmSRI_model_0	0.226	132	63	0	43	174	23	105	1.726E-06	40
ASR_A	SrSRI_model_0	0.217	144	72	0	31	174	11	103	1.726E-06	40
ASR_A	8XX8	0.203	164	79	0	9	172	3	102	2.306E-06	39
ASR_A	HmHR_model_0	0.203	162	89	0	31	192	8	120	3.081E-06	39
ASR_A	HsSRI_model_0	0.222	132	64	0	43	174	21	103	4.115E-06	38
ASR_A	3DDL	0.268	86	59	0	53	138	20	100	3.102E-05	36
ASR_A	1JGJ	0.180	198	97	0	9	206	2	120	3.102E-05	36
ASR_A	4HYJ	0.231	111	70	0	34	144	1	92	4.137E-05	35
ASR_A	6NWD	0.238	101	72	0	38	138	6	100	9.799E-05	34
ASR_A	4JQ6	0.222	114	58	0	61	174	35	109	1.306E-04	34
ASR_A	NdR1_model_0	0.235	95	63	0	47	141	18	101	5.473E-04	32
ASR_A	7YTB	0.194	144	85	0	36	179	3	109	5.473E-04	32
ASR_A	6JO0	0.222	105	75	0	35	139	3	100	7.287E-04	31
ASR_A	HmSRII_model_0	0.208	119	63	0	56	174	23	102	9.699E-04	31
BeRGC_A	BeRGC_model_0	0.495	206	60	0	184	389	1	120	6.337E-53	191
BeRGC_A	CaRGC_model_0	0.389	206	73	0	184	389	1	120	2.218E-36	139
BeRGC_A	RgRGC1_model_0	0.218	174	79	0	215	388	18	119	3.579E-08	48
BeRGC_A	GpRGC2_model_0	0.195	206	96	0	182	387	1	120	3.283E-07	44
BeRGC_A	RgRGC2_model_0	0.211	171	79	0	220	390	20	120	4.331E-07	44
BeRGC_A	CfRhoPDE_model_0	0.205	147	76	0	239	385	25	120	8.341E-05	36
BeRGC_A	7CJ3	0.220	119	62	0	239	357	25	105	3.328E-04	34
BeRGC_A	3UG9	0.229	107	52	0	251	357	35	103	5.789E-04	34
BeRGC_A	CrChR1_model_0	0.229	107	52	0	251	357	32	100	5.789E-04	34
PsACR_A	PsACR_model_0	0.513	208	58	0	30	237	1	120	2.806E-60	201
PsACR_A	6CSM	0.246	207	89	0	32	238	1	119	9.573E-16	70
PsACR_A	GtACR2_model_0	0.227	207	91	0	32	238	1	119	1.054E-12	60
PsACR_A	R2ACR_J315_refine8	0.221	207	92	0	32	238	1	119	7.989E-12	57
PsACR_A	ZipACR__model_0	0.384	74	29	0	32	105	1	48	5.973E-10	51
PsACR_A	ZipACR_model_0	0.384	74	29	0	32	105	1	48	5.973E-10	51
PsACR_A	HsHR_model_0	0.207	151	70	0	90	240	32	120	9.481E-06	38
PsACR_A	TsChR_J132_refine3	0.200	149	69	0	90	238	33	119	9.082E-05	35
PsACR_A	A1ACR1_J318_refine3	0.307	67	39	0	183	239	53	119	9.082E-05	35
PsACR_A	CoChR_J248_refine7	0.199	151	70	0	90	240	32	120	9.082E-05	35
PsACR_A	CrChR1_model_0	0.180	186	86	0	55	240	15	120	2.117E-04	34
PsACR_A	7W9W	0.181	181	93	0	55	235	6	119	2.806E-04	33
PsACR_A	VcChR2_model_0	0.194	151	71	0	90	240	32	120	2.806E-04	33
PsACR_A	3UG9	0.180	181	82	0	55	235	18	118	3.720E-04	33
PsACR_A	bReaChES_J215_refine6	0.369	47	20	0	192	238	89	120	4.930E-04	33
PsACR_A	MerMAID1_model_0	0.178	184	85	0	55	238	17	120	4.930E-04	33
PsACR_A	PsChR2_model_0	0.195	146	67	0	90	235	36	119	4.930E-04	33
PsACR_A	ChroME2s_J227_refine3	0.191	151	71	0	90	240	32	120	6.535E-04	32
PsACR_A	6CSN	0.177	184	85	0	55	238	17	120	6.535E-04	32
PsACR_A	6LM0	0.184	163	82	0	77	239	20	120	8.660E-04	32
GtACR1_A	6CSM	0.483	208	62	0	33	240	1	120	1.771E-55	187
GtACR1_A	GtACR2_model_0	0.316	208	81	0	33	240	1	120	2.425E-27	104
GtACR1_A	ZipACR__model_0	0.249	208	89	0	33	240	1	120	2.406E-16	71
GtACR1_A	ZipACR_model_0	0.249	208	89	0	33	240	1	120	2.406E-16	71
GtACR1_A	PsACR_model_0	0.243	206	89	0	33	238	3	120	3.439E-15	68
GtACR1_A	R2ACR_J315_refine8	0.242	208	90	0	33	240	1	120	3.439E-15	68
GtACR1_A	MerMAID1_model_0	0.184	184	84	0	56	239	17	120	6.336E-05	35
GtACR1_A	6CSN	0.357	48	19	0	56	103	17	46	8.057E-04	32
ARII_A	3AM6	0.488	200	61	0	13	212	1	120	1.008E-54	182
ARII_A	5AWZ	0.385	200	73	0	13	212	1	120	7.514E-38	133
ARII_A	6GYH	0.267	198	86	0	14	211	2	119	1.727E-18	76
ARII_A	7BMH	0.218	205	97	0	7	211	8	132	2.018E-11	55
ARII_A	NR_model_0	0.235	171	79	0	40	210	17	120	4.915E-11	54
ARII_A	6LM0	0.257	136	64	0	76	211	33	119	5.231E-10	51
ARII_A	6LM1	0.255	137	65	0	76	212	33	120	7.023E-10	50
ARII_A	HxAR_model_0	0.218	176	86	0	36	211	9	119	4.097E-09	48
ARII_A	7W74	0.219	172	81	0	39	210	15	119	5.493E-09	48
ARII_A	1UAZ	0.217	176	86	0	36	211	8	118	5.493E-09	48
ARII_A	1XIO	0.278	108	52	0	76	183	37	109	1.322E-08	46
ARII_A	6GUX	0.240	137	66	0	75	211	32	119	2.372E-08	46
ARII_A	PoXeR_model_0	0.278	106	51	0	76	181	37	107	2.372E-08	46
ARII_A	8ANQ	0.214	172	82	0	39	210	16	120	2.372E-08	46
ARII_A	6KFQ	0.229	143	73	0	65	207	24	119	1.019E-07	44
ARII_A	8H79	0.208	172	82	0	40	211	15	119	1.822E-07	43
ARII_A	1VGO	0.226	142	68	0	40	181	17	105	2.437E-07	42
ARII_A	5KKH	0.206	172	83	0	40	211	14	118	3.257E-07	42
ARII_A	4FBZ	0.205	173	83	0	40	212	14	119	3.257E-07	42
ARII_A	SrSRI_model_0	0.234	132	63	0	76	207	33	115	3.257E-07	42
ARII_A	6XL3	0.219	142	67	0	40	181	17	103	1.386E-06	40
ARII_A	1C3W	0.223	137	68	0	76	212	32	119	1.386E-06	40
ARII_A	7ZMY	0.250	107	53	0	75	181	32	103	3.297E-06	39
ARII_A	8CQC	0.248	107	53	0	73	179	34	105	4.399E-06	38
ARII_A	1JGJ	0.237	116	63	0	66	181	21	103	4.399E-06	38
ARII_A	HmBRII_model_0	0.195	172	84	0	40	211	14	118	7.828E-06	38
ARII_A	4HYJ	0.219	132	66	0	48	179	19	104	1.044E-05	37
ARII_A	HsHR_model_0	0.193	170	94	0	41	210	1	117	1.856E-05	36
ARII_A	HmSRII_model_0	0.201	149	81	0	64	212	18	119	4.393E-05	35
ARII_A	RmHR_model_0	0.190	166	79	0	46	211	22	120	7.795E-05	34
ARII_A	8XX8	0.229	107	55	0	76	182	34	105	1.382E-04	34
ARII_A	8WEW	0.201	142	70	0	40	181	19	107	1.382E-04	34
ARII_A	HmHR_model_0	0.219	116	63	0	76	191	32	113	1.841E-04	33
ARII_A	HmSRI_model_0	0.203	132	65	0	76	207	35	117	3.261E-04	33
ARII_A	7AKY	0.348	49	23	0	71	119	27	63	7.683E-04	31
ARII_A	MtSzR_model_0	0.245	87	63	0	128	211	34	120	7.683E-04	31
GtCCR5_A	GtCCR5_model_0	0.491	213	61	0	37	249	1	120	6.164E-57	195
GtCCR5_A	8YEL	0.485	212	61	0	38	249	2	120	1.359E-55	191
GtCCR5_A	GtCCR3_model_0	0.272	213	87	0	37	249	1	120	3.817E-20	85
GtCCR5_A	8YEJ	0.257	173	77	0	79	251	17	120	2.051E-13	63
GtCCR5_A	GtCCR1_model_0	0.211	213	94	0	37	249	1	120	1.823E-10	54
GtCCR5_A	7W9W	0.258	110	53	0	79	188	21	93	8.380E-07	42
GtCCR5_A	8H86	0.285	86	59	0	114	199	37	120	5.958E-06	39
GtCCR5_A	8H87	0.273	86	60	0	114	199	34	117	3.195E-05	37
GtCCR5_A	WiChR_model_0	0.206	137	67	0	114	250	33	118	1.711E-04	34
GtCCR5_A	8GI9	0.225	107	53	0	114	220	34	102	6.923E-04	33
HmBRI_D94N_A	4PXK	0.459	215	64	0	9	223	1	120	5.667E-54	181
HmBRI_D94N_A	4JR8	0.449	215	66	0	10	224	1	120	3.340E-52	175
HmBRI_D94N_A	4FBZ	0.308	215	82	0	10	224	1	120	1.481E-27	104
HmBRI_D94N_A	1C3W	0.285	214	84	0	11	224	2	120	1.528E-23	92
HmBRI_D94N_A	5KKH	0.284	214	84	0	11	224	2	120	2.823E-23	91
HmBRI_D94N_A	HmBRII_model_0	0.273	214	86	0	11	224	2	120	2.058E-21	85
HmBRI_D94N_A	1VGO	0.258	215	88	0	7	221	1	120	6.745E-19	78
HmBRI_D94N_A	8WEW	0.278	188	77	0	5	192	1	108	6.745E-19	78
HmBRI_D94N_A	1UAZ	0.276	187	77	0	38	224	13	120	2.272E-18	76
HmBRI_D94N_A	HxAR_model_0	0.275	185	76	0	38	222	14	119	5.644E-18	75
HmBRI_D94N_A	6KFQ	0.241	215	90	0	5	219	1	120	5.246E-16	69
HmBRI_D94N_A	6LM0	0.233	214	91	0	9	222	1	119	1.427E-14	65
HmBRI_D94N_A	6GUX	0.248	172	87	0	51	222	3	119	9.296E-13	59
HmBRI_D94N_A	8XX8	0.228	182	78	0	8	189	1	102	5.846E-11	54
HmBRI_D94N_A	6LM1	0.256	146	65	0	78	223	33	120	5.846E-11	54
HmBRI_D94N_A	HsSRI_model_0	0.227	151	76	0	41	191	5	103	3.625E-08	45
HmBRI_D94N_A	1JGJ	0.194	213	94	0	10	222	2	119	3.625E-08	45
HmBRI_D94N_A	HmSRII_model_0	0.230	147	68	0	78	224	32	120	3.625E-08	45
HmBRI_D94N_A	HmHR_model_0	0.220	160	74	0	39	198	14	109	4.845E-08	45
HmBRI_D94N_A	7W74	0.226	142	64	0	78	219	34	117	2.749E-07	42
HmBRI_D94N_A	Jaws_model_0	0.213	160	75	0	39	198	14	109	3.668E-07	42
HmBRI_D94N_A	6GYH	0.199	185	83	0	38	222	15	119	3.668E-07	42
HmBRI_D94N_A	7ZMY	0.217	149	70	0	75	223	30	120	8.711E-07	41
HmBRI_D94N_A	HmSRI_model_0	0.195	181	81	0	41	221	19	120	2.065E-06	40
HmBRI_D94N_A	PoXeR_model_0	0.206	154	79	0	39	192	8	108	6.514E-06	38
HmBRI_D94N_A	8ANQ	0.239	112	52	0	78	189	35	103	8.677E-06	38
HmBRI_D94N_A	8H79	0.281	83	35	0	39	121	15	64	1.156E-05	37
HmBRI_D94N_A	5AWZ	0.230	119	58	0	75	193	30	105	1.156E-05	37
HmBRI_D94N_A	1XIO	0.202	153	79	0	39	191	8	107	2.049E-05	36
HmBRI_D94N_A	4HYJ	0.187	180	80	0	10	189	5	104	3.631E-05	36
HmBRI_D94N_A	8CQC	0.233	111	56	0	6	116	2	75	3.631E-05	36
HmBRI_D94N_A	7YTB	0.224	120	60	0	75	194	30	107	3.631E-05	36
HmBRI_D94N_A	TATLA_model_0	0.200	146	76	0	44	189	9	104	8.555E-05	34
HmBRI_D94N_A	SrSRI_model_0	0.222	116	56	0	78	193	33	105	1.138E-04	34
HmBRI_D94N_A	7BMH	0.181	184	85	0	39	222	28	132	1.514E-04	34
HmBRI_D94N_A	6NWD	0.196	148	84	0	47	194	3	107	2.013E-04	33
HmBRI_D94N_A	NR_model_0	0.334	55	22	0	39	93	17	50	2.677E-04	33
HmBRI_D94N_A	PsChR2_model_0	0.294	66	45	0	78	142	36	101	3.560E-04	33
HmBRI_D94N_A	NmPR_model_0	0.179	181	98	0	42	222	1	120	3.560E-04	33
HmBRI_D94N_A	HsHR_model_0	0.218	114	55	0	78	191	32	102	3.560E-04	33
HmBRI_D94N_A	KR1_model_0	0.179	181	98	0	42	222	1	120	3.560E-04	33
HmBRI_D94N_A	5AZD	0.364	46	21	0	78	123	34	67	8.362E-04	31
HmBRI_D94N_A	3AM6	0.330	53	34	0	48	100	3	54	8.362E-04	31
HmBRI_D94N_A	ChroME2s_J227_refine3	0.410	39	22	0	78	116	32	70	8.362E-04	31
CaRGC_A	CaRGC_model_0	0.486	206	61	0	184	389	1	120	1.631E-51	186
CaRGC_A	BeRGC_model_0	0.381	206	74	0	184	389	1	120	3.844E-35	135
CaRGC_A	RgRGC1_model_0	0.213	205	93	0	184	388	1	119	9.751E-10	53
CaRGC_A	GpRGC2_model_0	0.210	206	94	0	182	387	1	120	2.240E-09	51
CaRGC_A	RgRGC2_model_0	0.220	140	69	0	251	390	32	120	9.109E-06	40
CaRGC_A	ChroME2s_J227_refine3	0.302	74	46	0	251	324	32	98	4.795E-05	37
CaRGC_A	TsChR_J132_refine3	0.262	86	58	0	251	336	33	112	3.328E-04	34
CaRGC_A	6EID	0.395	44	26	0	251	294	32	75	7.634E-04	33
CnChR1_A	5ZIH	0.511	203	58	0	46	248	1	120	1.726E-58	196
CnChR1_A	CoChR_J248_refine7	0.295	198	80	0	46	243	1	114	2.150E-22	90
CnChR1_A	CnChR2_J230_refine9	0.321	171	69	0	45	215	2	103	5.309E-22	89
CnChR1_A	VcChR2_model_0	0.289	198	80	0	46	243	1	114	1.769E-21	87
CnChR1_A	bReaChES_J215_refine6	0.284	199	82	0	45	243	2	116	7.945E-21	85
CnChR1_A	VcChR1_model_0	0.279	203	86	0	46	248	1	120	1.448E-20	84
CnChR1_A	3UG9	0.290	177	76	0	43	219	1	108	9.518E-19	79
CnChR1_A	6EID	0.291	174	74	0	46	219	1	105	2.326E-18	78
CnChR1_A	ChroME2s_J227_refine3	0.260	203	88	0	46	248	1	120	1.384E-17	75
CnChR1_A	CrChR1_model_0	0.285	174	74	0	46	219	1	105	1.384E-17	75
CnChR1_A	6CSN	0.258	199	85	0	45	243	2	116	8.192E-17	73
CnChR1_A	PsChR2_model_0	0.269	178	79	0	42	219	1	109	6.476E-16	70
CnChR1_A	CaChR1_model_0	0.273	173	75	0	46	218	1	104	6.476E-16	70
CnChR1_A	TsChR_J132_refine3	0.237	199	87	0	45	243	1	115	1.704E-13	63
CnChR1_A	KnChR_J444_refine5	0.214	175	83	0	45	219	1	106	3.098E-08	46
CnChR1_A	3DDL	0.216	159	81	0	85	243	13	116	2.275E-07	43
CnChR1_A	7YTB	0.222	138	75	0	82	219	10	107	2.207E-06	40
CnChR1_A	5AZD	0.199	162	85	0	82	243	10	116	1.603E-05	37
CnChR1_A	8CQC	0.214	133	69	0	101	233	32	120	3.746E-05	36
CnChR1_A	6CSM	0.215	125	68	0	94	218	19	105	1.160E-04	34
CnChR1_A	6NWD	0.195	156	81	0	88	243	16	116	1.160E-04	34
CnChR1_A	4HYJ	0.199	147	82	0	88	234	18	120	1.538E-04	34
CnChR1_A	BeRGC_model_0	0.217	115	58	0	105	219	32	106	4.756E-04	33
CnChR1_A	MerMAID1_model_0	0.206	127	87	0	45	171	2	111	6.305E-04	32
HxAR_A	HxAR_model_0	0.468	209	63	0	23	231	1	120	1.791E-53	180
HxAR_A	1UAZ	0.467	209	63	0	24	232	1	120	2.448E-53	180
HxAR_A	1VGO	0.434	209	67	0	21	229	1	120	1.235E-47	163
HxAR_A	6GUX	0.418	209	69	0	23	231	1	120	6.348E-45	155
HxAR_A	5KKH	0.340	208	78	0	25	232	2	120	1.437E-31	116
HxAR_A	HmBRII_model_0	0.332	208	79	0	25	232	2	120	3.145E-30	112
HxAR_A	1C3W	0.323	208	80	0	25	232	2	120	9.316E-29	108
HxAR_A	8WEW	0.284	209	85	0	19	227	1	120	2.240E-22	89
HxAR_A	4FBZ	0.281	208	85	0	25	232	2	120	1.024E-21	87
HxAR_A	4JR8	0.276	211	86	0	22	232	1	120	2.545E-21	86
HxAR_A	6KFQ	0.270	209	87	0	19	227	1	120	3.887E-20	82
HxAR_A	4PXK	0.270	210	86	0	21	230	1	119	3.887E-20	82
HxAR_A	6LM0	0.255	211	89	0	21	231	1	120	8.814E-18	75
HxAR_A	6XL3	0.275	171	83	0	61	231	6	120	4.314E-16	70
HxAR_A	RmHR_model_0	0.276	157	84	0	74	230	4	120	2.058E-14	65
HxAR_A	7BMH	0.220	221	101	0	10	230	3	132	5.299E-13	61
HxAR_A	6LM1	0.276	139	62	0	92	230	33	119	4.141E-12	58
HxAR_A	8H79	0.218	210	92	0	22	231	2	120	9.969E-12	57
HxAR_A	5AWZ	0.298	113	53	0	89	201	29	105	7.693E-11	54
HxAR_A	7ZOU	0.225	181	82	0	52	232	13	119	2.463E-10	52
HxAR_A	3AM6	0.229	173	89	0	58	230	3	119	3.293E-10	52
HxAR_A	NR_model_0	0.202	208	93	0	19	226	1	117	4.460E-09	48
HxAR_A	7ZMY	0.243	141	67	0	89	229	30	118	7.942E-09	48
HxAR_A	8ANQ	0.242	142	63	0	59	200	23	106	7.942E-09	48
HxAR_A	HmSRII_model_0	0.210	178	82	0	55	232	16	120	4.468E-08	45
HxAR_A	HmHR_model_0	0.234	141	67	0	92	232	32	120	5.956E-08	45
HxAR_A	6GYH	0.215	166	87	0	66	231	9	120	7.937E-08	44
HxAR_A	7W74	0.208	169	75	0	59	227	22	117	3.328E-07	42
HxAR_A	8XX8	0.227	140	66	0	92	231	34	120	4.431E-07	42
HxAR_A	1JGJ	0.187	210	96	0	22	231	2	120	7.852E-07	41
HxAR_A	PoXeR_model_0	0.196	182	86	0	19	200	1	108	1.850E-06	40
HxAR_A	4HYJ	0.218	140	68	0	89	228	33	120	3.274E-06	39
HxAR_A	1XIO	0.247	108	53	0	92	199	37	107	5.791E-06	38
HxAR_A	3DDL	0.217	139	67	0	92	230	34	120	5.791E-06	38
HxAR_A	PsChR2_model_0	0.231	119	62	0	84	202	28	109	1.024E-05	38
HxAR_A	HmSRI_model_0	0.212	142	65	0	58	199	22	105	1.024E-05	38
HxAR_A	8JH0	0.195	166	91	0	65	230	6	119	2.404E-05	36
HxAR_A	SrSRI_model_0	0.192	171	78	0	59	229	21	118	3.194E-05	36
HxAR_A	7YTB	0.207	139	68	0	92	230	34	120	5.639E-05	35
HxAR_A	3UG9	0.403	45	24	0	78	122	20	61	7.491E-05	35
HxAR_A	5AZD	0.304	68	42	0	92	159	34	95	7.491E-05	35
HxAR_A	NdR1_model_0	0.203	142	71	0	89	230	30	119	9.950E-05	34
HxAR_A	4JQ6	0.185	178	81	0	20	197	4	103	9.950E-05	34
HxAR_A	HsSRI_model_0	0.204	138	68	0	92	229	33	118	1.322E-04	34
HxAR_A	NdR2_model_0	0.188	169	97	0	62	230	1	120	1.322E-04	34
HxAR_A	CoChR_J248_refine7	0.299	68	46	0	84	150	24	91	1.322E-04	34
HxAR_A	6NWD	0.188	169	93	0	62	230	6	120	1.322E-04	34
HxAR_A	3X3C	0.192	155	82	0	76	230	17	119	2.330E-04	33
HxAR_A	6EID	0.432	39	19	0	84	122	24	58	2.330E-04	33
HxAR_A	CrChR1_model_0	0.388	45	25	0	78	122	17	58	2.330E-04	33
HxAR_A	VcChR2_model_0	0.292	68	47	0	84	150	24	91	3.094E-04	33
HxAR_A	8CQC	0.234	97	69	0	62	158	7	97	5.454E-04	32
HxAR_A	PoClR_model_0	0.242	91	61	0	57	147	1	81	5.454E-04	32
HxAR_A	6CSN	0.419	39	20	0	84	122	26	60	5.454E-04	32
HxAR_A	6EYU	0.221	107	54	0	93	199	34	103	7.239E-04	32
HxAR_A	NmNaR_model_0	0.207	121	66	0	76	196	21	104	9.608E-04	31
HxAR_A	MerMAID1_model_0	0.207	121	66	0	82	202	24	107	9.608E-04	31
NpSRII_A	1JGJ	0.469	203	63	0	8	210	1	120	1.160E-52	176
NpSRII_A	HmSRII_model_0	0.278	202	85	0	10	211	2	120	5.841E-21	83
NpSRII_A	6KFQ	0.272	170	74	0	9	178	6	107	6.468E-16	68
NpSRII_A	8WEW	0.257	175	79	0	6	180	3	109	1.809E-14	64
NpSRII_A	5KKH	0.236	202	90	0	10	211	2	120	3.309E-14	63
NpSRII_A	4FBZ	0.232	203	91	0	9	211	1	120	1.493E-13	61
NpSRII_A	HmBRII_model_0	0.230	202	91	0	10	211	2	120	3.680E-13	60
NpSRII_A	HmSRI_model_0	0.259	143	76	0	36	178	3	105	4.405E-11	54
NpSRII_A	4JR8	0.211	203	94	0	9	211	1	120	2.617E-10	51
NpSRII_A	4PXK	0.211	201	92	0	9	209	2	119	3.519E-10	51
NpSRII_A	6LM1	0.207	201	93	0	9	209	2	119	1.543E-09	49
NpSRII_A	HmSRIII_model_0	0.250	137	64	0	72	208	35	120	2.072E-09	49
NpSRII_A	6LM0	0.206	202	94	0	9	210	2	120	2.072E-09	49
NpSRII_A	1C3W	0.218	169	89	0	43	211	6	120	1.211E-08	46
NpSRII_A	HsSRI_model_0	0.235	141	73	0	40	180	9	105	2.919E-08	45
NpSRII_A	5AWZ	0.237	133	79	0	49	181	3	106	1.259E-07	43
NpSRII_A	8XX8	0.208	170	92	0	41	210	4	120	2.257E-07	42
NpSRII_A	7BMH	0.247	118	61	0	64	181	38	119	4.040E-07	42
NpSRII_A	7W74	0.242	118	64	0	61	178	22	106	9.662E-07	40
NpSRII_A	SrSRI_model_0	0.189	199	93	0	10	208	3	118	1.292E-06	40
NpSRII_A	4HYJ	0.199	169	80	0	7	175	3	103	3.081E-06	39
NpSRII_A	3AM6	0.237	116	60	0	63	178	24	103	4.115E-06	38
NpSRII_A	6XL3	0.217	139	68	0	72	210	33	120	4.115E-06	38
NpSRII_A	NR_model_0	0.235	118	62	0	63	180	26	107	4.115E-06	38
NpSRII_A	HsHR_model_0	0.243	107	53	0	72	178	32	102	9.791E-06	37
NpSRII_A	7ZMY	0.215	135	74	0	46	180	11	105	1.307E-05	37
NpSRII_A	Jaws_model_0	0.229	117	62	0	72	188	32	112	1.743E-05	36
NpSRII_A	8H79	0.210	139	69	0	72	210	33	120	2.326E-05	36
NpSRII_A	6GYH	0.190	175	96	0	36	210	1	120	2.326E-05	36
NpSRII_A	TAT_model_0	0.246	100	58	0	43	142	10	87	3.102E-05	36
NpSRII_A	PoXeR_model_0	0.234	108	54	0	72	179	37	108	4.137E-05	35
NpSRII_A	7ZOU	0.202	140	69	0	72	211	32	119	1.306E-04	34
NpSRII_A	8CQC	0.231	104	52	0	72	175	37	104	1.740E-04	33
NpSRII_A	RmHR_model_0	0.171	202	98	0	8	209	2	120	4.111E-04	32
NpSRII_A	1XIO	0.221	107	55	0	72	178	37	107	5.473E-04	32
VbACR2_A	VbACR2_model_0	0.507	177	51	0	61	237	1	104	1.397E-46	169
WiChR_A	WiChR_model_0	0.472	211	63	0	47	257	1	120	3.890E-50	184
WiChR_A	8JXO	0.281	169	73	0	87	255	17	119	2.101E-15	72
WiChR_A	8H87	0.274	170	75	0	86	255	16	119	1.107E-14	69
WiChR_A	8H86	0.275	168	73	0	86	253	19	120	1.460E-14	69
WiChR_A	8GI9	0.264	171	77	0	86	256	16	120	1.763E-13	65
WiChR_A	8YEJ	0.268	135	62	0	121	255	34	119	5.374E-10	54
WiChR_A	8YEL	0.253	120	63	0	119	238	31	115	5.390E-07	44
WiChR_A	GtCCR1_model_0	0.237	134	64	0	121	254	36	120	7.105E-07	44
WiChR_A	GtCCR5_model_0	0.244	120	64	0	119	238	31	115	2.828E-06	42
WiChR_A	HulaCCR1_model_0	0.209	142	69	0	114	255	33	120	1.026E-04	36
WiChR_A	7W9W	0.221	117	63	0	121	237	38	119	5.381E-04	34
ESR_A	4HYJ	0.478	213	62	0	10	222	1	120	7.799E-57	189
ESR_A	4JQ6	0.279	211	83	0	13	223	5	120	4.456E-22	87
ESR_A	NmPR_model_0	0.270	212	86	0	13	224	2	120	1.287E-20	83
ESR_A	KR1_model_0	0.270	212	86	0	13	224	2	120	1.287E-20	83
ESR_A	8CQC	0.267	213	87	0	9	221	1	120	3.213E-20	82
ESR_A	NdR1_model_0	0.261	213	88	0	13	225	1	120	2.709E-19	79
ESR_A	S13_Bin138_Proteo_SR_model_0	0.262	146	63	0	80	225	18	104	1.338E-11	56
ESR_A	4KLY	0.216	212	86	0	13	224	3	113	1.338E-11	56
ESR_A	3DDL	0.231	181	78	0	44	224	18	120	2.414E-11	55
ESR_A	TATLA_model_0	0.211	214	94	0	9	222	1	120	5.846E-11	54
ESR_A	6NWD	0.248	152	66	0	44	195	18	106	1.053E-10	53
ESR_A	6LM0	0.210	211	92	0	14	224	2	119	1.413E-10	53
ESR_A	6KFQ	0.254	143	60	0	14	156	6	86	2.542E-10	52
ESR_A	TAT_model_0	0.227	177	87	0	46	222	8	120	2.542E-10	52
ESR_A	5AZD	0.223	180	78	0	45	224	19	120	4.570E-10	51
ESR_A	6LM1	0.205	212	94	0	14	225	2	120	6.126E-10	51
ESR_A	HmBRII_model_0	0.203	212	94	0	15	226	2	120	1.473E-09	49
ESR_A	8WEW	0.218	178	77	0	14	191	6	105	2.643E-09	49
ESR_A	7YTB	0.213	181	80	0	44	224	18	120	8.479E-09	47
ESR_A	5KKH	0.197	212	95	0	15	226	2	120	1.517E-08	46
ESR_A	4FBZ	0.196	213	96	0	14	226	1	120	2.029E-08	46
ESR_A	NR_model_0	0.227	148	65	0	44	191	19	103	6.473E-08	44
ESR_A	7AVN	0.192	211	95	0	15	225	3	120	8.647E-08	44
ESR_A	PoXeR_model_0	0.271	106	57	0	79	184	36	114	8.647E-08	44
ESR_A	1C3W	0.224	148	69	0	79	226	31	120	1.542E-07	43
ESR_A	HmSRII_model_0	0.224	148	69	0	79	226	31	120	1.542E-07	43
ESR_A	4JR8	0.189	213	97	0	14	226	1	120	2.059E-07	43
ESR_A	4PXK	0.188	212	96	0	14	225	2	120	3.668E-07	42
ESR_A	1UAZ	0.219	148	70	0	79	226	31	120	4.895E-07	42
ESR_A	RmHR_model_0	0.187	212	96	0	13	224	2	120	4.895E-07	42
ESR_A	7ZOU	0.185	212	95	0	15	226	2	119	1.162E-06	40
ESR_A	6XL3	0.218	146	68	0	79	224	32	119	1.162E-06	40
ESR_A	HxAR_model_0	0.218	146	68	0	79	224	32	119	1.162E-06	40
ESR_A	1JGJ	0.184	212	96	0	13	224	1	119	1.549E-06	40
ESR_A	7BMH	0.196	182	83	0	14	195	15	118	1.549E-06	40
ESR_A	3AM6	0.239	117	56	0	79	195	32	105	2.753E-06	39
ESR_A	8ANQ	0.240	115	54	0	79	193	34	105	3.669E-06	39
ESR_A	1VGO	0.211	145	68	0	79	223	34	120	6.514E-06	38
ESR_A	HsSRI_model_0	0.283	82	43	0	79	160	32	92	1.156E-05	37
ESR_A	6GUX	0.209	145	68	0	80	224	33	119	1.156E-05	37
ESR_A	6GYH	0.221	128	62	0	13	140	1	80	1.539E-05	37
ESR_A	8H79	0.205	148	69	0	13	160	1	88	2.049E-05	36
ESR_A	8JH0	0.206	146	69	0	80	225	33	120	2.049E-05	36
ESR_A	HmSRI_model_0	0.269	85	56	0	79	163	34	110	3.631E-05	36
ESR_A	8XX8	0.203	146	69	0	79	224	33	119	4.832E-05	35
ESR_A	5AWZ	0.222	119	58	0	79	197	32	107	6.430E-05	35
ESR_A	7ZMY	0.200	146	70	0	80	225	33	120	8.555E-05	34
ESR_A	7W74	0.183	179	82	0	15	193	4	104	1.138E-04	34
ESR_A	3X3C	0.198	146	70	0	80	225	33	120	1.514E-04	34
ESR_A	6SQG	0.258	86	57	0	75	160	29	106	1.514E-04	34
ESR_A	7AKW	0.269	79	42	0	79	157	34	91	2.013E-04	33
ESR_A	NdR2_model_0	0.195	145	69	0	80	224	34	120	3.560E-04	33
ESR_A	6EYU	0.204	127	81	0	38	164	4	106	6.292E-04	32
ESR_A	1XIO	0.918	15	1	0	79	93	36	50	8.362E-04	31
PsChR2_A	PsChR2_model_0	0.497	206	60	0	10	215	1	120	4.420E-58	192
PsChR2_A	6EID	0.423	203	68	0	16	218	2	119	7.244E-45	154
PsChR2_A	CoChR_J248_refine7	0.376	202	72	0	17	218	3	119	1.014E-36	130
PsChR2_A	3UG9	0.356	204	75	0	11	214	1	118	7.061E-34	122
PsChR2_A	CrChR1_model_0	0.362	198	71	0	21	218	7	119	1.316E-33	121
PsChR2_A	VcChR2_model_0	0.350	202	75	0	17	218	3	119	1.588E-32	118
PsChR2_A	6CSN	0.333	206	79	0	12	217	1	120	1.682E-30	112
PsChR2_A	bReaChES_J215_refine6	0.297	206	84	0	12	217	1	120	1.885E-24	94
PsChR2_A	VcChR1_model_0	0.315	180	71	0	39	218	15	119	3.016E-23	91
PsChR2_A	CnChR2_J230_refine9	0.279	206	86	0	12	217	1	120	1.637E-21	85
PsChR2_A	TsChR_J132_refine3	0.282	197	82	0	22	218	6	120	1.030E-20	83
PsChR2_A	ChroME2s_J227_refine3	0.275	197	80	0	21	217	7	118	1.190E-19	80
PsChR2_A	CaChR1_model_0	0.272	180	76	0	39	218	15	119	5.248E-17	72
PsChR2_A	5ZIH	0.235	198	86	0	16	213	2	114	1.332E-13	62
PsChR2_A	KnChR_J444_refine5	0.209	198	89	0	21	218	8	120	1.766E-09	49
PsChR2_A	6NWD	0.223	143	69	0	71	213	27	116	4.488E-07	42
PsChR2_A	5AZD	0.274	94	61	0	46	139	3	87	1.427E-06	40
PsChR2_A	7YTB	0.216	130	71	0	60	189	16	107	2.537E-05	36
PsChR2_A	MerMAID1_model_0	0.183	179	84	0	39	217	17	120	1.063E-04	34
PsChR2_A	4FBZ	0.214	120	70	0	77	196	31	120	2.507E-04	33
PsChR2_A	8WEW	0.309	62	35	0	77	138	36	87	2.507E-04	33
PsChR2_A	1C3W	0.295	64	39	0	77	140	31	86	5.904E-04	32
PsChR2_A	PsACR_model_0	0.198	137	67	0	78	214	35	118	5.904E-04	32
PspR_A	7W74	0.464	210	64	0	5	214	1	120	1.344E-53	179
PspR_A	8ANQ	0.369	207	73	0	7	213	4	120	9.793E-37	130
PspR_A	6KFQ	0.247	184	82	0	28	211	11	120	7.183E-14	63
PspR_A	8XX8	0.276	150	66	0	66	215	29	120	9.696E-14	62
PspR_A	5AWZ	0.218	205	89	0	10	214	5	119	1.548E-11	55
PspR_A	Jaws_model_0	0.260	146	64	0	70	215	32	119	2.082E-11	55
PspR_A	3AM6	0.239	168	82	0	43	210	7	115	3.767E-11	54
PspR_A	PoXeR_model_0	0.261	143	72	0	40	182	9	106	3.767E-11	54
PspR_A	1VGO	0.243	161	89	0	51	211	1	118	5.066E-11	54
PspR_A	HmHR_model_0	0.254	146	65	0	70	215	32	119	9.155E-11	53
PspR_A	4JR8	0.247	154	72	0	58	211	19	115	9.155E-11	53
PspR_A	4PXK	0.246	154	72	0	58	211	20	116	1.230E-10	53
PspR_A	6GYH	0.230	173	87	0	43	215	7	120	1.653E-10	52
PspR_A	3A7K	0.240	158	76	0	58	215	19	119	2.221E-10	52
PspR_A	7BMH	0.230	171	83	0	43	213	23	131	2.221E-10	52
PspR_A	5KKH	0.234	165	82	0	51	215	12	119	2.982E-10	51
PspR_A	4FBZ	0.233	161	79	0	51	211	12	115	9.685E-10	50
PspR_A	HxAR_model_0	0.230	164	82	0	52	215	14	120	9.685E-10	50
PspR_A	HsHR_model_0	0.223	173	89	0	43	215	4	119	1.299E-09	49
PspR_A	1UAZ	0.229	164	82	0	52	215	13	119	1.299E-09	49
PspR_A	HmBRII_model_0	0.229	165	82	0	51	215	12	119	1.299E-09	49
PspR_A	1C3W	0.231	161	79	0	51	211	12	115	1.743E-09	49
PspR_A	NR_model_0	0.231	157	76	0	57	213	21	120	3.134E-09	48
PspR_A	7ZMY	0.218	176	90	0	36	211	1	116	4.202E-09	48
PspR_A	6LM1	0.217	172	88	0	40	211	3	116	1.011E-08	47
PspR_A	6LM0	0.218	166	84	0	50	215	12	120	2.428E-08	46
PspR_A	SrSRI_model_0	0.211	177	79	0	39	215	20	120	3.250E-08	45
PspR_A	6GUX	0.217	164	83	0	52	215	14	120	4.350E-08	45
PspR_A	HmSRII_model_0	0.223	155	74	0	28	182	6	101	4.350E-08	45
PspR_A	1XIO	0.216	163	78	0	20	182	7	106	7.786E-08	44
PspR_A	6NWD	0.212	156	76	0	58	213	22	119	7.927E-07	41
PspR_A	8WEW	0.230	132	69	0	51	182	17	106	7.927E-07	41
PspR_A	1JGJ	0.199	177	92	0	39	215	5	120	1.058E-06	40
PspR_A	8H79	0.196	181	84	0	35	215	16	120	1.413E-06	40
PspR_A	HsSRI_model_0	0.204	158	80	0	58	215	20	120	4.481E-06	38
PspR_A	4HYJ	0.218	131	69	0	51	181	16	104	1.417E-05	37
PspR_A	NmPR_model_0	0.206	143	76	0	39	181	6	102	3.352E-05	36
PspR_A	KR1_model_0	0.206	143	76	0	39	181	6	102	3.352E-05	36
PspR_A	HmSRI_model_0	0.196	156	79	0	58	213	22	120	5.948E-05	35
PspR_A	6SQG	0.348	54	24	0	56	93	13	66	1.055E-04	34
PspR_A	6EYU	0.199	145	69	0	71	215	34	120	1.404E-04	34
PspR_A	7AVN	0.404	42	23	0	70	108	33	74	2.488E-04	33
PspR_A	7YTB	0.199	140	74	0	58	197	22	114	2.488E-04	33
PspR_A	NdR1_model_0	0.208	126	74	0	61	186	17	110	3.311E-04	33
PspR_A	8CQC	0.207	121	67	0	61	181	21	105	7.796E-04	31
RgRGC1_A	RgRGC1_model_0	0.494	205	60	0	107	311	1	120	1.195E-55	189
RgRGC1_A	RgRGC2_model_0	0.310	205	82	0	108	312	1	120	1.726E-25	100
RgRGC1_A	GpRGC2_model_0	0.250	203	88	0	107	309	3	120	1.004E-15	70
RgRGC1_A	CaRGC_model_0	0.214	204	93	0	107	310	1	119	2.351E-10	53
RgRGC1_A	BeRGC_model_0	0.219	175	84	0	136	310	12	119	7.110E-09	48
SpaR_A	8ANQ	0.445	210	66	0	3	212	1	120	2.605E-50	169
SpaR_A	7W74	0.357	208	75	0	6	213	3	120	7.977E-35	124
SpaR_A	PoXeR_model_0	0.275	144	73	0	41	184	8	108	8.014E-13	59
SpaR_A	8XX8	0.304	121	54	0	65	185	29	106	1.080E-12	59
SpaR_A	1VGO	0.256	145	61	0	39	183	23	105	6.912E-11	53
SpaR_A	1XIO	0.257	143	74	0	41	183	8	107	9.289E-11	53
SpaR_A	7BMH	0.230	173	91	0	22	194	9	127	1.677E-10	52
SpaR_A	6KFQ	0.246	150	66	0	34	183	20	107	3.024E-10	51
SpaR_A	6LM1	0.250	144	71	0	42	185	10	105	4.060E-10	51
SpaR_A	NR_model_0	0.242	145	77	0	52	196	17	118	2.368E-09	49
SpaR_A	HxAR_model_0	0.239	145	62	0	39	183	21	103	5.701E-09	48
SpaR_A	1UAZ	0.238	145	62	0	39	183	20	102	7.638E-09	47
SpaR_A	3AM6	0.206	190	90	0	7	196	3	116	1.370E-08	46
SpaR_A	7ZMY	0.225	158	89	0	35	192	1	116	1.370E-08	46
SpaR_A	8WEW	0.235	146	63	0	39	184	25	108	1.370E-08	46
SpaR_A	8H79	0.279	103	40	0	34	136	16	72	4.399E-08	45
SpaR_A	6XL3	0.262	115	52	0	69	183	33	103	4.399E-08	45
SpaR_A	5AWZ	0.203	188	88	0	9	196	5	116	5.885E-08	44
SpaR_A	4JR8	0.231	143	77	0	44	186	5	105	5.885E-08	44
SpaR_A	3A7K	0.247	126	61	0	69	194	32	113	5.885E-08	44
SpaR_A	6GYH	0.221	155	86	0	46	200	9	120	7.871E-08	44
SpaR_A	4HYJ	0.216	160	85	0	39	198	9	117	1.407E-07	43
SpaR_A	4PXK	0.228	143	77	0	44	186	6	106	1.407E-07	43
SpaR_A	4FBZ	0.228	139	70	0	45	183	11	102	3.359E-07	42
SpaR_A	6LM0	0.252	115	52	0	69	183	33	103	3.359E-07	42
SpaR_A	1C3W	0.231	132	68	0	52	183	14	102	5.994E-07	41
SpaR_A	6GUX	0.260	105	54	0	42	146	9	82	8.005E-07	41
SpaR_A	6SQG	0.347	62	36	0	47	102	3	64	4.521E-06	38
SpaR_A	5KKH	0.238	109	57	0	39	147	20	95	1.904E-05	36
SpaR_A	PoClR_model_0	0.416	41	21	0	69	105	34	74	1.884E-04	33
SpaR_A	7ZOU	0.217	115	54	0	69	183	32	101	3.336E-04	33
SpaR_A	HmBRII_model_0	0.196	142	64	0	42	183	23	102	4.438E-04	32
SpaR_A	HmSRI_model_0	0.304	60	37	0	42	101	14	67	7.853E-04	31
SpaR_A	HmSRII_model_0	0.184	161	80	0	34	194	15	113	7.853E-04	31
MtSzR_A	MtSzR_model_0	0.525	195	57	0	8	202	1	120	3.262E-59	195
MtSzR_A	MsSzR_model_0	0.272	195	87	0	7	201	1	120	4.287E-19	78
MtSzR_A	7E4G	0.255	195	89	0	8	202	1	120	1.919E-16	70
MtSzR_A	SzR1_model_0	0.237	195	91	0	7	201	1	120	1.105E-13	62
MtSzR_A	AntR_model_0	0.208	194	93	0	7	200	3	120	3.736E-09	48
MtSzR_A	7W74	0.215	154	91	0	49	202	4	120	4.040E-07	42
MtSzR_A	6GYH	0.207	127	82	0	76	202	15	119	3.087E-04	33
SzR1_A	SzR1_model_0	0.498	188	60	0	4	191	1	120	6.072E-53	176
SzR1_A	7E4G	0.395	188	72	0	5	192	1	120	3.995E-37	130
SzR1_A	MtSzR_model_0	0.230	188	92	0	5	192	1	120	4.060E-12	57
SzR1_A	MsSzR_model_0	0.223	188	92	0	4	191	1	120	4.508E-11	53
SzR1_A	AntR_model_0	0.221	187	91	0	3	189	2	119	1.108E-10	52
SzR1_A	HsHR_model_0	0.472	32	16	0	68	99	64	95	8.509E-04	31
SzR1_A	6GYH	0.247	84	48	0	110	193	56	120	8.509E-04	31
V2HeR3_A	V2HeR3_model_0	0.418	220	69	0	10	229	1	120	8.296E-48	163
HsBR_A	1C3W	0.473	204	63	0	10	213	1	120	2.150E-53	178
HsBR_A	1VGO	0.331	204	80	0	7	210	1	120	9.247E-30	109
HsBR_A	HxAR_model_0	0.330	203	79	0	9	211	1	119	1.721E-29	109
HsBR_A	1UAZ	0.329	203	79	0	11	213	2	120	2.348E-29	108
HsBR_A	5KKH	0.320	204	81	0	10	213	1	120	5.231E-28	104
HsBR_A	4JR8	0.316	203	81	0	11	213	2	120	3.361E-27	102
HsBR_A	4FBZ	0.315	203	81	0	11	213	2	120	4.581E-27	102
HsBR_A	HmBRII_model_0	0.307	204	82	0	10	213	1	120	7.432E-26	98
HsBR_A	4PXK	0.306	204	83	0	9	212	1	120	1.013E-25	98
HsBR_A	6GUX	0.305	203	82	0	9	211	1	119	2.561E-25	96
HsBR_A	8WEW	0.295	204	84	0	5	208	1	120	7.651E-24	92
HsBR_A	6LM0	0.335	134	57	0	78	211	33	119	5.577E-18	75
HsBR_A	6KFQ	0.248	204	89	0	5	208	1	120	2.904E-16	70
HsBR_A	RmHR_model_0	0.238	206	91	0	6	211	1	120	8.092E-15	65
HsBR_A	6XL3	0.302	134	60	0	78	211	33	119	1.999E-14	64
HsBR_A	6LM1	0.300	135	61	0	78	212	33	120	1.999E-14	64
HsBR_A	7BMH	0.277	134	62	0	78	211	46	132	8.008E-12	56
HsBR_A	HmSRII_model_0	0.256	136	65	0	78	213	32	120	6.831E-10	50
HsBR_A	5AZD	0.282	113	57	0	78	190	34	114	1.232E-09	49
HsBR_A	6GYH	0.250	137	67	0	75	211	30	119	2.219E-09	49
HsBR_A	7YTB	0.221	173	90	0	39	211	4	120	2.219E-09	49
HsBR_A	7ZMY	0.224	164	88	0	49	212	6	120	5.355E-09	48
HsBR_A	8XX8	0.246	134	64	0	78	211	34	119	1.290E-08	46
HsBR_A	NR_model_0	0.218	169	78	0	39	207	17	117	1.290E-08	46
HsBR_A	5AWZ	0.276	108	54	0	75	182	30	105	1.729E-08	46
HsBR_A	HmSRIII_model_0	0.244	133	64	0	78	210	35	120	2.316E-08	46
HsBR_A	1JGJ	0.223	158	88	0	54	211	6	119	2.316E-08	46
HsBR_A	7W74	0.198	200	92	0	9	208	2	117	4.154E-08	45
HsBR_A	8ANQ	0.239	136	62	0	45	180	23	105	4.154E-08	45
HsBR_A	6NWD	0.238	134	66	0	78	211	34	120	7.445E-08	44
HsBR_A	SrSRI_model_0	0.199	193	92	0	18	210	3	118	9.963E-08	44
HsBR_A	4JQ6	0.227	144	64	0	8	151	6	89	1.333E-07	43
HsBR_A	8H79	0.233	134	66	0	78	211	33	119	2.385E-07	42
HsBR_A	HmHR_model_0	0.257	112	59	0	78	189	32	111	2.385E-07	42
HsBR_A	3AM6	0.228	138	69	0	75	212	30	120	3.189E-07	42
HsBR_A	6EYU	0.224	142	77	0	39	180	4	103	4.263E-07	42
HsBR_A	4HYJ	0.263	104	52	0	75	178	33	104	5.698E-07	41
HsBR_A	PoXeR_model_0	0.263	104	52	0	78	181	37	108	5.698E-07	41
HsBR_A	3DDL	0.226	134	67	0	78	211	34	120	1.359E-06	40
HsBR_A	NmPR_model_0	0.222	137	70	0	75	211	30	120	1.815E-06	40
HsBR_A	Jaws_model_0	0.246	112	60	0	78	189	32	111	1.815E-06	40
HsBR_A	KR1_model_0	0.222	137	70	0	75	211	30	120	1.815E-06	40
HsBR_A	1XIO	0.253	103	52	0	78	180	37	107	4.318E-06	38
HsBR_A	HsHR_model_0	0.195	175	85	0	39	213	14	120	4.318E-06	38
HsBR_A	HsSRI_model_0	0.220	133	66	0	78	210	33	118	5.762E-06	38
HsBR_A	3X3C	0.198	164	93	0	48	211	3	119	1.025E-05	37
HsBR_A	8CQC	0.229	119	66	0	38	156	18	104	1.368E-05	37
HsBR_A	HmSRI_model_0	0.245	103	53	0	78	180	35	105	1.824E-05	36
HsBR_A	NmNaR_model_0	0.209	136	81	0	42	177	1	104	4.320E-05	35
HsBR_A	8JH0	0.191	165	95	0	48	212	3	120	5.756E-05	35
HsBR_A	6SQG	0.345	54	27	0	78	131	34	75	1.361E-04	34
HsBR_A	3UG9	0.464	35	18	0	70	104	27	60	2.412E-04	33
HsBR_A	6EID	0.464	35	18	0	70	104	24	57	2.412E-04	33
HsBR_A	TsChR_J132_refine3	0.327	57	36	0	78	134	33	87	2.412E-04	33
HsBR_A	PoClR_model_0	0.277	74	46	0	78	151	34	98	2.412E-04	33
HsBR_A	CoChR_J248_refine7	0.464	35	18	0	70	104	24	57	2.412E-04	33
HsBR_A	VcChR2_model_0	0.327	56	36	0	49	104	3	57	3.211E-04	33
HsBR_A	CrChR1_model_0	0.566	27	11	0	78	104	32	57	3.211E-04	33
HsBR_A	5ZIH	0.191	151	95	0	48	198	2	120	4.274E-04	32
HsBR_A	6CSN	0.553	27	11	0	78	104	34	59	5.689E-04	32
HsBR_A	NdR2_model_0	0.200	133	80	0	45	177	1	101	5.689E-04	32
OcHeR_A	OcHeR_model_0	0.404	231	71	0	23	253	1	120	8.782E-48	164
OcHeR_A	6SU3	0.389	177	62	0	78	254	16	117	8.280E-33	120
OcHeR_A	AbHeR_model_0	0.305	231	83	0	23	253	1	120	3.391E-29	109
OcHeR_A	6IS6	0.275	182	76	0	76	257	15	120	2.504E-17	74
CsR_A	6GYH	0.486	207	61	0	13	219	1	120	1.768E-56	187
CsR_A	5AWZ	0.292	180	75	0	14	193	2	108	6.146E-20	81
CsR_A	3AM6	0.259	205	87	0	14	218	2	119	4.411E-18	75
CsR_A	7BMH	0.252	214	94	0	5	218	6	132	5.980E-18	75
CsR_A	NR_model_0	0.241	204	88	0	14	217	4	120	4.701E-15	66
CsR_A	6LM1	0.274	137	62	0	82	218	33	119	6.245E-12	57
CsR_A	HmHR_model_0	0.267	138	64	0	82	219	32	119	2.758E-11	55
CsR_A	1XIO	0.303	107	49	0	82	188	37	107	1.629E-10	52
CsR_A	Jaws_model_0	0.260	138	64	0	82	219	32	119	1.629E-10	52
CsR_A	PoXeR_model_0	0.298	107	49	0	82	188	37	107	3.950E-10	51
CsR_A	HsHR_model_0	0.254	138	65	0	82	219	32	119	7.120E-10	50
CsR_A	1VGO	0.251	136	64	0	82	217	35	120	2.308E-09	49
CsR_A	3A7K	0.243	138	66	0	82	219	32	119	9.988E-09	47
CsR_A	HxAR_model_0	0.241	138	66	0	82	219	33	120	1.792E-08	46
CsR_A	1UAZ	0.239	138	66	0	82	219	32	119	2.400E-08	46
CsR_A	6LM0	0.237	138	66	0	82	219	33	120	4.301E-08	45
CsR_A	SrSRI_model_0	0.254	121	61	0	82	202	33	115	4.301E-08	45
CsR_A	4FBZ	0.206	175	81	0	44	218	16	118	1.842E-07	43
CsR_A	7W74	0.231	136	65	0	82	217	34	119	2.462E-07	42
CsR_A	8H79	0.191	207	96	0	13	219	1	120	2.462E-07	42
CsR_A	1C3W	0.228	137	66	0	82	218	32	118	4.398E-07	42
CsR_A	6KFQ	0.221	145	67	0	44	188	21	107	5.876E-07	41
CsR_A	8XX8	0.225	138	67	0	82	219	34	120	7.849E-07	41
CsR_A	HmSRI_model_0	0.228	134	64	0	82	215	35	118	7.849E-07	41
CsR_A	4JR8	0.224	137	67	0	82	218	32	118	1.048E-06	40
CsR_A	HsSRI_model_0	0.222	134	65	0	82	215	33	116	3.328E-06	39
CsR_A	5KKH	0.301	78	46	0	82	148	32	109	3.328E-06	39
CsR_A	6XL3	0.216	140	70	0	80	219	31	120	4.440E-06	38
CsR_A	6GUX	0.214	139	69	0	81	219	32	120	7.899E-06	38
CsR_A	4PXK	0.216	137	67	0	82	218	33	119	7.899E-06	38
CsR_A	8ANQ	0.243	106	52	0	82	187	35	104	1.404E-05	37
CsR_A	HmBRII_model_0	0.811	20	4	0	82	101	32	51	2.495E-05	36
CsR_A	7YTB	0.222	122	65	0	82	203	34	117	3.325E-05	36
CsR_A	4HYJ	0.340	58	31	0	79	136	33	80	4.429E-05	35
CsR_A	5AZD	0.281	75	39	0	82	156	34	88	1.047E-04	34
CsR_A	4JQ6	0.424	40	18	0	80	112	35	74	1.855E-04	33
CsR_A	7ZOU	0.201	138	69	0	82	219	32	118	2.469E-04	33
CsR_A	NmPR_model_0	0.289	69	35	0	79	147	31	80	2.469E-04	33
CsR_A	7ZMY	0.221	112	58	0	79	190	30	105	2.469E-04	33
CsR_A	6SQG	0.284	71	47	0	82	152	34	100	2.469E-04	33
CsR_A	KR1_model_0	0.289	69	35	0	79	147	31	80	2.469E-04	33
CsR_A	3X3C	0.198	141	72	0	78	218	29	119	3.286E-04	33
CsR_A	RmHR_model_0	0.198	137	69	0	82	218	34	120	5.818E-04	32
CsR_A	8CQC	0.625	23	8	0	80	102	35	57	7.740E-04	31
ChRmine_A	7W9W	0.441	230	66	0	20	249	1	119	2.285E-54	183
ChRmine_A	8YEJ	0.231	190	79	0	64	253	17	120	6.410E-12	57
ChRmine_A	GtCCR1_model_0	0.236	148	64	0	104	251	36	120	8.836E-09	48
ChRmine_A	GtCCR5_model_0	0.247	119	74	0	64	182	19	117	4.850E-07	42
ChRmine_A	8YEL	0.244	119	74	0	64	182	19	117	8.576E-07	41
ChRmine_A	GtCCR3_model_0	0.192	188	82	0	64	251	19	120	2.678E-06	40
ChRmine_A	8H87	0.207	150	68	0	104	253	34	120	1.109E-05	38
ChRmine_A	8JXO	0.193	150	69	0	104	253	34	120	4.407E-04	33
ChRmine_A	8H86	0.277	73	35	0	104	176	37	86	4.407E-04	33
HwMR_A	8WEW	0.458	212	64	0	5	216	1	120	4.532E-53	178
HwMR_A	5KKH	0.302	209	81	0	11	219	2	118	1.023E-25	98
HwMR_A	4FBZ	0.300	212	83	0	10	221	1	120	1.023E-25	98
HwMR_A	1C3W	0.296	211	83	0	11	221	2	120	6.501E-25	96
HwMR_A	1VGO	0.289	211	84	0	8	218	2	120	7.625E-24	93
HwMR_A	HmBRII_model_0	0.290	209	82	0	11	219	2	118	1.410E-23	92
HwMR_A	1UAZ	0.280	209	84	0	11	219	2	118	5.607E-22	87
HwMR_A	HxAR_model_0	0.278	211	85	0	9	219	1	119	5.607E-22	87
HwMR_A	6KFQ	0.301	184	75	0	5	188	1	108	1.035E-21	86
HwMR_A	4JR8	0.266	212	87	0	10	221	1	120	5.505E-20	81
HwMR_A	4PXK	0.264	211	87	0	9	219	1	119	1.374E-19	80
HwMR_A	6GUX	0.250	211	89	0	9	219	1	119	3.258E-17	73
HwMR_A	6LM0	0.249	211	89	0	9	219	1	119	4.409E-17	72
HwMR_A	6LM1	0.248	211	89	0	9	219	1	119	5.967E-17	72
HwMR_A	1JGJ	0.240	210	89	0	10	219	2	119	1.649E-15	68
HwMR_A	6XL3	0.231	212	90	0	8	219	2	119	3.320E-14	64
HwMR_A	RmHR_model_0	0.223	212	92	0	8	219	1	120	8.858E-13	59
HwMR_A	HmSRII_model_0	0.240	166	84	0	56	221	9	120	4.175E-11	54
HwMR_A	7BMH	0.225	189	97	0	32	220	8	133	4.175E-11	54
HwMR_A	7ZOU	0.213	209	91	0	11	219	2	117	5.607E-11	54
HwMR_A	4JQ6	0.262	136	70	0	50	185	8	103	1.821E-10	52
HwMR_A	4HYJ	0.225	176	77	0	10	185	5	104	4.398E-10	51
HwMR_A	NR_model_0	0.238	151	69	0	39	189	17	107	1.904E-09	49
HwMR_A	PoXeR_model_0	0.211	184	84	0	5	188	1	108	8.197E-09	47
HwMR_A	8ANQ	0.234	149	67	0	40	188	18	106	8.197E-09	47
HwMR_A	7YTB	0.234	136	78	0	55	190	5	107	1.497E-07	43
HwMR_A	7ZMY	0.224	143	68	0	76	218	30	118	3.565E-07	42
HwMR_A	5AZD	0.254	112	54	0	79	190	34	107	4.759E-07	42
HwMR_A	5AWZ	0.224	141	79	0	52	192	6	108	6.351E-07	41
HwMR_A	8H79	0.186	210	95	0	10	219	2	119	8.475E-07	41
HwMR_A	3DDL	0.222	141	67	0	79	219	34	120	8.475E-07	41
HwMR_A	1XIO	0.199	178	81	0	10	187	6	107	1.131E-06	40
HwMR_A	HmSRIII_model_0	0.253	109	52	0	79	187	35	105	1.131E-06	40
HwMR_A	6GYH	0.209	157	81	0	63	219	17	119	1.508E-06	40
HwMR_A	6NWD	0.248	112	55	0	79	190	34	107	1.508E-06	40
HwMR_A	7W74	0.213	149	69	0	40	188	17	105	2.011E-06	40
HwMR_A	NmPR_model_0	0.316	73	35	0	76	148	30	81	2.682E-06	39
HwMR_A	KR1_model_0	0.316	73	35	0	76	148	30	81	2.682E-06	39
HwMR_A	HmSRI_model_0	0.214	144	65	0	44	187	22	105	3.576E-06	39
HwMR_A	HmHR_model_0	0.234	115	58	0	79	193	32	108	1.128E-05	37
HwMR_A	3AM6	0.209	144	79	0	44	187	3	103	1.502E-05	37
HwMR_A	NdR1_model_0	0.189	173	91	0	47	219	7	119	4.722E-05	35
HwMR_A	HsSRI_model_0	0.227	111	56	0	79	189	33	105	1.113E-04	34
HwMR_A	8CQC	0.246	95	66	0	52	146	10	97	1.113E-04	34
HwMR_A	6JO0	0.449	37	20	0	60	96	14	50	1.970E-04	33
HwMR_A	PsChR2_model_0	0.555	28	12	0	71	98	28	55	2.621E-04	33
HwMR_A	3X3C	0.184	167	93	0	53	219	5	119	3.485E-04	33
HwMR_A	3UG9	0.528	29	13	0	71	99	27	55	4.635E-04	32
HwMR_A	NmNaR_model_0	0.197	140	77	0	53	192	9	105	4.635E-04	32
HwMR_A	MtSzR_model_0	0.252	85	40	0	135	219	66	120	4.635E-04	32
HwMR_A	CfRhoPDE_model_0	0.220	110	80	0	49	158	7	109	4.635E-04	32
HwMR_A	7AKW	0.476	33	17	0	60	92	16	48	4.635E-04	32
HwMR_A	6EID	0.522	29	13	0	71	99	24	52	6.162E-04	32
HwMR_A	NdR2_model_0	0.182	167	93	0	53	219	6	120	6.162E-04	32
HwMR_A	4KLY	0.583	25	10	0	76	100	30	54	8.193E-04	31
HwMR_A	SrSRI_model_0	0.178	177	82	0	11	187	3	103	8.193E-04	31
IaNaR_A	8JH0	0.426	229	68	0	26	254	1	120	2.523E-51	174
IaNaR_A	NmNaR_model_0	0.373	228	74	0	23	250	2	120	3.618E-41	145
IaNaR_A	3X3C	0.367	229	75	0	26	254	1	120	2.336E-40	142
IaNaR_A	NdR2_model_0	0.367	229	75	0	25	253	1	120	2.336E-40	142
IaNaR_A	5B2N	0.286	154	64	0	100	253	31	120	3.872E-15	67
IaNaR_A	FR_model_0	0.250	151	65	0	103	253	34	120	1.111E-10	53
IaNaR_A	6NWD	0.241	151	65	0	103	253	34	120	1.502E-09	50
IaNaR_A	8QLF	0.237	153	57	0	99	251	37	112	2.675E-09	49
IaNaR_A	5AZD	0.232	151	66	0	103	253	34	120	1.504E-08	47
IaNaR_A	AaClR_model_0	0.228	151	66	0	103	253	34	120	3.558E-08	46
IaNaR_A	PoClR_model_0	0.224	151	67	0	103	253	34	120	1.119E-07	44
IaNaR_A	7YTB	0.224	151	67	0	103	253	34	120	1.119E-07	44
IaNaR_A	3DDL	0.196	177	88	0	77	253	10	120	3.440E-06	39
IaNaR_A	NmPR_model_0	0.203	151	69	0	103	253	34	120	2.517E-05	36
IaNaR_A	KR1_model_0	0.203	151	69	0	103	253	34	120	2.517E-05	36
GPR_A18L_A	8CQC	0.533	196	56	0	6	201	1	120	7.495E-61	199
GPR_A18L_A	4JQ6	0.372	197	74	0	7	203	2	120	3.032E-35	125
GPR_A18L_A	4KLY	0.366	197	71	0	8	204	1	113	2.695E-34	123
GPR_A18L_A	NmPR_model_0	0.285	196	85	0	9	204	1	120	3.158E-21	84
GPR_A18L_A	KR1_model_0	0.285	196	85	0	9	204	1	120	3.158E-21	84
GPR_A18L_A	4HYJ	0.288	192	82	0	10	201	4	119	4.295E-21	84
GPR_A18L_A	NdR1_model_0	0.280	196	86	0	10	205	1	120	1.997E-20	82
GPR_A18L_A	6NWD	0.230	196	92	0	9	204	1	120	1.222E-12	59
GPR_A18L_A	5AZD	0.249	167	88	0	38	204	3	120	1.650E-12	58
GPR_A18L_A	7YTB	0.245	164	77	0	41	204	18	120	1.338E-11	55
GPR_A18L_A	S13_Bin138_Proteo_SR_model_0	0.263	136	64	0	70	205	17	104	1.075E-10	53
GPR_A18L_A	7AVN	0.218	193	91	0	12	204	3	119	1.446E-10	52
GPR_A18L_A	TATLA_model_0	0.193	196	95	0	6	201	1	119	4.040E-07	42
GPR_A18L_A	3DDL	0.190	195	96	0	10	204	2	120	1.726E-06	40
GPR_A18L_A	3AM6	0.222	135	68	0	71	205	33	120	2.306E-06	39
GPR_A18L_A	5AWZ	0.245	109	51	0	71	179	33	101	4.115E-06	38
GPR_A18L_A	TAT_model_0	0.187	196	96	0	6	201	1	119	4.115E-06	38
GPR_A18L_A	PoXeR_model_0	0.240	106	61	0	39	144	7	87	2.326E-05	36
GPR_A18L_A	HmSRII_model_0	0.212	136	69	0	71	206	32	120	2.326E-05	36
GPR_A18L_A	8WEW	0.185	180	90	0	11	190	6	116	5.515E-05	35
GPR_A18L_A	NR_model_0	0.286	73	35	0	71	143	35	84	9.799E-05	34
GPR_A18L_A	5ZIH	0.217	118	60	0	68	185	29	106	1.740E-04	33
GPR_A18L_A	1XIO	0.364	48	29	0	41	88	9	54	3.087E-04	33
GPR_A18L_A	7PL9	0.232	100	58	0	35	134	5	80	3.087E-04	33
GPR_A18L_A	1JGJ	0.187	161	89	0	44	204	9	119	3.087E-04	33
GPR_A18L_A	4JR8	0.171	196	99	0	11	206	1	120	7.287E-04	31
GPR_A18L_A	6KFQ	0.198	133	87	0	11	143	6	114	9.699E-04	31
RmHR_A	RmHR_model_0	0.477	206	62	0	5	210	1	120	2.288E-54	182
RmHR_A	6XL3	0.323	207	80	0	5	211	2	120	1.194E-28	107
RmHR_A	7ZOU	0.274	205	85	0	8	212	2	119	2.922E-20	82
RmHR_A	6LM0	0.252	205	88	0	7	211	2	120	1.027E-16	72
RmHR_A	4FBZ	0.243	204	89	0	7	210	1	118	2.783E-15	67
RmHR_A	1UAZ	0.299	142	62	0	71	212	31	120	3.753E-15	67
RmHR_A	1C3W	0.261	176	81	0	37	212	11	120	6.822E-15	66
RmHR_A	HxAR_model_0	0.297	141	62	0	71	211	32	120	9.195E-15	66
RmHR_A	6LM1	0.234	204	90	0	7	210	2	119	7.399E-14	63
RmHR_A	1VGO	0.279	139	62	0	71	209	34	120	1.434E-12	59
RmHR_A	5KKH	0.266	142	65	0	71	212	31	120	1.517E-11	56
RmHR_A	8XX8	0.213	207	94	0	5	211	1	120	8.823E-11	53
RmHR_A	6GUX	0.260	140	64	0	72	211	33	120	1.182E-10	53
RmHR_A	6KFQ	0.214	203	91	0	5	207	4	120	1.182E-10	53
RmHR_A	HmBRII_model_0	0.253	142	66	0	71	212	31	120	3.807E-10	51
RmHR_A	8WEW	0.221	185	88	0	4	188	3	116	3.807E-10	51
RmHR_A	7BMH	0.263	122	62	0	71	192	45	129	6.987E-09	48
RmHR_A	7ZMY	0.216	171	89	0	39	209	5	118	2.226E-08	46
RmHR_A	3A7K	0.253	121	62	0	69	189	29	112	7.069E-08	44
RmHR_A	NR_model_0	0.232	139	66	0	71	209	34	120	1.258E-07	44
RmHR_A	HsHR_model_0	0.229	142	69	0	71	212	31	120	1.679E-07	43
RmHR_A	HmHR_model_0	0.241	119	61	0	71	189	31	112	1.255E-06	40
RmHR_A	1XIO	0.249	109	53	0	71	179	36	107	2.966E-06	39
RmHR_A	8H79	0.182	206	97	0	6	211	1	120	6.998E-06	38
RmHR_A	5AWZ	0.206	148	73	0	42	189	21	113	1.649E-05	37
RmHR_A	Jaws_model_0	0.226	119	63	0	71	189	31	112	2.919E-05	36
RmHR_A	5B2N	0.210	139	68	0	72	210	34	120	2.919E-05	36
RmHR_A	3AM6	0.179	192	94	0	19	210	4	119	9.126E-05	34
RmHR_A	HmSRII_model_0	0.328	55	33	0	158	212	71	120	5.028E-04	32
RmHR_A	1JGJ	0.326	54	29	0	158	211	77	120	8.872E-04	31
JsNaR_A	3X3C	0.248	163	71	0	91	253	26	120	1.620E-11	56
JsNaR_A	8JH0	0.249	156	65	0	98	253	33	120	5.163E-11	55
JsNaR_A	NdR2_model_0	0.247	155	65	0	98	252	34	120	1.229E-10	53
JsNaR_A	8QLF	0.201	233	89	0	18	250	1	112	2.191E-10	53
JsNaR_A	NmNaR_model_0	0.229	158	69	0	91	248	30	119	9.211E-09	48
JsNaR_A	7YTB	0.229	155	66	0	98	252	34	120	1.633E-08	47
JsNaR_A	3DDL	0.211	177	93	0	76	252	2	120	3.854E-08	46
JsNaR_A	AaClR_model_0	0.223	155	67	0	98	252	34	120	6.825E-08	45
JsNaR_A	6NWD	0.207	178	94	0	75	252	1	120	1.208E-07	44
JsNaR_A	5AZD	0.215	161	76	0	92	252	23	120	2.137E-07	43
JsNaR_A	PoClR_model_0	0.206	155	68	0	98	252	34	120	6.488E-06	38
JsNaR_A	NdR1_model_0	0.264	87	38	0	98	184	33	85	6.262E-05	35
JsNaR_A	NmPR_model_0	0.256	85	49	0	98	182	34	100	3.416E-04	33
JsNaR_A	KR1_model_0	0.256	85	49	0	98	182	34	100	3.416E-04	33
JsNaR_A	FR_model_0	0.189	155	70	0	98	252	34	120	6.010E-04	32
Mac_A	7BMH	0.486	246	78	0	1	246	1	153	4.081E-68	222
Mac_A	NR_model_0	0.338	217	76	0	12	228	1	116	4.523E-33	120
Mac_A	6LM1	0.318	138	59	0	95	232	33	119	1.415E-16	71
Mac_A	6GYH	0.297	149	68	0	86	234	23	120	6.342E-16	69
Mac_A	PoXeR_model_0	0.359	109	45	0	95	203	37	107	2.101E-15	68
Mac_A	6KFQ	0.232	217	88	0	14	230	5	120	9.354E-15	66
Mac_A	1VGO	0.317	119	57	0	95	213	35	119	1.832E-13	62
Mac_A	5AWZ	0.277	143	66	0	86	228	23	114	8.057E-13	60
Mac_A	3A7K	0.272	141	64	0	95	235	32	120	4.736E-12	57
Mac_A	4FBZ	0.241	173	79	0	41	213	12	116	8.535E-12	57
Mac_A	6XL3	0.296	121	61	0	93	213	31	117	8.535E-12	57
Mac_A	6LM0	0.270	138	63	0	95	232	33	119	2.062E-11	55
Mac_A	HsHR_model_0	0.272	134	59	0	95	228	32	113	3.709E-11	55
Mac_A	HxAR_model_0	0.292	119	59	0	95	213	33	117	3.709E-11	55
Mac_A	1UAZ	0.290	119	60	0	95	213	32	116	4.972E-11	54
Mac_A	HmBRII_model_0	0.286	119	60	0	95	213	32	116	1.197E-10	53
Mac_A	4HYJ	0.281	122	63	0	92	213	33	120	1.604E-10	53
Mac_A	3AM6	0.256	143	68	0	86	228	23	114	1.604E-10	53
Mac_A	1C3W	0.285	119	60	0	95	213	32	116	1.604E-10	53
Mac_A	RmHR_model_0	0.283	119	60	0	95	213	34	118	2.148E-10	52
Mac_A	8WEW	0.238	162	68	0	42	203	18	107	2.148E-10	52
Mac_A	1XIO	0.298	109	49	0	95	203	37	107	2.877E-10	52
Mac_A	5KKH	0.229	173	80	0	41	213	12	116	2.877E-10	52
Mac_A	8XX8	0.281	117	58	0	95	211	34	115	6.902E-10	51
Mac_A	NmPR_model_0	0.271	122	63	0	92	213	31	118	1.236E-09	50
Mac_A	KR1_model_0	0.271	122	63	0	92	213	31	118	1.236E-09	50
Mac_A	8H79	0.266	123	62	0	83	205	20	105	2.956E-09	49
Mac_A	8ANQ	0.234	154	75	0	77	230	20	118	3.952E-09	48
Mac_A	NdR1_model_0	0.264	122	64	0	92	213	30	117	5.283E-09	48
Mac_A	7ZMY	0.273	114	55	0	92	205	30	105	7.060E-09	48
Mac_A	HmSRI_model_0	0.246	136	63	0	95	230	35	118	9.433E-09	47
Mac_A	7W74	0.244	136	63	0	95	230	34	117	1.683E-08	46
Mac_A	6GUX	0.261	120	63	0	94	213	32	117	1.683E-08	46
Mac_A	HmHR_model_0	0.237	141	67	0	95	235	32	120	3.001E-08	46
Mac_A	8CQC	0.253	120	63	0	93	212	35	120	9.520E-08	44
Mac_A	Jaws_model_0	0.230	141	68	0	95	235	32	120	1.694E-07	43
Mac_A	1JGJ	0.262	109	52	0	95	203	33	103	2.259E-07	43
Mac_A	SrSRI_model_0	0.258	111	53	0	95	205	33	105	3.011E-07	42
Mac_A	HsSRI_model_0	0.230	136	64	0	95	230	33	116	4.014E-07	42
Mac_A	4JQ6	0.246	119	62	0	93	211	35	117	5.350E-07	42
Mac_A	OtHKR_model_0	0.210	150	78	0	54	203	4	103	3.980E-06	39
Mac_A	6EYU	0.242	111	55	0	96	206	34	106	7.052E-06	38
Mac_A	4JR8	0.230	119	65	0	95	213	32	116	1.249E-05	37
Mac_A	HmSRII_model_0	0.224	119	65	0	95	213	32	116	3.910E-05	36
Mac_A	5AZD	0.225	117	64	0	95	211	34	116	5.199E-05	35
Mac_A	6NWD	0.208	138	68	0	95	232	34	120	5.199E-05	35
Mac_A	4PXK	0.220	119	66	0	95	213	33	117	9.189E-05	34
Mac_A	PoClR_model_0	0.220	118	65	0	95	212	34	117	1.221E-04	34
Mac_A	3DDL	0.204	134	64	0	95	228	34	115	2.158E-04	33
Mac_A	7YTB	0.215	117	64	0	95	211	34	116	3.809E-04	33
Mac_A	7AVN	0.212	119	66	0	95	213	33	117	5.061E-04	32
Mac_A	6SQG	0.553	27	10	0	95	118	34	60	6.722E-04	32
48C12_A	6SU3	0.386	232	71	0	10	241	1	117	1.105E-44	154
48C12_A	OcHeR_model_0	0.379	176	62	0	65	240	20	120	3.422E-31	115
48C12_A	AbHeR_model_0	0.310	231	82	0	10	240	1	120	2.969E-30	112
48C12_A	6IS6	0.280	145	64	0	100	244	31	120	2.128E-13	62
HKR1_A	HKR1_model_0	0.508	206	59	0	39	244	1	120	4.303E-53	197
OLPVRII_A	6SQG	0.532	192	56	0	8	199	1	120	2.654E-59	195
OLPVRII_A	6JO0	0.286	160	74	0	41	200	17	120	1.711E-16	70
OLPVRII_A	7AKW	0.294	127	60	0	72	198	35	120	1.114E-12	59
OLPVRII_A	7AKY	0.245	121	60	0	72	192	32	111	2.852E-07	42
OLPVRII_A	6CSN	0.210	145	80	0	51	195	15	116	6.984E-06	38
OLPVRII_A	1VGO	0.251	100	54	0	72	171	35	107	1.246E-05	37
OLPVRII_A	4FBZ	0.188	184	91	0	17	200	7	119	1.246E-05	37
OLPVRII_A	3UG9	0.203	151	86	0	45	195	9	117	1.663E-05	36
OLPVRII_A	CrChR1_model_0	0.203	151	86	0	45	195	6	114	1.663E-05	36
OLPVRII_A	TAT_model_0	0.201	151	86	0	45	195	10	118	2.963E-05	36
OLPVRII_A	6LM0	0.215	128	68	0	72	199	33	119	3.954E-05	35
OLPVRII_A	8JH0	0.213	129	68	0	72	200	33	120	5.275E-05	35
OLPVRII_A	5AZD	0.192	161	94	0	39	199	4	120	7.036E-05	34
OLPVRII_A	NmPR_model_0	0.198	151	85	0	49	199	14	120	7.036E-05	34
OLPVRII_A	SrSRI_model_0	0.238	102	56	0	70	171	31	105	7.036E-05	34
OLPVRII_A	HxAR_model_0	0.198	150	95	0	39	188	1	119	7.036E-05	34
OLPVRII_A	KR1_model_0	0.198	151	85	0	49	199	14	120	7.036E-05	34
OLPVRII_A	1C3W	0.219	119	69	0	72	190	32	120	9.383E-05	34
OLPVRII_A	1UAZ	0.219	119	69	0	72	190	32	120	9.383E-05	34
OLPVRII_A	3DDL	0.211	128	68	0	72	199	34	120	9.383E-05	34
OLPVRII_A	5KKH	0.210	128	68	0	72	199	32	118	1.251E-04	34
OLPVRII_A	6EID	0.193	150	86	0	46	195	7	114	2.962E-04	33
OLPVRII_A	7YTB	0.190	155	89	0	45	199	10	120	2.962E-04	33
OLPVRII_A	PsChR2_model_0	0.191	150	87	0	46	195	11	118	3.947E-04	32
OLPVRII_A	4JQ6	0.208	124	63	0	72	195	37	117	3.947E-04	32
OLPVRII_A	4PXK	0.191	150	85	0	51	200	15	120	3.947E-04	32
OLPVRII_A	7BMH	0.436	37	19	0	49	85	26	59	3.947E-04	32
OLPVRII_A	TATLA_model_0	0.190	151	87	0	45	195	10	118	5.258E-04	32
OLPVRII_A	6GUX	0.190	150	96	0	39	188	1	119	5.258E-04	32
OLPVRII_A	NdR1_model_0	0.188	152	87	0	49	200	13	120	7.004E-04	31
OLPVRII_A	4JR8	0.189	150	85	0	51	200	14	119	7.004E-04	31
OLPVRII_A	NR_model_0	0.864	16	2	0	72	87	35	50	7.004E-04	31
OLPVRII_A	8CQC	0.204	124	65	0	72	195	37	119	9.327E-04	31
OLPVRII_A	6LM1	0.208	118	69	0	72	189	33	120	9.327E-04	31
OLPVRII_A	6NWD	0.201	128	69	0	72	199	34	120	9.327E-04	31
OLPVRII_A	1JGJ	0.225	101	51	0	72	172	33	99	9.327E-04	31
Tara_RRB_A	7PL9	0.454	226	65	0	379	604	1	120	2.312E-50	187
Tara_RRB_A	Ct_RB_model_0	0.236	221	91	0	55	275	1	120	2.179E-14	69
GtACR2_A	GtACR2_model_0	0.489	208	61	0	32	239	1	120	3.299E-56	190
GtACR2_A	6CSM	0.319	208	81	0	32	239	1	120	1.007E-27	106
GtACR2_A	R2ACR_J315_refine8	0.294	208	84	0	32	239	1	120	1.216E-23	94
GtACR2_A	ZipACR__model_0	0.272	208	87	0	32	239	1	120	5.439E-20	83
GtACR2_A	ZipACR_model_0	0.272	208	87	0	32	239	1	120	5.439E-20	83
GtACR2_A	PsACR_model_0	0.241	181	81	0	30	210	1	108	1.882E-12	59
GtACR2_A	MerMAID1_model_0	0.331	59	27	0	55	113	17	57	1.204E-04	34
GtACR2_A	CrChR1_model_0	0.188	166	81	0	55	220	15	115	2.117E-04	34
GtACR2_A	3UG9	0.187	166	81	0	55	220	18	118	2.806E-04	33
GtACR2_A	PsChR2_model_0	0.185	166	82	0	55	220	19	119	4.930E-04	33
AR3_A	HxAR_model_0	0.461	209	64	0	16	224	1	120	1.520E-52	177
AR3_A	1UAZ	0.460	209	64	0	17	225	1	120	2.080E-52	176
AR3_A	1VGO	0.430	209	68	0	14	222	1	120	2.242E-47	162
AR3_A	6GUX	0.423	209	69	0	16	224	1	120	5.120E-46	158
AR3_A	5KKH	0.338	208	78	0	18	225	2	120	1.550E-31	115
AR3_A	HmBRII_model_0	0.330	208	79	0	18	225	2	120	3.434E-30	111
AR3_A	1C3W	0.323	208	80	0	18	225	2	120	5.561E-29	108
AR3_A	8WEW	0.280	209	86	0	12	220	1	120	6.689E-22	87
AR3_A	4FBZ	0.280	208	85	0	18	225	2	120	9.080E-22	87
AR3_A	4JR8	0.274	211	86	0	15	225	1	120	4.180E-21	85
AR3_A	4PXK	0.267	210	86	0	14	223	1	119	8.796E-20	81
AR3_A	6KFQ	0.266	209	87	0	12	220	1	120	1.192E-19	80
AR3_A	6LM0	0.255	211	89	0	14	224	1	120	6.149E-18	75
AR3_A	6XL3	0.274	171	83	0	54	224	6	120	4.197E-16	70
AR3_A	7BMH	0.245	187	95	0	37	223	6	132	6.815E-14	63
AR3_A	RmHR_model_0	0.269	157	85	0	67	223	4	120	1.237E-13	62
AR3_A	6LM1	0.273	139	63	0	85	223	33	119	5.843E-12	57
AR3_A	8H79	0.238	171	88	0	54	224	4	120	2.553E-11	55
AR3_A	5AWZ	0.295	113	54	0	82	194	29	105	1.110E-10	53
AR3_A	3AM6	0.231	173	89	0	51	223	3	119	1.488E-10	53
AR3_A	7ZOU	0.223	181	82	0	45	225	13	119	3.584E-10	51
AR3_A	NR_model_0	0.205	208	92	0	12	219	1	117	1.545E-09	49
AR3_A	7ZMY	0.241	141	67	0	82	222	30	118	8.859E-09	47
AR3_A	8ANQ	0.239	142	63	0	52	193	23	106	1.184E-08	47
AR3_A	HmSRII_model_0	0.214	176	80	0	50	225	18	120	1.583E-08	46
AR3_A	6GYH	0.219	166	87	0	59	224	9	120	2.116E-08	46
AR3_A	HmHR_model_0	0.232	141	68	0	85	225	32	120	8.995E-08	44
AR3_A	7W74	0.211	169	75	0	52	220	22	117	1.201E-07	44
AR3_A	8XX8	0.229	140	66	0	85	224	34	120	2.139E-07	43
AR3_A	1JGJ	0.188	210	96	0	15	224	2	120	5.077E-07	42
AR3_A	4HYJ	0.222	140	68	0	82	221	33	120	1.203E-06	40
AR3_A	3DDL	0.202	169	91	0	55	223	6	120	1.604E-06	40
AR3_A	HmSRI_model_0	0.212	146	69	0	47	192	18	105	5.053E-06	38
AR3_A	1XIO	0.245	108	53	0	85	192	37	107	6.729E-06	38
AR3_A	PoXeR_model_0	0.244	109	54	0	85	193	37	108	6.729E-06	38
AR3_A	6NWD	0.195	169	92	0	55	223	6	120	1.193E-05	37
AR3_A	SrSRI_model_0	0.179	205	94	0	18	222	3	118	2.113E-05	36
AR3_A	CoChR_J248_refine7	0.311	68	45	0	77	143	24	91	2.813E-05	36
AR3_A	7YTB	0.192	169	92	0	55	223	6	120	2.813E-05	36
AR3_A	8JH0	0.193	166	91	0	58	223	6	119	3.742E-05	36
AR3_A	5AZD	0.231	111	56	0	85	195	34	107	4.979E-05	35
AR3_A	3UG9	0.245	98	73	0	56	153	8	105	6.623E-05	35
AR3_A	PsChR2_model_0	0.222	119	63	0	77	195	28	109	6.623E-05	35
AR3_A	4JQ6	0.206	136	76	0	55	190	7	103	1.171E-04	34
AR3_A	NdR1_model_0	0.201	142	71	0	82	223	30	119	1.558E-04	34
AR3_A	6EID	0.297	68	46	0	77	143	24	91	1.558E-04	34
AR3_A	6CSN	0.240	98	74	0	56	153	7	104	1.558E-04	34
AR3_A	VcChR2_model_0	0.294	68	47	0	77	143	24	91	2.071E-04	33
AR3_A	CrChR1_model_0	0.238	98	74	0	56	153	5	102	2.071E-04	33
AR3_A	3X3C	0.191	155	83	0	69	223	17	119	2.753E-04	33
AR3_A	NdR2_model_0	0.185	169	97	0	55	223	1	120	2.753E-04	33
AR3_A	8CQC	0.234	97	69	0	55	151	7	97	4.864E-04	32
AR3_A	6EYU	0.192	147	80	0	46	192	4	103	6.464E-04	32
AR3_A	MerMAID1_model_0	0.207	121	66	0	75	195	24	107	8.589E-04	31
NdR2_A	NdR2_model_0	0.438	229	67	0	31	259	1	120	2.065E-53	181
NdR2_A	NmNaR_model_0	0.414	229	70	0	28	256	1	120	6.112E-49	168
NdR2_A	3X3C	0.395	229	72	0	32	260	1	120	2.008E-45	158
NdR2_A	8JH0	0.377	229	74	0	32	260	1	120	6.490E-42	147
NdR2_A	5B2N	0.231	229	92	0	31	259	1	120	1.962E-15	68
NdR2_A	FR_model_0	0.220	229	93	0	31	259	1	120	1.605E-13	63
NdR2_A	8QLF	0.212	228	86	0	30	257	3	112	5.294E-12	58
NdR2_A	6NWD	0.250	151	65	0	109	259	34	120	1.277E-10	53
NdR2_A	3DDL	0.227	177	85	0	83	259	10	120	3.033E-10	52
NdR2_A	AaClR_model_0	0.201	229	95	0	31	259	1	120	3.033E-10	52
NdR2_A	5AZD	0.245	151	65	0	109	259	34	120	5.395E-10	51
NdR2_A	PoClR_model_0	0.235	151	66	0	109	259	34	120	7.143E-09	48
NdR2_A	7YTB	0.231	151	66	0	109	259	34	120	2.243E-08	46
NdR2_A	NmPR_model_0	0.212	151	68	0	109	259	34	120	2.840E-06	40
NdR2_A	KR1_model_0	0.212	151	68	0	109	259	34	120	2.840E-06	40
NdR2_A	4HYJ	0.195	148	67	0	109	256	36	119	3.492E-04	33
NdR2_A	HsSRI_model_0	0.216	118	90	0	143	258	1	118	3.492E-04	33
BcXeR_A	7ZMY	0.425	207	68	0	4	210	1	120	3.579E-46	157
BcXeR_A	PoXeR_model_0	0.268	175	75	0	31	205	16	118	7.207E-16	68
BcXeR_A	1XIO	0.249	178	79	0	2	179	2	107	1.215E-13	62
BcXeR_A	6LM1	0.254	163	78	0	29	191	10	115	1.336E-12	59
BcXeR_A	6LM0	0.244	158	76	0	34	191	15	115	6.413E-11	53
BcXeR_A	5KKH	0.226	170	75	0	12	181	7	104	9.173E-10	50
BcXeR_A	6KFQ	0.224	168	74	0	12	179	12	107	2.977E-09	48
BcXeR_A	5AWZ	0.222	159	89	0	33	191	1	115	3.102E-08	45
BcXeR_A	3AM6	0.225	147	79	0	33	179	1	103	1.333E-07	43
BcXeR_A	HmBRII_model_0	0.259	113	53	0	69	181	32	104	1.333E-07	43
BcXeR_A	1UAZ	0.219	148	70	0	34	181	14	104	4.263E-07	42
BcXeR_A	HxAR_model_0	0.218	148	70	0	34	181	15	105	5.698E-07	41
BcXeR_A	4FBZ	0.247	115	56	0	65	179	27	102	7.615E-07	41
BcXeR_A	8XX8	0.226	135	77	0	42	176	2	101	1.017E-06	40
BcXeR_A	1VGO	0.213	149	72	0	34	182	17	108	1.815E-06	40
BcXeR_A	4JR8	0.241	114	55	0	69	182	32	105	3.235E-06	39
BcXeR_A	4PXK	0.241	114	55	0	69	182	33	106	3.235E-06	39
BcXeR_A	8ANQ	0.242	113	55	0	64	176	29	102	3.235E-06	39
BcXeR_A	RmHR_model_0	0.211	149	91	0	43	191	1	116	3.235E-06	39
BcXeR_A	8WEW	0.212	148	71	0	34	181	19	109	3.235E-06	39
BcXeR_A	NR_model_0	0.226	126	67	0	66	191	31	117	5.762E-06	38
BcXeR_A	4HYJ	0.281	82	41	0	66	147	33	90	1.368E-05	37
BcXeR_A	7W74	0.239	108	51	0	69	176	34	101	1.824E-05	36
BcXeR_A	7BMH	0.221	126	67	0	66	191	42	128	1.824E-05	36
BcXeR_A	1C3W	0.232	113	55	0	69	181	32	104	2.431E-05	36
BcXeR_A	6GYH	0.216	126	67	0	66	191	29	115	5.756E-05	35
BcXeR_A	3A7K	0.217	123	64	0	69	191	32	114	7.669E-05	34
BcXeR_A	8H79	0.260	86	49	0	43	128	2	68	1.022E-04	34
BcXeR_A	6GUX	0.198	148	72	0	34	181	15	105	1.022E-04	34
BcXeR_A	6EYU	0.197	146	71	0	34	179	15	103	1.812E-04	33
NmNaR_A	NmNaR_model_0	0.432	229	68	0	27	255	1	120	3.428E-52	177
NmNaR_A	NdR2_model_0	0.408	229	70	0	30	258	1	120	7.393E-48	165
NmNaR_A	3X3C	0.398	229	72	0	31	259	1	120	7.893E-46	159
NmNaR_A	8JH0	0.382	229	74	0	31	259	1	120	7.381E-43	150
NmNaR_A	5B2N	0.218	229	93	0	30	258	1	120	3.855E-13	61
NmNaR_A	6NWD	0.257	151	64	0	108	258	34	120	2.256E-11	56
NmNaR_A	FR_model_0	0.254	151	64	0	108	258	34	120	5.372E-11	55
NmNaR_A	8QLF	0.206	228	87	0	29	256	3	112	7.172E-11	54
NmNaR_A	AaClR_model_0	0.205	229	95	0	30	258	1	120	7.172E-11	54
NmNaR_A	5AZD	0.250	151	65	0	108	258	34	120	1.277E-10	53
NmNaR_A	7YTB	0.241	151	65	0	108	258	34	120	1.703E-09	50
NmNaR_A	3DDL	0.236	151	66	0	108	258	34	120	5.364E-09	48
NmNaR_A	PoClR_model_0	0.230	151	66	0	108	258	34	120	2.985E-08	46
NmNaR_A	NmPR_model_0	0.218	151	67	0	108	258	34	120	5.164E-07	42
NmNaR_A	KR1_model_0	0.218	151	67	0	108	258	34	120	5.164E-07	42
NmNaR_A	4HYJ	0.199	148	66	0	108	255	36	119	1.128E-04	34
CaChR1_A	CaChR1_model_0	0.491	207	61	0	103	309	1	120	3.747E-52	190
CaChR1_A	VcChR2_model_0	0.282	207	85	0	103	309	1	120	3.955E-20	87
CaChR1_A	VcChR1_model_0	0.267	207	87	0	103	309	1	120	5.843E-18	80
CaChR1_A	CrChR1_model_0	0.266	207	87	0	103	309	1	120	1.018E-17	79
CaChR1_A	CnChR2_J230_refine9	0.293	175	72	0	102	276	2	104	1.018E-17	79
CaChR1_A	bReaChES_J215_refine6	0.265	206	87	0	102	307	2	120	1.772E-17	78
CaChR1_A	CoChR_J248_refine7	0.262	207	88	0	103	309	1	120	3.086E-17	78
CaChR1_A	3UG9	0.281	182	78	0	100	281	1	110	5.373E-17	77
CaChR1_A	6EID	0.276	183	76	0	127	309	15	120	2.149E-16	75
CaChR1_A	PsChR2_model_0	0.270	183	80	0	99	281	1	111	1.134E-15	72
CaChR1_A	6CSN	0.267	180	78	0	102	281	2	109	5.980E-15	70
CaChR1_A	ChroME2s_J227_refine3	0.241	207	90	0	103	309	1	120	5.486E-14	67
CaChR1_A	5ZIH	0.247	195	87	0	103	297	1	116	9.546E-14	66
CaChR1_A	TsChR_J132_refine3	0.238	182	79	0	127	308	16	120	2.425E-11	58
CaChR1_A	KnChR_J444_refine5	0.211	182	82	0	127	308	16	120	9.750E-08	46
CaChR1_A	ZipACR__model_0	0.210	156	81	0	153	308	18	120	8.129E-06	40
CaChR1_A	ZipACR_model_0	0.210	156	81	0	153	308	18	120	8.129E-06	40
CaChR1_A	A1ACR1_J318_refine3	0.193	178	93	0	130	307	3	118	3.237E-05	38
PoClR_A	PoClR_model_0	0.458	220	64	0	25	244	1	120	3.106E-54	184
PoClR_A	FR_model_0	0.318	220	81	0	25	244	1	120	2.160E-29	111
PoClR_A	5B2N	0.226	220	92	0	25	244	1	120	1.091E-13	63
PoClR_A	7YTB	0.230	178	91	0	67	244	2	120	1.484E-10	53
PoClR_A	NdR2_model_0	0.220	175	90	0	70	244	4	120	4.590E-09	49
PoClR_A	8JH0	0.220	176	91	0	70	245	3	120	4.590E-09	49
PoClR_A	3X3C	0.235	148	68	0	98	245	31	120	1.435E-08	47
PoClR_A	5AZD	0.213	178	93	0	67	244	2	120	2.535E-08	46
PoClR_A	3DDL	0.216	170	89	0	75	244	6	120	4.477E-08	46
PoClR_A	AaClR_model_0	0.187	219	96	0	26	244	2	120	3.266E-07	43
PoClR_A	NmNaR_model_0	0.213	144	67	0	98	241	35	120	7.350E-06	38
PoClR_A	8ANQ	0.294	77	46	0	98	174	33	98	1.715E-05	37
PoClR_A	NdR1_model_0	0.233	102	58	0	73	174	7	83	2.878E-04	33
PoClR_A	7W74	0.214	115	71	0	60	174	7	97	8.876E-04	32
cyR_N2098R_A	6LM0	0.515	204	58	0	8	211	1	120	3.868E-60	199
cyR_N2098R_A	6LM1	0.397	203	71	0	8	210	1	119	2.741E-40	141
cyR_N2098R_A	4FBZ	0.304	204	83	0	9	212	1	120	3.305E-25	97
cyR_N2098R_A	6XL3	0.291	205	84	0	7	211	2	120	4.480E-23	91
cyR_N2098R_A	6KFQ	0.294	201	82	0	7	207	4	120	4.480E-23	91
cyR_N2098R_A	1VGO	0.282	203	85	0	7	209	2	120	2.383E-21	85
cyR_N2098R_A	1C3W	0.336	153	68	0	60	212	18	120	3.233E-21	85
cyR_N2098R_A	RmHR_model_0	0.279	204	86	0	7	210	1	120	4.385E-21	85
cyR_N2098R_A	5KKH	0.279	203	85	0	10	212	2	120	5.948E-21	84
cyR_N2098R_A	1UAZ	0.275	203	86	0	10	212	2	120	2.727E-20	82
cyR_N2098R_A	HxAR_model_0	0.273	204	87	0	8	211	1	120	3.697E-20	82
cyR_N2098R_A	HmBRII_model_0	0.267	203	86	0	10	212	2	120	5.690E-19	78
cyR_N2098R_A	8WEW	0.291	175	74	0	7	181	4	109	7.705E-19	78
cyR_N2098R_A	4JR8	0.260	204	88	0	9	212	1	120	4.740E-18	76
cyR_N2098R_A	4PXK	0.260	203	87	0	8	210	1	119	6.413E-18	75
cyR_N2098R_A	6GUX	0.302	151	69	0	61	211	21	120	7.171E-17	72
cyR_N2098R_A	7ZOU	0.251	203	88	0	10	212	2	119	2.390E-16	70
cyR_N2098R_A	8XX8	0.247	205	90	0	7	211	1	120	5.888E-16	69
cyR_N2098R_A	7ZMY	0.271	167	81	0	43	209	7	118	3.558E-15	67
cyR_N2098R_A	HsHR_model_0	0.270	158	79	0	55	212	12	120	7.046E-14	63
cyR_N2098R_A	1XIO	0.253	171	75	0	9	179	6	107	3.116E-13	61
cyR_N2098R_A	3A7K	0.254	170	89	0	43	212	1	120	3.116E-13	61
cyR_N2098R_A	5AWZ	0.325	110	49	0	73	182	33	106	1.020E-12	59
cyR_N2098R_A	PoXeR_model_0	0.246	175	79	0	6	180	3	108	1.020E-12	59
cyR_N2098R_A	3AM6	0.256	162	82	0	49	210	9	119	1.372E-12	59
cyR_N2098R_A	7BMH	0.238	185	99	0	42	226	18	148	1.372E-12	59
cyR_N2098R_A	8H79	0.257	159	80	0	53	211	13	120	1.844E-12	59
cyR_N2098R_A	NR_model_0	0.251	165	88	0	45	209	2	120	2.479E-12	58
cyR_N2098R_A	4HYJ	0.220	204	93	0	5	208	1	120	1.084E-11	56
cyR_N2098R_A	8ANQ	0.243	167	88	0	41	207	2	118	1.456E-11	56
cyR_N2098R_A	6GYH	0.238	164	82	0	48	211	12	120	1.527E-10	53
cyR_N2098R_A	HmSRII_model_0	0.258	140	65	0	73	212	32	120	2.046E-10	52
cyR_N2098R_A	HmHR_model_0	0.231	170	92	0	43	212	1	120	2.742E-10	52
cyR_N2098R_A	1JGJ	0.212	203	93	0	9	211	2	120	2.742E-10	52
cyR_N2098R_A	6NWD	0.230	170	90	0	41	210	3	120	3.673E-10	51
cyR_N2098R_A	HmSRI_model_0	0.257	137	63	0	73	209	35	120	4.920E-10	51
cyR_N2098R_A	7W74	0.228	170	90	0	38	207	1	117	6.589E-10	51
cyR_N2098R_A	4JQ6	0.226	166	91	0	44	209	3	120	2.830E-09	49
cyR_N2098R_A	3DDL	0.223	170	91	0	41	210	3	120	2.830E-09	49
cyR_N2098R_A	7YTB	0.234	155	79	0	56	210	17	120	2.830E-09	49
cyR_N2098R_A	HsSRI_model_0	0.230	157	86	0	53	209	6	118	5.062E-09	48
cyR_N2098R_A	HmSRIII_model_0	0.219	169	87	0	41	209	9	120	1.210E-08	47
cyR_N2098R_A	8CQC	0.284	97	69	0	44	140	3	99	1.224E-07	44
cyR_N2098R_A	NmPR_model_0	0.211	170	94	0	41	210	1	120	1.224E-07	44
cyR_N2098R_A	KR1_model_0	0.211	170	94	0	41	210	1	120	1.224E-07	44
cyR_N2098R_A	5AZD	0.215	161	86	0	50	210	11	120	1.633E-07	43
cyR_N2098R_A	SrSRI_model_0	0.229	137	66	0	73	209	33	118	3.876E-07	42
cyR_N2098R_A	6EYU	0.226	138	65	0	42	179	19	103	6.890E-07	41
cyR_N2098R_A	NdR1_model_0	0.203	169	94	0	42	210	1	119	1.224E-06	40
cyR_N2098R_A	7AVN	0.216	138	67	0	73	210	33	119	6.837E-06	38
cyR_N2098R_A	PoClR_model_0	0.253	95	55	0	34	128	7	81	3.798E-05	36
cyR_N2098R_A	7AKW	0.275	76	44	0	41	116	6	66	2.100E-04	33
cyR_N2098R_A	6SQG	0.271	78	48	0	41	118	1	67	2.100E-04	33
cyR_N2098R_A	TATLA_model_0	0.266	79	54	0	36	114	2	76	2.791E-04	33
cyR_N2098R_A	7AKY	0.289	67	43	0	42	108	7	67	4.930E-04	32
cyR_N2098R_A	BeRGC_model_0	0.210	120	63	0	73	192	33	113	6.550E-04	32
cyR_N2098R_A	CaRGC_model_0	0.307	60	41	0	73	132	33	92	6.550E-04	32
GpRGC2_A	GpRGC2_model_0	0.494	205	60	0	61	265	1	120	1.628E-53	190
GpRGC2_A	RgRGC1_model_0	0.237	204	90	0	63	266	1	119	2.201E-13	64
GpRGC2_A	CaRGC_model_0	0.262	138	64	0	130	267	33	120	5.420E-10	53
GpRGC2_A	BeRGC_model_0	0.226	177	83	0	91	267	13	120	1.651E-09	51
GpRGC2_A	RgRGC2_model_0	0.208	204	93	0	65	268	2	120	3.806E-09	50
GpRGC2_A	4HYJ	0.194	153	89	0	96	248	3	113	4.473E-04	34
GpRGC2_A	3UG9	0.379	46	25	0	106	146	6	51	7.794E-04	33
GpRGC2_A	CrChR1_model_0	0.379	46	25	0	106	146	3	48	7.794E-04	33
